# Air-timing bench run, 2026-09-25 (EDT). Bridge 6db6771, branch b-defects-air-timing. Serial from the bridge, the Heltec simnode and the XIAO, MQTT lran/# and harness lines (ctl), host time. lran/bridge/diag/rxlog/state is left out: the serial FRAME lines carry the same records.
21:32:39.015 bridge ESP-ROM:esp32s3-20210327
21:32:39.015 bridge Build:Mar 27 2021
21:32:39.015 bridge rst:0x1 (POWERON),boot:0x9 (SPI_FAST_FLASH_BOOT)
21:32:39.015 bridge SPIWP:0xee
21:32:39.015 bridge mode:DIO, clock div:1
21:32:39.015 bridge load:0x3fce3808,len:0x4bc
21:32:39.015 bridge load:0x403c9700,len:0xbd8
21:32:39.015 bridge load:0x403cc700,len:0x2a0c
21:32:39.015 bridge entry 0x403c98d0
21:32:39.018 mqtt   lran/bridge/availability online
21:32:39.018 mqtt   lran/bridge/version {"version":"0.1.0","git":"6db6771","slot":"app0","ota_state":"verified_or_usb"}
21:32:39.018 mqtt   lran/bridge/diag/state {"rx_crc_err":0,"rx_runt":0,"rx_oversize":0,"rx_bad_crc":0,"rx_bad_ver":0,"rx_not_addressed":0,"rx_unknown_hdr_ext":0,"rx_bad_frag":0,"rx_unknown_type":0,"rx_unknown_schema":0,"rx_bad_length":0,"rx_not_fragmentable":0,"rx_rejected_ctx":0,"rx_rejected_mac":0,"rx_unknown_src":0,"rx_reassembly_timeout":0,"rx_fragment_overflow":0,"rx_reassembly_abandoned":0,"rx_rejected_seq":0,"rx_frag_duplicate":0,"rx_frag_late":0,"rx_dup_command":0,"rx_dropped":0,"rx_frames":0,"ctx_rolls":0,"ctx_roll_failed":0}
21:32:39.018 mqtt   lran/bridge/diag/radio/state {"tx_frames":0,"cad_backoffs":0,"errors_suppressed":0,"cad_deferred":0,"cad_free":0,"rx_deaf_ms":0,"cad_errors":0,"tx_forced":0,"tx_errors":0,"tx_timeouts":0,"tx_dropped_no_radio":0,"rx_driver_errors":0,"rx_no_interrupt":0,"rx_wake_empty":0,"begin_failures":0,"last_begin_status":0,"q_rx_dropped":0,"q_rx_high_water":0,"q_publish_dropped":0,"q_publish_high_water":4,"q_tx_dropped":0,"q_tx_high_water":0,"q_log_dropped":0,"q_log_high_water":0,"q_command_dropped":0,"q_command_high_water":0,"q_config_dropped":0,"q_config_high_water":0,"q_event_dropped":0,"q_event_high_water":0,"q_hex_dropped":0,"q_hex_high_water":0}
21:32:39.018 mqtt   lran/bridge/diag/cmd/state {"cmd_submitted":0,"cmd_refused_busy":0,"cmd_sent":0,"cmd_retries":0,"cmd_acked":0,"cmd_no_ack":0,"cmd_resyncs":0,"cmd_resync_failed":0,"cmd_ack_ignored":0,"cmd_refused_roll_pending":0,"roll_sent":0,"roll_retries":0,"roll_busy":0,"roll_by_rejected_ctx":0}
21:32:39.018 mqtt   lran/bridge/diag/publish/state {"status_frames":0,"documents":0,"unchanged":0,"heartbeats":0,"event_frames":0,"events":0,"event_repeats":0,"bench_withheld":0,"queue_refused":0,"undecodable":0}
21:32:39.020 mqtt   lran/bridge/config/state {"simnode_diag_enable":{"value":0,"source":"override"},"diag_interval_s":{"value":60,"source":"override"},"missed_poll_threshold":{"value":3,"source":"default"},"poll_reply_timeout_ms":{"value":10000,"source":"default"},"command_ack_timeout_ms":{"value":3000,"source":"default"},"cmd_retries":{"value":3,"source":"override"},"cad_retries":{"value":5,"source":"default"},"backoff_max_ms":{"value":1500,"source":"default"},"frag_reassembly_timeout_ms":{"value":5000,"source":"default"},"error_min_interval_ms":{"value":1000,"source":"default"},"config_readback_timeout_ms":{"value":15000,"source":"default"},"config_ack_timeout_ms":{"value":8000,"source":"default"},"republish_interval_s":{"value":900,"source":"override"},"bms_stale_s":{"value":600,"source":"default"},"cell_mv_deadband":{"value":5,"source":"default"},"freq_hz":{"value":917400000,"source":"override"},"spreading_factor":{"value":9,"source":"override"},"bandwidth_khz":{"value":125,"source":"override"},"coding_rate_denominator":{"value":5,"source":"override"},"tx_power_dbm":{"value":-4,"source":"override"},"phy_trial_s":{"value":120,"source":"override"},"mppt_write_arm_timeout_s":{"value":300,"source":"default"},"hex_rsp_timeout_ms":{"value":3000,"source":"default"}}
21:32:39.020 mqtt   lran/gatelink/diag/state {"rssi_dbm":null,"snr_db":null,"last_seen_s":null,"missed_polls":0,"proto_ver":null,"unsupported_ver":null}
21:32:39.020 mqtt   lran/gatelink/availability offline
21:32:39.020 mqtt   lran/gatelink/config/state {"poll_interval_s":{"value":60,"source":"override"},"deployed":{"value":0,"source":"default"},"dedup_cache_depth":{"value":null,"source":"default"},"frag_reassembly_timeout_ms":{"value":null,"source":"default"},"cad_retries":{"value":null,"source":"default"},"backoff_max_ms":{"value":null,"source":"default"},"freq_hz":{"value":null,"source":"default"},"spreading_factor":{"value":null,"source":"default"},"bandwidth_khz":{"value":null,"source":"default"},"coding_rate_denominator":{"value":null,"source":"default"},"tx_power_dbm":{"value":null,"source":"default"},"phy_trial_s":{"value":null,"source":"default"}}
21:32:39.020 mqtt   lran/gatelink/gate/state {"state":"closed","held_open":false,"hold_source":"none","movement_cause":"unknown","last_direction":"entry","in_open":false,"in_moving":false,"in_safety":false,"in_exit":false,"in_fire":false,"in_alarm":false,"input_bits":0,"synthetic":true}
21:32:39.020 mqtt   lran/gatelink/detect/state {"safety":false,"exit":false,"classifying":false,"vehicle_while_held":false,"suppressed":false,"last_traversal":"2026-09-25T13:10:57Z","traversal_persisted":true,"synthetic":true}
21:32:39.020 mqtt   lran/gatelink/solar/state {"available":true,"batt_mv":13250,"batt_ma":1200,"pv_mv":18500,"pv_w":20,"load_ma":150,"yield_today_kwh":0.12,"yield_yesterday_kwh":0.34,"pmax_today_w":45,"yield_total_kwh":123.45,"charge_state":3,"error":0,"tracker":2,"load_on":false,"charge_inhibited":false,"temp_c":25.0,"hex_pending":false,"synthetic":true}
21:32:39.020 mqtt   lran/gatelink/battery/state {"available":true,"soc":80,"soc_source":"bms_ble","pack_mv":13240,"pack_ma":1100,"cell_count":4,"cell1_mv":3310,"cell2_mv":3310,"cell3_mv":3310,"cell4_mv":3310,"cell1_temp_c":22,"cell2_temp_c":22,"cell3_temp_c":22,"cell4_temp_c":22,"cycles":12,"capacity_ah":100.0,"alarms":0,"charge_fet":true,"discharge_fet":true,"charge_inhibited":false,"protection":false,"balancing":false,"ble_rssi_dbm":-70,"age_s":5,"synthetic":true}
21:32:39.020 mqtt   lran/gatelink/node/state {"uptime_s":3610,"boot_count":1,"node_mv":13200,"node_ma":45,"enclosure_temp_c":28.5,"config_persisted":true,"sd_ok":true,"dry_run":false,"bms_ble":true,"debug":false,"shutdown_latch":false,"reason":"debug_synthetic","synthetic":true}
21:32:39.020 mqtt   lran/gatelink/vedirect/write_enable/state OFF
21:32:39.020 mqtt   lran/gatelink/vedirect/charge/state {"charge_absorption_voltage_v":null,"charge_float_voltage_v":null,"charge_equalisation_voltage_v":null,"charge_auto_equalisation":null,"charge_temp_compensation_mv_k":null,"charge_battery_type":null,"charge_max_current_a":null,"charge_absorption_time_limit_h":null,"charge_system_voltage_v":null,"charge_low_temp_level_c":null}
21:32:39.020 mqtt   lran/welllink/diag/state {"rssi_dbm":null,"snr_db":null,"last_seen_s":null,"missed_polls":0,"proto_ver":null,"unsupported_ver":null}
21:32:39.020 mqtt   lran/welllink/availability offline
21:32:39.020 mqtt   lran/welllink/config/state {"poll_interval_s":{"value":60,"source":"default"},"deployed":{"value":0,"source":"default"},"dedup_cache_depth":{"value":null,"source":"default"},"frag_reassembly_timeout_ms":{"value":null,"source":"default"},"cad_retries":{"value":null,"source":"default"},"backoff_max_ms":{"value":null,"source":"default"},"freq_hz":{"value":null,"source":"default"},"spreading_factor":{"value":null,"source":"default"},"bandwidth_khz":{"value":null,"source":"default"},"coding_rate_denominator":{"value":null,"source":"default"},"tx_power_dbm":{"value":null,"source":"default"},"phy_trial_s":{"value":null,"source":"default"}}
21:32:39.020 mqtt   lran/simnode0/config/state {"poll_interval_s":{"value":60,"source":"override"},"deployed":{"value":0,"source":"override"},"dedup_cache_depth":{"value":null,"source":"default"},"frag_reassembly_timeout_ms":{"value":null,"source":"default"},"cad_retries":{"value":null,"source":"default"},"backoff_max_ms":{"value":null,"source":"default"},"freq_hz":{"value":null,"source":"default"},"spreading_factor":{"value":null,"source":"default"},"bandwidth_khz":{"value":null,"source":"default"},"coding_rate_denominator":{"value":null,"source":"default"},"tx_power_dbm":{"value":null,"source":"default"},"phy_trial_s":{"value":null,"source":"default"}}
21:32:39.020 mqtt   lran/simnode0/diag/state {"rssi_dbm":-21,"snr_db":9,"last_seen_s":133,"missed_polls":1,"proto_ver":2,"unsupported_ver":null}
21:32:39.020 mqtt   lran/simnode0/availability offline
21:32:39.020 mqtt   lran/simnode1/config/state {"poll_interval_s":{"value":60,"source":"override"},"deployed":{"value":0,"source":"override"},"dedup_cache_depth":{"value":null,"source":"default"},"frag_reassembly_timeout_ms":{"value":null,"source":"default"},"cad_retries":{"value":null,"source":"default"},"backoff_max_ms":{"value":null,"source":"default"},"freq_hz":{"value":null,"source":"default"},"spreading_factor":{"value":null,"source":"default"},"bandwidth_khz":{"value":null,"source":"default"},"coding_rate_denominator":{"value":null,"source":"default"},"tx_power_dbm":{"value":null,"source":"default"},"phy_trial_s":{"value":null,"source":"default"}}
21:32:39.020 mqtt   lran/simnode1/availability offline
21:32:39.020 mqtt   lran/simnode1/diag/state {"rssi_dbm":-30,"snr_db":11,"last_seen_s":56,"missed_polls":0,"proto_ver":2,"unsupported_ver":null}
21:32:39.020 mqtt   lran/simnode1/vedirect/charge/state {"charge_absorption_voltage_v":14.00,"charge_float_voltage_v":13.50,"charge_equalisation_voltage_v":14.20,"charge_auto_equalisation":0,"charge_temp_compensation_mv_k":0.00,"charge_battery_type":255,"charge_max_current_a":15.0,"charge_absorption_time_limit_h":2.00,"charge_system_voltage_v":12,"charge_low_temp_level_c":5.00}
21:32:39.020 mqtt   lran/simnode1/vedirect/hex/audit {"request":":8F7ED007805EC","seq":4,"outcome":"refused_disarmed","status":null,"response":null,"authorization":"disarmed","at":"2026-09-26T00:46:35Z"}
21:32:39.020 mqtt   lran/simnode1/vedirect/write_enable/state OFF
21:32:39.020 mqtt   lran/simnode2/config/state {"poll_interval_s":{"value":60,"source":"override"},"deployed":{"value":0,"source":"override"},"dedup_cache_depth":{"value":null,"source":"default"},"frag_reassembly_timeout_ms":{"value":null,"source":"default"},"cad_retries":{"value":null,"source":"default"},"backoff_max_ms":{"value":null,"source":"default"},"freq_hz":{"value":null,"source":"default"},"spreading_factor":{"value":null,"source":"default"},"bandwidth_khz":{"value":null,"source":"default"},"coding_rate_denominator":{"value":null,"source":"default"},"tx_power_dbm":{"value":null,"source":"default"},"phy_trial_s":{"value":null,"source":"default"}}
21:32:39.020 mqtt   lran/simnode2/diag/state {"rssi_dbm":-21,"snr_db":9,"last_seen_s":131,"missed_polls":1,"proto_ver":2,"unsupported_ver":null}
21:32:39.020 mqtt   lran/simnode2/availability offline
21:32:39.023 mqtt   lran/simnode3/config/state {"poll_interval_s":{"value":60,"source":"default"},"deployed":{"value":0,"source":"default"},"dedup_cache_depth":{"value":null,"source":"default"},"frag_reassembly_timeout_ms":{"value":null,"source":"default"},"cad_retries":{"value":null,"source":"default"},"backoff_max_ms":{"value":null,"source":"default"},"freq_hz":{"value":null,"source":"default"},"spreading_factor":{"value":null,"source":"default"},"bandwidth_khz":{"value":null,"source":"default"},"coding_rate_denominator":{"value":null,"source":"default"},"tx_power_dbm":{"value":null,"source":"default"},"phy_trial_s":{"value":null,"source":"default"}}
21:32:39.086 heltec ESP-ROM:esp32s3-20210327
21:32:39.086 xiao   ESP-ROM:esp32s3-20210327
21:32:39.086 heltec Build:Mar 27 2021
21:32:39.086 xiao   Build:Mar 27 2021
21:32:39.086 xiao   rst:0x15 (USB_UART_CHIP_RESET),boot:0x28 (SPI_FAST_FLASH_BOOT)
21:32:39.086 xiao   Saved PC:0x4203699e
21:32:39.086 xiao   SPIWP:0xee
21:32:39.086 xiao   mode:DIO, clock div:1
21:32:39.086 heltec rst:0x1 (POWERON),boot:0x29 (SPI_FAST_FLASH_BOOT)
21:32:39.086 xiao   load:0x3fce3808,len:0x4bc
21:32:39.086 heltec SPIWP:0xee
21:32:39.086 heltec mode:DIO, clock div:1
21:32:39.086 heltec load:0x3fce3808,len:0x4bc
21:32:39.086 heltec load:0x403c9700,len:0xbd8
21:32:39.086 heltec load:0x403cc700,len:0x2a0c
21:32:39.086 heltec entry 0x403c98d0
21:32:39.086 xiao   load:0x403c9700,len:0xbd8
21:32:39.086 xiao   load:0x403cc700,len:0x2a0c
21:32:39.086 xiao   entry 0x403c98d0
21:32:39.424 bridge LRAN Bridge Node - node 0x00
21:32:39.425 bridge Binding spec: LRAN-Protocol-Specification v0.15 (ver = 2)
21:32:39.425 bridge PHY: 917.4 MHz, SF9, BW 125 kHz, CR 4/5, -4 dBm conducted, 3.0 dBi
21:32:39.425 bridge Version: 0.1.0 (6db6771)
21:32:39.425 bridge Slot: app0
21:32:39.425 bridge Image state: not_pending
21:32:39.425 bridge CHAN-BOOT,6db6771,917400000,9,1250,1000,-1100,10
21:32:39.525 bridge WiFi SSID: McLeeNet
21:32:39.525 bridge MQTT broker: 192.168.2.52:1883
21:32:39.525 bridge Registry: 0x01 0x02 0xF0(bench) 0xF1(bench) 0xF2(bench) 0xF3(bench)
21:32:39.525 bridge boot: count 11
21:32:39.525 bridge Config: 17 stored value(s) restored
21:32:39.525 bridge levers: gen 2 - diag 60 s, poll reply 10000 ms, missed 3, cmd ack 3000 ms x3, config ack 8000 ms, readba[   569][W][WiFiGeneric.cpp:1062] _eventCallback(): Reason: 202 - AUTH_FAIL
21:32:39.525 bridge ck 15000 ms, hex rsp 3000 ms, arm 300 s, simnode diag off
21:32:39.525 bridge Tasks started: 7
21:32:39.628 bridge WiFi, MQTT, OTA, the radio link, the registry and HA discovery.
21:32:39.628 bridge LoRa: radio up - 917400000 Hz, SF9, BW 125.0 kHz, CR 4/5, -4 dBm conducted, 3.0 dBi antenna
21:32:39.628 bridge LoRa: stack high-water 6416 bytes free
21:32:39.733 bridge [   738][I][esp32-hal-i2c.c:75] i2cInit(): Initialising I2C Master: sda=17 scl=18 freq=100000
21:32:39.733 bridge [   747][W][Wire.cpp:301] begin(): Bus already started in Master Mode.
21:32:40.123 mqtt   lran/bridge/availability offline
21:32:40.139 bridge [  1182][I][ArduinoOTA.cpp:141] begin(): OTA server at: lran-bridge.local:3232
21:32:40.139 bridge OTA: listening as lran-bridge
21:32:40.193 mqtt   lran/bridge/availability online
21:32:40.196 mqtt   lran/bridge/version {"version":"0.1.0","git":"6db6771","slot":"app0","ota_state":"verified_or_usb"}
21:32:40.244 bridge mqtt: connected, heap free 68680, lowest 63552
21:32:40.293 mqtt   lran/bridge/diag/state {"rx_crc_err":0,"rx_runt":0,"rx_oversize":0,"rx_bad_crc":0,"rx_bad_ver":0,"rx_not_addressed":0,"rx_unknown_hdr_ext":0,"rx_bad_frag":0,"rx_unknown_type":0,"rx_unknown_schema":0,"rx_bad_length":0,"rx_not_fragmentable":0,"rx_rejected_ctx":0,"rx_rejected_mac":0,"rx_unknown_src":0,"rx_reassembly_timeout":0,"rx_fragment_overflow":0,"rx_reassembly_abandoned":0,"rx_rejected_seq":0,"rx_frag_duplicate":0,"rx_frag_late":0,"rx_dup_command":0,"rx_dropped":0,"rx_frames":0,"ctx_rolls":0,"ctx_roll_failed":0}
21:32:40.296 mqtt   lran/bridge/diag/radio/state {"tx_frames":0,"cad_backoffs":0,"errors_suppressed":0,"cad_deferred":0,"cad_free":0,"rx_deaf_ms":0,"cad_errors":0,"tx_forced":0,"tx_errors":0,"tx_timeouts":0,"tx_dropped_no_radio":0,"rx_driver_errors":0,"rx_no_interrupt":0,"rx_wake_empty":0,"begin_failures":0,"last_begin_status":0,"q_rx_dropped":0,"q_rx_high_water":0,"q_publish_dropped":0,"q_publish_high_water":0,"q_tx_dropped":0,"q_tx_high_water":0,"q_log_dropped":0,"q_log_high_water":0,"q_command_dropped":0,"q_command_high_water":0,"q_config_dropped":0,"q_config_high_water":0,"q_event_dropped":0,"q_event_high_water":0,"q_hex_dropped":0,"q_hex_high_water":0}
21:32:40.296 mqtt   lran/bridge/diag/cmd/state {"cmd_submitted":0,"cmd_refused_busy":0,"cmd_sent":0,"cmd_retries":0,"cmd_acked":0,"cmd_no_ack":0,"cmd_resyncs":0,"cmd_resync_failed":0,"cmd_ack_ignored":0,"cmd_refused_roll_pending":0,"roll_sent":0,"roll_retries":0,"roll_busy":0,"roll_by_rejected_ctx":0}
21:32:40.297 mqtt   lran/bridge/diag/publish/state {"status_frames":0,"documents":0,"unchanged":0,"heartbeats":0,"event_frames":0,"events":0,"event_repeats":0,"bench_withheld":0,"queue_refused":0,"undecodable":0}
21:32:40.395 mqtt   lran/bridge/config/state {"simnode_diag_enable":{"value":0,"source":"override"},"diag_interval_s":{"value":60,"source":"override"},"missed_poll_threshold":{"value":3,"source":"default"},"poll_reply_timeout_ms":{"value":10000,"source":"default"},"command_ack_timeout_ms":{"value":3000,"source":"default"},"cmd_retries":{"value":3,"source":"override"},"cad_retries":{"value":5,"source":"default"},"backoff_max_ms":{"value":1500,"source":"default"},"frag_reassembly_timeout_ms":{"value":5000,"source":"default"},"error_min_interval_ms":{"value":1000,"source":"default"},"config_readback_timeout_ms":{"value":15000,"source":"default"},"config_ack_timeout_ms":{"value":8000,"source":"default"},"republish_interval_s":{"value":900,"source":"override"},"bms_stale_s":{"value":600,"source":"default"},"cell_mv_deadband":{"value":5,"source":"default"},"freq_hz":{"value":917400000,"source":"override"},"spreading_factor":{"value":9,"source":"override"},"bandwidth_khz":{"value":125,"source":"override"},"coding_rate_denominator":{"value":5,"source":"override"},"tx_power_dbm":{"value":-4,"source":"override"},"phy_trial_s":{"value":120,"source":"override"},"mppt_write_arm_timeout_s":{"value":300,"source":"default"},"hex_rsp_timeout_ms":{"value":3000,"source":"default"}}
21:32:40.398 mqtt   lran/gatelink/config/state {"poll_interval_s":{"value":60,"source":"override"},"deployed":{"value":0,"source":"default"},"dedup_cache_depth":{"value":null,"source":"default"},"frag_reassembly_timeout_ms":{"value":null,"source":"default"},"cad_retries":{"value":null,"source":"default"},"backoff_max_ms":{"value":null,"source":"default"},"freq_hz":{"value":null,"source":"default"},"spreading_factor":{"value":null,"source":"default"},"bandwidth_khz":{"value":null,"source":"default"},"coding_rate_denominator":{"value":null,"source":"default"},"tx_power_dbm":{"value":null,"source":"default"},"phy_trial_s":{"value":null,"source":"default"}}
21:32:40.497 mqtt   lran/welllink/config/state {"poll_interval_s":{"value":60,"source":"default"},"deployed":{"value":0,"source":"default"},"dedup_cache_depth":{"value":null,"source":"default"},"frag_reassembly_timeout_ms":{"value":null,"source":"default"},"cad_retries":{"value":null,"source":"default"},"backoff_max_ms":{"value":null,"source":"default"},"freq_hz":{"value":null,"source":"default"},"spreading_factor":{"value":null,"source":"default"},"bandwidth_khz":{"value":null,"source":"default"},"coding_rate_denominator":{"value":null,"source":"default"},"tx_power_dbm":{"value":null,"source":"default"},"phy_trial_s":{"value":null,"source":"default"}}
21:32:40.501 mqtt   lran/simnode0/config/state {"poll_interval_s":{"value":60,"source":"override"},"deployed":{"value":0,"source":"override"},"dedup_cache_depth":{"value":null,"source":"default"},"frag_reassembly_timeout_ms":{"value":null,"source":"default"},"cad_retries":{"value":null,"source":"default"},"backoff_max_ms":{"value":null,"source":"default"},"freq_hz":{"value":null,"source":"default"},"spreading_factor":{"value":null,"source":"default"},"bandwidth_khz":{"value":null,"source":"default"},"coding_rate_denominator":{"value":null,"source":"default"},"tx_power_dbm":{"value":null,"source":"default"},"phy_trial_s":{"value":null,"source":"default"}}
21:32:40.592 mqtt   lran/gatelink/vedirect/write_enable/state OFF
21:32:40.595 mqtt   lran/gatelink/vedirect/charge/state {"charge_absorption_voltage_v":null,"charge_float_voltage_v":null,"charge_equalisation_voltage_v":null,"charge_auto_equalisation":null,"charge_temp_compensation_mv_k":null,"charge_battery_type":null,"charge_max_current_a":null,"charge_absorption_time_limit_h":null,"charge_system_voltage_v":null,"charge_low_temp_level_c":null}
21:32:40.595 mqtt   lran/bridge/diag/state {"rx_crc_err":0,"rx_runt":0,"rx_oversize":0,"rx_bad_crc":0,"rx_bad_ver":0,"rx_not_addressed":0,"rx_unknown_hdr_ext":0,"rx_bad_frag":0,"rx_unknown_type":0,"rx_unknown_schema":0,"rx_bad_length":0,"rx_not_fragmentable":0,"rx_rejected_ctx":0,"rx_rejected_mac":0,"rx_unknown_src":0,"rx_reassembly_timeout":0,"rx_fragment_overflow":0,"rx_reassembly_abandoned":0,"rx_rejected_seq":0,"rx_frag_duplicate":0,"rx_frag_late":0,"rx_dup_command":0,"rx_dropped":0,"rx_frames":0,"ctx_rolls":0,"ctx_roll_failed":0}
21:32:40.597 mqtt   lran/bridge/diag/radio/state {"tx_frames":0,"cad_backoffs":0,"errors_suppressed":0,"cad_deferred":0,"cad_free":0,"rx_deaf_ms":0,"cad_errors":0,"tx_forced":0,"tx_errors":0,"tx_timeouts":0,"tx_dropped_no_radio":0,"rx_driver_errors":0,"rx_no_interrupt":0,"rx_wake_empty":0,"begin_failures":0,"last_begin_status":0,"q_rx_dropped":0,"q_rx_high_water":0,"q_publish_dropped":0,"q_publish_high_water":4,"q_tx_dropped":0,"q_tx_high_water":0,"q_log_dropped":0,"q_log_high_water":0,"q_command_dropped":0,"q_command_high_water":0,"q_config_dropped":0,"q_config_high_water":0,"q_event_dropped":0,"q_event_high_water":0,"q_hex_dropped":0,"q_hex_high_water":0}
21:32:40.597 mqtt   lran/bridge/diag/cmd/state {"cmd_submitted":0,"cmd_refused_busy":0,"cmd_sent":0,"cmd_retries":0,"cmd_acked":0,"cmd_no_ack":0,"cmd_resyncs":0,"cmd_resync_failed":0,"cmd_ack_ignored":0,"cmd_refused_roll_pending":0,"roll_sent":0,"roll_retries":0,"roll_busy":0,"roll_by_rejected_ctx":0}
21:32:40.601 mqtt   lran/bridge/diag/publish/state {"status_frames":0,"documents":0,"unchanged":0,"heartbeats":0,"event_frames":0,"events":0,"event_repeats":0,"bench_withheld":0,"queue_refused":0,"undecodable":0}
21:32:40.637 heltec LRAN simnode - bench nodes 0xF0-0xF3
21:32:40.637 heltec Binding spec: LRAN-Protocol-Specification v0.15 (ver = 2)
21:32:40.637 heltec Board: heltec_wifi_lora_32_V3
21:32:40.637 heltec id f0 ROLE_RANGE ctx 0xb69d6e61
21:32:40.637 heltec id f2 ROLE_HEALTH ctx 0xf1d61af3
21:32:40.639 xiao   LRAN simnode - bench nodes 0xF0-0xF3
21:32:40.639 xiao   Binding spec: LRAN-Protocol-Specification v0.15 (ver = 2)
21:32:40.639 xiao   Board: xiao_esp32s3+wio_sx1262_kit
21:32:40.639 xiao   id f1 ROLE_GATELINK ctx 0x7ab1b710
21:32:40.639 xiao   [  1620][W][Wire.cpp:301] begin(): Bus already started in Master Mode.
21:32:40.639 xiao   OLED: up
21:32:40.657 bridge CHAN,0,621,1000,99,1,2,0,-1090,-1130,-1119
21:32:40.698 mqtt   lran/simnode1/config/state {"poll_interval_s":{"value":60,"source":"override"},"deployed":{"value":0,"source":"override"},"dedup_cache_depth":{"value":null,"source":"default"},"frag_reassembly_timeout_ms":{"value":null,"source":"default"},"cad_retries":{"value":null,"source":"default"},"backoff_max_ms":{"value":null,"source":"default"},"freq_hz":{"value":null,"source":"default"},"spreading_factor":{"value":null,"source":"default"},"bandwidth_khz":{"value":null,"source":"default"},"coding_rate_denominator":{"value":null,"source":"default"},"tx_power_dbm":{"value":null,"source":"default"},"phy_trial_s":{"value":null,"source":"default"}}
21:32:40.701 mqtt   lran/simnode2/config/state {"poll_interval_s":{"value":60,"source":"override"},"deployed":{"value":0,"source":"override"},"dedup_cache_depth":{"value":null,"source":"default"},"frag_reassembly_timeout_ms":{"value":null,"source":"default"},"cad_retries":{"value":null,"source":"default"},"backoff_max_ms":{"value":null,"source":"default"},"freq_hz":{"value":null,"source":"default"},"spreading_factor":{"value":null,"source":"default"},"bandwidth_khz":{"value":null,"source":"default"},"coding_rate_denominator":{"value":null,"source":"default"},"tx_power_dbm":{"value":null,"source":"default"},"phy_trial_s":{"value":null,"source":"default"}}
21:32:40.739 xiao   radio: up - 917400000 Hz, SF9, BW 125.0 kHz, CR 4/5, -4 dBm conducted, 3.0 dBi antenna
21:32:40.739 xiao   B0: identities, console, faults, OLED; all four roles. Type 'help'.
21:32:40.799 mqtt   lran/simnode3/config/state {"poll_interval_s":{"value":60,"source":"default"},"deployed":{"value":0,"source":"default"},"dedup_cache_depth":{"value":null,"source":"default"},"frag_reassembly_timeout_ms":{"value":null,"source":"default"},"cad_retries":{"value":null,"source":"default"},"backoff_max_ms":{"value":null,"source":"default"},"freq_hz":{"value":null,"source":"default"},"spreading_factor":{"value":null,"source":"default"},"bandwidth_khz":{"value":null,"source":"default"},"coding_rate_denominator":{"value":null,"source":"default"},"tx_power_dbm":{"value":null,"source":"default"},"phy_trial_s":{"value":null,"source":"default"}}
21:32:40.843 heltec [  1793][W][Wire.cpp:301] begin(): Bus already started in Master Mode.
21:32:40.843 heltec OLED: up
21:32:40.948 heltec radio: up - 917400000 Hz, SF9, BW 125.0 kHz, CR 4/5, -4 dBm conducted, 3.0 dBi antenna
21:32:40.948 heltec B0: identities, console, faults, OLED; all four roles. Type 'help'.
21:32:41.696 bridge CHAN,1,1621,1000,100,0,4,0,-1070,-1130,-1119
21:32:42.001 ctl    === resetting the two Heltecs through EN; the XIAO reset on open
21:32:42.213 bridge ESP-ROM:esp32s3-20210327
21:32:42.213 bridge Build:Mar 27 2021
21:32:42.213 bridge rst:0x1 (POWERON),boot:0x9 (SPI_FAST_FLASH_BOOT)
21:32:42.213 bridge SPIWP:0xee
21:32:42.213 bridge mode:DIO, clock div:1
21:32:42.213 bridge load:0x3fce3808,len:0x4bc
21:32:42.213 bridge load:0x403c9700,len:0xbd8
21:32:42.213 bridge load:0x403cc700,len:0x2a0c
21:32:42.213 bridge entry 0x403c98d0
21:32:42.213 ctl    === waiting for the bridge on 6db6771
21:32:42.290 heltec ESP-ROM:esp32s3-20210327
21:32:42.290 heltec Build:Mar 27 2021
21:32:42.290 heltec rst:0x1 (POWERON),boot:0x29 (SPI_FAST_FLASH_BOOT)
21:32:42.290 heltec SPIWP:0xee
21:32:42.290 heltec mode:DIO, clock div:1
21:32:42.290 heltec load:0x3fce3808,len:0x4bc
21:32:42.290 heltec load:0x403c9700,len:0xbd8
21:32:42.290 heltec load:0x403cc700,len:0x2a0c
21:32:42.290 heltec entry 0x403c98d0
21:32:42.632 bridge LRAN Bridge Node - node 0x00
21:32:42.632 bridge Binding spec: LRAN-Protocol-Specification v0.15 (ver = 2)
21:32:42.632 bridge PHY: 917.4 MHz, SF9, BW 125 kHz, CR 4/5, -4 dBm conducted, 3.0 dBi
21:32:42.632 bridge Version: 0.1.0 (6db6771)
21:32:42.632 bridge Slot: app0
21:32:42.632 bridge Image state: not_pending
21:32:42.632 bridge CHAN-BOOT,6db6771,917400000,9,1250,1000,-1100,10
21:32:42.733 bridge WiFi SSID: McLeeNet
21:32:42.734 bridge MQTT broker: 192.168.2.52:1883
21:32:42.734 bridge Registry: 0x01 0x02 0xF0(bench) 0xF1(bench) 0xF2(bench) 0xF3(bench)
21:32:42.734 bridge boot: count 12
21:32:42.734 bridge Config: 17 stored value(s) restored
21:32:42.734 bridge levers: gen 2 - diag 60 s, poll reply 10000 ms, missed 3, cmd ack 3000 ms x3, config ack 8000 ms, readba[   567][W][WiFiGeneric.cpp:1062] _eventCallback(): Reason: 203 - ASSOC_FAIL
21:32:42.734 bridge ck 15000 ms, hex rsp 3000 ms, arm 300 s, simnode diag off
21:32:42.734 bridge Tasks started: [   593][W][WiFiGeneric.cpp:1062] _eventCallback(): Reason: 202 - AUTH_FAIL
21:32:42.734 bridge 7
21:32:42.734 bridge WiFi, MQTT, OTA, the radio link, the registry and HA discovery.
21:32:42.835 bridge LoRa: radio up - 917400000 Hz, SF9, BW 125.0 kHz, CR 4/5, -4 dBm conducted, 3.0 dBi antenna
21:32:42.835 bridge LoRa: stack high-water 6416 bytes free
21:32:42.940 bridge [   762][I][esp32-hal-i2c.c:75] i2cInit(): Initialising I2C Master: sda=17 scl=18 freq=100000
21:32:42.940 bridge [   771][W][Wire.cpp:301] begin(): Bus already started in Master Mode.
21:32:43.769 bridge [  1567][W][WiFiGeneric.cpp:1062] _eventCallback(): Reason: 8 - ASSOC_LEAVE
21:32:43.845 heltec LRAN simnode - bench nodes 0xF0-0xF3
21:32:43.845 heltec Binding spec: LRAN-Protocol-Specification v0.15 (ver = 2)
21:32:43.845 heltec Board: heltec_wifi_lora_32_V3
21:32:43.845 heltec id f0 ROLE_RANGE ctx 0x10a40ed2
21:32:43.845 heltec id f2 ROLE_HEALTH ctx 0x60b1e15f
21:32:43.873 bridge [  1688][I][ArduinoOTA.cpp:141] begin(): OTA server at: lran-bridge.local:3232
21:32:43.873 bridge CHAN,0,634,1000,99,1,4,0,-1090,-1130,-1119
21:32:43.873 bridge OTA: listening as lran-bridge
21:32:44.006 mqtt   lran/bridge/availability offline
21:32:44.017 mqtt   lran/bridge/availability online
21:32:44.020 mqtt   lran/bridge/version {"version":"0.1.0","git":"6db6771","slot":"app0","ota_state":"verified_or_usb"}
21:32:44.032 mqtt   lran/bridge/diag/state {"rx_crc_err":0,"rx_runt":0,"rx_oversize":0,"rx_bad_crc":0,"rx_bad_ver":0,"rx_not_addressed":0,"rx_unknown_hdr_ext":0,"rx_bad_frag":0,"rx_unknown_type":0,"rx_unknown_schema":0,"rx_bad_length":0,"rx_not_fragmentable":0,"rx_rejected_ctx":0,"rx_rejected_mac":0,"rx_unknown_src":0,"rx_reassembly_timeout":0,"rx_fragment_overflow":0,"rx_reassembly_abandoned":0,"rx_rejected_seq":0,"rx_frag_duplicate":0,"rx_frag_late":0,"rx_dup_command":0,"rx_dropped":0,"rx_frames":0,"ctx_rolls":0,"ctx_roll_failed":0}
21:32:44.035 mqtt   lran/bridge/diag/radio/state {"tx_frames":0,"cad_backoffs":0,"errors_suppressed":0,"cad_deferred":0,"cad_free":0,"rx_deaf_ms":0,"cad_errors":0,"tx_forced":0,"tx_errors":0,"tx_timeouts":0,"tx_dropped_no_radio":0,"rx_driver_errors":0,"rx_no_interrupt":0,"rx_wake_empty":0,"begin_failures":0,"last_begin_status":0,"q_rx_dropped":0,"q_rx_high_water":0,"q_publish_dropped":0,"q_publish_high_water":0,"q_tx_dropped":0,"q_tx_high_water":0,"q_log_dropped":0,"q_log_high_water":0,"q_command_dropped":0,"q_command_high_water":0,"q_config_dropped":0,"q_config_high_water":0,"q_event_dropped":0,"q_event_high_water":0,"q_hex_dropped":0,"q_hex_high_water":0}
21:32:44.036 mqtt   lran/bridge/diag/cmd/state {"cmd_submitted":0,"cmd_refused_busy":0,"cmd_sent":0,"cmd_retries":0,"cmd_acked":0,"cmd_no_ack":0,"cmd_resyncs":0,"cmd_resync_failed":0,"cmd_ack_ignored":0,"cmd_refused_roll_pending":0,"roll_sent":0,"roll_retries":0,"roll_busy":0,"roll_by_rejected_ctx":0}
21:32:44.039 mqtt   lran/bridge/diag/publish/state {"status_frames":0,"documents":0,"unchanged":0,"heartbeats":0,"event_frames":0,"events":0,"event_repeats":0,"bench_withheld":0,"queue_refused":0,"undecodable":0}
21:32:44.051 heltec [  1793][W][Wire.cpp:301] begin(): Bus already started in Master Mode.
21:32:44.051 heltec OLED: up
21:32:44.082 bridge mqtt: connected, heap free 68512, lowest 59720
21:32:44.086 mqtt   lran/bridge/config/state {"simnode_diag_enable":{"value":0,"source":"override"},"diag_interval_s":{"value":60,"source":"override"},"missed_poll_threshold":{"value":3,"source":"default"},"poll_reply_timeout_ms":{"value":10000,"source":"default"},"command_ack_timeout_ms":{"value":3000,"source":"default"},"cmd_retries":{"value":3,"source":"override"},"cad_retries":{"value":5,"source":"default"},"backoff_max_ms":{"value":1500,"source":"default"},"frag_reassembly_timeout_ms":{"value":5000,"source":"default"},"error_min_interval_ms":{"value":1000,"source":"default"},"config_readback_timeout_ms":{"value":15000,"source":"default"},"config_ack_timeout_ms":{"value":8000,"source":"default"},"republish_interval_s":{"value":900,"source":"override"},"bms_stale_s":{"value":600,"source":"default"},"cell_mv_deadband":{"value":5,"source":"default"},"freq_hz":{"value":917400000,"source":"override"},"spreading_factor":{"value":9,"source":"override"},"bandwidth_khz":{"value":125,"source":"override"},"coding_rate_denominator":{"value":5,"source":"override"},"tx_power_dbm":{"value":-4,"source":"override"},"phy_trial_s":{"value":120,"source":"override"},"mppt_write_arm_timeout_s":{"value":300,"source":"default"},"hex_rsp_timeout_ms":{"value":3000,"source":"default"}}
21:32:44.090 mqtt   lran/gatelink/config/state {"poll_interval_s":{"value":60,"source":"override"},"deployed":{"value":0,"source":"default"},"dedup_cache_depth":{"value":null,"source":"default"},"frag_reassembly_timeout_ms":{"value":null,"source":"default"},"cad_retries":{"value":null,"source":"default"},"backoff_max_ms":{"value":null,"source":"default"},"freq_hz":{"value":null,"source":"default"},"spreading_factor":{"value":null,"source":"default"},"bandwidth_khz":{"value":null,"source":"default"},"coding_rate_denominator":{"value":null,"source":"default"},"tx_power_dbm":{"value":null,"source":"default"},"phy_trial_s":{"value":null,"source":"default"}}
21:32:44.155 heltec radio: up - 917400000 Hz, SF9, BW 125.0 kHz, CR 4/5, -4 dBm conducted, 3.0 dBi antenna
21:32:44.156 heltec B0: identities, console, faults, OLED; all four roles. Type 'help'.
21:32:44.188 mqtt   lran/welllink/config/state {"poll_interval_s":{"value":60,"source":"default"},"deployed":{"value":0,"source":"default"},"dedup_cache_depth":{"value":null,"source":"default"},"frag_reassembly_timeout_ms":{"value":null,"source":"default"},"cad_retries":{"value":null,"source":"default"},"backoff_max_ms":{"value":null,"source":"default"},"freq_hz":{"value":null,"source":"default"},"spreading_factor":{"value":null,"source":"default"},"bandwidth_khz":{"value":null,"source":"default"},"coding_rate_denominator":{"value":null,"source":"default"},"tx_power_dbm":{"value":null,"source":"default"},"phy_trial_s":{"value":null,"source":"default"}}
21:32:44.192 mqtt   lran/simnode0/config/state {"poll_interval_s":{"value":60,"source":"override"},"deployed":{"value":0,"source":"override"},"dedup_cache_depth":{"value":null,"source":"default"},"frag_reassembly_timeout_ms":{"value":null,"source":"default"},"cad_retries":{"value":null,"source":"default"},"backoff_max_ms":{"value":null,"source":"default"},"freq_hz":{"value":null,"source":"default"},"spreading_factor":{"value":null,"source":"default"},"bandwidth_khz":{"value":null,"source":"default"},"coding_rate_denominator":{"value":null,"source":"default"},"tx_power_dbm":{"value":null,"source":"default"},"phy_trial_s":{"value":null,"source":"default"}}
21:32:44.331 mqtt   lran/simnode1/config/state {"poll_interval_s":{"value":60,"source":"override"},"deployed":{"value":0,"source":"override"},"dedup_cache_depth":{"value":null,"source":"default"},"frag_reassembly_timeout_ms":{"value":null,"source":"default"},"cad_retries":{"value":null,"source":"default"},"backoff_max_ms":{"value":null,"source":"default"},"freq_hz":{"value":null,"source":"default"},"spreading_factor":{"value":null,"source":"default"},"bandwidth_khz":{"value":null,"source":"default"},"coding_rate_denominator":{"value":null,"source":"default"},"tx_power_dbm":{"value":null,"source":"default"},"phy_trial_s":{"value":null,"source":"default"}}
21:32:44.335 mqtt   lran/simnode2/config/state {"poll_interval_s":{"value":60,"source":"override"},"deployed":{"value":0,"source":"override"},"dedup_cache_depth":{"value":null,"source":"default"},"frag_reassembly_timeout_ms":{"value":null,"source":"default"},"cad_retries":{"value":null,"source":"default"},"backoff_max_ms":{"value":null,"source":"default"},"freq_hz":{"value":null,"source":"default"},"spreading_factor":{"value":null,"source":"default"},"bandwidth_khz":{"value":null,"source":"default"},"coding_rate_denominator":{"value":null,"source":"default"},"tx_power_dbm":{"value":null,"source":"default"},"phy_trial_s":{"value":null,"source":"default"}}
21:32:44.387 mqtt   lran/simnode3/config/state {"poll_interval_s":{"value":60,"source":"default"},"deployed":{"value":0,"source":"default"},"dedup_cache_depth":{"value":null,"source":"default"},"frag_reassembly_timeout_ms":{"value":null,"source":"default"},"cad_retries":{"value":null,"source":"default"},"backoff_max_ms":{"value":null,"source":"default"},"freq_hz":{"value":null,"source":"default"},"spreading_factor":{"value":null,"source":"default"},"bandwidth_khz":{"value":null,"source":"default"},"coding_rate_denominator":{"value":null,"source":"default"},"tx_power_dbm":{"value":null,"source":"default"},"phy_trial_s":{"value":null,"source":"default"}}
21:32:44.780 mqtt   lran/gatelink/vedirect/write_enable/state OFF
21:32:44.784 mqtt   lran/gatelink/vedirect/charge/state {"charge_absorption_voltage_v":null,"charge_float_voltage_v":null,"charge_equalisation_voltage_v":null,"charge_auto_equalisation":null,"charge_temp_compensation_mv_k":null,"charge_battery_type":null,"charge_max_current_a":null,"charge_absorption_time_limit_h":null,"charge_system_voltage_v":null,"charge_low_temp_level_c":null}
21:32:44.784 mqtt   lran/bridge/diag/state {"rx_crc_err":0,"rx_runt":0,"rx_oversize":0,"rx_bad_crc":0,"rx_bad_ver":0,"rx_not_addressed":0,"rx_unknown_hdr_ext":0,"rx_bad_frag":0,"rx_unknown_type":0,"rx_unknown_schema":0,"rx_bad_length":0,"rx_not_fragmentable":0,"rx_rejected_ctx":0,"rx_rejected_mac":0,"rx_unknown_src":0,"rx_reassembly_timeout":0,"rx_fragment_overflow":0,"rx_reassembly_abandoned":0,"rx_rejected_seq":0,"rx_frag_duplicate":0,"rx_frag_late":0,"rx_dup_command":0,"rx_dropped":0,"rx_frames":0,"ctx_rolls":0,"ctx_roll_failed":0}
21:32:44.788 mqtt   lran/bridge/diag/radio/state {"tx_frames":0,"cad_backoffs":0,"errors_suppressed":0,"cad_deferred":0,"cad_free":0,"rx_deaf_ms":0,"cad_errors":0,"tx_forced":0,"tx_errors":0,"tx_timeouts":0,"tx_dropped_no_radio":0,"rx_driver_errors":0,"rx_no_interrupt":0,"rx_wake_empty":0,"begin_failures":0,"last_begin_status":0,"q_rx_dropped":0,"q_rx_high_water":0,"q_publish_dropped":0,"q_publish_high_water":4,"q_tx_dropped":0,"q_tx_high_water":0,"q_log_dropped":0,"q_log_high_water":0,"q_command_dropped":0,"q_command_high_water":0,"q_config_dropped":0,"q_config_high_water":0,"q_event_dropped":0,"q_event_high_water":0,"q_hex_dropped":0,"q_hex_high_water":0}
21:32:44.792 mqtt   lran/bridge/diag/cmd/state {"cmd_submitted":0,"cmd_refused_busy":0,"cmd_sent":0,"cmd_retries":0,"cmd_acked":0,"cmd_no_ack":0,"cmd_resyncs":0,"cmd_resync_failed":0,"cmd_ack_ignored":0,"cmd_refused_roll_pending":0,"roll_sent":0,"roll_retries":0,"roll_busy":0,"roll_by_rejected_ctx":0}
21:32:44.792 mqtt   lran/bridge/diag/publish/state {"status_frames":0,"documents":0,"unchanged":0,"heartbeats":0,"event_frames":0,"events":0,"event_repeats":0,"bench_withheld":0,"queue_refused":0,"undecodable":0}
21:32:44.812 bridge CHAN,1,1634,1000,100,0,4,0,-1090,-1130,-1119
21:32:45.847 bridge CHAN,2,2634,1000,100,0,1,0,-1090,-1130,-1120
21:32:46.883 bridge CHAN,3,3634,1000,100,0,1,0,-1080,-1130,-1120
21:32:47.082 ctl    === setup
21:32:47.082 ctl    PUB lran/bridge/config/set {"set": {"simnode_diag_enable": true}}
21:32:47.089 mqtt   lran/bridge/config/set {"set": {"simnode_diag_enable": true}}
21:32:47.282 mqtt   lran/bridge/config/ack {"op":"set","persist":"persisted","results":{"simnode_diag_enable":{"status":"ok","value":1}}}
21:32:47.286 mqtt   lran/bridge/config/state {"simnode_diag_enable":{"value":1,"source":"override"},"diag_interval_s":{"value":60,"source":"override"},"missed_poll_threshold":{"value":3,"source":"default"},"poll_reply_timeout_ms":{"value":10000,"source":"default"},"command_ack_timeout_ms":{"value":3000,"source":"default"},"cmd_retries":{"value":3,"source":"override"},"cad_retries":{"value":5,"source":"default"},"backoff_max_ms":{"value":1500,"source":"default"},"frag_reassembly_timeout_ms":{"value":5000,"source":"default"},"error_min_interval_ms":{"value":1000,"source":"default"},"config_readback_timeout_ms":{"value":15000,"source":"default"},"config_ack_timeout_ms":{"value":8000,"source":"default"},"republish_interval_s":{"value":900,"source":"override"},"bms_stale_s":{"value":600,"source":"default"},"cell_mv_deadband":{"value":5,"source":"default"},"freq_hz":{"value":917400000,"source":"override"},"spreading_factor":{"value":9,"source":"override"},"bandwidth_khz":{"value":125,"source":"override"},"coding_rate_denominator":{"value":5,"source":"override"},"tx_power_dbm":{"value":-4,"source":"override"},"phy_trial_s":{"value":120,"source":"override"},"mppt_write_arm_timeout_s":{"value":300,"source":"default"},"hex_rsp_timeout_ms":{"value":3000,"source":"default"}}
21:32:47.719 bridge levers: gen 4 - diag 60 s, poll reply 10000 ms, missed 3, cmd ack 3000 ms x3, config ack 8000 ms, readback 15000 ms, hex rsp 3000 ms, arm 300 s, simnode diag on
21:32:47.822 bridge CHAN,4,4634,1000,100,0,2,0,-1080,-1130,-1121
21:32:47.880 mqtt   lran/bridge/diag/state {"rx_crc_err":0,"rx_runt":0,"rx_oversize":0,"rx_bad_crc":0,"rx_bad_ver":0,"rx_not_addressed":0,"rx_unknown_hdr_ext":0,"rx_bad_frag":0,"rx_unknown_type":0,"rx_unknown_schema":0,"rx_bad_length":0,"rx_not_fragmentable":0,"rx_rejected_ctx":0,"rx_rejected_mac":0,"rx_unknown_src":0,"rx_reassembly_timeout":0,"rx_fragment_overflow":0,"rx_reassembly_abandoned":0,"rx_rejected_seq":0,"rx_frag_duplicate":0,"rx_frag_late":0,"rx_dup_command":0,"rx_dropped":0,"rx_frames":0,"ctx_rolls":0,"ctx_roll_failed":0}
21:32:47.883 mqtt   lran/bridge/diag/radio/state {"tx_frames":0,"cad_backoffs":0,"errors_suppressed":0,"cad_deferred":0,"cad_free":0,"rx_deaf_ms":0,"cad_errors":0,"tx_forced":0,"tx_errors":0,"tx_timeouts":0,"tx_dropped_no_radio":0,"rx_driver_errors":0,"rx_no_interrupt":0,"rx_wake_empty":0,"begin_failures":0,"last_begin_status":0,"q_rx_dropped":0,"q_rx_high_water":0,"q_publish_dropped":0,"q_publish_high_water":6,"q_tx_dropped":0,"q_tx_high_water":0,"q_log_dropped":0,"q_log_high_water":0,"q_command_dropped":0,"q_command_high_water":0,"q_config_dropped":0,"q_config_high_water":0,"q_event_dropped":0,"q_event_high_water":0,"q_hex_dropped":0,"q_hex_high_water":0}
21:32:47.884 mqtt   lran/bridge/diag/cmd/state {"cmd_submitted":0,"cmd_refused_busy":0,"cmd_sent":0,"cmd_retries":0,"cmd_acked":0,"cmd_no_ack":0,"cmd_resyncs":0,"cmd_resync_failed":0,"cmd_ack_ignored":0,"cmd_refused_roll_pending":0,"roll_sent":0,"roll_retries":0,"roll_busy":0,"roll_by_rejected_ctx":0}
21:32:47.886 mqtt   lran/bridge/diag/publish/state {"status_frames":0,"documents":0,"unchanged":0,"heartbeats":0,"event_frames":0,"events":0,"event_repeats":0,"bench_withheld":0,"queue_refused":0,"undecodable":0}
21:32:48.867 bridge CHAN,5,5634,1000,100,0,3,0,-1060,-1130,-1120
21:32:49.086 ctl    PUB lran/simnode0/config/set {"set": {"deployed": true, "poll_interval_s": 10}}
21:32:49.092 mqtt   lran/simnode0/config/set {"set": {"deployed": true, "poll_interval_s": 10}}
21:32:49.281 mqtt   lran/simnode0/config/ack {"op":"set","persist":"persisted","results":{"deployed":{"status":"ok","value":1},"poll_interval_s":{"status":"ok","value":10}}}
21:32:49.284 mqtt   lran/simnode0/config/state {"poll_interval_s":{"value":10,"source":"override"},"deployed":{"value":1,"source":"override"},"dedup_cache_depth":{"value":null,"source":"default"},"frag_reassembly_timeout_ms":{"value":null,"source":"default"},"cad_retries":{"value":null,"source":"default"},"backoff_max_ms":{"value":null,"source":"default"},"freq_hz":{"value":null,"source":"default"},"spreading_factor":{"value":null,"source":"default"},"bandwidth_khz":{"value":null,"source":"default"},"coding_rate_denominator":{"value":null,"source":"default"},"tx_power_dbm":{"value":null,"source":"default"},"phy_trial_s":{"value":null,"source":"default"}}
21:32:49.388 ctl    PUB lran/simnode1/config/set {"set": {"deployed": true, "poll_interval_s": 10}}
21:32:49.395 mqtt   lran/simnode1/config/set {"set": {"deployed": true, "poll_interval_s": 10}}
21:32:49.581 mqtt   lran/simnode1/config/ack {"op":"set","persist":"persisted","results":{"deployed":{"status":"ok","value":1},"poll_interval_s":{"status":"ok","value":10}}}
21:32:49.584 mqtt   lran/simnode1/config/state {"poll_interval_s":{"value":10,"source":"override"},"deployed":{"value":1,"source":"override"},"dedup_cache_depth":{"value":null,"source":"default"},"frag_reassembly_timeout_ms":{"value":null,"source":"default"},"cad_retries":{"value":null,"source":"default"},"backoff_max_ms":{"value":null,"source":"default"},"freq_hz":{"value":null,"source":"default"},"spreading_factor":{"value":null,"source":"default"},"bandwidth_khz":{"value":null,"source":"default"},"coding_rate_denominator":{"value":null,"source":"default"},"tx_power_dbm":{"value":null,"source":"default"},"phy_trial_s":{"value":null,"source":"default"}}
21:32:49.694 ctl    PUB lran/simnode2/config/set {"set": {"deployed": true, "poll_interval_s": 10}}
21:32:49.698 mqtt   lran/simnode2/config/set {"set": {"deployed": true, "poll_interval_s": 10}}
21:32:49.698 bridge levers: gen 8 - diag 60 s, poll reply 10000 ms, missed 3, cmd ack 3000 ms x3, config ack 8000 ms, readback 15000 ms, hex rsp 3000 ms, arm 300 s, simnode diag on
21:32:49.881 mqtt   lran/simnode2/config/ack {"op":"set","persist":"persisted","results":{"deployed":{"status":"ok","value":1},"poll_interval_s":{"status":"ok","value":10}}}
21:32:49.884 mqtt   lran/simnode2/config/state {"poll_interval_s":{"value":10,"source":"override"},"deployed":{"value":1,"source":"override"},"dedup_cache_depth":{"value":null,"source":"default"},"frag_reassembly_timeout_ms":{"value":null,"source":"default"},"cad_retries":{"value":null,"source":"default"},"backoff_max_ms":{"value":null,"source":"default"},"freq_hz":{"value":null,"source":"default"},"spreading_factor":{"value":null,"source":"default"},"bandwidth_khz":{"value":null,"source":"default"},"coding_rate_denominator":{"value":null,"source":"default"},"tx_power_dbm":{"value":null,"source":"default"},"phy_trial_s":{"value":null,"source":"default"}}
21:32:49.904 bridge FRAME #0 tx t=7605 peer=0xf0 type=3 schema=0 frag=0x01 seq=1 rssi=- snr=- st=0 rx=5 deaf=21
21:32:49.904 bridge CHAN,6,6634,1008,96,4,6,0,-1090,-1140,-1119
21:32:49.999 ctl    SERIAL xiao <- push f1
21:32:50.089 xiao   OK push f1 -> 00 schema 0xFE DEBUG_SYNTHETIC
21:32:50.313 bridge poll: f0 answered in 527 ms (window 10000 ms)
21:32:50.416 bridge FRAME #1 rx t=8104 peer=0xf0 type=4 schema=240 frag=0x01 seq=1 rssi=-21 snr=11 st=0 rx=0 deaf=213
21:32:50.729 bridge levers: gen 10 - diag 60 s, poll reply 10000 ms, missed 3, cmd ack 3000 ms x3, config ack 8000 ms, readback 15000 ms, hex rsp 3000 ms, arm 300 s, simnode diag on
21:32:50.729 bridge availability: simnode0 online (missed_polls 0, threshold 3)
21:32:50.829 bridge CHAN,7,7642,1000,81,19,34,1,-200,-1130,-754
21:32:50.881 mqtt   lran/simnode0/availability online
21:32:51.004 ctl    SERIAL heltec <- fault f0 hdr_rsv
21:32:51.087 heltec OK fault f0 hdr_rsv armed x1 -> 00 (counter -: ACCEPTED and ignored (spec 4.3))
21:32:51.087 heltec fault f0 hdr_rsv: 1 injection(s) done, disarmed
21:32:51.345 bridge FRAME #2 tx t=9107 peer=0xf1 type=3 schema=0 frag=0x01 seq=2 rssi=- snr=- st=0 rx=5 deaf=259
21:32:51.868 bridge CHAN,8,8642,1003,78,21,75,0,-280,-1130,-332
21:32:52.004 ctl    SERIAL heltec <- fault f2 hdr_rsv
21:32:52.019 heltec OK fault f2 hdr_rsv armed x1 -> 00 (counter -: ACCEPTED and ignored (spec 4.3))
21:32:52.073 bridge poll: f1 answered in 1295 ms (window 10000 ms)
21:32:52.074 bridge FRAME #3 rx t=9872 peer=0xf1 type=4 schema=254 frag=0x01 seq=2 rssi=-30 snr=11 st=0 rx=0 deaf=451
21:32:52.120 heltec fault f2 hdr_rsv: 1 injection(s) done, disarmed
21:32:52.493 bridge FRAME #4 rx t=10226 peer=0xf0 type=4 schema=240 frag=0x01 seq=2 rssi=-21 snr=11 st=0 rx=0 deaf=451
21:32:52.697 bridge availability: simnode1 online (missed_polls 0, threshold 3)
21:32:52.697 bridge availability: simnode2 online (missed_polls 0, threshold 3)
21:32:52.802 bridge FRAME #5 rx t=10532 peer=0xf2 type=4 schema=240 frag=0x01 seq=1 rssi=-21 snr=11 st=0 rx=0 deaf=451
21:32:52.802 bridge FRAME #6 tx t=10594 peer=0xf2 type=3 schema=0 frag=0x01 seq=3 rssi=- snr=- st=0 rx=5 deaf=472
21:32:52.883 mqtt   lran/simnode1/availability online
21:32:52.885 mqtt   lran/simnode2/availability online
21:32:52.907 bridge CHAN,9,9645,1006,95,6,80,3,-200,-1130,-391
21:32:52.908 bridge CHANSUM,0,9,10,10017,949,51,210,4,10,0,-200,-1140,-1130,-1131
21:32:53.215 bridge poll: f2 answered in 527 ms (window 10000 ms)
21:32:53.319 bridge FRAME #7 rx t=11093 peer=0xf2 type=4 schema=240 frag=0x01 seq=2 rssi=-21 snr=12 st=0 rx=0 deaf=664
21:32:53.735 bridge FRAME #8 tx t=11595 peer=0xf0 type=1 schema=0 frag=0x01 seq=1 rssi=- snr=- st=0 rx=5 deaf=685
21:32:53.837 bridge CHAN,10,10651,1001,79,21,28,1,-200,-1130,-807
21:32:53.987 heltec roll f0 <- 00 seq 1: ctx 0x10a40ed2 -> 0xa7ab8ed1, ACCEPTED
21:32:54.250 bridge FRAME #9 rx t=12074 peer=0xf0 type=2 schema=0 frag=0x01 seq=1 rssi=-22 snr=11 st=0 rx=0 deaf=918
21:32:54.759 bridge roll: f0 rolled to ctx 0xa7ab8ed1 after 1 attempt(s)
21:32:54.759 bridge FRAME #10 tx t=12596 peer=0xf0 type=8 schema=0 frag=0x01 seq=1 rssi=- snr=- st=0 rx=5 deaf=939
21:32:54.862 bridge CHAN,11,11652,1001,74,25,21,1,-200,-1130,-866
21:32:58.701 bridge hex: f0 seq 1 read -> no_response status 0 result 0, sched stack 2396 bytes free
21:32:58.702 bridge hex: f0 readback abandoned at 0xEDF7
21:32:59.828 bridge FRAME #11 tx t=17596 peer=0xf1 type=1 schema=0 frag=0x01 seq=1 rssi=- snr=- st=0 rx=5 deaf=1193
21:33:00.016 xiao   roll f1 <- 00 seq 1: ctx 0x7ab1b710 -> 0x2f7716d6, ACCEPTED
21:33:00.243 bridge FRAME #12 rx t=18075 peer=0xf1 type=2 schema=0 frag=0x01 seq=1 rssi=-30 snr=11 st=0 rx=0 deaf=1426
21:33:00.755 bridge roll: f1 rolled to ctx 0x2f7716d6 after 1 attempt(s)
21:33:00.755 bridge FRAME #13 tx t=18597 peer=0xf1 type=8 schema=0 frag=0x01 seq=2 rssi=- snr=- st=0 rx=5 deaf=1447
21:33:00.860 bridge CHAN,17,17663,1001,74,25,22,1,-290,-1130,-893
21:33:01.045 xiao   hex f1 <- 00 seq 2: read :7F7ED006A -> :7F7ED008C05D9
21:33:01.375 bridge FRAME #14 rx t=19116 peer=0xf1 type=9 schema=0 frag=0x01 seq=2 rssi=-31 snr=11 st=0 rx=0 deaf=1680
21:33:01.685 bridge hex: f1 seq 2 read -> answered status 0 result 0, sched stack 2396 bytes free
21:33:01.879 mqtt   lran/simnode1/vedirect/charge/state {"charge_absorption_voltage_v":14.20,"charge_float_voltage_v":null,"charge_equalisation_voltage_v":null,"charge_auto_equalisation":null,"charge_temp_compensation_mv_k":null,"charge_battery_type":null,"charge_max_current_a":null,"charge_absorption_time_limit_h":null,"charge_system_voltage_v":null,"charge_low_temp_level_c":null}
21:33:01.890 bridge CHAN,18,18664,1003,82,18,26,1,-290,-1130,-872
21:33:02.815 bridge FRAME #15 tx t=20588 peer=0xf0 type=3 schema=0 frag=0x01 seq=4 rssi=- snr=- st=0 rx=5 deaf=1701
21:33:03.222 bridge poll: f0 answered in 520 ms (window 10000 ms)
21:33:03.327 bridge FRAME #16 rx t=21086 peer=0xf0 type=4 schema=240 frag=0x01 seq=2 rssi=-21 snr=11 st=0 rx=0 deaf=1893
21:33:03.745 bridge FRAME #17 tx t=21588 peer=0xf1 type=3 schema=0 frag=0x01 seq=5 rssi=- snr=- st=0 rx=5 deaf=1914
21:33:03.848 bridge CHAN,20,20674,1000,78,21,29,1,-200,-1130,-803
21:33:04.470 bridge poll: f1 answered in 787 ms (window 10000 ms)
21:33:04.576 bridge FRAME #18 rx t=22353 peer=0xf1 type=4 schema=254 frag=0x01 seq=2 rssi=-30 snr=10 st=0 rx=0 deaf=2106
21:33:04.785 bridge FRAME #19 tx t=22599 peer=0xf2 type=3 schema=0 frag=0x01 seq=6 rssi=- snr=- st=0 rx=5 deaf=2131
21:33:04.887 bridge CHAN,21,21674,1002,79,20,54,1,-290,-1130,-564
21:33:05.294 bridge poll: f2 answered in 532 ms (window 10000 ms)
21:33:05.295 bridge FRAME #20 rx t=23098 peer=0xf2 type=4 schema=240 frag=0x01 seq=3 rssi=-22 snr=11 st=0 rx=0 deaf=2323
21:33:05.818 bridge FRAME #21 tx t=23594 peer=0xf2 type=1 schema=0 frag=0x01 seq=1 rssi=- snr=- st=0 rx=5 deaf=2348
21:33:05.923 bridge CHAN,22,22676,1005,78,22,29,1,-200,-1130,-803
21:33:06.009 heltec roll f2 <- 00 seq 1: ctx 0x60b1e15f -> 0x540ce584, ACCEPTED
21:33:06.234 bridge FRAME #22 rx t=24073 peer=0xf2 type=2 schema=0 frag=0x01 seq=1 rssi=-21 snr=11 st=0 rx=0 deaf=2582
21:33:06.749 bridge roll: f2 rolled to ctx 0x540ce584 after 1 attempt(s)
21:33:06.749 bridge FRAME #23 tx t=24595 peer=0xf1 type=8 schema=0 frag=0x01 seq=3 rssi=- snr=- st=0 rx=5 deaf=2603
21:33:06.854 bridge CHAN,23,23681,1001,75,25,22,1,-200,-1130,-862
21:33:06.970 xiao   hex f1 <- 00 seq 3: read :7F6ED006B -> :7F6ED00460520
21:33:07.269 bridge FRAME #24 rx t=25111 peer=0xf1 type=9 schema=0 frag=0x01 seq=3 rssi=-31 snr=11 st=0 rx=0 deaf=2836
21:33:07.602 ctl    ROLLS done for ['f0', 'f1', 'f2']
21:33:07.682 bridge hex: f1 seq 3 read -> answered status 0 result 0, sched stack 2396 bytes free
21:33:07.878 mqtt   lran/simnode1/vedirect/charge/state {"charge_absorption_voltage_v":14.20,"charge_float_voltage_v":13.50,"charge_equalisation_voltage_v":null,"charge_auto_equalisation":null,"charge_temp_compensation_mv_k":null,"charge_battery_type":null,"charge_max_current_a":null,"charge_absorption_time_limit_h":null,"charge_system_voltage_v":null,"charge_low_temp_level_c":null}
21:33:07.887 bridge CHAN,24,24682,1000,84,16,26,1,-290,-1130,-880
21:33:08.820 bridge FRAME #25 tx t=26597 peer=0xf1 type=8 schema=0 frag=0x01 seq=4 rssi=- snr=- st=0 rx=5 deaf=2861
21:33:09.035 xiao   hex f1 <- 00 seq 4: read :7F4ED006D -> :7F4ED008C05DC
21:33:09.338 bridge FRAME #26 rx t=27113 peer=0xf1 type=9 schema=0 frag=0x01 seq=4 rssi=-31 snr=10 st=0 rx=0 deaf=3094
21:33:09.744 bridge hex: f1 seq 4 read -> answered status 0 result 0, sched stack 2396 bytes free
21:33:09.849 bridge CHAN,26,26684,1000,84,16,27,1,-290,-1130,-872
21:33:09.879 mqtt   lran/simnode1/vedirect/charge/state {"charge_absorption_voltage_v":14.20,"charge_float_voltage_v":13.50,"charge_equalisation_voltage_v":14.20,"charge_auto_equalisation":null,"charge_temp_compensation_mv_k":null,"charge_battery_type":null,"charge_max_current_a":null,"charge_absorption_time_limit_h":null,"charge_system_voltage_v":null,"charge_low_temp_level_c":null}
21:33:10.783 bridge FRAME #27 tx t=28599 peer=0xf1 type=8 schema=0 frag=0x01 seq=5 rssi=- snr=- st=0 rx=5 deaf=3119
21:33:10.987 xiao   hex f1 <- 00 seq 5: read :7FDED0064 -> :7FDED000064
21:33:11.398 bridge FRAME #28 rx t=29115 peer=0xf1 type=9 schema=0 frag=0x01 seq=5 rssi=-30 snr=11 st=0 rx=0 deaf=3352
21:33:11.710 bridge hex: f1 seq 5 read -> answered status 0 result 0, sched stack 2396 bytes free
21:33:11.918 bridge CHAN,28,28686,1000,84,16,26,1,-290,-1130,-879
21:33:11.972 mqtt   lran/simnode1/vedirect/charge/state {"charge_absorption_voltage_v":14.20,"charge_float_voltage_v":13.50,"charge_equalisation_voltage_v":14.20,"charge_auto_equalisation":0,"charge_temp_compensation_mv_k":null,"charge_battery_type":null,"charge_max_current_a":null,"charge_absorption_time_limit_h":null,"charge_system_voltage_v":null,"charge_low_temp_level_c":null}
21:33:12.746 bridge FRAME #29 tx t=30601 peer=0xf0 type=3 schema=0 frag=0x01 seq=7 rssi=- snr=- st=0 rx=5 deaf=3377
21:33:13.264 bridge poll: f0 answered in 534 ms (window 10000 ms)
21:33:13.264 bridge FRAME #30 rx t=31100 peer=0xf0 type=4 schema=240 frag=0x01 seq=3 rssi=-21 snr=11 st=0 rx=0 deaf=3569
21:33:13.779 bridge FRAME #31 tx t=31596 peer=0xf1 type=3 schema=0 frag=0x01 seq=8 rssi=- snr=- st=0 rx=5 deaf=3594
21:33:13.883 bridge CHAN,30,30688,1005,78,22,30,1,-200,-1130,-802
21:33:14.506 bridge poll: f1 answered in 796 ms (window 10000 ms)
21:33:14.607 bridge FRAME #32 rx t=32362 peer=0xf1 type=4 schema=254 frag=0x01 seq=3 rssi=-30 snr=11 st=0 rx=0 deaf=3786
21:33:14.811 bridge FRAME #33 tx t=32594 peer=0xf2 type=3 schema=0 frag=0x01 seq=9 rssi=- snr=- st=0 rx=5 deaf=3807
21:33:14.914 bridge CHAN,31,31693,1008,78,22,54,1,-290,-1130,-564
21:33:15.219 bridge poll: f2 answered in 527 ms (window 10000 ms)
21:33:15.323 bridge FRAME #34 rx t=33093 peer=0xf2 type=4 schema=240 frag=0x01 seq=2 rssi=-21 snr=11 st=0 rx=0 deaf=3999
21:33:15.848 bridge CHAN,32,32701,1000,88,12,29,1,-200,-1130,-838
21:33:16.680 bridge FRAME #35 tx t=34462 peer=0xf1 type=8 schema=0 frag=0x01 seq=6 rssi=- snr=- st=0 rx=5 deaf=4041
21:33:16.894 xiao   hex f1 <- 00 seq 6: read :7F2ED006F -> :7F2ED0000006F
21:33:17.194 bridge FRAME #36 rx t=34982 peer=0xf1 type=9 schema=0 frag=0x01 seq=6 rssi=-31 snr=11 st=0 rx=0 deaf=4274
21:33:17.714 bridge hex: f1 seq 6 read -> answered status 0 result 0, sched stack 2396 bytes free
21:33:17.877 mqtt   lran/simnode1/vedirect/charge/state {"charge_absorption_voltage_v":14.20,"charge_float_voltage_v":13.50,"charge_equalisation_voltage_v":14.20,"charge_auto_equalisation":0,"charge_temp_compensation_mv_k":0.00,"charge_battery_type":null,"charge_max_current_a":null,"charge_absorption_time_limit_h":null,"charge_system_voltage_v":null,"charge_low_temp_level_c":null}
21:33:18.024 bridge CHAN,34,34711,1002,101,0,26,1,-290,-1130,-918
21:33:18.744 bridge FRAME #37 tx t=36594 peer=0xf1 type=8 schema=0 frag=0x01 seq=7 rssi=- snr=- st=0 rx=5 deaf=4295
21:33:18.962 xiao   hex f1 <- 00 seq 7: read :7F1ED0070 -> :7F1ED00FF71
21:33:19.264 bridge FRAME #38 rx t=37110 peer=0xf1 type=9 schema=0 frag=0x01 seq=7 rssi=-31 snr=11 st=0 rx=0 deaf=4528
21:33:19.776 bridge hex: f1 seq 7 read -> answered status 0 result 0, sched stack 2396 bytes free
21:33:19.877 mqtt   lran/simnode1/vedirect/charge/state {"charge_absorption_voltage_v":14.20,"charge_float_voltage_v":13.50,"charge_equalisation_voltage_v":14.20,"charge_auto_equalisation":0,"charge_temp_compensation_mv_k":0.00,"charge_battery_type":255,"charge_max_current_a":null,"charge_absorption_time_limit_h":null,"charge_system_voltage_v":null,"charge_low_temp_level_c":null}
21:33:19.985 bridge CHAN,36,36721,1000,88,12,27,1,-290,-1130,-883
21:33:20.811 bridge FRAME #39 tx t=38596 peer=0xf1 type=8 schema=0 frag=0x01 seq=8 rssi=- snr=- st=0 rx=5 deaf=4553
21:33:21.037 xiao   hex f1 <- 00 seq 8: read :7F0ED0071 -> :7F0ED009600DB
21:33:21.429 bridge FRAME #40 rx t=39116 peer=0xf1 type=9 schema=0 frag=0x01 seq=8 rssi=-31 snr=11 st=0 rx=0 deaf=4786
21:33:21.737 bridge hex: f1 seq 8 read -> answered status 0 result 0, sched stack 2396 bytes free
21:33:21.877 mqtt   lran/simnode1/vedirect/charge/state {"charge_absorption_voltage_v":14.20,"charge_float_voltage_v":13.50,"charge_equalisation_voltage_v":14.20,"charge_auto_equalisation":0,"charge_temp_compensation_mv_k":0.00,"charge_battery_type":255,"charge_max_current_a":15.0,"charge_absorption_time_limit_h":null,"charge_system_voltage_v":null,"charge_low_temp_level_c":null}
21:33:21.942 bridge CHAN,38,38723,1004,89,12,26,1,-290,-1130,-890
21:33:22.602 ctl    === A: a CONFIG and a command to f1 published together, both orders
21:33:22.602 ctl    PUB lran/simnode1/config/set {"set": {"dedup_cache_depth": 8}}
21:33:22.607 mqtt   lran/simnode1/config/set {"set": {"dedup_cache_depth": 8}}
21:33:22.658 ctl    PUB lran/simnode1/cmd/open/set PRESS
21:33:22.664 mqtt   lran/simnode1/cmd/open/set PRESS
21:33:22.767 bridge FRAME #41 tx t=40588 peer=0xf0 type=3 schema=0 frag=0x01 seq=10 rssi=- snr=- st=0 rx=5 deaf=4807
21:33:23.282 bridge poll: f0 answered in 520 ms (window 10000 ms)
21:33:23.282 bridge FRAME #42 rx t=41086 peer=0xf0 type=4 schema=240 frag=0x01 seq=4 rssi=-21 snr=11 st=0 rx=0 deaf=4999
21:33:24.014 bridge CHAN,40,40734,1000,91,8,29,1,-200,-1130,-850
21:33:24.222 bridge FRAME #43 tx t=41949 peer=0xf1 type=1 schema=0 frag=0x01 seq=1 rssi=- snr=- st=0 rx=5 deaf=5045
21:33:24.352 xiao   cmd f1 <- 00 seq 1: OPEN ACCEPTED
21:33:24.635 bridge FRAME #44 rx t=42425 peer=0xf1 type=2 schema=0 frag=0x01 seq=4 rssi=-31 snr=11 st=0 rx=0 deaf=5278
21:33:24.737 bridge cmd: f1 seq 1 -> outcome 1 result 0 detail 0
21:33:24.738 bridge FRAME #45 tx t=42600 peer=0xf1 type=10 schema=18 frag=0x01 seq=2 rssi=- snr=- st=0 rx=5 deaf=5303
21:33:24.786 mqtt   lran/simnode1/cmd/ack {"outcome":"acked","seq":1,"attempts":1,"result":0,"detail":0}
21:33:24.945 bridge CHAN,41,41734,1003,59,39,22,1,-280,-1130,-823
21:33:24.969 xiao   config f1 <- 00 seq 2: op 1, 1 entry, 1 result(s)
21:33:25.356 bridge FRAME #46 rx t=43120 peer=0xf1 type=11 schema=18 frag=0x01 seq=2 rssi=-30 snr=10 st=0 rx=0 deaf=5557
21:33:25.769 bridge config: f1 outcome 1, sched stack high-water 2300 bytes free
21:33:25.769 bridge FRAME #47 tx t=43592 peer=0xf1 type=8 schema=0 frag=0x01 seq=9 rssi=- snr=- st=0 rx=5 deaf=5578
21:33:25.974 bridge CHAN,42,42737,1002,71,28,23,1,-290,-1130,-861
21:33:26.000 mqtt   lran/simnode1/config/ack {"op":"set","persist":"applied_not_persisted","results":{"dedup_cache_depth":{"status":"ok","value":8}}}
21:33:26.000 xiao   hex f1 <- 00 seq 9: read :7FBED0066 -> :7FBED00C8009E
21:33:26.003 mqtt   lran/simnode1/config/state {"poll_interval_s":{"value":10,"source":"override"},"deployed":{"value":1,"source":"override"},"dedup_cache_depth":{"value":8,"source":"override"},"frag_reassembly_timeout_ms":{"value":null,"source":"default"},"cad_retries":{"value":null,"source":"default"},"backoff_max_ms":{"value":null,"source":"default"},"freq_hz":{"value":null,"source":"default"},"spreading_factor":{"value":null,"source":"default"},"bandwidth_khz":{"value":null,"source":"default"},"coding_rate_denominator":{"value":null,"source":"default"},"tx_power_dbm":{"value":null,"source":"default"},"phy_trial_s":{"value":null,"source":"default"}}
21:33:26.321 ctl    RESULT A0: {'lran/simnode1/cmd/ack': '{"outcome":"acked","seq":1,"attempts":1,"result":0,"detail":0}', 'lran/simnode1/config/ack': '{"op":"set","persist":"applied_not_persisted","results":{"dedup_cache_depth":{"status":"ok","value":8}}}'}
21:33:26.389 bridge FRAME #48 rx t=44112 peer=0xf1 type=9 schema=0 frag=0x01 seq=9 rssi=-31 snr=11 st=0 rx=0 deaf=5811
21:33:26.694 bridge hex: f1 seq 9 read -> answered status 0 result 0, sched stack 2128 bytes free
21:33:26.922 mqtt   lran/simnode1/vedirect/charge/state {"charge_absorption_voltage_v":14.20,"charge_float_voltage_v":13.50,"charge_equalisation_voltage_v":14.20,"charge_auto_equalisation":0,"charge_temp_compensation_mv_k":0.00,"charge_battery_type":255,"charge_max_current_a":15.0,"charge_absorption_time_limit_h":2.00,"charge_system_voltage_v":null,"charge_low_temp_level_c":null}
21:33:27.007 bridge CHAN,43,43739,1004,90,10,25,1,-290,-1130,-897
21:33:27.731 bridge FRAME #49 tx t=45598 peer=0xf1 type=3 schema=0 frag=0x01 seq=11 rssi=- snr=- st=0 rx=5 deaf=5836
21:33:28.559 bridge poll: f1 answered in 798 ms (window 10000 ms)
21:33:28.559 bridge FRAME #50 rx t=46364 peer=0xf1 type=4 schema=254 frag=0x01 seq=5 rssi=-31 snr=11 st=0 rx=0 deaf=6028
21:33:28.768 bridge FRAME #51 tx t=46596 peer=0xf2 type=3 schema=0 frag=0x01 seq=12 rssi=- snr=- st=0 rx=5 deaf=6049
21:33:28.977 bridge CHAN,45,45745,1008,78,22,54,1,-290,-1130,-560
21:33:29.284 bridge poll: f2 answered in 529 ms (window 10000 ms)
21:33:29.284 bridge FRAME #52 rx t=47095 peer=0xf2 type=4 schema=240 frag=0x01 seq=3 rssi=-21 snr=11 st=0 rx=0 deaf=6241
21:33:29.807 bridge FRAME #53 tx t=47597 peer=0xf1 type=8 schema=0 frag=0x01 seq=10 rssi=- snr=- st=0 rx=5 deaf=6262
21:33:30.016 bridge CHAN,46,46753,1001,79,21,28,1,-200,-1130,-807
21:33:30.036 xiao   hex f1 <- 00 seq 10: read :7EAED0077 -> :7EAED000C6B
21:33:30.430 bridge FRAME #54 rx t=48117 peer=0xf1 type=9 schema=0 frag=0x01 seq=10 rssi=-31 snr=11 st=0 rx=0 deaf=6495
21:33:30.743 bridge hex: f1 seq 10 read -> answered status 0 result 0, sched stack 2128 bytes free
21:33:30.876 mqtt   lran/simnode1/vedirect/charge/state {"charge_absorption_voltage_v":14.20,"charge_float_voltage_v":13.50,"charge_equalisation_voltage_v":14.20,"charge_auto_equalisation":0,"charge_temp_compensation_mv_k":0.00,"charge_battery_type":255,"charge_max_current_a":15.0,"charge_absorption_time_limit_h":2.00,"charge_system_voltage_v":12,"charge_low_temp_level_c":null}
21:33:30.952 bridge CHAN,47,47754,1004,92,9,27,1,-290,-1130,-902
21:33:31.765 bridge FRAME #55 tx t=49589 peer=0xf1 type=8 schema=0 frag=0x01 seq=11 rssi=- snr=- st=0 rx=5 deaf=6516
21:33:31.976 bridge CHAN,48,48758,1008,82,18,2,0,-1100,-1130,-1120
21:33:32.021 xiao   hex f1 <- 00 seq 11: read :7E0ED0081 -> :7E0ED00F4018C
21:33:32.289 bridge FRAME #56 rx t=50105 peer=0xf1 type=9 schema=0 frag=0x01 seq=11 rssi=-31 snr=11 st=0 rx=0 deaf=6749
21:33:32.702 bridge hex: f1 seq 11 read -> answered status 0 result 0, sched stack 2128 bytes free
21:33:32.893 mqtt   lran/simnode1/vedirect/charge/state {"charge_absorption_voltage_v":14.20,"charge_float_voltage_v":13.50,"charge_equalisation_voltage_v":14.20,"charge_auto_equalisation":0,"charge_temp_compensation_mv_k":0.00,"charge_battery_type":255,"charge_max_current_a":15.0,"charge_absorption_time_limit_h":2.00,"charge_system_voltage_v":12,"charge_low_temp_level_c":5.00}
21:33:33.014 bridge CHAN,49,49766,1000,93,7,26,1,-290,-1130,-897
21:33:33.742 bridge FRAME #57 tx t=51597 peer=0xf0 type=3 schema=0 frag=0x01 seq=13 rssi=- snr=- st=0 rx=5 deaf=6770
21:33:34.267 bridge poll: f0 answered in 530 ms (window 10000 ms)
21:33:34.268 bridge FRAME #58 rx t=52096 peer=0xf0 type=4 schema=240 frag=0x01 seq=5 rssi=-21 snr=11 st=0 rx=0 deaf=6962
21:33:34.784 bridge FRAME #59 tx t=52592 peer=0xf2 type=8 schema=0 frag=0x01 seq=12 rssi=- snr=- st=0 rx=5 deaf=6987
21:33:34.989 bridge CHAN,51,51774,1005,78,22,28,1,-200,-1130,-804
21:33:38.322 ctl    PUB lran/simnode1/cmd/open/set PRESS
21:33:38.326 mqtt   lran/simnode1/cmd/open/set PRESS
21:33:38.376 ctl    PUB lran/simnode1/config/set {"set": {"dedup_cache_depth": 8}}
21:33:38.380 mqtt   lran/simnode1/config/set {"set": {"dedup_cache_depth": 8}}
21:33:38.732 bridge hex: f2 seq 12 read -> no_response status 0 result 0, sched stack 2128 bytes free
21:33:38.732 bridge hex: f2 readback abandoned at 0xEDF7
21:33:39.774 bridge FRAME #60 tx t=57592 peer=0xf1 type=1 schema=0 frag=0x01 seq=3 rssi=- snr=- st=0 rx=5 deaf=7241
21:33:40.023 xiao   cmd f1 <- 00 seq 3: OPEN ACCEPTED
21:33:40.296 bridge FRAME #61 rx t=58071 peer=0xf1 type=2 schema=0 frag=0x01 seq=6 rssi=-30 snr=10 st=0 rx=0 deaf=7475
21:33:40.715 bridge cmd: f1 seq 3 -> outcome 1 result 0 detail 0
21:33:40.777 mqtt   lran/simnode1/cmd/ack {"outcome":"acked","seq":3,"attempts":1,"result":0,"detail":0}
21:33:41.021 bridge CHAN,57,57789,1000,93,7,22,1,-290,-1130,-942
21:33:41.949 bridge CHAN,58,58789,1000,100,0,1,0,-1100,-1130,-1121
21:33:42.053 bridge FRAME #62 tx t=59820 peer=0xf1 type=10 schema=18 frag=0x01 seq=4 rssi=- snr=- st=0 rx=5 deaf=7517
21:33:42.201 xiao   config f1 <- 00 seq 4: op 1, 1 entry, 1 result(s)
21:33:42.566 bridge FRAME #63 rx t=60340 peer=0xf1 type=11 schema=18 frag=0x01 seq=4 rssi=-31 snr=11 st=0 rx=0 deaf=7771
21:33:42.774 bridge config: f1 outcome 1, sched stack high-water 2076 bytes free
21:33:42.778 mqtt   lran/simnode1/config/ack {"op":"set","persist":"applied_not_persisted","results":{"dedup_cache_depth":{"status":"ok","value":8}}}
21:33:42.781 mqtt   lran/simnode1/config/state {"poll_interval_s":{"value":10,"source":"override"},"deployed":{"value":1,"source":"override"},"dedup_cache_depth":{"value":8,"source":"override"},"frag_reassembly_timeout_ms":{"value":null,"source":"default"},"cad_retries":{"value":null,"source":"default"},"backoff_max_ms":{"value":null,"source":"default"},"freq_hz":{"value":null,"source":"default"},"spreading_factor":{"value":null,"source":"default"},"bandwidth_khz":{"value":null,"source":"default"},"coding_rate_denominator":{"value":null,"source":"default"},"tx_power_dbm":{"value":null,"source":"default"},"phy_trial_s":{"value":null,"source":"default"}}
21:33:42.982 bridge CHAN,59,59789,1002,72,27,24,1,-290,-1130,-864
21:33:43.052 ctl    RESULT A1: {'lran/simnode1/cmd/ack': '{"outcome":"acked","seq":3,"attempts":1,"result":0,"detail":0}', 'lran/simnode1/config/ack': '{"op":"set","persist":"applied_not_persisted","results":{"dedup_cache_depth":{"status":"ok","value":8}}}'}
21:33:44.018 bridge FRAME #64 tx t=61770 peer=0xf1 type=3 schema=0 frag=0x01 seq=14 rssi=- snr=- st=0 rx=5 deaf=7838
21:33:44.741 bridge poll: f1 answered in 969 ms (window 10000 ms)
21:33:44.741 bridge FRAME #65 rx t=62535 peer=0xf1 type=4 schema=254 frag=0x01 seq=7 rssi=-30 snr=11 st=0 rx=0 deaf=8030
21:33:44.741 bridge FRAME #66 tx t=62588 peer=0xf2 type=3 schema=0 frag=0x01 seq=15 rssi=- snr=- st=0 rx=5 deaf=8051
21:33:44.943 bridge CHAN,61,61796,1000,60,39,54,1,-290,-1120,-387
21:33:45.255 bridge poll: f2 answered in 520 ms (window 10000 ms)
21:33:45.255 bridge FRAME #67 rx t=63086 peer=0xf2 type=4 schema=240 frag=0x01 seq=4 rssi=-21 snr=12 st=0 rx=0 deaf=8243
21:33:45.980 bridge CHAN,62,62796,1008,98,2,28,1,-200,-1130,-871
21:33:46.081 bridge FRAME #68 tx t=63895 peer=0xf0 type=3 schema=0 frag=0x01 seq=16 rssi=- snr=- st=0 rx=5 deaf=8285
21:33:46.594 bridge poll: f0 answered in 828 ms (window 10000 ms)
21:33:46.594 bridge FRAME #69 rx t=64394 peer=0xf0 type=4 schema=240 frag=0x01 seq=6 rssi=-21 snr=11 st=0 rx=0 deaf=8477
21:33:47.010 bridge CHAN,63,63804,1001,79,21,28,1,-200,-1130,-806
21:33:48.877 mqtt   lran/bridge/diag/state {"rx_crc_err":0,"rx_runt":0,"rx_oversize":0,"rx_bad_crc":0,"rx_bad_ver":0,"rx_not_addressed":0,"rx_unknown_hdr_ext":0,"rx_bad_frag":0,"rx_unknown_type":0,"rx_unknown_schema":0,"rx_bad_length":0,"rx_not_fragmentable":0,"rx_rejected_ctx":0,"rx_rejected_mac":0,"rx_unknown_src":0,"rx_reassembly_timeout":0,"rx_fragment_overflow":0,"rx_reassembly_abandoned":0,"rx_rejected_seq":0,"rx_frag_duplicate":0,"rx_frag_late":0,"rx_dup_command":0,"rx_dropped":0,"rx_frames":35,"ctx_rolls":3,"ctx_roll_failed":0}
21:33:48.879 mqtt   lran/bridge/diag/radio/state {"tx_frames":35,"cad_backoffs":7,"errors_suppressed":0,"cad_deferred":0,"cad_free":35,"rx_deaf_ms":8477,"cad_errors":0,"tx_forced":0,"tx_errors":0,"tx_timeouts":0,"tx_dropped_no_radio":0,"rx_driver_errors":0,"rx_no_interrupt":0,"rx_wake_empty":0,"begin_failures":0,"last_begin_status":0,"q_rx_dropped":0,"q_rx_high_water":1,"q_publish_dropped":0,"q_publish_high_water":6,"q_tx_dropped":0,"q_tx_high_water":1,"q_log_dropped":0,"q_log_high_water":0,"q_command_dropped":0,"q_command_high_water":1,"q_config_dropped":0,"q_config_high_water":1,"q_event_dropped":0,"q_event_high_water":0,"q_hex_dropped":0,"q_hex_high_water":0}
21:33:48.882 mqtt   lran/bridge/diag/cmd/state {"cmd_submitted":2,"cmd_refused_busy":0,"cmd_sent":2,"cmd_retries":0,"cmd_acked":2,"cmd_no_ack":0,"cmd_resyncs":0,"cmd_resync_failed":0,"cmd_ack_ignored":0,"cmd_refused_roll_pending":0,"roll_sent":3,"roll_retries":0,"roll_busy":0,"roll_by_rejected_ctx":0}
21:33:48.883 mqtt   lran/bridge/diag/publish/state {"status_frames":18,"documents":0,"unchanged":0,"heartbeats":0,"event_frames":0,"events":0,"event_repeats":0,"bench_withheld":18,"queue_refused":0,"undecodable":0}
21:33:48.885 mqtt   lran/simnode0/diag/state {"rssi_dbm":-21,"snr_db":11,"last_seen_s":2,"missed_polls":0,"proto_ver":2,"unsupported_ver":null}
21:33:48.888 mqtt   lran/simnode1/diag/state {"rssi_dbm":-30,"snr_db":11,"last_seen_s":4,"missed_polls":0,"proto_ver":2,"unsupported_ver":null}
21:33:48.888 mqtt   lran/simnode2/diag/state {"rssi_dbm":-21,"snr_db":12,"last_seen_s":3,"missed_polls":0,"proto_ver":2,"unsupported_ver":null}
21:33:48.985 bridge CHAN,65,65805,1000,100,0,2,0,-1090,-1130,-1121
21:33:53.025 bridge CHANSUM,10,69,60,60154,5207,779,925,31,34,0,-200,-1130,-1120,-1129
21:33:53.747 bridge FRAME #70 tx t=71596 peer=0xf1 type=3 schema=0 frag=0x01 seq=17 rssi=- snr=- st=0 rx=5 deaf=8498
21:33:54.478 bridge poll: f1 answered in 795 ms (window 10000 ms)
21:33:54.582 bridge FRAME #71 rx t=72361 peer=0xf1 type=4 schema=254 frag=0x01 seq=8 rssi=-30 snr=11 st=0 rx=0 deaf=8690
21:33:54.793 bridge FRAME #72 tx t=72598 peer=0xf2 type=3 schema=0 frag=0x01 seq=18 rssi=- snr=- st=0 rx=5 deaf=8715
21:33:55.003 bridge CHAN,71,71814,1002,78,21,54,1,-290,-1130,-557
21:33:55.056 ctl    PUB lran/simnode1/config/set {"set": {"dedup_cache_depth": 8}}
21:33:55.061 mqtt   lran/simnode1/config/set {"set": {"dedup_cache_depth": 8}}
21:33:55.110 ctl    PUB lran/simnode1/cmd/open/set PRESS
21:33:55.114 mqtt   lran/simnode1/cmd/open/set PRESS
21:33:55.310 bridge poll: f2 answered in 531 ms (window 10000 ms)
21:33:55.310 bridge FRAME #73 rx t=73097 peer=0xf2 type=4 schema=240 frag=0x01 seq=5 rssi=-22 snr=11 st=0 rx=0 deaf=8907
21:33:55.829 bridge FRAME #74 tx t=73593 peer=0xf1 type=1 schema=0 frag=0x01 seq=5 rssi=- snr=- st=0 rx=5 deaf=8932
21:33:55.995 xiao   cmd f1 <- 00 seq 5: OPEN ACCEPTED
21:33:56.034 bridge CHAN,72,72816,1004,77,23,29,1,-200,-1130,-800
21:33:56.239 bridge FRAME #75 rx t=74072 peer=0xf1 type=2 schema=0 frag=0x01 seq=9 rssi=-30 snr=11 st=0 rx=0 deaf=9166
21:33:56.763 bridge cmd: f1 seq 5 -> outcome 1 result 0 detail 0
21:33:56.763 bridge FRAME #76 tx t=74594 peer=0xf1 type=10 schema=18 frag=0x01 seq=6 rssi=- snr=- st=0 rx=5 deaf=9187
21:33:56.776 mqtt   lran/simnode1/cmd/ack {"outcome":"acked","seq":5,"attempts":1,"result":0,"detail":0}
21:33:56.971 bridge CHAN,73,73820,1001,74,25,21,1,-290,-1130,-894
21:33:57.033 xiao   config f1 <- 00 seq 6: op 1, 1 entry, 1 result(s)
21:33:57.286 bridge FRAME #77 rx t=75110 peer=0xf1 type=11 schema=18 frag=0x01 seq=6 rssi=-30 snr=11 st=0 rx=0 deaf=9441
21:33:57.702 bridge config: f1 outcome 1, sched stack high-water 1932 bytes free
21:33:57.980 mqtt   lran/simnode1/config/ack {"op":"set","persist":"applied_not_persisted","results":{"dedup_cache_depth":{"status":"ok","value":8}}}
21:33:57.983 mqtt   lran/simnode1/config/state {"poll_interval_s":{"value":10,"source":"override"},"deployed":{"value":1,"source":"override"},"dedup_cache_depth":{"value":8,"source":"override"},"frag_reassembly_timeout_ms":{"value":null,"source":"default"},"cad_retries":{"value":null,"source":"default"},"backoff_max_ms":{"value":null,"source":"default"},"freq_hz":{"value":null,"source":"default"},"spreading_factor":{"value":null,"source":"default"},"bandwidth_khz":{"value":null,"source":"default"},"coding_rate_denominator":{"value":null,"source":"default"},"tx_power_dbm":{"value":null,"source":"default"},"phy_trial_s":{"value":null,"source":"default"}}
21:33:58.014 bridge CHAN,74,74821,1000,96,4,24,1,-280,-1130,-922
21:33:58.369 ctl    RESULT A2: {'lran/simnode1/cmd/ack': '{"outcome":"acked","seq":5,"attempts":1,"result":0,"detail":0}', 'lran/simnode1/config/ack': '{"op":"set","persist":"applied_not_persisted","results":{"dedup_cache_depth":{"status":"ok","value":8}}}'}
21:33:58.833 bridge FRAME #78 tx t=76592 peer=0xf0 type=3 schema=0 frag=0x01 seq=19 rssi=- snr=- st=0 rx=5 deaf=9462
21:33:59.035 bridge CHAN,75,75821,1009,79,21,1,0,-1100,-1130,-1121
21:33:59.242 bridge poll: f0 answered in 525 ms (window 10000 ms)
21:33:59.242 bridge FRAME #79 rx t=77091 peer=0xf0 type=4 schema=240 frag=0x01 seq=7 rssi=-21 snr=12 st=0 rx=0 deaf=9654
21:34:00.072 bridge CHAN,76,76830,1002,101,0,28,1,-200,-1130,-877
21:34:03.815 bridge FRAME #80 tx t=81597 peer=0xf1 type=3 schema=0 frag=0x01 seq=20 rssi=- snr=- st=0 rx=5 deaf=9679
21:34:04.126 bridge CHAN,80,80832,1003,78,21,1,0,-1060,-1130,-1121
21:34:04.538 bridge poll: f1 answered in 796 ms (window 10000 ms)
21:34:04.538 bridge FRAME #81 rx t=82362 peer=0xf1 type=4 schema=254 frag=0x01 seq=10 rssi=-30 snr=11 st=0 rx=0 deaf=9871
21:34:04.744 bridge FRAME #82 tx t=82594 peer=0xf2 type=3 schema=0 frag=0x01 seq=21 rssi=- snr=- st=0 rx=5 deaf=9892
21:34:05.056 bridge CHAN,81,81835,1007,79,21,55,1,-230,-1130,-553
21:34:05.264 bridge poll: f2 answered in 527 ms (window 10000 ms)
21:34:05.264 bridge FRAME #83 rx t=83093 peer=0xf2 type=4 schema=240 frag=0x01 seq=6 rssi=-21 snr=12 st=0 rx=0 deaf=10084
21:34:06.094 bridge CHAN,82,82842,1002,101,0,27,1,-200,-1130,-885
21:34:07.125 bridge CHAN,83,83844,1000,100,0,1,0,-1100,-1130,-1121
21:34:08.782 bridge FRAME #84 tx t=86599 peer=0xf0 type=3 schema=0 frag=0x01 seq=22 rssi=- snr=- st=0 rx=5 deaf=10109
21:34:09.095 bridge CHAN,85,85844,1003,78,21,1,0,-230,-1130,-1110
21:34:09.301 bridge poll: f0 answered in 532 ms (window 10000 ms)
21:34:09.301 bridge FRAME #85 rx t=87098 peer=0xf0 type=4 schema=240 frag=0x01 seq=8 rssi=-21 snr=11 st=0 rx=0 deaf=10301
21:34:10.131 bridge CHAN,86,86847,1002,101,0,28,1,-200,-1130,-885
21:34:10.374 ctl    PUB lran/simnode1/cmd/open/set PRESS
21:34:10.388 mqtt   lran/simnode1/cmd/open/set PRESS
21:34:10.427 ctl    PUB lran/simnode1/config/set {"set": {"dedup_cache_depth": 8}}
21:34:10.431 mqtt   lran/simnode1/config/set {"set": {"dedup_cache_depth": 8}}
21:34:10.755 bridge FRAME #86 tx t=88590 peer=0xf1 type=1 schema=0 frag=0x01 seq=7 rssi=- snr=- st=0 rx=5 deaf=10322
21:34:10.955 xiao   cmd f1 <- 00 seq 7: OPEN ACCEPTED
21:34:11.279 bridge FRAME #87 rx t=89069 peer=0xf1 type=2 schema=0 frag=0x01 seq=11 rssi=-30 snr=11 st=0 rx=0 deaf=10555
21:34:11.694 bridge cmd: f1 seq 7 -> outcome 1 result 0 detail 0
21:34:11.796 bridge FRAME #88 tx t=89591 peer=0xf1 type=10 schema=18 frag=0x01 seq=8 rssi=- snr=- st=0 rx=5 deaf=10576
21:34:11.874 mqtt   lran/simnode1/cmd/ack {"outcome":"acked","seq":7,"attempts":1,"result":0,"detail":0}
21:34:11.984 xiao   config f1 <- 00 seq 8: op 1, 1 entry, 1 result(s)
21:34:12.105 bridge CHAN,88,88849,1012,73,27,22,1,-290,-1130,-889
21:34:12.308 bridge FRAME #89 rx t=90107 peer=0xf1 type=11 schema=18 frag=0x01 seq=8 rssi=-31 snr=11 st=0 rx=0 deaf=10830
21:34:12.721 bridge config: f1 outcome 1, sched stack high-water 1932 bytes free
21:34:12.886 mqtt   lran/simnode1/config/ack {"op":"set","persist":"applied_not_persisted","results":{"dedup_cache_depth":{"status":"ok","value":8}}}
21:34:12.889 mqtt   lran/simnode1/config/state {"poll_interval_s":{"value":10,"source":"override"},"deployed":{"value":1,"source":"override"},"dedup_cache_depth":{"value":8,"source":"override"},"frag_reassembly_timeout_ms":{"value":null,"source":"default"},"cad_retries":{"value":null,"source":"default"},"backoff_max_ms":{"value":null,"source":"default"},"freq_hz":{"value":null,"source":"default"},"spreading_factor":{"value":null,"source":"default"},"bandwidth_khz":{"value":null,"source":"default"},"coding_rate_denominator":{"value":null,"source":"default"},"tx_power_dbm":{"value":null,"source":"default"},"phy_trial_s":{"value":null,"source":"default"}}
21:34:13.133 bridge CHAN,89,89861,1007,101,0,26,1,-290,-1130,-930
21:34:13.281 ctl    RESULT A3: {'lran/simnode1/cmd/ack': '{"outcome":"acked","seq":7,"attempts":1,"result":0,"detail":0}', 'lran/simnode1/config/ack': '{"op":"set","persist":"applied_not_persisted","results":{"dedup_cache_depth":{"status":"ok","value":8}}}'}
21:34:13.751 bridge FRAME #90 tx t=91589 peer=0xf1 type=3 schema=0 frag=0x01 seq=23 rssi=- snr=- st=0 rx=5 deaf=10851
21:34:14.063 bridge CHAN,90,90868,1009,79,21,6,0,-290,-1130,-1067
21:34:14.479 bridge poll: f1 answered in 788 ms (window 10000 ms)
21:34:14.583 bridge FRAME #91 rx t=92354 peer=0xf1 type=4 schema=254 frag=0x01 seq=12 rssi=-30 snr=11 st=0 rx=0 deaf=11043
21:34:14.788 bridge FRAME #92 tx t=92600 peer=0xf2 type=3 schema=0 frag=0x01 seq=24 rssi=- snr=- st=0 rx=5 deaf=11068
21:34:15.098 bridge CHAN,91,91877,1001,78,21,53,1,-200,-1130,-563
21:34:15.308 bridge poll: f2 answered in 533 ms (window 10000 ms)
21:34:15.308 bridge FRAME #93 rx t=93099 peer=0xf2 type=4 schema=240 frag=0x01 seq=7 rssi=-21 snr=12 st=0 rx=0 deaf=11260
21:34:16.126 bridge CHAN,92,92878,1002,101,0,25,1,-200,-1140,-912
21:34:18.814 bridge FRAME #94 tx t=96591 peer=0xf0 type=3 schema=0 frag=0x01 seq=25 rssi=- snr=- st=0 rx=5 deaf=11281
21:34:19.125 bridge CHAN,95,95880,1009,79,21,6,0,-200,-1130,-1053
21:34:19.227 bridge poll: f0 answered in 524 ms (window 10000 ms)
21:34:19.329 bridge FRAME #95 rx t=97090 peer=0xf0 type=4 schema=240 frag=0x01 seq=9 rssi=-21 snr=11 st=0 rx=0 deaf=11473
21:34:20.051 bridge CHAN,96,96889,1002,101,0,22,1,-200,-1130,-930
21:34:23.775 bridge FRAME #96 tx t=101596 peer=0xf1 type=3 schema=0 frag=0x01 seq=26 rssi=- snr=- st=0 rx=5 deaf=11498
21:34:24.089 bridge CHAN,100,100891,1003,78,21,6,0,-290,-1130,-1065
21:34:24.500 bridge poll: f1 answered in 796 ms (window 10000 ms)
21:34:24.605 bridge FRAME #97 rx t=102362 peer=0xf1 type=4 schema=254 frag=0x01 seq=13 rssi=-30 snr=11 st=0 rx=0 deaf=11690
21:34:24.815 bridge FRAME #98 tx t=102594 peer=0xf2 type=3 schema=0 frag=0x01 seq=27 rssi=- snr=- st=0 rx=5 deaf=11711
21:34:25.125 bridge CHAN,101,101894,1008,79,21,55,1,-200,-1130,-547
21:34:25.227 bridge poll: f2 answered in 527 ms (window 10000 ms)
21:34:25.283 ctl    === B: five OPENs to f1
21:34:25.283 ctl    PUB lran/simnode1/cmd/open/set PRESS
21:34:25.288 mqtt   lran/simnode1/cmd/open/set PRESS
21:34:25.331 bridge FRAME #99 rx t=103093 peer=0xf2 type=4 schema=240 frag=0x01 seq=8 rssi=-21 snr=11 st=0 rx=0 deaf=11903
21:34:25.747 bridge FRAME #100 tx t=103595 peer=0xf1 type=1 schema=0 frag=0x01 seq=9 rssi=- snr=- st=0 rx=5 deaf=11924
21:34:25.991 xiao   cmd f1 <- 00 seq 9: OPEN ACCEPTED
21:34:26.060 bridge CHAN,102,102902,1002,75,25,26,1,-200,-1130,-833
21:34:26.270 bridge FRAME #101 rx t=104071 peer=0xf1 type=2 schema=0 frag=0x01 seq=14 rssi=-30 snr=11 st=0 rx=0 deaf=12157
21:34:26.682 bridge cmd: f1 seq 9 -> outcome 1 result 0 detail 0
21:34:26.824 mqtt   lran/simnode1/cmd/ack {"outcome":"acked","seq":9,"attempts":1,"result":0,"detail":0}
21:34:27.096 bridge CHAN,103,103904,1008,101,0,18,1,-290,-1130,-978
21:34:27.117 ctl    RESULT B0: {'lran/simnode1/cmd/ack': '{"outcome":"acked","seq":9,"attempts":1,"result":0,"detail":0}'}
21:34:30.109 bridge FRAME #102 tx t=107904 peer=0xf0 type=3 schema=0 frag=0x01 seq=28 rssi=- snr=- st=0 rx=5 deaf=12203
21:34:30.527 bridge poll: f0 answered in 1836 ms (window 10000 ms)
21:34:30.637 bridge FRAME #103 rx t=108402 peer=0xf0 type=4 schema=240 frag=0x01 seq=10 rssi=-21 snr=11 st=0 rx=0 deaf=12395
21:34:31.160 bridge CHAN,107,107920,1003,81,19,28,1,-200,-1130,-817
21:34:32.230 bridge CHAN,108,108923,1000,100,0,1,0,-700,-1130,-1116
21:34:33.835 bridge FRAME #104 tx t=111594 peer=0xf1 type=3 schema=0 frag=0x01 seq=29 rssi=- snr=- st=0 rx=5 deaf=12416
21:34:34.149 bridge CHAN,110,110923,1009,79,21,10,0,-290,-1130,-1023
21:34:34.567 bridge poll: f1 answered in 794 ms (window 10000 ms)
21:34:34.567 bridge FRAME #105 rx t=112360 peer=0xf1 type=4 schema=254 frag=0x01 seq=15 rssi=-30 snr=11 st=0 rx=0 deaf=12608
21:34:34.783 bridge FRAME #106 tx t=112592 peer=0xf2 type=3 schema=0 frag=0x01 seq=30 rssi=- snr=- st=0 rx=5 deaf=12629
21:34:35.121 ctl    PUB lran/simnode1/cmd/open/set PRESS
21:34:35.126 mqtt   lran/simnode1/cmd/open/set PRESS
21:34:35.215 bridge CHAN,111,111932,1009,79,21,55,1,-200,-1130,-541
21:34:35.215 bridge poll: f2 answered in 525 ms (window 10000 ms)
21:34:35.324 bridge FRAME #107 rx t=113091 peer=0xf2 type=4 schema=240 frag=0x01 seq=9 rssi=-21 snr=11 st=0 rx=0 deaf=12822
21:34:35.746 bridge FRAME #108 tx t=113594 peer=0xf1 type=1 schema=0 frag=0x01 seq=10 rssi=- snr=- st=0 rx=5 deaf=12843
21:34:35.937 xiao   cmd f1 <- 00 seq 10: OPEN ACCEPTED
21:34:36.168 bridge CHAN,112,112941,1002,74,25,24,1,-200,-1130,-840
21:34:36.278 bridge FRAME #109 rx t=114070 peer=0xf1 type=2 schema=0 frag=0x01 seq=16 rssi=-30 snr=11 st=0 rx=0 deaf=13076
21:34:36.708 bridge cmd: f1 seq 10 -> outcome 1 result 0 detail 0
21:34:36.860 mqtt   lran/simnode1/cmd/ack {"outcome":"acked","seq":10,"attempts":1,"result":0,"detail":0}
21:34:37.189 ctl    RESULT B1: {'lran/simnode1/cmd/ack': '{"outcome":"acked","seq":10,"attempts":1,"result":0,"detail":0}'}
21:34:37.228 bridge CHAN,113,113943,1007,101,0,14,1,-290,-1130,-1011
21:34:38.824 bridge FRAME #110 tx t=116591 peer=0xf0 type=3 schema=0 frag=0x01 seq=31 rssi=- snr=- st=0 rx=5 deaf=13097
21:34:39.137 bridge CHAN,115,115950,1009,79,21,13,0,-200,-1130,-971
21:34:39.238 bridge poll: f0 answered in 524 ms (window 10000 ms)
21:34:39.238 bridge FRAME #111 rx t=117090 peer=0xf0 type=4 schema=240 frag=0x01 seq=11 rssi=-21 snr=11 st=0 rx=0 deaf=13289
21:34:40.174 bridge CHAN,116,116959,1002,101,0,15,1,-200,-1130,-994
21:34:43.799 bridge FRAME #112 tx t=121596 peer=0xf1 type=3 schema=0 frag=0x01 seq=32 rssi=- snr=- st=0 rx=5 deaf=13314
21:34:44.234 bridge CHAN,120,120961,1003,78,21,13,0,-290,-1130,-984
21:34:44.556 bridge poll: f1 answered in 795 ms (window 10000 ms)
21:34:44.556 bridge FRAME #113 rx t=122361 peer=0xf1 type=4 schema=254 frag=0x01 seq=17 rssi=-31 snr=11 st=0 rx=0 deaf=13506
21:34:44.759 bridge FRAME #114 tx t=122594 peer=0xf2 type=3 schema=0 frag=0x01 seq=33 rssi=- snr=- st=0 rx=5 deaf=13527
21:34:45.187 bridge CHAN,121,121964,1008,79,21,55,1,-200,-1130,-539
21:34:45.193 ctl    PUB lran/simnode1/cmd/open/set PRESS
21:34:45.207 mqtt   lran/simnode1/cmd/open/set PRESS
21:34:45.296 bridge poll: f2 answered in 527 ms (window 10000 ms)
21:34:45.296 bridge FRAME #115 rx t=123093 peer=0xf2 type=4 schema=240 frag=0x01 seq=10 rssi=-21 snr=11 st=0 rx=0 deaf=13719
21:34:45.837 bridge FRAME #116 tx t=123595 peer=0xf1 type=1 schema=0 frag=0x01 seq=11 rssi=- snr=- st=0 rx=5 deaf=13740
21:34:46.034 xiao   cmd f1 <- 00 seq 11: OPEN ACCEPTED
21:34:46.159 bridge CHAN,122,122972,1002,75,25,26,1,-200,-1130,-848
21:34:46.268 bridge FRAME #117 rx t=124070 peer=0xf1 type=2 schema=0 frag=0x01 seq=18 rssi=-30 snr=11 st=0 rx=0 deaf=13973
21:34:46.698 bridge cmd: f1 seq 11 -> outcome 1 result 0 detail 0
21:34:46.792 mqtt   lran/simnode1/cmd/ack {"outcome":"acked","seq":11,"attempts":1,"result":0,"detail":0}
21:34:47.049 ctl    RESULT B2: {'lran/simnode1/cmd/ack': '{"outcome":"acked","seq":11,"attempts":1,"result":0,"detail":0}'}
21:34:47.224 bridge CHAN,123,123974,1007,101,0,11,1,-290,-1130,-1036
21:34:48.161 bridge CHAN,124,124981,1000,100,0,4,0,-1080,-1130,-1120
21:34:48.811 bridge FRAME #118 tx t=126592 peer=0xf0 type=3 schema=0 frag=0x01 seq=34 rssi=- snr=- st=0 rx=5 deaf=13994
21:34:48.878 mqtt   lran/bridge/diag/state {"rx_crc_err":0,"rx_runt":0,"rx_oversize":0,"rx_bad_crc":0,"rx_bad_ver":0,"rx_not_addressed":0,"rx_unknown_hdr_ext":0,"rx_bad_frag":0,"rx_unknown_type":0,"rx_unknown_schema":0,"rx_bad_length":0,"rx_not_fragmentable":0,"rx_rejected_ctx":0,"rx_rejected_mac":0,"rx_unknown_src":0,"rx_reassembly_timeout":0,"rx_fragment_overflow":0,"rx_reassembly_abandoned":0,"rx_rejected_seq":0,"rx_frag_duplicate":0,"rx_frag_late":0,"rx_dup_command":0,"rx_dropped":0,"rx_frames":59,"ctx_rolls":3,"ctx_roll_failed":0}
21:34:48.881 mqtt   lran/bridge/diag/radio/state {"tx_frames":59,"cad_backoffs":8,"errors_suppressed":0,"cad_deferred":0,"cad_free":59,"rx_deaf_ms":13973,"cad_errors":0,"tx_forced":0,"tx_errors":0,"tx_timeouts":0,"tx_dropped_no_radio":0,"rx_driver_errors":0,"rx_no_interrupt":0,"rx_wake_empty":0,"begin_failures":0,"last_begin_status":0,"q_rx_dropped":0,"q_rx_high_water":1,"q_publish_dropped":0,"q_publish_high_water":7,"q_tx_dropped":0,"q_tx_high_water":1,"q_log_dropped":0,"q_log_high_water":0,"q_command_dropped":0,"q_command_high_water":1,"q_config_dropped":0,"q_config_high_water":1,"q_event_dropped":0,"q_event_high_water":0,"q_hex_dropped":0,"q_hex_high_water":0}
21:34:48.882 mqtt   lran/bridge/diag/cmd/state {"cmd_submitted":7,"cmd_refused_busy":0,"cmd_sent":7,"cmd_retries":0,"cmd_acked":7,"cmd_no_ack":0,"cmd_resyncs":0,"cmd_resync_failed":0,"cmd_ack_ignored":0,"cmd_refused_roll_pending":0,"roll_sent":3,"roll_retries":0,"roll_busy":0,"roll_by_rejected_ctx":0}
21:34:48.882 mqtt   lran/bridge/diag/publish/state {"status_frames":35,"documents":0,"unchanged":0,"heartbeats":0,"event_frames":0,"events":0,"event_repeats":0,"bench_withheld":35,"queue_refused":0,"undecodable":0}
21:34:48.884 mqtt   lran/simnode0/diag/state {"rssi_dbm":-21,"snr_db":11,"last_seen_s":9,"missed_polls":0,"proto_ver":2,"unsupported_ver":null}
21:34:48.884 mqtt   lran/simnode1/diag/state {"rssi_dbm":-30,"snr_db":11,"last_seen_s":2,"missed_polls":0,"proto_ver":2,"unsupported_ver":null}
21:34:48.887 mqtt   lran/simnode2/diag/state {"rssi_dbm":-21,"snr_db":11,"last_seen_s":3,"missed_polls":0,"proto_ver":2,"unsupported_ver":null}
21:34:49.229 bridge CHAN,125,125981,1000,78,21,15,0,-200,-1130,-946
21:34:49.229 bridge poll: f0 answered in 525 ms (window 10000 ms)
21:34:49.337 bridge FRAME #119 rx t=127091 peer=0xf0 type=4 schema=240 frag=0x01 seq=12 rssi=-21 snr=11 st=0 rx=0 deaf=14186
21:34:50.184 bridge CHAN,126,126981,1002,101,0,13,1,-200,-1130,-1012
21:34:53.170 bridge CHANSUM,70,129,60,60178,5441,559,832,25,38,0,-200,-1140,-1130,-1130
21:34:53.795 bridge FRAME #120 tx t=131594 peer=0xf1 type=3 schema=0 frag=0x01 seq=35 rssi=- snr=- st=0 rx=5 deaf=14207
21:34:54.213 bridge CHAN,130,130983,1009,79,21,16,0,-290,-1130,-955
21:34:54.523 bridge poll: f1 answered in 793 ms (window 10000 ms)
21:34:54.632 bridge FRAME #121 rx t=132359 peer=0xf1 type=4 schema=254 frag=0x01 seq=19 rssi=-30 snr=11 st=0 rx=0 deaf=14399
21:34:54.833 bridge FRAME #122 tx t=132596 peer=0xf2 type=3 schema=0 frag=0x01 seq=36 rssi=- snr=- st=0 rx=5 deaf=14424
21:34:55.059 ctl    PUB lran/simnode1/cmd/open/set PRESS
21:34:55.065 mqtt   lran/simnode1/cmd/open/set PRESS
21:34:55.145 bridge CHAN,131,131992,1002,78,21,55,1,-200,-1130,-537
21:34:55.249 bridge poll: f2 answered in 529 ms (window 10000 ms)
21:34:55.249 bridge FRAME #123 rx t=133095 peer=0xf2 type=4 schema=240 frag=0x01 seq=11 rssi=-21 snr=11 st=0 rx=0 deaf=14616
21:34:56.209 bridge CHAN,132,132994,1009,99,2,12,1,-200,-1130,-1018
21:34:56.742 bridge FRAME #124 tx t=134508 peer=0xf1 type=1 schema=0 frag=0x01 seq=12 rssi=- snr=- st=0 rx=5 deaf=14662
21:34:56.876 xiao   cmd f1 <- 00 seq 12: OPEN ACCEPTED
21:34:57.594 bridge FRAME #125 rx t=135341 peer=0xf1 type=2 schema=0 frag=0x01 seq=20 rssi=-30 snr=11 st=0 rx=0 deaf=14895
21:34:57.701 bridge cmd: f1 seq 12 -> outcome 1 result 0 detail 0
21:34:57.775 mqtt   lran/simnode1/cmd/ack {"outcome":"acked","seq":12,"attempts":1,"result":0,"detail":0}
21:34:58.134 ctl    RESULT B3: {'lran/simnode1/cmd/ack': '{"outcome":"acked","seq":12,"attempts":1,"result":0,"detail":0}'}
21:34:58.232 bridge CHAN,134,135007,1005,101,0,22,1,-290,-1130,-946
21:34:58.755 bridge FRAME #126 tx t=136593 peer=0xf0 type=3 schema=0 frag=0x01 seq=37 rssi=- snr=- st=0 rx=5 deaf=14916
21:34:59.179 bridge CHAN,135,136012,1009,79,21,19,0,-200,-1130,-902
21:34:59.287 bridge poll: f0 answered in 526 ms (window 10000 ms)
21:34:59.287 bridge FRAME #127 rx t=137092 peer=0xf0 type=4 schema=240 frag=0x01 seq=13 rssi=-21 snr=11 st=0 rx=0 deaf=15108
21:35:00.337 bridge CHAN,136,137021,1003,101,0,9,1,-200,-1130,-1047
21:35:03.748 bridge FRAME #128 tx t=141595 peer=0xf1 type=3 schema=0 frag=0x01 seq=38 rssi=- snr=- st=0 rx=5 deaf=15129
21:35:04.280 bridge CHAN,140,141024,1009,79,21,20,0,-290,-1130,-914
21:35:04.484 bridge poll: f1 answered in 794 ms (window 10000 ms)
21:35:04.591 bridge FRAME #129 rx t=142360 peer=0xf1 type=4 schema=254 frag=0x01 seq=21 rssi=-30 snr=11 st=0 rx=0 deaf=15321
21:35:04.804 bridge FRAME #130 tx t=142597 peer=0xf2 type=3 schema=0 frag=0x01 seq=39 rssi=- snr=- st=0 rx=5 deaf=15346
21:35:05.221 bridge poll: f2 answered in 530 ms (window 10000 ms)
21:35:05.324 bridge FRAME #131 rx t=143096 peer=0xf2 type=4 schema=240 frag=0x01 seq=12 rssi=-21 snr=11 st=0 rx=0 deaf=15538
21:35:05.325 bridge CHAN,141,142033,1002,78,21,54,1,-200,-1130,-534
21:35:06.144 ctl    PUB lran/simnode1/cmd/open/set PRESS
21:35:06.158 mqtt   lran/simnode1/cmd/open/set PRESS
21:35:06.286 bridge CHAN,142,143035,1002,101,0,8,1,-200,-1130,-1057
21:35:06.826 bridge FRAME #132 tx t=144588 peer=0xf1 type=1 schema=0 frag=0x01 seq=13 rssi=- snr=- st=0 rx=5 deaf=15559
21:35:06.941 xiao   cmd f1 <- 00 seq 13: OPEN ACCEPTED
21:35:07.352 bridge FRAME #133 rx t=145067 peer=0xf1 type=2 schema=0 frag=0x01 seq=22 rssi=-31 snr=11 st=0 rx=0 deaf=15792
21:35:07.352 bridge CHAN,143,144037,1000,74,25,17,0,-290,-1130,-940
21:35:07.779 bridge cmd: f1 seq 13 -> outcome 1 result 0 detail 0
21:35:07.887 mqtt   lran/simnode1/cmd/ack {"outcome":"acked","seq":13,"attempts":1,"result":0,"detail":0}
21:35:08.191 ctl    RESULT B4: {'lran/simnode1/cmd/ack': '{"outcome":"acked","seq":13,"attempts":1,"result":0,"detail":0}'}
21:35:08.202 bridge CHAN,144,145037,1001,100,0,4,1,-290,-1130,-1092
21:35:08.848 bridge FRAME #134 tx t=146589 peer=0xf0 type=3 schema=0 frag=0x01 seq=40 rssi=- snr=- st=0 rx=5 deaf=15813
21:35:09.282 bridge poll: f0 answered in 521 ms (window 10000 ms)
21:35:09.282 bridge FRAME #135 rx t=147087 peer=0xf0 type=4 schema=240 frag=0x01 seq=14 rssi=-21 snr=11 st=0 rx=0 deaf=16005
21:35:09.282 bridge CHAN,145,146038,1009,79,21,23,0,-200,-1130,-864
21:35:10.255 bridge CHAN,146,147047,1001,101,0,7,1,-200,-1130,-1075
21:35:13.844 bridge FRAME #136 tx t=151593 peer=0xf1 type=3 schema=0 frag=0x01 seq=41 rssi=- snr=- st=0 rx=5 deaf=16030
21:35:14.162 bridge CHAN,150,151048,1003,78,21,22,0,-290,-1130,-889
21:35:14.482 bridge poll: f1 answered in 792 ms (window 10000 ms)
21:35:14.584 bridge FRAME #137 rx t=152358 peer=0xf1 type=4 schema=254 frag=0x01 seq=23 rssi=-30 snr=11 st=0 rx=0 deaf=16223
21:35:14.800 bridge FRAME #138 tx t=152590 peer=0xf2 type=3 schema=0 frag=0x01 seq=42 rssi=- snr=- st=0 rx=5 deaf=16244
21:35:15.233 bridge poll: f2 answered in 522 ms (window 10000 ms)
21:35:15.343 bridge FRAME #139 rx t=153088 peer=0xf2 type=4 schema=240 frag=0x01 seq=13 rssi=-21 snr=11 st=0 rx=0 deaf=16436
21:35:15.343 bridge CHAN,151,152051,1007,79,21,57,1,-200,-1130,-524
21:35:16.180 bridge CHAN,152,153058,1001,101,0,6,1,-200,-1130,-1082
21:35:16.200 ctl    === C: PHY change there and back
21:35:16.201 ctl    PUB lran/bridge/config/set {"set": {"freq_hz": 917000000}}
21:35:16.211 mqtt   lran/bridge/config/set {"set": {"freq_hz": 917000000}}
21:35:16.699 bridge phy: change started across 3 node(s)
21:35:16.807 bridge FRAME #140 tx t=154590 peer=0xf0 type=10 schema=18 frag=0x01 seq=1 rssi=- snr=- st=0 rx=5 deaf=16457
21:35:17.138 heltec phy f0: SET accepted, board pending, accepted 0x01 of 0x03
21:35:17.138 heltec config f0 <- 00 seq 1: op 1, 6 entries, 6 result(s)
21:35:17.341 bridge CHAN,153,154059,1004,58,42,4,0,-190,-1130,-1058
21:35:17.662 bridge FRAME #141 rx t=155413 peer=0xf0 type=11 schema=18 frag=0x01 seq=1 rssi=-21 snr=11 st=0 rx=0 deaf=16854
21:35:17.876 bridge FRAME #142 tx t=155596 peer=0xf1 type=10 schema=18 frag=0x01 seq=14 rssi=- snr=- st=0 rx=5 deaf=16875
21:35:18.158 xiao   phy f1: SET accepted, board pending, accepted 0x01 of 0x01
21:35:18.158 xiao   config f1 <- 00 seq 14: op 1, 6 entries, 6 result(s)
21:35:18.303 bridge CHAN,154,155063,1007,59,42,43,1,-200,-1130,-506
21:35:18.573 xiao   radio: up - 917000000 Hz, SF9, BW 125.0 kHz, CR 4/5, -4 dBm conducted, 3.0 dBi antenna
21:35:18.573 xiao   phy: retuned, board trial
21:35:18.630 bridge FRAME #143 rx t=156419 peer=0xf1 type=11 schema=18 frag=0x01 seq=14 rssi=-30 snr=10 st=0 rx=0 deaf=17272
21:35:18.849 bridge FRAME #144 tx t=156596 peer=0xf2 type=10 schema=18 frag=0x01 seq=1 rssi=- snr=- st=0 rx=5 deaf=17297
21:35:19.165 heltec phy f2: SET accepted, board pending, accepted 0x03 of 0x03
21:35:19.165 heltec config f2 <- 00 seq 1: op 1, 6 entries, 6 result(s)
21:35:19.374 bridge CHAN,155,156070,1009,58,42,41,1,-200,-1130,-541
21:35:19.583 bridge FRAME #145 rx t=157420 peer=0xf2 type=11 schema=18 frag=0x01 seq=1 rssi=-21 snr=11 st=0 rx=0 deaf=17695
21:35:19.587 heltec radio: up - 917000000 Hz, SF9, BW 125.0 kHz, CR 4/5, -4 dBm conducted, 3.0 dBi antenna
21:35:19.587 heltec phy: retuned, board trial
21:35:19.784 bridge phy: every node accepted - retuning
21:35:19.784 bridge LoRa: radio up - 917000000 Hz, SF9, BW 125.0 kHz, CR 4/5, -4 dBm conducted, 3.0 dBi antenna
21:35:19.894 bridge LoRa: stack high-water 6352 bytes free
21:35:20.325 bridge CHAN,156,157079,1004,94,1,76,1,-200,-1130,-757
21:35:20.865 bridge FRAME #146 tx t=158594 peer=0xf0 type=3 schema=0 frag=0x01 seq=43 rssi=- snr=- st=0 rx=5 deaf=17716
21:35:21.369 bridge FRAME #147 rx t=159092 peer=0xf0 type=4 schema=240 frag=0x01 seq=15 rssi=-21 snr=11 st=0 rx=0 deaf=17908
21:35:21.369 bridge CHAN,157,158083,1009,79,21,79,0,-200,-1070,-782
21:35:22.334 bridge CHAN,158,159092,1008,99,2,99,1,-600,-1070,-1059
21:35:22.876 bridge FRAME #148 tx t=160621 peer=0xf1 type=3 schema=0 frag=0x01 seq=44 rssi=- snr=- st=0 rx=5 deaf=17950
21:35:23.305 bridge CHAN,159,160100,1009,79,21,79,0,-1060,-1070,-1068
21:35:24.375 bridge CHAN,160,161109,1000,100,0,100,0,-290,-1070,-797
21:35:24.582 bridge FRAME #149 rx t=162277 peer=0xf1 type=4 schema=254 frag=0x01 seq=24 rssi=-30 snr=11 st=0 rx=0 deaf=18142
21:35:25.345 bridge CHAN,161,162109,1000,97,2,97,1,-290,-1070,-930
21:35:26.286 bridge CHAN,162,163109,1007,98,2,98,0,-1060,-1070,-1068
21:35:26.606 bridge FRAME #150 tx t=164411 peer=0xf2 type=3 schema=0 frag=0x01 seq=45 rssi=- snr=- st=0 rx=5 deaf=18213
21:35:27.142 bridge FRAME #151 rx t=164909 peer=0xf2 type=4 schema=240 frag=0x01 seq=14 rssi=-21 snr=11 st=0 rx=0 deaf=18405
21:35:27.358 bridge CHAN,163,164116,1004,79,21,79,1,-200,-1070,-772
21:35:27.778 bridge phy: every node heard - committed
21:35:27.842 ctl    RESULT freq 917000000: phy: every node heard - committed after 11.6 s
21:35:27.887 bridge FRAME #152 tx t=165605 peer=0xf0 type=10 schema=18 frag=0x01 seq=2 rssi=- snr=- st=0 rx=5 deaf=18430
21:35:27.956 mqtt   lran/bridge/config/ack {"op":"set","persist":"persisted","results":{"freq_hz":{"status":"ok","value":917000000}}}
21:35:27.960 mqtt   lran/bridge/config/state {"simnode_diag_enable":{"value":1,"source":"override"},"diag_interval_s":{"value":60,"source":"override"},"missed_poll_threshold":{"value":3,"source":"default"},"poll_reply_timeout_ms":{"value":10000,"source":"default"},"command_ack_timeout_ms":{"value":3000,"source":"default"},"cmd_retries":{"value":3,"source":"override"},"cad_retries":{"value":5,"source":"default"},"backoff_max_ms":{"value":1500,"source":"default"},"frag_reassembly_timeout_ms":{"value":5000,"source":"default"},"error_min_interval_ms":{"value":1000,"source":"default"},"config_readback_timeout_ms":{"value":15000,"source":"default"},"config_ack_timeout_ms":{"value":8000,"source":"default"},"republish_interval_s":{"value":900,"source":"override"},"bms_stale_s":{"value":600,"source":"default"},"cell_mv_deadband":{"value":5,"source":"default"},"freq_hz":{"value":917000000,"source":"override"},"spreading_factor":{"value":9,"source":"override"},"bandwidth_khz":{"value":125,"source":"override"},"coding_rate_denominator":{"value":5,"source":"override"},"tx_power_dbm":{"value":-4,"source":"override"},"phy_trial_s":{"value":120,"source":"override"},"mppt_write_arm_timeout_s":{"value":300,"source":"default"},"hex_rsp_timeout_ms":{"value":3000,"source":"default"}}
21:35:28.118 heltec config f0 <- 00 seq 2: op 2, 6 entries, 6 result(s)
21:35:28.320 bridge CHAN,164,165120,1007,64,35,64,0,-200,-1070,-884
21:35:28.642 bridge FRAME #153 rx t=166373 peer=0xf0 type=11 schema=18 frag=0x01 seq=2 rssi=-21 snr=11 st=0 rx=0 deaf=18766
21:35:28.877 mqtt   lran/simnode0/config/state {"poll_interval_s":{"value":10,"source":"override"},"deployed":{"value":1,"source":"override"},"dedup_cache_depth":{"value":null,"source":"default"},"frag_reassembly_timeout_ms":{"value":null,"source":"default"},"cad_retries":{"value":null,"source":"default"},"backoff_max_ms":{"value":null,"source":"default"},"freq_hz":{"value":917000000,"source":"override"},"spreading_factor":{"value":9,"source":"override"},"bandwidth_khz":{"value":125,"source":"override"},"coding_rate_denominator":{"value":5,"source":"override"},"tx_power_dbm":{"value":-4,"source":"override"},"phy_trial_s":{"value":120,"source":"override"}}
21:35:29.375 bridge CHAN,165,166127,1005,95,4,95,1,-200,-1070,-837
21:35:30.226 bridge FRAME #154 tx t=168037 peer=0xf1 type=10 schema=18 frag=0x01 seq=15 rssi=- snr=- st=0 rx=5 deaf=18837
21:35:30.336 bridge CHAN,166,167132,1001,89,10,89,0,-1060,-1070,-1068
21:35:30.536 xiao   config f1 <- 00 seq 15: op 2, 6 entries, 6 result(s)
21:35:31.292 bridge CHAN,167,168133,1005,75,25,75,0,-290,-1070,-963
21:35:31.613 bridge FRAME #155 rx t=169421 peer=0xf1 type=11 schema=18 frag=0x01 seq=15 rssi=-31 snr=11 st=0 rx=0 deaf=19173
21:35:31.876 mqtt   lran/simnode1/config/state {"poll_interval_s":{"value":10,"source":"override"},"deployed":{"value":1,"source":"override"},"dedup_cache_depth":{"value":8,"source":"override"},"frag_reassembly_timeout_ms":{"value":null,"source":"default"},"cad_retries":{"value":null,"source":"default"},"backoff_max_ms":{"value":null,"source":"default"},"freq_hz":{"value":917000000,"source":"override"},"spreading_factor":{"value":9,"source":"override"},"bandwidth_khz":{"value":125,"source":"override"},"coding_rate_denominator":{"value":5,"source":"override"},"tx_power_dbm":{"value":-4,"source":"override"},"phy_trial_s":{"value":120,"source":"override"}}
21:35:32.370 bridge CHAN,168,169138,1005,98,2,98,1,-290,-1070,-836
21:35:33.322 bridge CHAN,169,170143,1004,95,4,95,0,-1060,-1070,-1065
21:35:33.634 bridge FRAME #156 tx t=171382 peer=0xf2 type=10 schema=18 frag=0x01 seq=2 rssi=- snr=- st=0 rx=5 deaf=19265
21:35:33.855 heltec config f2 <- 00 seq 2: op 2, 6 entries, 6 result(s)
21:35:34.355 bridge FRAME #157 rx t=172144 peer=0xf2 type=11 schema=18 frag=0x01 seq=2 rssi=-21 snr=12 st=0 rx=0 deaf=19601
21:35:34.355 bridge CHAN,170,171147,1008,65,35,65,1,-200,-1070,-541
21:35:34.878 mqtt   lran/simnode2/config/state {"poll_interval_s":{"value":10,"source":"override"},"deployed":{"value":1,"source":"override"},"dedup_cache_depth":{"value":null,"source":"default"},"frag_reassembly_timeout_ms":{"value":null,"source":"default"},"cad_retries":{"value":null,"source":"default"},"backoff_max_ms":{"value":null,"source":"default"},"freq_hz":{"value":917000000,"source":"override"},"spreading_factor":{"value":9,"source":"override"},"bandwidth_khz":{"value":125,"source":"override"},"coding_rate_denominator":{"value":5,"source":"override"},"tx_power_dbm":{"value":-4,"source":"override"},"phy_trial_s":{"value":120,"source":"override"}}
21:35:35.392 bridge CHAN,171,172155,1000,100,0,100,0,-1050,-1070,-1065
21:35:36.328 bridge CHAN,172,173155,1007,98,2,98,0,-1050,-1070,-1066
21:35:36.538 bridge FRAME #158 tx t=174277 peer=0xf0 type=3 schema=0 frag=0x01 seq=46 rssi=- snr=- st=0 rx=5 deaf=19647
21:35:36.957 bridge poll: f0 answered in 1209 ms (window 10000 ms)
21:35:36.957 bridge FRAME #159 rx t=174775 peer=0xf0 type=4 schema=240 frag=0x01 seq=16 rssi=-22 snr=12 st=0 rx=0 deaf=19839
21:35:37.372 bridge CHAN,173,174162,1004,79,21,79,1,-200,-1070,-772
21:35:37.891 bridge FRAME #160 tx t=175597 peer=0xf1 type=3 schema=0 frag=0x01 seq=47 rssi=- snr=- st=0 rx=5 deaf=19860
21:35:38.302 bridge CHAN,174,175166,1009,79,21,79,0,-290,-1070,-735
21:35:38.503 bridge poll: f1 answered in 796 ms (window 10000 ms)
21:35:38.503 bridge FRAME #161 rx t=176362 peer=0xf1 type=4 schema=254 frag=0x01 seq=25 rssi=-31 snr=11 st=0 rx=0 deaf=20052
21:35:39.328 bridge CHAN,175,176175,1005,98,2,98,1,-290,-1070,-914
21:35:40.051 bridge FRAME #162 tx t=177831 peer=0xf2 type=3 schema=0 frag=0x01 seq=48 rssi=- snr=- st=0 rx=5 deaf=20094
21:35:40.458 bridge CHAN,176,177180,1009,79,21,79,0,-200,-1070,-935
21:35:40.458 bridge poll: f2 answered in 1763 ms (window 10000 ms)
21:35:40.563 bridge FRAME #163 rx t=178329 peer=0xf2 type=4 schema=240 frag=0x01 seq=15 rssi=-21 snr=11 st=0 rx=0 deaf=20286
21:35:41.495 bridge CHAN,177,178189,1001,101,0,101,1,-200,-1070,-937
21:35:42.420 bridge CHAN,178,179190,1000,100,0,100,0,-1060,-1070,-1065
21:35:43.465 bridge CHAN,179,180190,1000,100,0,100,0,-1060,-1070,-1067
21:35:44.394 bridge CHAN,180,181190,1000,100,0,100,0,-1060,-1070,-1065
21:35:45.435 bridge CHAN,181,182190,1000,100,0,100,0,-1060,-1070,-1065
21:35:46.460 bridge CHAN,182,183190,1007,98,2,98,0,-1060,-1070,-1065
21:35:47.490 bridge CHAN,183,184197,1007,98,2,98,0,-1060,-1070,-1065
21:35:48.424 bridge CHAN,184,185204,1008,95,4,95,0,-1060,-1070,-1066
21:35:48.875 mqtt   lran/bridge/diag/state {"rx_crc_err":0,"rx_runt":0,"rx_oversize":0,"rx_bad_crc":0,"rx_bad_ver":0,"rx_not_addressed":0,"rx_unknown_hdr_ext":0,"rx_bad_frag":0,"rx_unknown_type":0,"rx_unknown_schema":0,"rx_bad_length":0,"rx_not_fragmentable":0,"rx_rejected_ctx":0,"rx_rejected_mac":0,"rx_unknown_src":0,"rx_reassembly_timeout":0,"rx_fragment_overflow":0,"rx_reassembly_abandoned":0,"rx_rejected_seq":0,"rx_frag_duplicate":0,"rx_frag_late":0,"rx_dup_command":0,"rx_dropped":0,"rx_frames":82,"ctx_rolls":3,"ctx_roll_failed":0}
21:35:48.878 mqtt   lran/bridge/diag/radio/state {"tx_frames":82,"cad_backoffs":23,"errors_suppressed":0,"cad_deferred":0,"cad_free":82,"rx_deaf_ms":20374,"cad_errors":0,"tx_forced":0,"tx_errors":0,"tx_timeouts":0,"tx_dropped_no_radio":0,"rx_driver_errors":0,"rx_no_interrupt":0,"rx_wake_empty":0,"begin_failures":0,"last_begin_status":0,"q_rx_dropped":0,"q_rx_high_water":1,"q_publish_dropped":0,"q_publish_high_water":8,"q_tx_dropped":0,"q_tx_high_water":1,"q_log_dropped":0,"q_log_high_water":0,"q_command_dropped":0,"q_command_high_water":1,"q_config_dropped":0,"q_config_high_water":1,"q_event_dropped":0,"q_event_high_water":0,"q_hex_dropped":0,"q_hex_high_water":0}
21:35:48.879 mqtt   lran/bridge/diag/cmd/state {"cmd_submitted":9,"cmd_refused_busy":0,"cmd_sent":9,"cmd_retries":0,"cmd_acked":9,"cmd_no_ack":0,"cmd_resyncs":0,"cmd_resync_failed":0,"cmd_ack_ignored":0,"cmd_refused_roll_pending":0,"roll_sent":3,"roll_retries":0,"roll_busy":0,"roll_by_rejected_ctx":0}
21:35:48.881 mqtt   lran/bridge/diag/publish/state {"status_frames":50,"documents":0,"unchanged":0,"heartbeats":0,"event_frames":0,"events":0,"event_repeats":0,"bench_withheld":50,"queue_refused":0,"undecodable":0}
21:35:48.881 mqtt   lran/simnode0/diag/state {"rssi_dbm":-22,"snr_db":12,"last_seen_s":11,"missed_polls":0,"proto_ver":2,"unsupported_ver":null}
21:35:48.885 mqtt   lran/simnode1/diag/state {"rssi_dbm":-31,"snr_db":11,"last_seen_s":10,"missed_polls":0,"proto_ver":2,"unsupported_ver":null}
21:35:48.889 mqtt   lran/simnode2/diag/state {"rssi_dbm":-21,"snr_db":11,"last_seen_s":8,"missed_polls":0,"proto_ver":2,"unsupported_ver":null}
21:35:49.458 bridge CHAN,185,186212,1007,98,2,98,0,-1050,-1070,-1065
21:35:50.293 bridge FRAME #164 tx t=188034 peer=0xf0 type=3 schema=0 frag=0x01 seq=49 rssi=- snr=- st=0 rx=5 deaf=20420
21:35:50.394 bridge CHAN,186,187219,1001,80,19,80,0,-1060,-1070,-1064
21:35:50.705 bridge poll: f0 answered in 4967 ms (window 10000 ms)
21:35:50.705 bridge FRAME #165 rx t=188533 peer=0xf0 type=4 schema=240 frag=0x01 seq=17 rssi=-21 snr=11 st=0 rx=0 deaf=20612
21:35:50.807 bridge FRAME #166 tx t=188598 peer=0xf1 type=3 schema=0 frag=0x01 seq=50 rssi=- snr=- st=0 rx=5 deaf=20637
21:35:51.428 bridge CHAN,187,188220,1006,77,23,77,1,-200,-1070,-378
21:35:51.533 bridge poll: f1 answered in 798 ms (window 10000 ms)
21:35:51.534 bridge FRAME #167 rx t=189364 peer=0xf1 type=4 schema=254 frag=0x01 seq=26 rssi=-31 snr=11 st=0 rx=0 deaf=20829
21:35:52.465 bridge CHAN,188,189226,1004,92,6,92,1,-290,-1070,-945
21:35:53.401 bridge CHAN,189,190230,1000,100,0,100,0,-1050,-1070,-1064
21:35:53.401 bridge CHANSUM,130,189,60,60247,5334,656,3499,24,53,0,-190,-1130,-1070,-1097
21:35:54.433 bridge CHAN,190,191230,1001,97,2,97,0,-1060,-1070,-1064
21:35:55.459 bridge CHAN,191,192231,1001,97,2,97,0,-1060,-1070,-1064
21:35:55.770 bridge FRAME #168 tx t=193513 peer=0xf2 type=3 schema=0 frag=0x01 seq=51 rssi=- snr=- st=0 rx=5 deaf=20967
21:35:56.184 bridge poll: f2 answered in 4446 ms (window 10000 ms)
21:35:56.289 bridge FRAME #169 rx t=194012 peer=0xf2 type=4 schema=240 frag=0x01 seq=16 rssi=-21 snr=11 st=0 rx=0 deaf=21159
21:35:56.495 bridge CHAN,192,193232,1000,79,21,79,1,-200,-1070,-771
21:35:56.807 bridge FRAME #170 tx t=194597 peer=0xf0 type=3 schema=0 frag=0x01 seq=52 rssi=- snr=- st=0 rx=5 deaf=21184
21:35:57.223 bridge poll: f0 answered in 530 ms (window 10000 ms)
21:35:57.328 bridge FRAME #171 rx t=195096 peer=0xf0 type=4 schema=240 frag=0x01 seq=18 rssi=-21 snr=11 st=0 rx=0 deaf=21376
21:35:57.433 bridge CHAN,193,194232,1004,79,21,79,1,-200,-1070,-771
21:35:58.461 bridge CHAN,194,195236,1000,100,0,100,0,-1050,-1070,-1065
21:35:59.490 bridge CHAN,195,196236,1000,100,0,100,0,-1060,-1070,-1064
21:36:00.416 bridge CHAN,196,197236,1000,100,0,100,0,-1060,-1070,-1065
21:36:01.455 bridge CHAN,197,198236,1001,97,2,97,0,-1060,-1070,-1065
21:36:02.487 bridge CHAN,198,199237,1001,97,2,97,0,-1060,-1070,-1064
21:36:02.590 bridge FRAME #172 tx t=200339 peer=0xf1 type=3 schema=0 frag=0x01 seq=53 rssi=- snr=- st=0 rx=5 deaf=21447
21:36:03.308 bridge poll: f1 answered in 2538 ms (window 10000 ms)
21:36:03.309 bridge FRAME #173 rx t=201104 peer=0xf1 type=4 schema=254 frag=0x01 seq=27 rssi=-31 snr=11 st=0 rx=0 deaf=21639
21:36:03.412 bridge CHAN,199,200238,1008,79,21,79,1,-290,-1070,-548
21:36:03.828 bridge FRAME #174 tx t=201597 peer=0xf2 type=3 schema=0 frag=0x01 seq=54 rssi=- snr=- st=0 rx=5 deaf=21660
21:36:04.239 bridge poll: f2 answered in 529 ms (window 10000 ms)
21:36:04.342 bridge FRAME #175 rx t=202096 peer=0xf2 type=4 schema=240 frag=0x01 seq=17 rssi=-21 snr=11 st=0 rx=0 deaf=21852
21:36:04.444 bridge CHAN,200,201246,1001,79,21,79,1,-200,-1070,-770
21:36:05.479 bridge CHAN,201,202247,1000,100,0,100,0,-1060,-1070,-1065
21:36:06.405 bridge CHAN,202,203247,1000,100,0,100,0,-1060,-1070,-1065
21:36:07.440 bridge CHAN,203,204247,1006,98,2,98,0,-1060,-1070,-1066
21:36:08.466 bridge CHAN,204,205253,1007,98,2,98,0,-1050,-1070,-1065
21:36:09.088 bridge FRAME #176 tx t=206792 peer=0xf0 type=3 schema=0 frag=0x01 seq=55 rssi=- snr=- st=0 rx=5 deaf=21940
21:36:09.394 bridge CHAN,205,206260,1000,75,23,75,0,-200,-1070,-802
21:36:09.495 bridge poll: f0 answered in 2725 ms (window 10000 ms)
21:36:09.596 bridge FRAME #177 rx t=207291 peer=0xf0 type=4 schema=240 frag=0x01 seq=19 rssi=-21 snr=11 st=0 rx=0 deaf=22132
21:36:10.419 bridge CHAN,206,207260,1002,101,0,101,1,-200,-1070,-1031
21:36:11.458 bridge CHAN,207,208262,1001,97,2,97,0,-1050,-1070,-1066
21:36:11.668 bridge FRAME #178 tx t=209474 peer=0xf1 type=3 schema=0 frag=0x01 seq=56 rssi=- snr=- st=0 rx=5 deaf=22178
21:36:12.388 bridge poll: f1 answered in 1673 ms (window 10000 ms)
21:36:12.490 bridge FRAME #179 rx t=210239 peer=0xf1 type=4 schema=254 frag=0x01 seq=28 rssi=-31 snr=11 st=0 rx=0 deaf=22370
21:36:12.490 bridge CHAN,208,209263,1008,79,21,79,1,-290,-1070,-550
21:36:12.851 ctl    PUB lran/bridge/config/set {"set": {"freq_hz": 917400000}}
21:36:12.856 mqtt   lran/bridge/config/set {"set": {"freq_hz": 917400000}}
21:36:13.419 bridge CHAN,209,210271,1000,100,0,100,0,-1060,-1070,-1065
21:36:13.732 bridge phy: change started across 3 node(s)
21:36:14.145 bridge FRAME #180 tx t=211983 peer=0xf0 type=10 schema=18 frag=0x01 seq=3 rssi=- snr=- st=0 rx=5 deaf=22416
21:36:14.460 bridge CHAN,210,211271,1009,67,32,67,0,-1060,-1070,-1066
21:36:14.548 heltec phy f0: SET accepted, board pending, accepted 0x01 of 0x03
21:36:14.548 heltec config f0 <- 00 seq 3: op 1, 6 entries, 6 result(s)
21:36:15.079 bridge FRAME #181 rx t=212814 peer=0xf0 type=11 schema=18 frag=0x01 seq=3 rssi=-21 snr=11 st=0 rx=0 deaf=22813
21:36:15.494 bridge CHAN,211,212280,1005,89,11,89,1,-190,-1070,-683
21:36:16.427 bridge CHAN,212,213285,1008,95,4,95,0,-1060,-1070,-1066
21:36:16.739 bridge FRAME #182 tx t=214581 peer=0xf1 type=10 schema=18 frag=0x01 seq=16 rssi=- snr=- st=0 rx=5 deaf=22901
21:36:17.161 xiao   phy f1: SET accepted, board pending, accepted 0x01 of 0x01
21:36:17.161 xiao   config f1 <- 00 seq 16: op 1, 6 entries, 6 result(s)
21:36:17.462 bridge CHAN,213,214293,1001,55,44,55,0,-290,-1070,-679
21:36:17.578 xiao   radio: up - 917400000 Hz, SF9, BW 125.0 kHz, CR 4/5, -4 dBm conducted, 3.0 dBi antenna
21:36:17.578 xiao   phy: retuned, board trial
21:36:17.668 bridge FRAME #183 rx t=215405 peer=0xf1 type=11 schema=18 frag=0x01 seq=16 rssi=-31 snr=12 st=0 rx=0 deaf=23298
21:36:18.498 bridge CHAN,214,215294,1000,95,4,95,1,-290,-1070,-969
21:36:19.531 bridge CHAN,215,216294,1007,98,2,98,0,-1060,-1070,-1065
21:36:20.569 bridge CHAN,216,217301,1007,98,2,98,0,-1060,-1070,-1065
21:36:21.301 bridge FRAME #184 tx t=219080 peer=0xf2 type=10 schema=18 frag=0x01 seq=3 rssi=- snr=- st=0 rx=5 deaf=23432
21:36:21.506 bridge CHAN,217,218308,1009,73,26,73,0,-1060,-1070,-1067
21:36:21.676 heltec phy f2: SET accepted, board pending, accepted 0x03 of 0x03
21:36:21.676 heltec config f2 <- 00 seq 3: op 1, 6 entries, 6 result(s)
21:36:22.091 heltec radio: up - 917400000 Hz, SF9, BW 125.0 kHz, CR 4/5, -4 dBm conducted, 3.0 dBi antenna
21:36:22.091 heltec phy: retuned, board trial
21:36:22.125 bridge FRAME #185 rx t=219904 peer=0xf2 type=11 schema=18 frag=0x01 seq=3 rssi=-21 snr=12 st=0 rx=0 deaf=23829
21:36:22.538 bridge CHAN,218,219317,1008,84,17,84,1,-200,-1070,-659
21:36:22.747 bridge phy: every node accepted - retuning
21:36:22.747 bridge LoRa: radio up - 917400000 Hz, SF9, BW 125.0 kHz, CR 4/5, -4 dBm conducted, 3.0 dBi antenna
21:36:22.747 bridge LoRa: stack high-water 6352 bytes free
21:36:23.580 bridge CHAN,219,220325,1008,96,1,25,0,-1050,-1130,-1105
21:36:23.893 bridge FRAME #186 tx t=221598 peer=0xf0 type=3 schema=0 frag=0x01 seq=57 rssi=- snr=- st=0 rx=5 deaf=23854
21:36:24.411 bridge FRAME #187 rx t=222097 peer=0xf0 type=4 schema=240 frag=0x01 seq=20 rssi=-21 snr=11 st=0 rx=0 deaf=24046
21:36:24.513 bridge CHAN,220,221333,1005,79,21,28,1,-190,-1130,-806
21:36:24.719 bridge FRAME #188 tx t=222589 peer=0xf1 type=3 schema=0 frag=0x01 seq=58 rssi=- snr=- st=0 rx=5 deaf=24067
21:36:25.548 bridge FRAME #189 rx t=223354 peer=0xf1 type=4 schema=254 frag=0x01 seq=29 rssi=-31 snr=11 st=0 rx=0 deaf=24259
21:36:25.548 bridge CHAN,221,222338,1009,79,21,52,0,-300,-1130,-583
21:36:25.860 bridge FRAME #190 tx t=223600 peer=0xf2 type=3 schema=0 frag=0x01 seq=59 rssi=- snr=- st=0 rx=5 deaf=24284
21:36:26.266 bridge FRAME #191 rx t=224099 peer=0xf2 type=4 schema=240 frag=0x01 seq=18 rssi=-21 snr=11 st=0 rx=0 deaf=24476
21:36:26.580 bridge CHAN,222,223347,1003,79,21,32,2,-190,-1130,-790
21:36:26.681 bridge phy: every node heard - committed
21:36:26.759 ctl    RESULT freq 917400000: phy: every node heard - committed after 13.8 s
21:36:26.875 mqtt   lran/bridge/config/ack {"op":"set","persist":"persisted","results":{"freq_hz":{"status":"ok","value":917400000}}}
21:36:26.879 mqtt   lran/bridge/config/state {"simnode_diag_enable":{"value":1,"source":"override"},"diag_interval_s":{"value":60,"source":"override"},"missed_poll_threshold":{"value":3,"source":"default"},"poll_reply_timeout_ms":{"value":10000,"source":"default"},"command_ack_timeout_ms":{"value":3000,"source":"default"},"cmd_retries":{"value":3,"source":"override"},"cad_retries":{"value":5,"source":"default"},"backoff_max_ms":{"value":1500,"source":"default"},"frag_reassembly_timeout_ms":{"value":5000,"source":"default"},"error_min_interval_ms":{"value":1000,"source":"default"},"config_readback_timeout_ms":{"value":15000,"source":"default"},"config_ack_timeout_ms":{"value":8000,"source":"default"},"republish_interval_s":{"value":900,"source":"override"},"bms_stale_s":{"value":600,"source":"default"},"cell_mv_deadband":{"value":5,"source":"default"},"freq_hz":{"value":917400000,"source":"override"},"spreading_factor":{"value":9,"source":"override"},"bandwidth_khz":{"value":125,"source":"override"},"coding_rate_denominator":{"value":5,"source":"override"},"tx_power_dbm":{"value":-4,"source":"override"},"phy_trial_s":{"value":120,"source":"override"},"mppt_write_arm_timeout_s":{"value":300,"source":"default"},"hex_rsp_timeout_ms":{"value":3000,"source":"default"}}
21:36:26.889 bridge FRAME #192 tx t=224601 peer=0xf0 type=10 schema=18 frag=0x01 seq=4 rssi=- snr=- st=0 rx=5 deaf=24497
21:36:27.061 heltec config f0 <- 00 seq 4: op 2, 6 entries, 6 result(s)
21:36:28.455 bridge FRAME #193 rx t=226261 peer=0xf0 type=11 schema=18 frag=0x01 seq=4 rssi=-21 snr=11 st=0 rx=0 deaf=24833
21:36:28.557 bridge CHAN,224,225353,1009,101,0,40,1,-190,-1130,-762
21:36:28.767 bridge FRAME #194 tx t=226597 peer=0xf1 type=10 schema=18 frag=0x01 seq=17 rssi=- snr=- st=0 rx=5 deaf=24858
21:36:28.876 mqtt   lran/simnode0/config/state {"poll_interval_s":{"value":10,"source":"override"},"deployed":{"value":1,"source":"override"},"dedup_cache_depth":{"value":null,"source":"default"},"frag_reassembly_timeout_ms":{"value":null,"source":"default"},"cad_retries":{"value":null,"source":"default"},"backoff_max_ms":{"value":null,"source":"default"},"freq_hz":{"value":917400000,"source":"override"},"spreading_factor":{"value":9,"source":"override"},"bandwidth_khz":{"value":125,"source":"override"},"coding_rate_denominator":{"value":5,"source":"override"},"tx_power_dbm":{"value":-4,"source":"override"},"phy_trial_s":{"value":120,"source":"override"}}
21:36:29.061 xiao   config f1 <- 00 seq 17: op 2, 6 entries, 6 result(s)
21:36:30.528 bridge CHAN,226,227369,1000,100,0,2,0,-300,-1130,-1104
21:36:30.943 bridge FRAME #195 rx t=228733 peer=0xf1 type=11 schema=18 frag=0x01 seq=17 rssi=-30 snr=11 st=0 rx=0 deaf=25194
21:36:31.572 bridge CHAN,227,228369,1005,101,0,39,1,-300,-1130,-817
21:36:31.778 bridge FRAME #196 tx t=229595 peer=0xf2 type=10 schema=18 frag=0x01 seq=4 rssi=- snr=- st=0 rx=5 deaf=25215
21:36:31.876 mqtt   lran/simnode1/config/state {"poll_interval_s":{"value":10,"source":"override"},"deployed":{"value":1,"source":"override"},"dedup_cache_depth":{"value":8,"source":"override"},"frag_reassembly_timeout_ms":{"value":null,"source":"default"},"cad_retries":{"value":null,"source":"default"},"backoff_max_ms":{"value":null,"source":"default"},"freq_hz":{"value":917400000,"source":"override"},"spreading_factor":{"value":9,"source":"override"},"bandwidth_khz":{"value":125,"source":"override"},"coding_rate_denominator":{"value":5,"source":"override"},"tx_power_dbm":{"value":-4,"source":"override"},"phy_trial_s":{"value":120,"source":"override"}}
21:36:32.136 heltec config f2 <- 00 seq 4: op 2, 6 entries, 6 result(s)
21:36:32.598 bridge FRAME #197 rx t=230358 peer=0xf2 type=11 schema=18 frag=0x01 seq=4 rssi=-21 snr=11 st=0 rx=0 deaf=25551
21:36:32.598 bridge CHAN,228,229374,1005,65,35,41,1,-190,-1130,-559
21:36:32.775 mqtt   lran/simnode2/config/state {"poll_interval_s":{"value":10,"source":"override"},"deployed":{"value":1,"source":"override"},"dedup_cache_depth":{"value":null,"source":"default"},"frag_reassembly_timeout_ms":{"value":null,"source":"default"},"cad_retries":{"value":null,"source":"default"},"backoff_max_ms":{"value":null,"source":"default"},"freq_hz":{"value":917400000,"source":"override"},"spreading_factor":{"value":9,"source":"override"},"bandwidth_khz":{"value":125,"source":"override"},"coding_rate_denominator":{"value":5,"source":"override"},"tx_power_dbm":{"value":-4,"source":"override"},"phy_trial_s":{"value":120,"source":"override"}}
21:36:33.531 bridge CHAN,229,230379,1000,100,0,2,0,-1090,-1130,-1119
21:36:33.737 bridge FRAME #198 tx t=231594 peer=0xf2 type=3 schema=0 frag=0x01 seq=60 rssi=- snr=- st=0 rx=5 deaf=25576
21:36:34.251 bridge poll: f2 answered in 527 ms (window 10000 ms)
21:36:34.251 bridge FRAME #199 rx t=232093 peer=0xf2 type=4 schema=240 frag=0x01 seq=19 rssi=-21 snr=11 st=0 rx=0 deaf=25768
21:36:34.562 bridge CHAN,230,231379,1005,79,21,29,1,-200,-1130,-807
21:36:34.769 bridge FRAME #200 tx t=232595 peer=0xf0 type=3 schema=0 frag=0x01 seq=61 rssi=- snr=- st=0 rx=5 deaf=25789
21:36:35.287 bridge poll: f0 answered in 528 ms (window 10000 ms)
21:36:35.288 bridge FRAME #201 rx t=233094 peer=0xf0 type=4 schema=240 frag=0x01 seq=21 rssi=-21 snr=11 st=0 rx=0 deaf=25981
21:36:35.603 bridge CHAN,231,232384,1001,79,21,29,1,-190,-1130,-806
21:36:35.809 bridge FRAME #202 tx t=233596 peer=0xf1 type=3 schema=0 frag=0x01 seq=62 rssi=- snr=- st=0 rx=5 deaf=26002
21:36:36.528 bridge poll: f1 answered in 795 ms (window 10000 ms)
21:36:36.633 bridge FRAME #203 rx t=234361 peer=0xf1 type=4 schema=254 frag=0x01 seq=30 rssi=-31 snr=11 st=0 rx=0 deaf=26194
21:36:36.633 bridge CHAN,232,233385,1007,79,21,54,1,-290,-1130,-568
21:36:43.568 bridge CHAN,239,240392,1000,100,0,1,0,-710,-1130,-1115
21:36:43.776 bridge FRAME #204 tx t=241593 peer=0xf2 type=3 schema=0 frag=0x01 seq=63 rssi=- snr=- st=0 rx=5 deaf=26215
21:36:44.298 bridge poll: f2 answered in 526 ms (window 10000 ms)
21:36:44.299 bridge FRAME #205 rx t=242092 peer=0xf2 type=4 schema=240 frag=0x01 seq=20 rssi=-21 snr=12 st=0 rx=0 deaf=26407
21:36:44.611 bridge CHAN,240,241392,1001,79,21,28,1,-200,-1130,-806
21:36:44.820 bridge FRAME #206 tx t=242594 peer=0xf0 type=3 schema=0 frag=0x01 seq=64 rssi=- snr=- st=0 rx=5 deaf=26428
21:36:45.232 bridge poll: f0 answered in 527 ms (window 10000 ms)
21:36:45.337 bridge FRAME #207 rx t=243093 peer=0xf0 type=4 schema=240 frag=0x01 seq=22 rssi=-21 snr=11 st=0 rx=0 deaf=26620
21:36:45.541 bridge CHAN,241,242393,1001,79,21,31,1,-190,-1130,-805
21:36:45.745 bridge FRAME #208 tx t=243595 peer=0xf1 type=3 schema=0 frag=0x01 seq=65 rssi=- snr=- st=0 rx=5 deaf=26641
21:36:46.568 bridge poll: f1 answered in 794 ms (window 10000 ms)
21:36:46.568 bridge FRAME #209 rx t=244360 peer=0xf1 type=4 schema=254 frag=0x01 seq=31 rssi=-31 snr=11 st=0 rx=0 deaf=26833
21:36:46.568 bridge CHAN,242,243394,1007,79,21,55,1,-290,-1130,-565
21:36:48.947 mqtt   lran/bridge/diag/state {"rx_crc_err":0,"rx_runt":0,"rx_oversize":0,"rx_bad_crc":0,"rx_bad_ver":0,"rx_not_addressed":0,"rx_unknown_hdr_ext":0,"rx_bad_frag":0,"rx_unknown_type":0,"rx_unknown_schema":0,"rx_bad_length":0,"rx_not_fragmentable":0,"rx_rejected_ctx":0,"rx_rejected_mac":0,"rx_unknown_src":0,"rx_reassembly_timeout":0,"rx_fragment_overflow":0,"rx_reassembly_abandoned":0,"rx_rejected_seq":0,"rx_frag_duplicate":0,"rx_frag_late":0,"rx_dup_command":0,"rx_dropped":0,"rx_frames":105,"ctx_rolls":3,"ctx_roll_failed":0}
21:36:48.949 mqtt   lran/bridge/diag/radio/state {"tx_frames":105,"cad_backoffs":44,"errors_suppressed":0,"cad_deferred":0,"cad_free":103,"rx_deaf_ms":26833,"cad_errors":0,"tx_forced":2,"tx_errors":0,"tx_timeouts":0,"tx_dropped_no_radio":0,"rx_driver_errors":0,"rx_no_interrupt":0,"rx_wake_empty":0,"begin_failures":0,"last_begin_status":0,"q_rx_dropped":0,"q_rx_high_water":1,"q_publish_dropped":0,"q_publish_high_water":8,"q_tx_dropped":0,"q_tx_high_water":1,"q_log_dropped":0,"q_log_high_water":0,"q_command_dropped":0,"q_command_high_water":1,"q_config_dropped":0,"q_config_high_water":1,"q_event_dropped":0,"q_event_high_water":0,"q_hex_dropped":0,"q_hex_high_water":0}
21:36:48.949 mqtt   lran/bridge/diag/cmd/state {"cmd_submitted":9,"cmd_refused_busy":0,"cmd_sent":9,"cmd_retries":0,"cmd_acked":9,"cmd_no_ack":0,"cmd_resyncs":0,"cmd_resync_failed":0,"cmd_ack_ignored":0,"cmd_refused_roll_pending":0,"roll_sent":3,"roll_retries":0,"roll_busy":0,"roll_by_rejected_ctx":0}
21:36:48.949 mqtt   lran/bridge/diag/publish/state {"status_frames":67,"documents":0,"unchanged":0,"heartbeats":0,"event_frames":0,"events":0,"event_repeats":0,"bench_withheld":67,"queue_refused":0,"undecodable":0}
21:36:48.949 mqtt   lran/simnode0/diag/state {"rssi_dbm":-21,"snr_db":11,"last_seen_s":3,"missed_polls":0,"proto_ver":2,"unsupported_ver":null}
21:36:48.949 mqtt   lran/simnode1/diag/state {"rssi_dbm":-31,"snr_db":11,"last_seen_s":2,"missed_polls":0,"proto_ver":2,"unsupported_ver":null}
21:36:48.949 mqtt   lran/simnode2/diag/state {"rssi_dbm":-21,"snr_db":12,"last_seen_s":4,"missed_polls":0,"proto_ver":2,"unsupported_ver":null}
21:36:49.559 bridge CHAN,245,246401,1000,100,0,2,0,-1090,-1130,-1120
21:36:53.587 bridge CHANSUM,190,249,60,60171,5408,579,3096,21,46,0,-190,-1130,-1070,-1101
21:36:53.789 bridge FRAME #210 tx t=251592 peer=0xf2 type=3 schema=0 frag=0x01 seq=66 rssi=- snr=- st=0 rx=5 deaf=26854
21:36:54.299 bridge poll: f2 answered in 525 ms (window 10000 ms)
21:36:54.299 bridge FRAME #211 rx t=252091 peer=0xf2 type=4 schema=240 frag=0x01 seq=21 rssi=-21 snr=11 st=0 rx=0 deaf=27046
21:36:54.606 bridge CHAN,250,251401,1001,79,21,28,1,-200,-1130,-807
21:36:54.814 bridge FRAME #212 tx t=252593 peer=0xf0 type=3 schema=0 frag=0x01 seq=67 rssi=- snr=- st=0 rx=5 deaf=27067
21:36:55.233 bridge poll: f0 answered in 526 ms (window 10000 ms)
21:36:55.335 bridge FRAME #213 rx t=253092 peer=0xf0 type=4 schema=240 frag=0x01 seq=23 rssi=-21 snr=11 st=0 rx=0 deaf=27259
21:36:55.641 bridge CHAN,251,252402,1001,79,21,28,1,-200,-1130,-807
21:36:55.843 bridge FRAME #214 tx t=253594 peer=0xf1 type=3 schema=0 frag=0x01 seq=68 rssi=- snr=- st=0 rx=5 deaf=27280
21:36:56.565 bridge poll: f1 answered in 794 ms (window 10000 ms)
21:36:56.565 bridge FRAME #215 rx t=254360 peer=0xf1 type=4 schema=254 frag=0x01 seq=32 rssi=-30 snr=11 st=0 rx=0 deaf=27472
21:36:56.565 bridge CHAN,252,253403,1008,79,21,54,1,-290,-1130,-566
21:37:01.614 bridge CHAN,257,258411,1000,100,0,1,0,-1100,-1130,-1121
21:37:04.420 bridge FRAME #216 tx t=262203 peer=0xf2 type=3 schema=0 frag=0x01 seq=69 rssi=- snr=- st=0 rx=5 deaf=27518
21:37:04.835 bridge poll: f2 answered in 1136 ms (window 10000 ms)
21:37:04.940 bridge FRAME #217 rx t=262702 peer=0xf2 type=4 schema=240 frag=0x01 seq=22 rssi=-21 snr=11 st=0 rx=0 deaf=27710
21:37:05.563 bridge CHAN,261,262411,1002,101,0,32,1,-200,-1130,-870
21:37:05.771 bridge FRAME #218 tx t=263598 peer=0xf0 type=3 schema=0 frag=0x01 seq=70 rssi=- snr=- st=0 rx=5 deaf=27735
21:37:06.286 bridge poll: f0 answered in 531 ms (window 10000 ms)
21:37:06.286 bridge FRAME #219 rx t=264097 peer=0xf0 type=4 schema=240 frag=0x01 seq=24 rssi=-21 snr=11 st=0 rx=0 deaf=27927
21:37:06.592 bridge CHAN,262,263413,1005,79,21,28,1,-200,-1130,-807
21:37:06.799 bridge FRAME #220 tx t=264593 peer=0xf1 type=3 schema=0 frag=0x01 seq=71 rssi=- snr=- st=0 rx=5 deaf=27952
21:37:07.516 bridge poll: f1 answered in 792 ms (window 10000 ms)
21:37:07.622 bridge FRAME #221 rx t=265358 peer=0xf1 type=4 schema=254 frag=0x01 seq=33 rssi=-31 snr=11 st=0 rx=0 deaf=28144
21:37:07.622 bridge CHAN,263,264418,1002,78,21,54,1,-290,-1130,-561
21:37:09.590 bridge CHAN,265,266420,1000,100,0,10,0,-1010,-1130,-1112
21:37:11.763 ctl    === teardown
21:37:11.764 ctl    PUB lran/simnode0/config/set {"set": {"deployed": false, "poll_interval_s": 60}}
21:37:11.773 mqtt   lran/simnode0/config/set {"set": {"deployed": false, "poll_interval_s": 60}}
21:37:12.199 mqtt   lran/simnode0/config/ack {"op":"set","persist":"persisted","results":{"deployed":{"status":"ok","value":0},"poll_interval_s":{"status":"ok","value":60}}}
21:37:12.204 mqtt   lran/simnode0/config/state {"poll_interval_s":{"value":60,"source":"override"},"deployed":{"value":0,"source":"override"},"dedup_cache_depth":{"value":null,"source":"default"},"frag_reassembly_timeout_ms":{"value":null,"source":"default"},"cad_retries":{"value":null,"source":"default"},"backoff_max_ms":{"value":null,"source":"default"},"freq_hz":{"value":917400000,"source":"override"},"spreading_factor":{"value":9,"source":"override"},"bandwidth_khz":{"value":125,"source":"override"},"coding_rate_denominator":{"value":5,"source":"override"},"tx_power_dbm":{"value":-4,"source":"override"},"phy_trial_s":{"value":120,"source":"override"}}
21:37:12.269 ctl    PUB lran/simnode1/config/set {"set": {"deployed": false, "poll_interval_s": 60}}
21:37:12.286 mqtt   lran/simnode1/config/set {"set": {"deployed": false, "poll_interval_s": 60}}
21:37:12.573 mqtt   lran/simnode1/config/ack {"op":"set","persist":"persisted","results":{"deployed":{"status":"ok","value":0},"poll_interval_s":{"status":"ok","value":60}}}
21:37:12.576 mqtt   lran/simnode1/config/state {"poll_interval_s":{"value":60,"source":"override"},"deployed":{"value":0,"source":"override"},"dedup_cache_depth":{"value":8,"source":"override"},"frag_reassembly_timeout_ms":{"value":null,"source":"default"},"cad_retries":{"value":null,"source":"default"},"backoff_max_ms":{"value":null,"source":"default"},"freq_hz":{"value":917400000,"source":"override"},"spreading_factor":{"value":9,"source":"override"},"bandwidth_khz":{"value":125,"source":"override"},"coding_rate_denominator":{"value":5,"source":"override"},"tx_power_dbm":{"value":-4,"source":"override"},"phy_trial_s":{"value":120,"source":"override"}}
21:37:12.707 bridge levers: gen 14 - diag 60 s, poll reply 10000 ms, missed 3, cmd ack 3000 ms x3, config ack 8000 ms, readback 15000 ms, hex rsp 3000 ms, arm 300 s, simnode diag on
21:37:12.770 ctl    PUB lran/simnode2/config/set {"set": {"deployed": false, "poll_interval_s": 60}}
21:37:12.774 mqtt   lran/simnode2/config/set {"set": {"deployed": false, "poll_interval_s": 60}}
21:37:12.979 mqtt   lran/simnode2/config/ack {"op":"set","persist":"persisted","results":{"deployed":{"status":"ok","value":0},"poll_interval_s":{"status":"ok","value":60}}}
21:37:12.982 mqtt   lran/simnode2/config/state {"poll_interval_s":{"value":60,"source":"override"},"deployed":{"value":0,"source":"override"},"dedup_cache_depth":{"value":null,"source":"default"},"frag_reassembly_timeout_ms":{"value":null,"source":"default"},"cad_retries":{"value":null,"source":"default"},"backoff_max_ms":{"value":null,"source":"default"},"freq_hz":{"value":917400000,"source":"override"},"spreading_factor":{"value":9,"source":"override"},"bandwidth_khz":{"value":125,"source":"override"},"coding_rate_denominator":{"value":5,"source":"override"},"tx_power_dbm":{"value":-4,"source":"override"},"phy_trial_s":{"value":120,"source":"override"}}
21:37:13.275 ctl    PUB lran/bridge/config/set {"set": {"simnode_diag_enable": false}}
21:37:13.280 mqtt   lran/bridge/config/set {"set": {"simnode_diag_enable": false}}
21:37:13.529 mqtt   lran/bridge/config/ack {"op":"set","persist":"persisted","results":{"simnode_diag_enable":{"status":"ok","value":0}}}
21:37:13.533 mqtt   lran/bridge/config/state {"simnode_diag_enable":{"value":0,"source":"override"},"diag_interval_s":{"value":60,"source":"override"},"missed_poll_threshold":{"value":3,"source":"default"},"poll_reply_timeout_ms":{"value":10000,"source":"default"},"command_ack_timeout_ms":{"value":3000,"source":"default"},"cmd_retries":{"value":3,"source":"override"},"cad_retries":{"value":5,"source":"default"},"backoff_max_ms":{"value":1500,"source":"default"},"frag_reassembly_timeout_ms":{"value":5000,"source":"default"},"error_min_interval_ms":{"value":1000,"source":"default"},"config_readback_timeout_ms":{"value":15000,"source":"default"},"config_ack_timeout_ms":{"value":8000,"source":"default"},"republish_interval_s":{"value":900,"source":"override"},"bms_stale_s":{"value":600,"source":"default"},"cell_mv_deadband":{"value":5,"source":"default"},"freq_hz":{"value":917400000,"source":"override"},"spreading_factor":{"value":9,"source":"override"},"bandwidth_khz":{"value":125,"source":"override"},"coding_rate_denominator":{"value":5,"source":"override"},"tx_power_dbm":{"value":-4,"source":"override"},"phy_trial_s":{"value":120,"source":"override"},"mppt_write_arm_timeout_s":{"value":300,"source":"default"},"hex_rsp_timeout_ms":{"value":3000,"source":"default"}}
21:37:13.637 bridge CHAN,269,270421,1000,100,0,2,0,-1080,-1130,-1118
21:37:13.739 bridge levers: gen 18 - diag 60 s, poll reply 10000 ms, missed 3, cmd ack 3000 ms x3, config ack 8000 ms, readback 15000 ms, hex rsp 3000 ms, arm 300 s, simnode diag off
21:37:13.874 mqtt   lran/simnode0/availability offline
21:37:13.877 mqtt   lran/simnode1/availability offline
21:37:13.880 mqtt   lran/simnode2/availability offline
21:37:14.577 bridge CHAN,270,271421,1000,100,0,1,0,-1090,-1130,-1119
21:37:21.278 ctl    === done
