# M25 capture opened 2026-09-19T15:37:59Z port=/dev/cu.usbserial-3 baud=115200
2026-09-19T15:37:59Z,#PORT-OPEN
2026-09-19T15:37:59Z,#RESET
2026-09-19T15:37:59Z,ESP-ROM:esp32s3-20210327
2026-09-19T15:37:59Z,Build:Mar 27 2021
2026-09-19T15:37:59Z,rst:0x1 (POWERON),boot:0x29 (SPI_FAST_FLASH_BOOT)
2026-09-19T15:37:59Z,SPIWP:0xee
2026-09-19T15:37:59Z,mode:DIO, clock div:1
2026-09-19T15:37:59Z,load:0x3fce3808,len:0x4bc
2026-09-19T15:37:59Z,load:0x403c9700,len:0xbd8
2026-09-19T15:37:59Z,load:0x403cc700,len:0x2a0c
2026-09-19T15:37:59Z,entry 0x403c98d0
2026-09-19T15:37:59Z,LRAN chan-capture - listen-only channel sampler, never transmits (6bf9a38)
2026-09-19T15:37:59Z,Board: heltec_wifi_lora_32_V3
2026-09-19T15:37:59Z,MAC: 44:1b:f6:fa:bc:2c
2026-09-19T15:37:59Z,capture: sampling 917400000 Hz (stored)
2026-09-19T15:37:59Z,PHY: 917.4 MHz, SF9, BW 125 kHz, CR 4/5, receive only
2026-09-19T15:37:59Z,CHAN-BOOT,6bf9a38,917400000,9,1250,1000,-1100,10
2026-09-19T15:37:59Z,radio: up, receiving
2026-09-19T15:38:00Z,CHAN,0,164,1000,99,1,46,0,-1090,-1120,-1106
2026-09-19T15:38:01Z,CHAN,1,1164,1000,100,0,46,0,-1090,-1120,-1105
2026-09-19T15:38:02Z,CHAN,2,2164,1000,100,0,54,0,-1090,-1120,-1105
2026-09-19T15:38:03Z,CHAN,3,3164,1000,100,0,51,0,-1090,-1120,-1105
2026-09-19T15:38:04Z,CHAN,4,4164,1000,100,0,40,0,-1090,-1120,-1106
2026-09-19T15:38:05Z,CHAN,5,5164,1000,100,0,51,0,-1090,-1120,-1104
2026-09-19T15:38:06Z,CHAN,6,6164,1000,100,0,58,0,-1090,-1120,-1105
2026-09-19T15:38:07Z,CHAN,7,7164,1000,100,0,45,0,-1090,-1130,-1106
2026-09-19T15:38:08Z,CHAN,8,8164,1000,100,0,38,0,-1090,-1120,-1107
2026-09-19T15:38:09Z,CHAN,9,9164,1000,100,0,46,0,-1090,-1120,-1106
2026-09-19T15:38:09Z,CHANSUM,0,9,10,10000,999,1,475,0,10,0,-1090,-1130,-1120,-1121
2026-09-19T15:38:10Z,CHAN,10,10164,1000,100,0,48,0,-1090,-1120,-1105
2026-09-19T15:38:11Z,CHAN,11,11164,1000,100,0,46,0,-1090,-1130,-1106
2026-09-19T15:38:12Z,CHAN,12,12164,1000,100,0,44,0,-1090,-1130,-1106
2026-09-19T15:38:13Z,CHAN,13,13164,1000,100,0,43,0,-1090,-1130,-1106
2026-09-19T15:38:14Z,CHAN,14,14164,1000,100,0,42,0,-1100,-1120,-1106
2026-09-19T15:38:15Z,CHAN,15,15164,1000,100,0,45,0,-1090,-1120,-1105
2026-09-19T15:38:16Z,CHAN,16,16164,1000,100,0,39,0,-1090,-1120,-1106
2026-09-19T15:38:17Z,CHAN,17,17164,1000,100,0,39,0,-1090,-1130,-1107
2026-09-19T15:38:18Z,CHAN,18,18164,1000,100,0,45,0,-1090,-1130,-1106
2026-09-19T15:38:19Z,CHAN,19,19164,1000,100,0,43,0,-1090,-1130,-1106
2026-09-19T15:38:20Z,CHAN,20,20164,1000,100,0,47,0,-1090,-1130,-1106
2026-09-19T15:38:21Z,CHAN,21,21164,1000,100,0,32,0,-1090,-1120,-1107
2026-09-19T15:38:22Z,CHAN,22,22164,1000,100,0,45,0,-1090,-1120,-1105
2026-09-19T15:38:23Z,CHAN,23,23164,1000,100,0,47,0,-1090,-1120,-1105
2026-09-19T15:38:24Z,CHAN,24,24164,1000,100,0,38,0,-1090,-1120,-1107
2026-09-19T15:38:25Z,CHAN,25,25164,1000,100,0,37,0,-1100,-1130,-1107
2026-09-19T15:38:26Z,CHAN,26,26164,1000,100,0,45,0,-1090,-1130,-1106
2026-09-19T15:38:27Z,CHAN,27,27164,1000,100,0,41,0,-1090,-1120,-1107
2026-09-19T15:38:28Z,CHAN,28,28164,1000,100,0,50,0,-1090,-1120,-1105
2026-09-19T15:38:29Z,CHAN,29,29164,1000,100,0,40,0,-1090,-1130,-1106
2026-09-19T15:38:30Z,CHAN,30,30164,1000,100,0,39,0,-1090,-1120,-1106
2026-09-19T15:38:31Z,CHAN,31,31164,1000,100,0,37,0,-1090,-1120,-1107
2026-09-19T15:38:32Z,CHAN,32,32164,1000,100,0,35,0,-1090,-1120,-1107
2026-09-19T15:38:33Z,CHAN,33,33164,1000,100,0,41,0,-1090,-1120,-1106
2026-09-19T15:38:34Z,CHAN,34,34164,1000,100,0,39,0,-1090,-1120,-1106
2026-09-19T15:38:35Z,CHAN,35,35164,1000,100,0,43,0,-1090,-1120,-1105
2026-09-19T15:38:36Z,CHAN,36,36164,1000,100,0,38,0,-1090,-1120,-1106
2026-09-19T15:38:37Z,CHAN,37,37164,1000,100,0,39,0,-1090,-1120,-1106
2026-09-19T15:38:38Z,CHAN,38,38164,1000,100,0,41,0,-1090,-1120,-1106
2026-09-19T15:38:39Z,CHAN,39,39164,1000,100,0,42,0,-1090,-1120,-1105
2026-09-19T15:38:40Z,CHAN,40,40164,1000,100,0,47,0,-1090,-1120,-1105
2026-09-19T15:38:41Z,CHAN,41,41164,1000,100,0,35,0,-1090,-1120,-1106
2026-09-19T15:38:42Z,CHAN,42,42164,1000,100,0,36,0,-1090,-1120,-1106
2026-09-19T15:38:43Z,CHAN,43,43164,1000,100,0,48,0,-1090,-1120,-1105
2026-09-19T15:38:44Z,CHAN,44,44164,1000,100,0,48,0,-1090,-1120,-1105
2026-09-19T15:38:45Z,CHAN,45,45164,1000,100,0,47,0,-1100,-1120,-1105
2026-09-19T15:38:46Z,CHAN,46,46164,1000,100,0,45,0,-1090,-1120,-1105
2026-09-19T15:38:47Z,CHAN,47,47164,1000,100,0,45,0,-1090,-1120,-1105
2026-09-19T15:38:48Z,CHAN,48,48164,1000,100,0,51,0,-1090,-1120,-1105
2026-09-19T15:38:49Z,CHAN,49,49164,1000,100,0,56,0,-1090,-1120,-1104
2026-09-19T15:38:50Z,CHAN,50,50164,1000,100,0,45,0,-1090,-1120,-1105
2026-09-19T15:38:51Z,CHAN,51,51164,1000,100,0,49,0,-1090,-1120,-1104
2026-09-19T15:38:52Z,CHAN,52,52164,1000,100,0,47,0,-1090,-1120,-1105
2026-09-19T15:38:53Z,CHAN,53,53164,1000,100,0,54,0,-1090,-1120,-1104
2026-09-19T15:38:54Z,CHAN,54,54164,1000,100,0,45,0,-1090,-1120,-1105
2026-09-19T15:38:55Z,CHAN,55,55164,1000,100,0,55,0,-1090,-1120,-1104
2026-09-19T15:38:56Z,CHAN,56,56164,1000,100,0,46,0,-1090,-1120,-1105
2026-09-19T15:38:57Z,CHAN,57,57164,1000,100,0,45,0,-1090,-1120,-1105
2026-09-19T15:38:58Z,CHAN,58,58164,1000,100,0,47,0,-1090,-1120,-1105
2026-09-19T15:38:59Z,CHAN,59,59164,1000,100,0,51,0,-1090,-1120,-1104
2026-09-19T15:39:00Z,CHAN,60,60164,1000,100,0,51,0,-1090,-1120,-1104
2026-09-19T15:39:01Z,CHAN,61,61164,1000,100,0,52,0,-1090,-1120,-1104
2026-09-19T15:39:02Z,CHAN,62,62164,1000,100,0,43,0,-1090,-1120,-1105
2026-09-19T15:39:03Z,CHAN,63,63164,1000,100,0,48,0,-1090,-1120,-1105
2026-09-19T15:39:04Z,CHAN,64,64164,1000,100,0,49,0,-1090,-1120,-1105
2026-09-19T15:39:05Z,CHAN,65,65164,1000,100,0,53,0,-1090,-1120,-1104
2026-09-19T15:39:06Z,CHAN,66,66164,1000,100,0,43,0,-1090,-1120,-1106
2026-09-19T15:39:07Z,CHAN,67,67164,1000,100,0,48,0,-1090,-1120,-1105
2026-09-19T15:39:08Z,CHAN,68,68164,1000,100,0,46,0,-1090,-1120,-1105
2026-09-19T15:39:09Z,CHAN,69,69164,1000,100,0,46,0,-1090,-1120,-1105
2026-09-19T15:39:09Z,CHANSUM,10,69,60,60000,6000,0,2671,0,60,0,-1090,-1130,-1120,-1121
2026-09-19T15:39:10Z,CHAN,70,70164,1000,100,0,40,0,-1090,-1120,-1106
2026-09-19T15:39:11Z,CHAN,71,71164,1000,100,0,51,0,-1090,-1120,-1105
2026-09-19T15:39:12Z,CHAN,72,72164,1000,100,0,44,0,-1090,-1120,-1106
2026-09-19T15:39:13Z,CHAN,73,73164,1000,100,0,45,0,-1090,-1120,-1106
2026-09-19T15:39:14Z,CHAN,74,74164,1000,100,0,48,0,-1090,-1120,-1105
2026-09-19T15:39:15Z,CHAN,75,75164,1000,100,0,43,0,-1090,-1120,-1106
2026-09-19T15:39:16Z,CHAN,76,76164,1000,100,0,51,0,-1090,-1120,-1104
2026-09-19T15:39:17Z,CHAN,77,77164,1000,100,0,46,0,-1090,-1120,-1105
2026-09-19T15:39:18Z,CHAN,78,78164,1000,100,0,44,0,-1090,-1120,-1105
2026-09-19T15:39:19Z,CHAN,79,79164,1000,100,0,52,0,-1090,-1120,-1105
2026-09-19T15:39:20Z,CHAN,80,80164,1000,100,0,45,0,-1090,-1120,-1105
2026-09-19T15:39:21Z,CHAN,81,81164,1000,100,0,49,0,-1090,-1120,-1105
2026-09-19T15:39:22Z,CHAN,82,82164,1000,100,0,49,0,-590,-1120,-1099
2026-09-19T15:39:23Z,CHAN,83,83164,1000,100,0,47,0,-1090,-1120,-1105
2026-09-19T15:39:24Z,CHAN,84,84164,1000,100,0,52,0,-1090,-1120,-1105
2026-09-19T15:39:25Z,CHAN,85,85164,1000,100,0,48,0,-1090,-1120,-1105
2026-09-19T15:39:26Z,CHAN,86,86164,1000,100,0,49,0,-1090,-1120,-1105
2026-09-19T15:39:27Z,CHAN,87,87164,1000,100,0,50,0,-1090,-1120,-1105
2026-09-19T15:39:28Z,CHAN,88,88164,1000,100,0,41,0,-1090,-1120,-1106
2026-09-19T15:39:29Z,CHAN,89,89164,1000,100,0,38,0,-1090,-1120,-1106
2026-09-19T15:39:30Z,CHAN,90,90164,1000,100,0,42,0,-1090,-1120,-1106
2026-09-19T15:39:31Z,CHAN,91,91164,1000,100,0,46,0,-1090,-1120,-1105
2026-09-19T15:39:32Z,CHAN,92,92164,1000,100,0,47,0,-1090,-1120,-1105
2026-09-19T15:39:33Z,CHAN,93,93164,1000,100,0,46,0,-1090,-1120,-1106
2026-09-19T15:39:34Z,CHAN,94,94164,1000,100,0,40,0,-1100,-1120,-1106
2026-09-19T15:39:35Z,CHAN,95,95164,1000,100,0,40,0,-1090,-1120,-1106
2026-09-19T15:39:36Z,CHAN,96,96164,1000,100,0,34,0,-1100,-1120,-1107
2026-09-19T15:39:37Z,CHAN,97,97164,1000,100,0,41,0,-1100,-1120,-1106
2026-09-19T15:39:38Z,CHAN,98,98164,1000,100,0,37,0,-1090,-1120,-1106
2026-09-19T15:39:39Z,CHAN,99,99164,1000,100,0,28,0,-1090,-1120,-1107
2026-09-19T15:39:40Z,CHAN,100,100164,1000,100,0,28,0,-1090,-1120,-1107
2026-09-19T15:39:41Z,CHAN,101,101164,1000,100,0,30,0,-1060,-1120,-1106
2026-09-19T15:39:42Z,CHAN,102,102164,1000,100,0,32,0,-1090,-1120,-1107
2026-09-19T15:39:43Z,CHAN,103,103164,1000,100,0,23,0,-1100,-1120,-1108
2026-09-19T15:39:44Z,CHAN,104,104164,1000,100,0,31,0,-1090,-1120,-1107
2026-09-19T15:39:45Z,CHAN,105,105164,1000,100,0,30,0,-1100,-1120,-1107
2026-09-19T15:39:46Z,CHAN,106,106164,1000,100,0,28,0,-1090,-1120,-1108
2026-09-19T15:39:47Z,CHAN,107,107164,1000,100,0,25,0,-1090,-1120,-1108
2026-09-19T15:39:48Z,CHAN,108,108164,1000,100,0,26,0,-1090,-1120,-1108
2026-09-19T15:39:49Z,CHAN,109,109164,1000,100,0,34,0,-1080,-1120,-1107
2026-09-19T15:39:50Z,CHAN,110,110164,1000,100,0,36,0,-1090,-1120,-1106
2026-09-19T15:39:51Z,CHAN,111,111164,1000,100,0,25,0,-1090,-1120,-1109
2026-09-19T15:39:52Z,CHAN,112,112164,1000,100,0,25,0,-1100,-1120,-1108
2026-09-19T15:39:53Z,CHAN,113,113164,1000,100,0,26,0,-1090,-1120,-1108
2026-09-19T15:39:54Z,CHAN,114,114164,1000,100,0,23,0,-1100,-1120,-1109
2026-09-19T15:39:55Z,CHAN,115,115164,1000,100,0,27,0,-1090,-1120,-1108
2026-09-19T15:39:56Z,CHAN,116,116164,1000,100,0,38,0,-1100,-1120,-1107
2026-09-19T15:39:57Z,CHAN,117,117164,1000,100,0,28,0,-1090,-1120,-1107
2026-09-19T15:39:58Z,CHAN,118,118164,1000,100,0,28,0,-1090,-1120,-1108
2026-09-19T15:39:59Z,CHAN,119,119164,1000,100,0,28,0,-1090,-1120,-1108
2026-09-19T15:40:00Z,CHAN,120,120164,1000,100,0,38,0,-1090,-1120,-1106
2026-09-19T15:40:01Z,CHAN,121,121164,1000,100,0,35,0,-1090,-1120,-1107
2026-09-19T15:40:02Z,CHAN,122,122164,1000,100,0,32,0,-1090,-1130,-1108
2026-09-19T15:40:03Z,CHAN,123,123164,1000,100,0,40,0,-1090,-1120,-1106
2026-09-19T15:40:04Z,CHAN,124,124164,1000,100,0,34,0,-1090,-1120,-1107
2026-09-19T15:40:05Z,CHAN,125,125164,1000,100,0,41,0,-1090,-1120,-1106
2026-09-19T15:40:06Z,CHAN,126,126164,1000,100,0,29,0,-1090,-1120,-1107
2026-09-19T15:40:07Z,CHAN,127,127164,1000,100,0,38,0,-1090,-1120,-1106
2026-09-19T15:40:08Z,CHAN,128,128164,1000,100,0,30,0,-1090,-1120,-1107
2026-09-19T15:40:09Z,CHAN,129,129164,1000,100,0,38,0,-1100,-1120,-1106
2026-09-19T15:40:09Z,CHANSUM,70,129,60,60000,6000,0,2259,0,60,0,-590,-1130,-1120,-1120
2026-09-19T15:40:10Z,CHAN,130,130164,1000,100,0,39,0,-1090,-1120,-1106
2026-09-19T15:40:11Z,CHAN,131,131164,1000,100,0,37,0,-1100,-1120,-1107
2026-09-19T15:40:12Z,CHAN,132,132164,1000,100,0,35,0,-1090,-1120,-1107
2026-09-19T15:40:13Z,CHAN,133,133164,1000,100,0,35,0,-1090,-1120,-1106
2026-09-19T15:40:14Z,CHAN,134,134164,1000,100,0,36,0,-1090,-1120,-1107
2026-09-19T15:40:15Z,CHAN,135,135164,1000,100,0,39,0,-1090,-1120,-1106
2026-09-19T15:40:16Z,CHAN,136,136164,1000,100,0,37,0,-1090,-1120,-1106
2026-09-19T15:40:17Z,CHAN,137,137164,1000,100,0,31,0,-1100,-1120,-1107
2026-09-19T15:40:18Z,CHAN,138,138164,1000,100,0,37,0,-1090,-1120,-1106
2026-09-19T15:40:19Z,CHAN,139,139164,1000,100,0,33,0,-1090,-1120,-1106
2026-09-19T15:40:20Z,CHAN,140,140164,1000,100,0,39,0,-1090,-1120,-1106
2026-09-19T15:40:21Z,CHAN,141,141164,1000,100,0,38,0,-1100,-1120,-1106
2026-09-19T15:40:22Z,CHAN,142,142164,1000,100,0,32,0,-1090,-1120,-1107
2026-09-19T15:40:23Z,CHAN,143,143164,1000,100,0,33,0,-1090,-1120,-1106
2026-09-19T15:40:24Z,CHAN,144,144164,1000,100,0,41,0,-1100,-1120,-1106
2026-09-19T15:40:25Z,CHAN,145,145164,1000,100,0,46,0,-1090,-1120,-1105
2026-09-19T15:40:26Z,CHAN,146,146164,1000,100,0,51,0,-1090,-1120,-1105
2026-09-19T15:40:27Z,CHAN,147,147164,1000,100,0,43,0,-1090,-1120,-1106
2026-09-19T15:40:28Z,CHAN,148,148164,1000,100,0,30,0,-1090,-1120,-1107
2026-09-19T15:40:29Z,CHAN,149,149164,1000,100,0,46,0,-1090,-1120,-1105
2026-09-19T15:40:30Z,CHAN,150,150164,1000,100,0,40,0,-1090,-1120,-1106
2026-09-19T15:40:31Z,CHAN,151,151164,1000,100,0,35,0,-1090,-1120,-1107
2026-09-19T15:40:32Z,CHAN,152,152164,1000,100,0,35,0,-1090,-1120,-1106
2026-09-19T15:40:33Z,CHAN,153,153164,1000,100,0,39,0,-1090,-1120,-1106
2026-09-19T15:40:34Z,CHAN,154,154164,1000,100,0,42,0,-1100,-1120,-1106
2026-09-19T15:40:35Z,CHAN,155,155164,1000,100,0,47,0,-1090,-1120,-1105
2026-09-19T15:40:36Z,CHAN,156,156164,1000,100,0,36,0,-1090,-1120,-1106
2026-09-19T15:40:37Z,CHAN,157,157164,1000,100,0,40,0,-1090,-1120,-1105
2026-09-19T15:40:38Z,CHAN,158,158164,1000,100,0,39,0,-1090,-1120,-1106
2026-09-19T15:40:39Z,CHAN,159,159164,1000,100,0,36,0,-1100,-1120,-1106
2026-09-19T15:40:40Z,CHAN,160,160164,1000,100,0,43,0,-1070,-1120,-1104
2026-09-19T15:40:41Z,CHAN,161,161164,1000,100,0,42,0,-1090,-1120,-1105
2026-09-19T15:40:42Z,CHAN,162,162164,1000,100,0,38,0,-1090,-1120,-1106
2026-09-19T15:40:43Z,CHAN,163,163164,1000,100,0,43,0,-1090,-1120,-1105
2026-09-19T15:40:44Z,CHAN,164,164164,1000,100,0,45,0,-1090,-1120,-1105
2026-09-19T15:40:45Z,CHAN,165,165164,1000,100,0,42,0,-1090,-1120,-1106
2026-09-19T15:40:46Z,CHAN,166,166164,1000,100,0,35,0,-1090,-1120,-1107
2026-09-19T15:40:47Z,CHAN,167,167164,1000,100,0,42,0,-1100,-1120,-1106
2026-09-19T15:40:48Z,CHAN,168,168164,1000,100,0,33,0,-1090,-1120,-1107
2026-09-19T15:40:49Z,CHAN,169,169164,1000,100,0,43,0,-1090,-1120,-1106
2026-09-19T15:40:50Z,CHAN,170,170164,1000,100,0,47,0,-1090,-1120,-1105
2026-09-19T15:40:51Z,CHAN,171,171164,1000,100,0,43,0,-1090,-1120,-1105
2026-09-19T15:40:52Z,CHAN,172,172164,1000,100,0,42,0,-1100,-1120,-1106
2026-09-19T15:40:53Z,CHAN,173,173164,1000,100,0,35,0,-1090,-1120,-1106
2026-09-19T15:40:54Z,CHAN,174,174164,1000,100,0,41,0,-1090,-1120,-1106
2026-09-19T15:40:55Z,CHAN,175,175164,1000,100,0,43,0,-1090,-1120,-1106
2026-09-19T15:40:56Z,CHAN,176,176164,1000,100,0,35,0,-1090,-1120,-1107
2026-09-19T15:40:57Z,CHAN,177,177164,1000,100,0,39,0,-1090,-1130,-1106
2026-09-19T15:40:58Z,CHAN,178,178164,1000,100,0,45,0,-1100,-1120,-1105
2026-09-19T15:40:59Z,CHAN,179,179164,1000,100,0,38,0,-1090,-1120,-1107
2026-09-19T15:41:00Z,CHAN,180,180164,1000,100,0,42,0,-1090,-1120,-1106
2026-09-19T15:41:01Z,CHAN,181,181164,1000,100,0,43,0,-1090,-1120,-1106
2026-09-19T15:41:02Z,CHAN,182,182164,1000,100,0,47,0,-1090,-1120,-1105
2026-09-19T15:41:03Z,CHAN,183,183164,1000,100,0,34,0,-1100,-1120,-1107
2026-09-19T15:41:04Z,CHAN,184,184164,1000,100,0,40,0,-1090,-1120,-1106
2026-09-19T15:41:05Z,CHAN,185,185164,1000,100,0,39,0,-1090,-1120,-1106
2026-09-19T15:41:06Z,CHAN,186,186164,1000,100,0,42,0,-1100,-1120,-1106
2026-09-19T15:41:07Z,CHAN,187,187164,1000,100,0,35,0,-1090,-1120,-1106
2026-09-19T15:41:08Z,CHAN,188,188164,1000,100,0,29,0,-1090,-1120,-1108
2026-09-19T15:41:09Z,CHAN,189,189164,1000,100,0,36,0,-1090,-1120,-1106
2026-09-19T15:41:09Z,CHANSUM,130,189,60,60000,6000,0,2348,0,60,0,-1070,-1130,-1120,-1120
2026-09-19T15:41:10Z,CHAN,190,190164,1000,100,0,39,0,-1100,-1120,-1106
2026-09-19T15:41:11Z,CHAN,191,191164,1000,100,0,53,0,-1090,-1120,-1105
2026-09-19T15:41:12Z,CHAN,192,192164,1000,100,0,37,0,-1090,-1120,-1106
2026-09-19T15:41:13Z,CHAN,193,193164,1000,100,0,29,0,-1100,-1120,-1107
2026-09-19T15:41:14Z,CHAN,194,194164,1000,100,0,38,0,-1090,-1120,-1106
2026-09-19T15:41:15Z,CHAN,195,195164,1000,100,0,40,0,-1090,-1120,-1105
2026-09-19T15:41:16Z,CHAN,196,196164,1000,100,0,37,0,-1090,-1120,-1107
2026-09-19T15:41:17Z,CHAN,197,197164,1000,100,0,31,0,-1090,-1120,-1107
2026-09-19T15:41:18Z,CHAN,198,198164,1000,100,0,35,0,-1090,-1120,-1107
2026-09-19T15:41:19Z,CHAN,199,199164,1000,100,0,34,0,-1090,-1120,-1106
2026-09-19T15:41:20Z,CHAN,200,200164,1000,100,0,26,0,-1090,-1120,-1107
2026-09-19T15:41:21Z,CHAN,201,201164,1000,100,0,33,0,-1090,-1120,-1107
2026-09-19T15:41:22Z,CHAN,202,202164,1000,100,0,30,0,-1090,-1120,-1107
2026-09-19T15:41:23Z,CHAN,203,203164,1000,100,0,32,0,-1100,-1120,-1107
2026-09-19T15:41:24Z,CHAN,204,204164,1000,100,0,20,0,-1100,-1120,-1108
2026-09-19T15:41:25Z,CHAN,205,205164,1000,100,0,34,0,-1100,-1120,-1107
2026-09-19T15:41:26Z,CHAN,206,206164,1000,100,0,31,0,-1100,-1120,-1107
2026-09-19T15:41:27Z,CHAN,207,207164,1000,100,0,24,0,-1090,-1120,-1108
2026-09-19T15:41:28Z,CHAN,208,208164,1000,100,0,19,0,-1100,-1120,-1109
2026-09-19T15:41:29Z,CHAN,209,209164,1000,100,0,29,0,-1090,-1120,-1108
2026-09-19T15:41:30Z,CHAN,210,210164,1000,100,0,26,0,-1090,-1130,-1109
2026-09-19T15:41:31Z,CHAN,211,211164,1000,100,0,25,0,-1100,-1130,-1109
2026-09-19T15:41:32Z,CHAN,212,212164,1000,100,0,30,0,-1100,-1130,-1108
2026-09-19T15:41:33Z,CHAN,213,213164,1000,100,0,28,0,-600,-1120,-1103
2026-09-19T15:41:34Z,CHAN,214,214164,1000,100,0,14,0,-1090,-1120,-1111
2026-09-19T15:41:35Z,CHAN,215,215164,1000,100,0,24,0,-1090,-1120,-1109
2026-09-19T15:41:36Z,CHAN,216,216164,1000,100,0,20,0,-1090,-1120,-1109
2026-09-19T15:41:37Z,CHAN,217,217164,1000,100,0,23,0,-1100,-1120,-1109
2026-09-19T15:41:38Z,CHAN,218,218164,1000,100,0,28,0,-1100,-1130,-1109
2026-09-19T15:41:39Z,CHAN,219,219164,1000,100,0,18,0,-1090,-1130,-1110
2026-09-19T15:41:40Z,CHAN,220,220164,1000,100,0,32,0,-1090,-1130,-1108
2026-09-19T15:41:41Z,CHAN,221,221164,1000,100,0,21,0,-1100,-1130,-1110
2026-09-19T15:41:42Z,CHAN,222,222164,1000,100,0,20,0,-1090,-1130,-1110
2026-09-19T15:41:43Z,CHAN,223,223164,1000,100,0,27,0,-1090,-1130,-1109
2026-09-19T15:41:44Z,CHAN,224,224164,1000,100,0,16,0,-1090,-1130,-1111
2026-09-19T15:41:45Z,CHAN,225,225164,1000,100,0,19,0,-1090,-1130,-1110
2026-09-19T15:41:46Z,CHAN,226,226164,1000,100,0,24,0,-1090,-1130,-1110
2026-09-19T15:41:47Z,CHAN,227,227164,1000,100,0,21,0,-1090,-1130,-1109
2026-09-19T15:41:48Z,CHAN,228,228164,1000,100,0,21,0,-1090,-1130,-1109
2026-09-19T15:41:49Z,CHAN,229,229164,1000,100,0,28,0,-1090,-1130,-1109
2026-09-19T15:41:50Z,CHAN,230,230164,1000,100,0,25,0,-1090,-1130,-1110
2026-09-19T15:41:51Z,CHAN,231,231164,1000,100,0,32,0,-1100,-1130,-1110
2026-09-19T15:41:52Z,CHAN,232,232164,1000,100,0,27,0,-1090,-1120,-1108
2026-09-19T15:41:53Z,CHAN,233,233164,1000,100,0,25,0,-1100,-1130,-1109
2026-09-19T15:41:54Z,CHAN,234,234164,1000,100,0,23,0,-1100,-1130,-1109
2026-09-19T15:41:55Z,CHAN,235,235164,1000,100,0,29,0,-1090,-1130,-1108
2026-09-19T15:41:56Z,CHAN,236,236164,1000,100,0,35,0,-1090,-1130,-1108
2026-09-19T15:41:57Z,CHAN,237,237164,1000,100,0,18,0,-1100,-1130,-1110
2026-09-19T15:41:58Z,CHAN,238,238164,1000,100,0,23,0,-1100,-1130,-1109
2026-09-19T15:41:59Z,CHAN,239,239164,1000,100,0,13,0,-1100,-1130,-1110
2026-09-19T15:42:00Z,CHAN,240,240164,1000,100,0,19,0,-1100,-1130,-1110
2026-09-19T15:42:01Z,CHAN,241,241164,1000,100,0,27,0,-1090,-1130,-1109
2026-09-19T15:42:02Z,CHAN,242,242164,1000,100,0,26,0,-1090,-1130,-1109
2026-09-19T15:42:03Z,CHAN,243,243164,1000,100,0,23,0,-1090,-1120,-1109
2026-09-19T15:42:04Z,CHAN,244,244164,1000,100,0,27,0,-1100,-1120,-1108
2026-09-19T15:42:05Z,CHAN,245,245164,1000,100,0,21,0,-1100,-1130,-1109
2026-09-19T15:42:06Z,CHAN,246,246164,1000,100,0,24,0,-1100,-1140,-1110
2026-09-19T15:42:07Z,CHAN,247,247164,1000,100,0,24,0,-1100,-1130,-1108
2026-09-19T15:42:08Z,CHAN,248,248164,1000,100,0,21,0,-1100,-1130,-1109
2026-09-19T15:42:09Z,CHAN,249,249164,1000,100,0,27,0,-1090,-1130,-1108
2026-09-19T15:42:09Z,CHANSUM,190,249,60,60000,6000,0,1605,0,60,0,-600,-1140,-1120,-1125
2026-09-19T15:42:10Z,CHAN,250,250164,1000,100,0,32,0,-1090,-1120,-1107
2026-09-19T15:42:11Z,CHAN,251,251164,1000,100,0,31,0,-1100,-1120,-1108
2026-09-19T15:42:12Z,CHAN,252,252164,1000,100,0,34,0,-1090,-1120,-1107
2026-09-19T15:42:13Z,CHAN,253,253164,1000,100,0,35,0,-1100,-1120,-1107
2026-09-19T15:42:14Z,CHAN,254,254164,1000,100,0,30,0,-1090,-1120,-1107
2026-09-19T15:42:15Z,CHAN,255,255164,1000,100,0,33,0,-1100,-1120,-1107
2026-09-19T15:42:16Z,CHAN,256,256164,1000,100,0,25,0,-1090,-1120,-1109
2026-09-19T15:42:17Z,CHAN,257,257164,1000,100,0,33,0,-1090,-1120,-1107
2026-09-19T15:42:18Z,CHAN,258,258164,1000,100,0,29,0,-1100,-1120,-1108
2026-09-19T15:42:19Z,CHAN,259,259164,1000,100,0,25,0,-1090,-1120,-1108
2026-09-19T15:42:20Z,CHAN,260,260164,1000,100,0,19,0,-1090,-1120,-1109
2026-09-19T15:42:21Z,CHAN,261,261164,1000,100,0,24,0,-1090,-1120,-1108
2026-09-19T15:42:22Z,CHAN,262,262164,1000,100,0,33,0,-1100,-1120,-1108
2026-09-19T15:42:23Z,CHAN,263,263164,1000,100,0,30,0,-1100,-1120,-1108
2026-09-19T15:42:24Z,CHAN,264,264164,1000,100,0,23,0,-1100,-1130,-1108
2026-09-19T15:42:25Z,CHAN,265,265164,1000,100,0,31,0,-1090,-1120,-1108
2026-09-19T15:42:26Z,CHAN,266,266164,1000,100,0,23,0,-1090,-1130,-1109
2026-09-19T15:42:27Z,CHAN,267,267164,1000,100,0,30,0,-1100,-1120,-1108
2026-09-19T15:42:28Z,CHAN,268,268164,1000,100,0,29,0,-1090,-1120,-1107
2026-09-19T15:42:29Z,CHAN,269,269164,1000,100,0,26,0,-1100,-1130,-1108
2026-09-19T15:42:30Z,CHAN,270,270164,1000,100,0,27,0,-1100,-1120,-1108
2026-09-19T15:42:31Z,CHAN,271,271164,1000,100,0,31,0,-1090,-1120,-1107
2026-09-19T15:42:32Z,CHAN,272,272164,1000,100,0,32,0,-1090,-1120,-1108
2026-09-19T15:42:33Z,CHAN,273,273164,1000,100,0,28,0,-1100,-1120,-1108
2026-09-19T15:42:34Z,CHAN,274,274164,1000,100,0,28,0,-1100,-1120,-1108
2026-09-19T15:42:35Z,CHAN,275,275164,1000,100,0,23,0,-1090,-1120,-1108
2026-09-19T15:42:36Z,CHAN,276,276164,1000,100,0,23,0,-1100,-1120,-1108
2026-09-19T15:42:37Z,CHAN,277,277164,1000,100,0,29,0,-1090,-1120,-1108
2026-09-19T15:42:38Z,CHAN,278,278164,1000,100,0,26,0,-1090,-1130,-1108
2026-09-19T15:42:39Z,CHAN,279,279164,1000,100,0,31,0,-1070,-1120,-1107
2026-09-19T15:42:40Z,CHAN,280,280164,1000,100,0,19,0,-1100,-1130,-1109
2026-09-19T15:42:41Z,CHAN,281,281164,1000,100,0,25,0,-1090,-1120,-1108
2026-09-19T15:42:42Z,CHAN,282,282164,1000,100,0,24,0,-1100,-1120,-1108
2026-09-19T15:42:43Z,CHAN,283,283164,1000,100,0,19,0,-1090,-1130,-1109
2026-09-19T15:42:44Z,CHAN,284,284164,1000,100,0,21,0,-1100,-1120,-1109
2026-09-19T15:42:45Z,CHAN,285,285164,1000,100,0,27,0,-1090,-1120,-1108
2026-09-19T15:42:46Z,CHAN,286,286164,1000,100,0,28,0,-1100,-1120,-1108
2026-09-19T15:42:47Z,CHAN,287,287164,1000,100,0,23,0,-1100,-1120,-1109
2026-09-19T15:42:48Z,CHAN,288,288164,1000,100,0,16,0,-1100,-1120,-1109
2026-09-19T15:42:49Z,CHAN,289,289164,1000,100,0,16,0,-1090,-1120,-1110
2026-09-19T15:42:50Z,CHAN,290,290164,1000,100,0,17,0,-1100,-1120,-1109
2026-09-19T15:42:51Z,CHAN,291,291164,1000,100,0,18,0,-1100,-1130,-1109
2026-09-19T15:42:52Z,CHAN,292,292164,1000,100,0,25,0,-1100,-1120,-1109
2026-09-19T15:42:53Z,CHAN,293,293164,1000,100,0,21,0,-1100,-1120,-1109
2026-09-19T15:42:54Z,CHAN,294,294164,1000,100,0,18,0,-1100,-1130,-1109
2026-09-19T15:42:55Z,CHAN,295,295164,1000,100,0,14,0,-1100,-1120,-1110
2026-09-19T15:42:56Z,CHAN,296,296164,1000,100,0,22,0,-1100,-1120,-1109
2026-09-19T15:42:57Z,CHAN,297,297164,1000,100,0,26,0,-1100,-1120,-1109
2026-09-19T15:42:58Z,CHAN,298,298164,1000,100,0,16,0,-1100,-1120,-1111
2026-09-19T15:42:59Z,CHAN,299,299164,1000,100,0,17,0,-1100,-1120,-1110
2026-09-19T15:43:00Z,CHAN,300,300164,1000,100,0,16,0,-1090,-1120,-1110
2026-09-19T15:43:01Z,CHAN,301,301164,1000,100,0,12,0,-1100,-1130,-1112
2026-09-19T15:43:02Z,CHAN,302,302164,1000,100,0,14,0,-1100,-1130,-1111
2026-09-19T15:43:03Z,CHAN,303,303164,1000,100,0,16,0,-1100,-1120,-1110
2026-09-19T15:43:04Z,CHAN,304,304164,1000,100,0,24,0,-1100,-1120,-1110
2026-09-19T15:43:05Z,CHAN,305,305164,1000,100,0,16,0,-1090,-1120,-1110
2026-09-19T15:43:06Z,CHAN,306,306164,1000,100,0,12,0,-1090,-1120,-1110
2026-09-19T15:43:07Z,CHAN,307,307164,1000,100,0,21,0,-1090,-1120,-1110
2026-09-19T15:43:08Z,CHAN,308,308164,1000,100,0,16,0,-1100,-1120,-1110
2026-09-19T15:43:09Z,CHAN,309,309164,1000,100,0,17,0,-1090,-1130,-1110
2026-09-19T15:43:09Z,CHANSUM,250,309,60,60000,6000,0,1429,0,60,0,-1070,-1130,-1120,-1121
2026-09-19T15:43:10Z,CHAN,310,310164,1000,100,0,22,0,-1090,-1120,-1109
2026-09-19T15:43:11Z,CHAN,311,311164,1000,100,0,18,0,-1100,-1120,-1110
2026-09-19T15:43:12Z,CHAN,312,312164,1000,100,0,21,0,-1090,-1120,-1110
2026-09-19T15:43:13Z,CHAN,313,313164,1000,100,0,17,0,-1100,-1130,-1111
2026-09-19T15:43:14Z,CHAN,314,314164,1000,100,0,18,0,-1100,-1130,-1111
2026-09-19T15:43:15Z,CHAN,315,315164,1000,100,0,17,0,-1100,-1120,-1110
2026-09-19T15:43:16Z,CHAN,316,316164,1000,100,0,25,0,-1090,-1120,-1109
2026-09-19T15:43:17Z,CHAN,317,317164,1000,100,0,24,0,-1090,-1120,-1109
2026-09-19T15:43:18Z,CHAN,318,318164,1000,100,0,24,0,-1090,-1120,-1109
2026-09-19T15:43:19Z,CHAN,319,319164,1000,100,0,22,0,-1100,-1130,-1111
2026-09-19T15:43:20Z,CHAN,320,320164,1000,100,0,15,0,-1090,-1130,-1110
2026-09-19T15:43:21Z,CHAN,321,321164,1000,100,0,18,0,-1090,-1130,-1110
2026-09-19T15:43:22Z,CHAN,322,322164,1000,100,0,26,0,-1090,-1130,-1109
2026-09-19T15:43:23Z,CHAN,323,323164,1000,100,0,24,0,-1090,-1130,-1110
2026-09-19T15:43:24Z,CHAN,324,324164,1000,100,0,22,0,-1090,-1120,-1110
2026-09-19T15:43:25Z,CHAN,325,325164,1000,100,0,25,0,-1100,-1130,-1110
2026-09-19T15:43:26Z,CHAN,326,326164,1000,100,0,21,0,-1100,-1130,-1110
2026-09-19T15:43:27Z,CHAN,327,327164,1000,100,0,23,0,-1090,-1130,-1109
2026-09-19T15:43:28Z,CHAN,328,328164,1000,100,0,28,0,-1090,-1120,-1109
2026-09-19T15:43:29Z,CHAN,329,329164,1000,100,0,24,0,-1090,-1130,-1110
2026-09-19T15:43:30Z,CHAN,330,330164,1000,100,0,29,0,-1090,-1130,-1109
2026-09-19T15:43:31Z,CHAN,331,331164,1000,100,0,25,0,-1090,-1130,-1109
2026-09-19T15:43:32Z,CHAN,332,332164,1000,100,0,30,0,-1090,-1130,-1108
2026-09-19T15:43:33Z,CHAN,333,333164,1000,100,0,31,0,-1090,-1130,-1109
2026-09-19T15:43:34Z,CHAN,334,334164,1000,100,0,27,0,-1090,-1130,-1110
2026-09-19T15:43:35Z,CHAN,335,335164,1000,100,0,22,0,-1090,-1130,-1110
2026-09-19T15:43:36Z,CHAN,336,336164,1000,100,0,24,0,-1090,-1120,-1109
2026-09-19T15:43:37Z,CHAN,337,337164,1000,100,0,26,0,-1090,-1130,-1109
2026-09-19T15:43:38Z,CHAN,338,338164,1000,100,0,21,0,-1090,-1120,-1109
2026-09-19T15:43:39Z,CHAN,339,339164,1000,100,0,35,0,-1090,-1130,-1108
2026-09-19T15:43:40Z,CHAN,340,340164,1000,100,0,32,0,-1090,-1130,-1109
2026-09-19T15:43:41Z,CHAN,341,341164,1000,100,0,24,0,-1100,-1120,-1109
2026-09-19T15:43:42Z,CHAN,342,342164,1000,100,0,29,0,-1100,-1130,-1109
2026-09-19T15:43:43Z,CHAN,343,343164,1000,100,0,33,0,-880,-1130,-1098
2026-09-19T15:43:44Z,CHAN,344,344164,1000,100,0,28,0,-610,-1140,-1104
2026-09-19T15:43:45Z,CHAN,345,345164,1000,100,0,28,0,-1100,-1130,-1109
2026-09-19T15:43:46Z,CHAN,346,346164,1000,100,0,24,0,-1090,-1130,-1109
2026-09-19T15:43:47Z,CHAN,347,347164,1000,100,0,27,0,-1100,-1120,-1109
2026-09-19T15:43:48Z,CHAN,348,348164,1000,100,0,31,0,-1090,-1130,-1109
2026-09-19T15:43:49Z,CHAN,349,349164,1000,100,0,29,0,-1090,-1120,-1109
2026-09-19T15:43:50Z,CHAN,350,350164,1000,100,0,34,0,-1100,-1130,-1108
2026-09-19T15:43:51Z,CHAN,351,351164,1000,100,0,20,0,-1090,-1120,-1110
2026-09-19T15:43:52Z,CHAN,352,352164,1000,100,0,31,0,-1090,-1120,-1108
2026-09-19T15:43:53Z,CHAN,353,353164,1000,100,0,30,0,-1090,-1120,-1108
2026-09-19T15:43:54Z,CHAN,354,354164,1000,100,0,33,0,-1090,-1120,-1108
2026-09-19T15:43:55Z,CHAN,355,355164,1000,100,0,22,0,-1090,-1130,-1109
2026-09-19T15:43:56Z,CHAN,356,356164,1000,100,0,32,0,-1090,-1130,-1108
2026-09-19T15:43:57Z,CHAN,357,357164,1000,100,0,36,0,-1100,-1120,-1107
2026-09-19T15:43:58Z,CHAN,358,358164,1000,100,0,27,0,-1090,-1120,-1108
2026-09-19T15:43:59Z,CHAN,359,359164,1000,100,0,37,0,-1090,-1120,-1108
2026-09-19T15:44:00Z,CHAN,360,360164,1000,100,0,25,0,-1090,-1120,-1109
2026-09-19T15:44:01Z,CHAN,361,361164,1000,100,0,26,0,-1090,-1120,-1109
2026-09-19T15:44:02Z,CHAN,362,362164,1000,100,0,27,0,-1090,-1120,-1109
2026-09-19T15:44:03Z,CHAN,363,363164,1000,100,0,25,0,-1090,-1120,-1108
2026-09-19T15:44:04Z,CHAN,364,364164,1000,100,0,28,0,-1090,-1120,-1108
2026-09-19T15:44:05Z,CHAN,365,365164,1000,100,0,25,0,-1100,-1120,-1109
2026-09-19T15:44:06Z,CHAN,366,366164,1000,100,0,25,0,-1100,-1130,-1109
2026-09-19T15:44:07Z,CHAN,367,367164,1000,100,0,33,0,-1090,-1120,-1108
2026-09-19T15:44:08Z,CHAN,368,368164,1000,100,0,20,0,-1090,-1120,-1109
2026-09-19T15:44:09Z,CHAN,369,369164,1000,100,0,26,0,-1090,-1120,-1109
2026-09-19T15:44:09Z,CHANSUM,310,369,60,60000,6000,0,1551,0,60,0,-610,-1140,-1120,-1125
2026-09-19T15:44:10Z,CHAN,370,370164,1000,100,0,29,0,-1090,-1120,-1109
2026-09-19T15:44:11Z,CHAN,371,371164,1000,100,0,25,0,-1090,-1130,-1109
2026-09-19T15:44:12Z,CHAN,372,372164,1000,100,0,29,0,-1090,-1130,-1108
2026-09-19T15:44:13Z,CHAN,373,373164,1000,100,0,33,0,-1090,-1130,-1108
2026-09-19T15:44:14Z,CHAN,374,374164,1000,100,0,28,0,-1090,-1130,-1108
2026-09-19T15:44:15Z,CHAN,375,375164,1000,100,0,29,0,-1090,-1120,-1109
2026-09-19T15:44:16Z,CHAN,376,376164,1000,100,0,31,0,-1090,-1130,-1109
2026-09-19T15:44:17Z,CHAN,377,377164,1000,100,0,23,0,-1090,-1120,-1108
2026-09-19T15:44:18Z,CHAN,378,378164,1000,100,0,28,0,-1090,-1120,-1107
2026-09-19T15:44:19Z,CHAN,379,379164,1000,100,0,33,0,-1090,-1130,-1108
2026-09-19T15:44:20Z,CHAN,380,380164,1000,100,0,26,0,-1090,-1120,-1108
2026-09-19T15:44:21Z,CHAN,381,381164,1000,100,0,35,0,-1090,-1130,-1108
2026-09-19T15:44:22Z,CHAN,382,382164,1000,100,0,29,0,-1090,-1130,-1108
2026-09-19T15:44:23Z,CHAN,383,383164,1000,100,0,25,0,-1100,-1120,-1109
2026-09-19T15:44:24Z,CHAN,384,384164,1000,100,0,32,0,-1090,-1120,-1108
2026-09-19T15:44:25Z,CHAN,385,385164,1000,100,0,27,0,-1100,-1130,-1109
2026-09-19T15:44:26Z,CHAN,386,386164,1000,100,0,29,0,-1090,-1130,-1108
2026-09-19T15:44:27Z,CHAN,387,387164,1000,100,0,28,0,-1090,-1120,-1108
2026-09-19T15:44:28Z,CHAN,388,388164,1000,100,0,30,0,-1090,-1120,-1108
2026-09-19T15:44:29Z,CHAN,389,389164,1000,100,0,29,0,-1090,-1120,-1108
2026-09-19T15:44:30Z,CHAN,390,390164,1000,100,0,37,0,-1090,-1130,-1107
2026-09-19T15:44:31Z,CHAN,391,391164,1000,100,0,29,0,-1090,-1120,-1109
2026-09-19T15:44:32Z,CHAN,392,392164,1000,100,0,30,0,-1090,-1120,-1108
2026-09-19T15:44:33Z,CHAN,393,393164,1000,100,0,26,0,-1100,-1120,-1108
2026-09-19T15:44:34Z,CHAN,394,394164,1000,100,0,24,0,-1090,-1120,-1109
2026-09-19T15:44:35Z,CHAN,395,395164,1000,100,0,30,0,-1090,-1130,-1108
2026-09-19T15:44:36Z,CHAN,396,396164,1000,100,0,20,0,-1090,-1130,-1110
2026-09-19T15:44:37Z,CHAN,397,397164,1000,100,0,18,0,-1100,-1130,-1110
2026-09-19T15:44:38Z,CHAN,398,398164,1000,100,0,21,0,-1100,-1130,-1109
2026-09-19T15:44:39Z,CHAN,399,399164,1000,100,0,19,0,-1100,-1120,-1111
2026-09-19T15:44:40Z,CHAN,400,400164,1000,100,0,24,0,-1100,-1130,-1110
2026-09-19T15:44:41Z,CHAN,401,401164,1000,100,0,25,0,-1100,-1120,-1110
2026-09-19T15:44:42Z,CHAN,402,402164,1000,100,0,13,0,-1100,-1120,-1110
2026-09-19T15:44:43Z,CHAN,403,403164,1000,100,0,12,0,-1100,-1130,-1111
2026-09-19T15:44:44Z,CHAN,404,404164,1000,100,0,20,0,-1100,-1120,-1110
2026-09-19T15:44:45Z,CHAN,405,405164,1000,100,0,16,0,-1100,-1130,-1111
2026-09-19T15:44:46Z,CHAN,406,406164,1000,100,0,6,0,-1100,-1130,-1111
2026-09-19T15:44:47Z,CHAN,407,407164,1000,100,0,15,0,-1100,-1120,-1111
2026-09-19T15:44:48Z,CHAN,408,408164,1000,100,0,13,0,-1100,-1120,-1111
2026-09-19T15:44:49Z,CHAN,409,409164,1000,100,0,15,0,-1100,-1130,-1110
2026-09-19T15:44:50Z,CHAN,410,410164,1000,100,0,10,0,-1100,-1130,-1111
2026-09-19T15:44:51Z,CHAN,411,411164,1000,100,0,14,0,-1100,-1130,-1111
2026-09-19T15:44:52Z,CHAN,412,412164,1000,100,0,12,0,-1100,-1120,-1111
2026-09-19T15:44:53Z,CHAN,413,413164,1000,100,0,18,0,-1100,-1130,-1111
2026-09-19T15:44:54Z,CHAN,414,414164,1000,100,0,10,0,-1090,-1120,-1112
2026-09-19T15:44:55Z,CHAN,415,415164,1000,100,0,19,0,-1020,-1120,-1108
2026-09-19T15:44:56Z,CHAN,416,416164,1000,100,0,14,0,-1100,-1130,-1111
2026-09-19T15:44:57Z,CHAN,417,417164,1000,100,0,12,0,-1100,-1120,-1111
2026-09-19T15:44:58Z,CHAN,418,418164,1000,100,0,17,0,-1100,-1130,-1110
2026-09-19T15:44:59Z,CHAN,419,419164,1000,100,0,14,0,-1100,-1130,-1112
2026-09-19T15:45:00Z,CHAN,420,420164,1000,100,0,8,0,-1100,-1120,-1112
2026-09-19T15:45:01Z,CHAN,421,421164,1000,100,0,15,0,-1100,-1130,-1112
2026-09-19T15:45:02Z,CHAN,422,422164,1000,100,0,12,0,-1100,-1130,-1111
2026-09-19T15:45:03Z,CHAN,423,423164,1000,100,0,19,0,-1100,-1130,-1111
2026-09-19T15:45:04Z,CHAN,424,424164,1000,100,0,13,0,-1100,-1130,-1111
2026-09-19T15:45:05Z,CHAN,425,425164,1000,100,0,16,0,-1100,-1120,-1111
2026-09-19T15:45:06Z,CHAN,426,426164,1000,100,0,12,0,-1100,-1120,-1111
2026-09-19T15:45:07Z,CHAN,427,427164,1000,100,0,18,0,-1100,-1130,-1111
2026-09-19T15:45:08Z,CHAN,428,428164,1000,100,0,17,0,-1100,-1120,-1110
2026-09-19T15:45:09Z,CHAN,429,429164,1000,100,0,18,0,-1090,-1120,-1110
2026-09-19T15:45:09Z,CHANSUM,370,429,60,60000,6000,0,1279,0,60,0,-1020,-1130,-1120,-1125
2026-09-19T15:45:10Z,CHAN,430,430164,1000,100,0,12,0,-1100,-1120,-1110
2026-09-19T15:45:11Z,CHAN,431,431164,1000,100,0,19,0,-1100,-1120,-1109
2026-09-19T15:45:12Z,CHAN,432,432164,1000,100,0,22,0,-1100,-1120,-1109
2026-09-19T15:45:13Z,CHAN,433,433164,1000,100,0,17,0,-1100,-1120,-1110
2026-09-19T15:45:14Z,CHAN,434,434164,1000,100,0,19,0,-1100,-1120,-1110
2026-09-19T15:45:15Z,CHAN,435,435164,1000,100,0,14,0,-1100,-1120,-1110
2026-09-19T15:45:16Z,CHAN,436,436164,1000,100,0,19,0,-1100,-1120,-1109
2026-09-19T15:45:17Z,CHAN,437,437164,1000,100,0,20,0,-1100,-1120,-1110
2026-09-19T15:45:18Z,CHAN,438,438164,1000,100,0,15,0,-1100,-1120,-1110
2026-09-19T15:45:19Z,CHAN,439,439164,1000,100,0,18,0,-1100,-1120,-1109
2026-09-19T15:45:20Z,CHAN,440,440164,1000,100,0,17,0,-1100,-1120,-1109
2026-09-19T15:45:21Z,CHAN,441,441164,1000,100,0,23,0,-1090,-1120,-1108
2026-09-19T15:45:22Z,CHAN,442,442164,1000,100,0,20,0,-1100,-1120,-1109
2026-09-19T15:45:23Z,CHAN,443,443164,1000,100,0,24,0,-1100,-1120,-1108
2026-09-19T15:45:24Z,CHAN,444,444164,1000,100,0,18,0,-1090,-1120,-1109
2026-09-19T15:45:25Z,CHAN,445,445164,1000,100,0,19,0,-1100,-1120,-1109
2026-09-19T15:45:26Z,CHAN,446,446164,1000,100,0,19,0,-1100,-1130,-1109
2026-09-19T15:45:27Z,CHAN,447,447164,1000,100,0,18,0,-1100,-1130,-1109
2026-09-19T15:45:28Z,CHAN,448,448164,1000,100,0,22,0,-1100,-1120,-1108
2026-09-19T15:45:29Z,CHAN,449,449164,1000,100,0,20,0,-1090,-1120,-1109
2026-09-19T15:45:30Z,CHAN,450,450164,1000,100,0,10,0,-1090,-1120,-1110
2026-09-19T15:45:31Z,CHAN,451,451164,1000,100,0,19,0,-1100,-1120,-1109
2026-09-19T15:45:32Z,CHAN,452,452164,1000,100,0,28,0,-1090,-1120,-1109
2026-09-19T15:45:33Z,CHAN,453,453164,1000,100,0,29,0,-1100,-1120,-1108
2026-09-19T15:45:34Z,CHAN,454,454164,1000,100,0,20,0,-1090,-1120,-1109
2026-09-19T15:45:35Z,CHAN,455,455164,1000,100,0,20,0,-1100,-1120,-1109
2026-09-19T15:45:36Z,CHAN,456,456164,1000,100,0,18,0,-1100,-1120,-1109
2026-09-19T15:45:37Z,CHAN,457,457164,1000,100,0,31,0,-1100,-1130,-1108
2026-09-19T15:45:38Z,CHAN,458,458164,1000,100,0,15,0,-1100,-1120,-1109
2026-09-19T15:45:39Z,CHAN,459,459164,1000,100,0,25,0,-1100,-1120,-1108
2026-09-19T15:45:40Z,CHAN,460,460164,1000,100,0,20,0,-1090,-1120,-1109
2026-09-19T15:45:41Z,CHAN,461,461164,1000,100,0,18,0,-1100,-1130,-1109
2026-09-19T15:45:42Z,CHAN,462,462164,1000,100,0,21,0,-1100,-1120,-1108
2026-09-19T15:45:43Z,CHAN,463,463164,1000,100,0,21,0,-1100,-1120,-1108
2026-09-19T15:45:44Z,CHAN,464,464164,1000,100,0,21,0,-1090,-1120,-1109
2026-09-19T15:45:45Z,CHAN,465,465164,1000,100,0,30,0,-1090,-1120,-1108
2026-09-19T15:45:46Z,CHAN,466,466164,1000,100,0,16,0,-1100,-1120,-1109
2026-09-19T15:45:47Z,CHAN,467,467164,1000,100,0,19,0,-1100,-1120,-1110
2026-09-19T15:45:48Z,CHAN,468,468164,1000,100,0,17,0,-1100,-1120,-1109
2026-09-19T15:45:49Z,CHAN,469,469164,1000,100,0,15,0,-1090,-1120,-1110
2026-09-19T15:45:50Z,CHAN,470,470164,1000,100,0,27,0,-1100,-1120,-1108
2026-09-19T15:45:51Z,CHAN,471,471164,1000,100,0,22,0,-1090,-1130,-1109
2026-09-19T15:45:52Z,CHAN,472,472164,1000,100,0,24,0,-1100,-1120,-1108
2026-09-19T15:45:53Z,CHAN,473,473164,1000,100,0,11,0,-1100,-1120,-1110
2026-09-19T15:45:54Z,CHAN,474,474164,1000,100,0,20,0,-600,-1120,-1104
2026-09-19T15:45:55Z,CHAN,475,475164,1000,100,0,17,0,-1100,-1130,-1109
2026-09-19T15:45:56Z,CHAN,476,476164,1000,100,0,23,0,-1090,-1130,-1109
2026-09-19T15:45:57Z,CHAN,477,477164,1000,100,0,24,0,-1100,-1130,-1109
2026-09-19T15:45:58Z,CHAN,478,478164,1000,100,0,25,0,-1100,-1120,-1108
2026-09-19T15:45:59Z,CHAN,479,479164,1000,100,0,16,0,-1100,-1120,-1109
2026-09-19T15:46:00Z,CHAN,480,480164,1000,100,0,15,0,-1100,-1130,-1110
2026-09-19T15:46:01Z,CHAN,481,481164,1000,100,0,16,0,-1100,-1120,-1109
2026-09-19T15:46:02Z,CHAN,482,482164,1000,100,0,23,0,-1100,-1120,-1108
2026-09-19T15:46:03Z,CHAN,483,483164,1000,100,0,19,0,-1100,-1120,-1109
2026-09-19T15:46:04Z,CHAN,484,484164,1000,100,0,16,0,-1100,-1120,-1110
2026-09-19T15:46:05Z,CHAN,485,485164,1000,100,0,18,0,-1100,-1120,-1110
2026-09-19T15:46:06Z,CHAN,486,486164,1000,100,0,15,0,-1100,-1120,-1110
2026-09-19T15:46:07Z,CHAN,487,487164,1000,100,0,14,0,-1090,-1120,-1109
2026-09-19T15:46:08Z,CHAN,488,488164,1000,100,0,19,0,-1100,-1120,-1109
2026-09-19T15:46:09Z,CHAN,489,489164,1000,100,0,21,0,-1100,-1120,-1109
2026-09-19T15:46:09Z,CHANSUM,430,489,60,60000,6000,0,1173,0,60,0,-600,-1130,-1120,-1121
2026-09-19T15:46:10Z,CHAN,490,490164,1000,100,0,13,0,-1100,-1120,-1110
2026-09-19T15:46:11Z,CHAN,491,491164,1000,100,0,23,0,-1100,-1120,-1109
2026-09-19T15:46:12Z,CHAN,492,492164,1000,100,0,19,0,-1100,-1120,-1109
2026-09-19T15:46:13Z,CHAN,493,493164,1000,100,0,15,0,-1090,-1120,-1109
2026-09-19T15:46:14Z,CHAN,494,494164,1000,100,0,14,0,-1100,-1120,-1110
2026-09-19T15:46:15Z,CHAN,495,495164,1000,100,0,18,0,-1100,-1120,-1110
2026-09-19T15:46:16Z,CHAN,496,496164,1000,100,0,12,0,-1090,-1130,-1111
2026-09-19T15:46:17Z,CHAN,497,497164,1000,100,0,16,0,-1100,-1130,-1110
2026-09-19T15:46:18Z,CHAN,498,498164,1000,100,0,16,0,-1100,-1130,-1110
2026-09-19T15:46:19Z,CHAN,499,499164,1000,100,0,24,0,-1090,-1130,-1110
2026-09-19T15:46:20Z,CHAN,500,500164,1000,100,0,13,0,-1100,-1120,-1111
2026-09-19T15:46:21Z,CHAN,501,501164,1000,100,0,19,0,-1100,-1120,-1110
2026-09-19T15:46:22Z,CHAN,502,502164,1000,100,0,14,0,-1090,-1130,-1111
2026-09-19T15:46:23Z,CHAN,503,503164,1000,100,0,20,0,-1100,-1120,-1110
2026-09-19T15:46:24Z,CHAN,504,504164,1000,100,0,14,0,-1100,-1130,-1110
2026-09-19T15:46:25Z,CHAN,505,505164,1000,100,0,22,0,-1090,-1130,-1109
2026-09-19T15:46:26Z,CHAN,506,506164,1000,100,0,24,0,-1090,-1130,-1110
2026-09-19T15:46:27Z,CHAN,507,507164,1000,100,0,19,0,-1100,-1130,-1110
2026-09-19T15:46:28Z,CHAN,508,508164,1000,100,0,23,0,-1100,-1130,-1110
2026-09-19T15:46:29Z,CHAN,509,509164,1000,100,0,20,0,-1100,-1130,-1110
2026-09-19T15:46:30Z,CHAN,510,510164,1000,100,0,15,0,-1100,-1130,-1111
2026-09-19T15:46:31Z,CHAN,511,511164,1000,100,0,24,0,-1100,-1130,-1110
2026-09-19T15:46:32Z,CHAN,512,512164,1000,100,0,21,0,-1100,-1130,-1110
2026-09-19T15:46:33Z,CHAN,513,513164,1000,100,0,21,0,-1090,-1130,-1109
2026-09-19T15:47:09Z,CHANSUM,490,549,60,60000,6000,0,439,0,24,0,-1090,-1160,-1120,-1145
2026-09-19T15:48:05Z,CHAN,605,605164,1000,100,0,1,0,-610,-1160,-1142
2026-09-19T15:48:09Z,CHANSUM,550,609,60,60000,6000,0,1,0,1,0,-610,-1160,-1160,-1160
2026-09-19T15:49:09Z,CHANSUM,610,669,60,60000,6000,0,0,0,0,0,-1110,-1170,-1160,-1160
2026-09-19T15:49:10Z,CHAN,670,670164,1000,100,0,3,0,-1060,-1160,-1141
2026-09-19T15:49:16Z,CHAN,676,676164,1000,100,0,5,0,-1100,-1150,-1116
2026-09-19T15:49:17Z,CHAN,677,677164,1000,100,0,8,0,-1090,-1130,-1114
2026-09-19T15:49:18Z,CHAN,678,678164,1000,100,0,14,0,-1100,-1130,-1113
2026-09-19T15:49:19Z,CHAN,679,679164,1000,100,0,6,0,-1100,-1130,-1114
2026-09-19T15:49:20Z,CHAN,680,680164,1000,100,0,11,0,-1100,-1130,-1113
2026-09-19T15:49:21Z,CHAN,681,681164,1000,100,0,7,0,-1100,-1130,-1113
2026-09-19T15:49:22Z,CHAN,682,682164,1000,100,0,12,0,-1100,-1130,-1113
2026-09-19T15:49:23Z,CHAN,683,683164,1000,100,0,11,0,-1100,-1130,-1113
2026-09-19T15:49:24Z,CHAN,684,684164,1000,100,0,11,0,-1100,-1130,-1113
2026-09-19T15:49:25Z,CHAN,685,685164,1000,100,0,6,0,-1100,-1140,-1113
2026-09-19T15:49:26Z,CHAN,686,686164,1000,100,0,17,0,-1100,-1130,-1112
2026-09-19T15:49:27Z,CHAN,687,687164,1000,100,0,14,0,-1090,-1130,-1113
2026-09-19T15:49:28Z,CHAN,688,688164,1000,100,0,13,0,-1100,-1140,-1113
2026-09-19T15:49:29Z,CHAN,689,689164,1000,100,0,8,0,-1100,-1130,-1113
2026-09-19T15:49:30Z,CHAN,690,690164,1000,100,0,16,0,-1100,-1140,-1112
2026-09-19T15:49:31Z,CHAN,691,691164,1000,100,0,17,0,-1090,-1130,-1111
2026-09-19T15:49:32Z,CHAN,692,692164,1000,100,0,17,0,-1090,-1130,-1112
2026-09-19T15:49:33Z,CHAN,693,693164,1000,100,0,17,0,-1100,-1140,-1113
2026-09-19T15:49:34Z,CHAN,694,694164,1000,100,0,14,0,-1100,-1130,-1113
2026-09-19T15:49:35Z,CHAN,695,695164,1000,100,0,17,0,-1090,-1130,-1111
2026-09-19T15:49:36Z,CHAN,696,696164,1000,100,0,16,0,-1100,-1130,-1112
2026-09-19T15:49:37Z,CHAN,697,697164,1000,100,0,18,0,-1090,-1130,-1112
2026-09-19T15:49:38Z,CHAN,698,698164,1000,100,0,16,0,-1090,-1140,-1112
2026-09-19T15:49:39Z,CHAN,699,699164,1000,100,0,15,0,-1090,-1140,-1112
2026-09-19T15:49:40Z,CHAN,700,700164,1000,100,0,16,0,-1100,-1130,-1111
2026-09-19T15:49:41Z,CHAN,701,701164,1000,100,0,17,0,-1100,-1130,-1112
2026-09-19T15:49:42Z,CHAN,702,702164,1000,100,0,14,0,-1090,-1130,-1111
2026-09-19T15:49:43Z,CHAN,703,703164,1000,100,0,19,0,-1090,-1130,-1112
2026-09-19T15:49:44Z,CHAN,704,704164,1000,100,0,20,0,-1090,-1130,-1111
2026-09-19T15:49:45Z,CHAN,705,705164,1000,100,0,17,0,-1100,-1130,-1111
2026-09-19T15:49:46Z,CHAN,706,706164,1000,100,0,20,0,-1090,-1130,-1112
2026-09-19T15:49:47Z,CHAN,707,707164,1000,100,0,14,0,-1100,-1130,-1112
2026-09-19T15:49:48Z,CHAN,708,708164,1000,100,0,15,0,-1090,-1130,-1112
2026-09-19T15:49:49Z,CHAN,709,709164,1000,100,0,12,0,-1100,-1130,-1112
2026-09-19T15:49:50Z,CHAN,710,710164,1000,100,0,13,0,-1090,-1120,-1112
2026-09-19T15:49:51Z,CHAN,711,711164,1000,100,0,11,0,-1090,-1130,-1112
2026-09-19T15:49:52Z,CHAN,712,712164,1000,100,0,17,0,-1100,-1130,-1112
2026-09-19T15:49:53Z,CHAN,713,713164,1000,100,0,15,0,-1090,-1130,-1112
2026-09-19T15:49:54Z,CHAN,714,714164,1000,100,0,12,0,-1090,-1130,-1112
2026-09-19T15:49:55Z,CHAN,715,715164,1000,100,0,15,0,-1100,-1120,-1112
2026-09-19T15:49:56Z,CHAN,716,716164,1000,100,0,9,0,-1100,-1120,-1112
2026-09-19T15:49:57Z,CHAN,717,717164,1000,100,0,21,0,-1100,-1120,-1111
2026-09-19T15:49:58Z,CHAN,718,718164,1000,100,0,20,0,-1090,-1130,-1111
2026-09-19T15:49:59Z,CHAN,719,719164,1000,100,0,12,0,-1090,-1130,-1112
2026-09-19T15:50:00Z,CHAN,720,720164,1000,100,0,11,0,-1100,-1130,-1112
2026-09-19T15:50:01Z,CHAN,721,721164,1000,100,0,15,0,-1090,-1130,-1112
2026-09-19T15:50:02Z,CHAN,722,722164,1000,100,0,16,0,-1100,-1130,-1112
2026-09-19T15:50:03Z,CHAN,723,723164,1000,100,0,21,0,-1090,-1130,-1111
2026-09-19T15:50:04Z,CHAN,724,724164,1000,100,0,16,0,-1090,-1130,-1112
2026-09-19T15:50:05Z,CHAN,725,725164,1000,100,0,12,0,-1100,-1130,-1112
2026-09-19T15:50:06Z,CHAN,726,726164,1000,100,0,16,0,-1090,-1130,-1111
2026-09-19T15:50:07Z,CHAN,727,727164,1000,100,0,23,0,-1090,-1130,-1111
2026-09-19T15:50:08Z,CHAN,728,728164,1000,100,0,16,0,-1090,-1130,-1111
2026-09-19T15:50:09Z,CHAN,729,729164,1000,100,0,17,0,-1090,-1130,-1112
2026-09-19T15:50:09Z,CHANSUM,670,729,60,60000,6000,0,781,0,55,0,-1060,-1160,-1120,-1133
2026-09-19T15:50:10Z,CHAN,730,730164,1000,100,0,11,0,-1090,-1120,-1111
2026-09-19T15:50:11Z,CHAN,731,731164,1000,100,0,13,0,-1100,-1130,-1111
2026-09-19T15:50:12Z,CHAN,732,732164,1000,100,0,13,0,-1100,-1130,-1112
2026-09-19T15:50:13Z,CHAN,733,733164,1000,100,0,16,0,-1100,-1130,-1113
2026-09-19T15:50:14Z,CHAN,734,734164,1000,100,0,12,0,-1100,-1130,-1112
2026-09-19T15:50:15Z,CHAN,735,735164,1000,100,0,7,0,-1100,-1120,-1111
2026-09-19T15:50:16Z,CHAN,736,736164,1000,100,0,8,0,-600,-1120,-1107
2026-09-19T15:50:17Z,CHAN,737,737164,1000,100,0,14,0,-900,-1130,-1106
2026-09-19T15:50:18Z,CHAN,738,738164,1000,100,0,12,0,-1090,-1130,-1112
2026-09-19T15:50:19Z,CHAN,739,739164,1000,100,0,9,0,-1100,-1130,-1113
2026-09-19T15:50:20Z,CHAN,740,740164,1000,100,0,7,0,-1100,-1120,-1114
2026-09-19T15:50:21Z,CHAN,741,741164,1000,100,0,5,0,-1100,-1130,-1115
2026-09-19T15:50:22Z,CHAN,742,742164,1000,100,0,7,0,-1100,-1130,-1114
2026-09-19T15:50:23Z,CHAN,743,743164,1000,100,0,5,0,-1100,-1130,-1114
2026-09-19T15:50:24Z,CHAN,744,744164,1000,100,0,10,0,-1100,-1130,-1113
2026-09-19T15:50:25Z,CHAN,745,745164,1000,100,0,5,0,-1100,-1130,-1114
2026-09-19T15:50:26Z,CHAN,746,746164,1000,100,0,1,0,-1100,-1130,-1114
2026-09-19T15:50:27Z,CHAN,747,747164,1000,100,0,7,0,-1100,-1120,-1113
2026-09-19T15:50:28Z,CHAN,748,748164,1000,100,0,6,0,-1100,-1130,-1113
2026-09-19T15:50:29Z,CHAN,749,749164,1000,100,0,3,0,-1100,-1130,-1113
2026-09-19T15:50:30Z,CHAN,750,750164,1000,100,0,4,0,-1100,-1130,-1113
2026-09-19T15:50:31Z,CHAN,751,751164,1000,100,0,4,0,-1100,-1120,-1114
2026-09-19T15:50:32Z,CHAN,752,752164,1000,100,0,3,0,-1100,-1130,-1113
2026-09-19T15:50:33Z,CHAN,753,753164,1000,100,0,6,0,-1100,-1130,-1115
2026-09-19T15:50:34Z,CHAN,754,754164,1000,100,0,5,0,-1100,-1130,-1114
2026-09-19T15:50:35Z,CHAN,755,755164,1000,100,0,2,0,-1100,-1130,-1113
2026-09-19T15:50:36Z,CHAN,756,756164,1000,100,0,1,0,-1100,-1130,-1114
2026-09-19T15:50:37Z,CHAN,757,757164,1000,100,0,2,0,-1100,-1130,-1114
2026-09-19T15:50:38Z,CHAN,758,758164,1000,100,0,5,0,-1100,-1130,-1115
2026-09-19T15:50:39Z,CHAN,759,759164,1000,100,0,8,0,-1080,-1130,-1113
2026-09-19T15:50:40Z,CHAN,760,760164,1000,100,0,4,0,-1100,-1130,-1115
2026-09-19T15:50:41Z,CHAN,761,761164,1000,100,0,3,0,-1100,-1130,-1114
2026-09-19T15:50:42Z,CHAN,762,762164,1000,100,0,3,0,-1100,-1130,-1114
2026-09-19T15:50:43Z,CHAN,763,763164,1000,100,0,4,0,-1100,-1130,-1114
2026-09-19T15:50:44Z,CHAN,764,764164,1000,100,0,2,0,-1100,-1130,-1115
2026-09-19T15:50:45Z,CHAN,765,765164,1000,100,0,2,0,-1100,-1130,-1115
2026-09-19T15:50:46Z,CHAN,766,766164,1000,100,0,5,0,-1100,-1130,-1115
2026-09-19T15:50:47Z,CHAN,767,767164,1000,100,0,5,0,-1100,-1130,-1114
2026-09-19T15:50:48Z,CHAN,768,768164,1000,100,0,4,0,-1100,-1130,-1113
2026-09-19T15:50:49Z,CHAN,769,769164,1000,100,0,5,0,-1100,-1130,-1114
2026-09-19T15:50:50Z,CHAN,770,770164,1000,100,0,4,0,-1100,-1130,-1114
2026-09-19T15:50:51Z,CHAN,771,771164,1000,100,0,8,0,-1100,-1130,-1114
2026-09-19T15:50:52Z,CHAN,772,772164,1000,100,0,14,0,-1100,-1130,-1113
2026-09-19T15:50:53Z,CHAN,773,773164,1000,100,0,7,0,-1100,-1130,-1115
2026-09-19T15:50:54Z,CHAN,774,774164,1000,100,0,7,0,-1100,-1130,-1113
2026-09-19T15:50:55Z,CHAN,775,775164,1000,100,0,12,0,-1000,-1130,-1110
2026-09-19T15:50:56Z,CHAN,776,776164,1000,100,0,6,0,-1100,-1130,-1114
2026-09-19T15:50:57Z,CHAN,777,777164,1000,100,0,9,0,-1080,-1130,-1113
2026-09-19T15:50:58Z,CHAN,778,778164,1000,100,0,6,0,-1100,-1130,-1113
2026-09-19T15:50:59Z,CHAN,779,779164,1000,100,0,8,0,-1100,-1130,-1114
2026-09-19T15:51:00Z,CHAN,780,780164,1000,100,0,11,0,-1100,-1130,-1114
2026-09-19T15:51:01Z,CHAN,781,781164,1000,100,0,8,0,-1100,-1130,-1113
2026-09-19T15:51:02Z,CHAN,782,782164,1000,100,0,11,0,-1100,-1130,-1113
2026-09-19T15:51:03Z,CHAN,783,783164,1000,100,0,8,0,-1100,-1130,-1114
2026-09-19T15:51:04Z,CHAN,784,784164,1000,100,0,4,0,-1090,-1130,-1114
2026-09-19T15:51:05Z,CHAN,785,785164,1000,100,0,13,0,-1100,-1130,-1113
2026-09-19T15:51:06Z,CHAN,786,786164,1000,100,0,11,0,-1090,-1130,-1113
2026-09-19T15:51:07Z,CHAN,787,787164,1000,100,0,12,0,-1100,-1130,-1113
2026-09-19T15:51:08Z,CHAN,788,788164,1000,100,0,9,0,-1100,-1120,-1113
2026-09-19T15:51:09Z,CHAN,789,789164,1000,100,0,10,0,-1090,-1130,-1112
2026-09-19T15:51:09Z,CHANSUM,730,789,60,60000,6000,0,426,0,60,0,-600,-1130,-1120,-1128
2026-09-19T15:51:10Z,CHAN,790,790164,1000,100,0,15,0,-1080,-1130,-1112
2026-09-19T15:51:11Z,CHAN,791,791164,1000,100,0,9,0,-1090,-1120,-1113
2026-09-19T15:51:12Z,CHAN,792,792164,1000,100,0,13,0,-1090,-1120,-1112
2026-09-19T15:51:13Z,CHAN,793,793164,1000,100,0,16,0,-1000,-1130,-1108
2026-09-19T15:51:14Z,CHAN,794,794164,1000,100,0,7,0,-1100,-1130,-1113
2026-09-19T15:51:15Z,CHAN,795,795164,1000,100,0,15,0,-1100,-1130,-1112
2026-09-19T15:51:16Z,CHAN,796,796164,1000,100,0,7,0,-1100,-1130,-1113
2026-09-19T15:51:17Z,CHAN,797,797164,1000,100,0,14,0,-1100,-1120,-1112
2026-09-19T15:51:18Z,CHAN,798,798164,1000,100,0,11,0,-1100,-1130,-1112
2026-09-19T15:51:19Z,CHAN,799,799164,1000,100,0,10,0,-1090,-1130,-1111
2026-09-19T15:51:20Z,CHAN,800,800164,1000,100,0,14,0,-1100,-1130,-1112
2026-09-19T15:51:21Z,CHAN,801,801164,1000,100,0,20,0,-1070,-1130,-1111
2026-09-19T15:51:22Z,CHAN,802,802164,1000,100,0,14,0,-1080,-1130,-1112
2026-09-19T15:51:23Z,CHAN,803,803164,1000,100,0,11,0,-1090,-1130,-1112
2026-09-19T15:51:24Z,CHAN,804,804164,1000,100,0,11,0,-1100,-1120,-1112
2026-09-19T15:51:25Z,CHAN,805,805164,1000,100,0,13,0,-1100,-1130,-1112
2026-09-19T15:51:26Z,CHAN,806,806164,1000,100,0,5,0,-1090,-1130,-1113
2026-09-19T15:51:27Z,CHAN,807,807164,1000,100,0,23,0,-1060,-1120,-1109
2026-09-19T15:51:28Z,CHAN,808,808164,1000,100,0,20,0,-1090,-1130,-1111
2026-09-19T15:51:29Z,CHAN,809,809164,1000,100,0,15,0,-1100,-1120,-1110
2026-09-19T15:51:30Z,CHAN,810,810164,1000,100,0,14,0,-1090,-1120,-1112
2026-09-19T15:51:31Z,CHAN,811,811164,1000,100,0,17,0,-1090,-1130,-1111
2026-09-19T15:51:32Z,CHAN,812,812164,1000,100,0,16,0,-1100,-1120,-1112
2026-09-19T15:51:33Z,CHAN,813,813164,1000,100,0,17,0,-1100,-1130,-1112
2026-09-19T15:51:34Z,CHAN,814,814164,1000,100,0,10,0,-1090,-1130,-1112
2026-09-19T15:51:35Z,CHAN,815,815164,1000,100,0,19,0,-1090,-1130,-1111
2026-09-19T15:51:36Z,CHAN,816,816164,1000,100,0,15,0,-1090,-1130,-1111
2026-09-19T15:51:37Z,CHAN,817,817164,1000,100,0,16,0,-1100,-1120,-1112
2026-09-19T15:51:38Z,CHAN,818,818164,1000,100,0,17,0,-1090,-1130,-1112
2026-09-19T15:51:39Z,CHAN,819,819164,1000,100,0,17,0,-1070,-1120,-1109
2026-09-19T15:51:40Z,CHAN,820,820164,1000,100,0,21,0,-1090,-1130,-1110
2026-09-19T15:51:41Z,CHAN,821,821164,1000,100,0,21,0,-1090,-1130,-1111
2026-09-19T15:51:42Z,CHAN,822,822164,1000,100,0,16,0,-1090,-1130,-1111
2026-09-19T15:51:43Z,CHAN,823,823164,1000,100,0,16,0,-1090,-1120,-1111
2026-09-19T15:51:44Z,CHAN,824,824164,1000,100,0,22,0,-1100,-1120,-1110
2026-09-19T15:51:45Z,CHAN,825,825164,1000,100,0,19,0,-1090,-1120,-1111
2026-09-19T15:51:46Z,CHAN,826,826164,1000,100,0,19,0,-1090,-1120,-1111
2026-09-19T15:51:47Z,CHAN,827,827164,1000,100,0,15,0,-1100,-1130,-1112
2026-09-19T15:51:48Z,CHAN,828,828164,1000,100,0,18,0,-1090,-1120,-1112
2026-09-19T15:51:49Z,CHAN,829,829164,1000,100,0,12,0,-1100,-1130,-1112
2026-09-19T15:51:50Z,CHAN,830,830164,1000,100,0,12,0,-1090,-1130,-1112
2026-09-19T15:51:51Z,CHAN,831,831164,1000,100,0,18,0,-1090,-1120,-1111
2026-09-19T15:51:52Z,CHAN,832,832164,1000,100,0,21,0,-1090,-1130,-1111
2026-09-19T15:51:53Z,CHAN,833,833164,1000,100,0,19,0,-1090,-1130,-1111
2026-09-19T15:51:54Z,CHAN,834,834164,1000,100,0,11,0,-1100,-1130,-1112
2026-09-19T15:51:55Z,CHAN,835,835164,1000,100,0,10,0,-1100,-1130,-1112
2026-09-19T15:51:56Z,CHAN,836,836164,1000,100,0,11,0,-1090,-1130,-1113
2026-09-19T15:51:57Z,CHAN,837,837164,1000,100,0,18,0,-1090,-1120,-1112
2026-09-19T15:51:58Z,CHAN,838,838164,1000,100,0,15,0,-1100,-1120,-1112
2026-09-19T15:51:59Z,CHAN,839,839164,1000,100,0,26,0,-1090,-1130,-1110
2026-09-19T15:52:00Z,CHAN,840,840164,1000,100,0,11,0,-1100,-1130,-1112
2026-09-19T15:52:01Z,CHAN,841,841164,1000,100,0,19,0,-1090,-1120,-1111
2026-09-19T15:52:02Z,CHAN,842,842164,1000,100,0,10,0,-1100,-1130,-1113
2026-09-19T15:52:03Z,CHAN,843,843164,1000,100,0,18,0,-1100,-1130,-1112
2026-09-19T15:52:04Z,CHAN,844,844164,1000,100,0,17,0,-1100,-1130,-1111
2026-09-19T15:52:05Z,CHAN,845,845164,1000,100,0,12,0,-1100,-1130,-1112
2026-09-19T15:52:06Z,CHAN,846,846164,1000,100,0,10,0,-1100,-1130,-1113
2026-09-19T15:52:07Z,CHAN,847,847164,1000,100,0,16,0,-1090,-1120,-1112
2026-09-19T15:52:08Z,CHAN,848,848164,1000,100,0,17,0,-1100,-1130,-1112
2026-09-19T15:52:09Z,CHAN,849,849164,1000,100,0,11,0,-1100,-1120,-1112
2026-09-19T15:52:09Z,CHANSUM,790,849,60,60000,6000,0,902,0,60,0,-1000,-1130,-1120,-1126
2026-09-19T15:52:10Z,CHAN,850,850164,1000,100,0,10,0,-1100,-1130,-1112
2026-09-19T15:52:11Z,CHAN,851,851164,1000,100,0,17,0,-1090,-1130,-1111
2026-09-19T15:52:12Z,CHAN,852,852164,1000,100,0,19,0,-1100,-1130,-1111
2026-09-19T15:52:13Z,CHAN,853,853164,1000,100,0,16,0,-1100,-1130,-1111
2026-09-19T15:52:14Z,CHAN,854,854164,1000,100,0,16,0,-1100,-1130,-1111
2026-09-19T15:52:15Z,CHAN,855,855164,1000,100,0,15,0,-1100,-1130,-1111
2026-09-19T15:52:16Z,CHAN,856,856164,1000,100,0,12,0,-1100,-1130,-1112
2026-09-19T15:52:17Z,CHAN,857,857164,1000,100,0,12,0,-1090,-1130,-1112
2026-09-19T15:52:18Z,CHAN,858,858164,1000,100,0,16,0,-1100,-1130,-1111
2026-09-19T15:52:19Z,CHAN,859,859164,1000,100,0,20,0,-1100,-1130,-1112
2026-09-19T15:52:20Z,CHAN,860,860164,1000,100,0,12,0,-1090,-1120,-1112
2026-09-19T15:52:21Z,CHAN,861,861164,1000,100,0,8,0,-1100,-1120,-1112
2026-09-19T15:52:22Z,CHAN,862,862164,1000,100,0,11,0,-1100,-1130,-1112
2026-09-19T15:52:23Z,CHAN,863,863164,1000,100,0,16,0,-1090,-1130,-1111
2026-09-19T15:52:24Z,CHAN,864,864164,1000,100,0,10,0,-1100,-1130,-1112
2026-09-19T15:52:25Z,CHAN,865,865164,1000,100,0,7,0,-1100,-1120,-1113
2026-09-19T15:52:26Z,CHAN,866,866164,1000,100,0,4,0,-960,-1120,-1112
2026-09-19T15:52:27Z,CHAN,867,867164,1000,100,0,4,0,-1100,-1130,-1114
2026-09-19T15:52:28Z,CHAN,868,868164,1000,100,0,8,0,-1100,-1130,-1112
2026-09-19T15:52:29Z,CHAN,869,869164,1000,100,0,7,0,-1100,-1120,-1113
2026-09-19T15:52:30Z,CHAN,870,870164,1000,100,0,4,0,-1100,-1120,-1113
2026-09-19T15:52:31Z,CHAN,871,871164,1000,100,0,5,0,-1100,-1130,-1113
2026-09-19T15:52:32Z,CHAN,872,872164,1000,100,0,7,0,-710,-1150,-1100
2026-09-19T15:52:33Z,CHAN,873,873164,1000,100,0,3,0,-1100,-1120,-1113
2026-09-19T15:52:34Z,CHAN,874,874164,1000,100,0,11,0,-1100,-1120,-1111
2026-09-19T15:52:35Z,CHAN,875,875164,1000,100,0,4,0,-1100,-1130,-1114
2026-09-19T15:52:36Z,CHAN,876,876164,1000,100,0,1,0,-1100,-1130,-1114
2026-09-19T15:52:37Z,CHAN,877,877164,1000,100,0,6,0,-1100,-1130,-1112
2026-09-19T15:52:38Z,CHAN,878,878164,1000,100,0,2,0,-1100,-1130,-1114
2026-09-19T15:52:39Z,CHAN,879,879164,1000,100,0,6,0,-1100,-1130,-1113
2026-09-19T15:52:40Z,CHAN,880,880164,1000,100,0,9,0,-1090,-1130,-1112
2026-09-19T15:52:41Z,CHAN,881,881164,1000,100,0,7,0,-1100,-1120,-1113
2026-09-19T15:52:42Z,CHAN,882,882164,1000,100,0,3,0,-1100,-1120,-1113
2026-09-19T15:52:43Z,CHAN,883,883164,1000,100,0,6,0,-1100,-1130,-1113
2026-09-19T15:52:44Z,CHAN,884,884164,1000,100,0,11,0,-1100,-1130,-1112
2026-09-19T15:52:45Z,CHAN,885,885164,1000,100,0,9,0,-1100,-1130,-1113
2026-09-19T15:52:46Z,CHAN,886,886164,1000,100,0,5,0,-1100,-1130,-1114
2026-09-19T15:52:47Z,CHAN,887,887164,1000,100,0,7,0,-1100,-1130,-1113
2026-09-19T15:52:48Z,CHAN,888,888164,1000,100,0,6,0,-1070,-1130,-1113
2026-09-19T15:52:49Z,CHAN,889,889164,1000,100,0,7,0,-1100,-1120,-1113
2026-09-19T15:52:50Z,CHAN,890,890164,1000,100,0,5,0,-1100,-1120,-1113
2026-09-19T15:52:51Z,CHAN,891,891164,1000,100,0,7,0,-1100,-1130,-1114
2026-09-19T15:52:52Z,CHAN,892,892164,1000,100,0,6,0,-1100,-1130,-1113
2026-09-19T15:52:53Z,CHAN,893,893164,1000,100,0,4,0,-1100,-1130,-1113
2026-09-19T15:52:54Z,CHAN,894,894164,1000,100,0,8,0,-1100,-1120,-1112
2026-09-19T15:52:55Z,CHAN,895,895164,1000,100,0,12,0,-1090,-1130,-1112
2026-09-19T15:52:56Z,CHAN,896,896164,1000,100,0,7,0,-1100,-1130,-1113
2026-09-19T15:52:57Z,CHAN,897,897164,1000,100,0,11,0,-1100,-1120,-1112
2026-09-19T15:52:58Z,CHAN,898,898164,1000,100,0,5,0,-1100,-1130,-1114
2026-09-19T15:52:59Z,CHAN,899,899164,1000,100,0,11,0,-1100,-1130,-1113
2026-09-19T15:53:00Z,CHAN,900,900164,1000,100,0,11,0,-1090,-1130,-1113
2026-09-19T15:53:01Z,CHAN,901,901164,1000,100,0,4,0,-1100,-1130,-1114
2026-09-19T15:53:02Z,CHAN,902,902164,1000,100,0,6,0,-1100,-1130,-1113
2026-09-19T15:53:03Z,CHAN,903,903164,1000,100,0,11,0,-1080,-1120,-1111
2026-09-19T15:53:04Z,CHAN,904,904164,1000,100,0,14,0,-1100,-1120,-1112
2026-09-19T15:53:05Z,CHAN,905,905164,1000,100,0,8,0,-1090,-1130,-1112
2026-09-19T15:53:06Z,CHAN,906,906164,1000,100,0,11,0,-1090,-1120,-1111
2026-09-19T15:53:07Z,CHAN,907,907164,1000,100,0,16,0,-1090,-1130,-1111
2026-09-19T15:53:08Z,CHAN,908,908164,1000,100,0,10,0,-1080,-1130,-1111
2026-09-19T15:53:09Z,CHAN,909,909164,1000,100,0,9,0,-1100,-1130,-1112
2026-09-19T15:53:09Z,CHANSUM,850,909,60,60000,6000,0,535,0,60,0,-710,-1150,-1120,-1127
2026-09-19T15:53:10Z,CHAN,910,910164,1000,100,0,11,0,-1100,-1130,-1112
2026-09-19T15:53:11Z,CHAN,911,911164,1000,100,0,9,0,-1100,-1130,-1113
2026-09-19T15:53:12Z,CHAN,912,912164,1000,100,0,9,0,-1100,-1120,-1112
2026-09-19T15:53:13Z,CHAN,913,913164,1000,100,0,7,0,-1100,-1130,-1112
2026-09-19T15:53:14Z,CHAN,914,914164,1000,100,0,11,0,-1090,-1130,-1111
2026-09-19T15:53:15Z,CHAN,915,915164,1000,100,0,18,0,-1090,-1120,-1111
2026-09-19T15:53:16Z,CHAN,916,916164,1000,100,0,15,0,-1090,-1120,-1111
2026-09-19T15:53:17Z,CHAN,917,917164,1000,100,0,14,0,-1100,-1120,-1110
2026-09-19T15:53:18Z,CHAN,918,918164,1000,100,0,13,0,-1100,-1120,-1112
2026-09-19T15:53:19Z,CHAN,919,919164,1000,100,0,13,0,-1100,-1130,-1111
2026-09-19T15:53:20Z,CHAN,920,920164,1000,100,0,16,0,-1090,-1130,-1111
2026-09-19T15:53:21Z,CHAN,921,921164,1000,100,0,11,0,-1100,-1120,-1113
2026-09-19T15:53:22Z,CHAN,922,922164,1000,100,0,10,0,-1100,-1120,-1112
2026-09-19T15:53:23Z,CHAN,923,923164,1000,100,0,8,0,-1100,-1130,-1111
2026-09-19T15:53:24Z,CHAN,924,924164,1000,100,0,10,0,-1100,-1130,-1112
2026-09-19T15:53:25Z,CHAN,925,925164,1000,100,0,12,0,-1090,-1130,-1112
2026-09-19T15:53:26Z,CHAN,926,926164,1000,100,0,13,0,-1100,-1130,-1111
2026-09-19T15:53:27Z,CHAN,927,927164,1000,100,0,8,0,-1090,-1120,-1112
2026-09-19T15:53:28Z,CHAN,928,928164,1000,100,0,10,0,-1090,-1130,-1111
2026-09-19T15:53:29Z,CHAN,929,929164,1000,100,0,18,0,-1090,-1130,-1111
2026-09-19T15:53:30Z,CHAN,930,930164,1000,100,0,14,0,-1090,-1130,-1112
2026-09-19T15:53:31Z,CHAN,931,931164,1000,100,0,17,0,-1100,-1130,-1111
2026-09-19T15:53:32Z,CHAN,932,932164,1000,100,0,19,0,-1060,-1120,-1109
2026-09-19T15:53:33Z,CHAN,933,933164,1000,100,0,12,0,-1100,-1130,-1111
2026-09-19T15:53:34Z,CHAN,934,934164,1000,100,0,6,0,-1100,-1130,-1112
2026-09-19T15:53:35Z,CHAN,935,935164,1000,100,0,12,0,-1090,-1130,-1111
2026-09-19T15:53:36Z,CHAN,936,936164,1000,100,0,15,0,-1090,-1120,-1111
2026-09-19T15:53:37Z,CHAN,937,937164,1000,100,0,13,0,-1100,-1120,-1111
2026-09-19T15:53:38Z,CHAN,938,938164,1000,100,0,10,0,-1090,-1120,-1111
2026-09-19T15:53:39Z,CHAN,939,939164,1000,100,0,14,0,-1100,-1120,-1112
2026-09-19T15:53:40Z,CHAN,940,940164,1000,100,0,11,0,-1090,-1120,-1112
2026-09-19T15:53:41Z,CHAN,941,941164,1000,100,0,10,0,-1100,-1130,-1112
2026-09-19T15:53:42Z,CHAN,942,942164,1000,100,0,11,0,-1100,-1120,-1112
2026-09-19T15:53:43Z,CHAN,943,943164,1000,100,0,15,0,-1090,-1120,-1112
2026-09-19T15:53:44Z,CHAN,944,944164,1000,100,0,11,0,-1090,-1130,-1112
2026-09-19T15:53:45Z,CHAN,945,945164,1000,100,0,11,0,-1100,-1130,-1112
2026-09-19T15:53:46Z,CHAN,946,946164,1000,100,0,8,0,-1100,-1130,-1113
2026-09-19T15:53:47Z,CHAN,947,947164,1000,100,0,8,0,-1100,-1120,-1113
2026-09-19T15:53:48Z,CHAN,948,948164,1000,100,0,10,0,-1100,-1120,-1112
2026-09-19T15:53:49Z,CHAN,949,949164,1000,100,0,8,0,-1100,-1130,-1113
2026-09-19T15:53:50Z,CHAN,950,950164,1000,100,0,8,0,-1100,-1130,-1113
2026-09-19T15:53:51Z,CHAN,951,951164,1000,100,0,14,0,-1090,-1130,-1112
2026-09-19T15:53:52Z,CHAN,952,952164,1000,100,0,8,0,-1090,-1130,-1113
2026-09-19T15:53:53Z,CHAN,953,953164,1000,100,0,7,0,-1090,-1130,-1113
2026-09-19T15:53:54Z,CHAN,954,954164,1000,100,0,8,0,-1100,-1130,-1113
2026-09-19T15:53:55Z,CHAN,955,955164,1000,100,0,7,0,-1100,-1130,-1113
2026-09-19T15:53:56Z,CHAN,956,956164,1000,100,0,11,0,-1100,-1130,-1113
2026-09-19T15:53:57Z,CHAN,957,957164,1000,100,0,7,0,-1100,-1130,-1113
2026-09-19T15:53:58Z,CHAN,958,958164,1000,100,0,7,0,-1100,-1130,-1114
2026-09-19T15:53:59Z,CHAN,959,959164,1000,100,0,10,0,-1100,-1130,-1113
2026-09-19T15:54:00Z,CHAN,960,960164,1000,100,0,5,0,-1100,-1130,-1114
2026-09-19T15:54:01Z,CHAN,961,961164,1000,100,0,8,0,-1090,-1130,-1113
2026-09-19T15:54:02Z,CHAN,962,962164,1000,100,0,6,0,-1090,-1130,-1116
2026-09-19T15:54:03Z,CHAN,963,963164,1000,100,0,7,0,-1100,-1130,-1113
2026-09-19T15:54:04Z,CHAN,964,964164,1000,100,0,11,0,-1100,-1130,-1113
2026-09-19T15:54:05Z,CHAN,965,965164,1000,100,0,10,0,-1100,-1140,-1114
2026-09-19T15:54:06Z,CHAN,966,966164,1000,100,0,11,0,-1100,-1130,-1113
2026-09-19T15:54:07Z,CHAN,967,967164,1000,100,0,5,0,-1100,-1130,-1115
2026-09-19T15:54:08Z,CHAN,968,968164,1000,100,0,7,0,-1100,-1130,-1113
2026-09-19T15:54:09Z,CHAN,969,969164,1000,100,0,6,0,-1100,-1130,-1114
2026-09-19T15:54:09Z,CHANSUM,910,969,60,60000,6000,0,634,0,60,0,-1060,-1140,-1120,-1127
2026-09-19T15:54:10Z,CHAN,970,970164,1000,100,0,5,0,-1100,-1130,-1114
2026-09-19T15:54:11Z,CHAN,971,971164,1000,100,0,9,0,-1100,-1130,-1113
2026-09-19T15:54:12Z,CHAN,972,972164,1000,100,0,8,0,-1100,-1130,-1113
2026-09-19T15:54:13Z,CHAN,973,973164,1000,100,0,5,0,-1100,-1130,-1114
2026-09-19T15:54:14Z,CHAN,974,974164,1000,100,0,6,0,-1100,-1130,-1113
2026-09-19T15:54:15Z,CHAN,975,975164,1000,100,0,6,0,-1100,-1130,-1114
2026-09-19T15:54:16Z,CHAN,976,976164,1000,100,0,8,0,-1100,-1130,-1113
2026-09-19T15:54:17Z,CHAN,977,977164,1000,100,0,8,0,-1100,-1130,-1113
2026-09-19T15:54:18Z,CHAN,978,978164,1000,100,0,6,0,-1100,-1120,-1113
2026-09-19T15:54:19Z,CHAN,979,979164,1000,100,0,5,0,-1100,-1130,-1113
2026-09-19T15:54:20Z,CHAN,980,980164,1000,100,0,4,0,-1100,-1130,-1114
2026-09-19T15:54:21Z,CHAN,981,981164,1000,100,0,4,0,-1100,-1130,-1113
2026-09-19T15:54:22Z,CHAN,982,982164,1000,100,0,9,0,-1060,-1130,-1112
2026-09-19T15:54:23Z,CHAN,983,983164,1000,100,0,3,0,-1100,-1130,-1114
2026-09-19T15:54:24Z,CHAN,984,984164,1000,100,0,7,0,-1100,-1130,-1114
2026-09-19T15:54:25Z,CHAN,985,985164,1000,100,0,6,0,-1100,-1130,-1114
2026-09-19T15:54:26Z,CHAN,986,986164,1000,100,0,7,0,-1100,-1130,-1113
2026-09-19T15:54:27Z,CHAN,987,987164,1000,100,0,8,0,-1100,-1130,-1114
2026-09-19T15:54:28Z,CHAN,988,988164,1000,100,0,6,0,-1100,-1130,-1113
2026-09-19T15:54:29Z,CHAN,989,989164,1000,100,0,7,0,-1100,-1130,-1114
2026-09-19T15:54:30Z,CHAN,990,990164,1000,100,0,10,0,-1100,-1130,-1114
2026-09-19T15:54:31Z,CHAN,991,991164,1000,100,0,6,0,-1100,-1120,-1114
2026-09-19T15:54:32Z,CHAN,992,992164,1000,100,0,7,0,-1100,-1120,-1113
2026-09-19T15:54:33Z,CHAN,993,993164,1000,100,0,8,0,-1100,-1130,-1113
2026-09-19T15:54:34Z,CHAN,994,994164,1000,100,0,8,0,-1100,-1130,-1114
2026-09-19T15:54:35Z,CHAN,995,995164,1000,100,0,7,0,-1090,-1130,-1113
2026-09-19T15:54:36Z,CHAN,996,996164,1000,100,0,8,0,-1100,-1130,-1113
2026-09-19T15:54:37Z,CHAN,997,997164,1000,100,0,9,0,-590,-1130,-1109
2026-09-19T15:54:38Z,CHAN,998,998164,1000,100,0,9,0,-1100,-1130,-1114
2026-09-19T15:54:39Z,CHAN,999,999164,1000,100,0,12,0,-1100,-1130,-1113
2026-09-19T15:54:40Z,CHAN,1000,1000164,1000,100,0,6,0,-1100,-1130,-1114
2026-09-19T15:54:41Z,CHAN,1001,1001164,1000,100,0,5,0,-1100,-1130,-1114
2026-09-19T15:54:42Z,CHAN,1002,1002164,1000,100,0,8,0,-1100,-1130,-1113
2026-09-19T15:54:43Z,CHAN,1003,1003164,1000,100,0,7,0,-1100,-1130,-1114
2026-09-19T15:54:44Z,CHAN,1004,1004164,1000,100,0,5,0,-1100,-1130,-1114
2026-09-19T15:54:45Z,CHAN,1005,1005164,1000,100,0,9,0,-1100,-1140,-1114
2026-09-19T15:54:46Z,CHAN,1006,1006164,1000,100,0,5,0,-1100,-1130,-1114
2026-09-19T15:54:47Z,CHAN,1007,1007164,1000,100,0,7,0,-1090,-1120,-1113
2026-09-19T15:54:48Z,CHAN,1008,1008164,1000,100,0,6,0,-1100,-1130,-1114
2026-09-19T15:54:49Z,CHAN,1009,1009164,1000,100,0,9,0,-1100,-1130,-1112
2026-09-19T15:54:50Z,CHAN,1010,1010164,1000,100,0,8,0,-1100,-1130,-1114
2026-09-19T15:54:51Z,CHAN,1011,1011164,1000,100,0,6,0,-1100,-1130,-1115
2026-09-19T15:54:52Z,CHAN,1012,1012164,1000,100,0,4,0,-1100,-1130,-1115
2026-09-19T15:54:53Z,CHAN,1013,1013164,1000,100,0,7,0,-1100,-1130,-1115
2026-09-19T15:54:54Z,CHAN,1014,1014164,1000,100,0,3,0,-1100,-1130,-1115
2026-09-19T15:54:55Z,CHAN,1015,1015164,1000,100,0,4,0,-1100,-1130,-1115
2026-09-19T15:54:56Z,CHAN,1016,1016164,1000,100,0,8,0,-1100,-1130,-1114
2026-09-19T15:54:57Z,CHAN,1017,1017164,1000,100,0,4,0,-1100,-1130,-1114
2026-09-19T15:54:58Z,CHAN,1018,1018164,1000,100,0,6,0,-1100,-1130,-1114
2026-09-19T15:54:59Z,CHAN,1019,1019164,1000,100,0,7,0,-1090,-1130,-1113
2026-09-19T15:55:00Z,CHAN,1020,1020164,1000,100,0,7,0,-1100,-1130,-1114
2026-09-19T15:55:01Z,CHAN,1021,1021164,1000,100,0,8,0,-1100,-1130,-1114
2026-09-19T15:55:02Z,CHAN,1022,1022164,1000,100,0,2,0,-1100,-1130,-1115
2026-09-19T15:55:03Z,CHAN,1023,1023164,1000,100,0,4,0,-1100,-1130,-1115
2026-09-19T15:55:04Z,CHAN,1024,1024164,1000,100,0,5,0,-1100,-1130,-1114
2026-09-19T15:55:05Z,CHAN,1025,1025164,1000,100,0,7,0,-1100,-1130,-1114
2026-09-19T15:55:06Z,CHAN,1026,1026164,1000,100,0,4,0,-1100,-1130,-1114
2026-09-19T15:55:07Z,CHAN,1027,1027164,1000,100,0,3,0,-1100,-1130,-1114
2026-09-19T15:55:08Z,CHAN,1028,1028164,1000,100,0,12,0,-1100,-1130,-1113
2026-09-19T15:55:09Z,CHAN,1029,1029164,1000,100,0,12,0,-1100,-1130,-1113
2026-09-19T15:55:09Z,CHANSUM,970,1029,60,60000,6000,0,399,0,60,0,-590,-1140,-1120,-1129
2026-09-19T15:55:10Z,CHAN,1030,1030164,1000,100,0,7,0,-1100,-1130,-1114
2026-09-19T15:55:11Z,CHAN,1031,1031164,1000,100,0,7,0,-1100,-1130,-1113
2026-09-19T15:55:12Z,CHAN,1032,1032164,1000,100,0,7,0,-1100,-1130,-1114
2026-09-19T15:55:13Z,CHAN,1033,1033164,1000,100,0,9,0,-1100,-1130,-1113
2026-09-19T15:55:14Z,CHAN,1034,1034164,1000,100,0,8,0,-1100,-1130,-1113
2026-09-19T15:55:15Z,CHAN,1035,1035164,1000,100,0,8,0,-1100,-1130,-1113
2026-09-19T15:55:16Z,CHAN,1036,1036164,1000,100,0,2,0,-1090,-1130,-1115
2026-09-19T15:55:17Z,CHAN,1037,1037164,1000,100,0,6,0,-1100,-1120,-1113
2026-09-19T15:55:18Z,CHAN,1038,1038164,1000,100,0,11,0,-1100,-1130,-1113
2026-09-19T15:55:19Z,CHAN,1039,1039164,1000,100,0,7,0,-1100,-1130,-1113
2026-09-19T15:55:20Z,CHAN,1040,1040164,1000,100,0,5,0,-1100,-1130,-1114
2026-09-19T15:55:21Z,CHAN,1041,1041164,1000,100,0,8,0,-1100,-1130,-1113
2026-09-19T15:55:22Z,CHAN,1042,1042164,1000,100,0,2,0,-1100,-1130,-1115
2026-09-19T15:55:23Z,CHAN,1043,1043164,1000,100,0,6,0,-1100,-1130,-1113
2026-09-19T15:55:24Z,CHAN,1044,1044164,1000,100,0,9,0,-1100,-1130,-1113
2026-09-19T15:55:25Z,CHAN,1045,1045164,1000,100,0,10,0,-1100,-1130,-1113
2026-09-19T15:55:26Z,CHAN,1046,1046164,1000,100,0,8,0,-1090,-1130,-1114
2026-09-19T15:55:27Z,CHAN,1047,1047164,1000,100,0,7,0,-1100,-1130,-1113
2026-09-19T15:55:28Z,CHAN,1048,1048164,1000,100,0,8,0,-1100,-1130,-1113
2026-09-19T15:55:29Z,CHAN,1049,1049164,1000,100,0,6,0,-1100,-1130,-1114
2026-09-19T15:55:30Z,CHAN,1050,1050164,1000,100,0,8,0,-1100,-1130,-1113
2026-09-19T15:55:31Z,CHAN,1051,1051164,1000,100,0,7,0,-1100,-1130,-1114
2026-09-19T15:55:32Z,CHAN,1052,1052164,1000,100,0,4,0,-1100,-1130,-1114
2026-09-19T15:55:33Z,CHAN,1053,1053164,1000,100,0,3,0,-1100,-1130,-1115
2026-09-19T15:55:34Z,CHAN,1054,1054164,1000,100,0,7,0,-1100,-1130,-1114
2026-09-19T15:55:35Z,CHAN,1055,1055164,1000,100,0,2,0,-1100,-1130,-1114
2026-09-19T15:55:36Z,CHAN,1056,1056164,1000,100,0,6,0,-1100,-1130,-1114
2026-09-19T15:55:37Z,CHAN,1057,1057164,1000,100,0,9,0,-1100,-1130,-1114
2026-09-19T15:55:38Z,CHAN,1058,1058164,1000,100,0,4,0,-1100,-1130,-1114
2026-09-19T15:55:39Z,CHAN,1059,1059164,1000,100,0,5,0,-1100,-1130,-1115
2026-09-19T15:55:40Z,CHAN,1060,1060164,1000,100,0,1,0,-1100,-1130,-1115
2026-09-19T15:55:41Z,CHAN,1061,1061164,1000,100,0,5,0,-1100,-1130,-1115
2026-09-19T15:55:42Z,CHAN,1062,1062164,1000,100,0,1,0,-1100,-1130,-1115
2026-09-19T15:55:43Z,CHAN,1063,1063164,1000,100,0,3,0,-1100,-1130,-1114
2026-09-19T15:55:44Z,CHAN,1064,1064164,1000,100,0,2,0,-1100,-1130,-1115
2026-09-19T15:55:45Z,CHAN,1065,1065164,1000,100,0,2,0,-1100,-1130,-1115
2026-09-19T15:55:46Z,CHAN,1066,1066164,1000,100,0,4,0,-1100,-1130,-1116
2026-09-19T15:55:47Z,CHAN,1067,1067164,1000,100,0,6,0,-1100,-1130,-1115
2026-09-19T15:55:48Z,CHAN,1068,1068164,1000,100,0,4,0,-1100,-1130,-1115
2026-09-19T15:55:49Z,CHAN,1069,1069164,1000,100,0,2,0,-1100,-1130,-1115
2026-09-19T15:55:50Z,CHAN,1070,1070164,1000,100,0,3,0,-1100,-1130,-1115
2026-09-19T15:55:51Z,CHAN,1071,1071164,1000,100,0,2,0,-1100,-1130,-1116
2026-09-19T15:55:52Z,CHAN,1072,1072164,1000,100,0,5,0,-1100,-1130,-1115
2026-09-19T15:55:53Z,CHAN,1073,1073164,1000,100,0,6,0,-1100,-1130,-1115
2026-09-19T15:55:54Z,CHAN,1074,1074164,1000,100,0,2,0,-1100,-1130,-1117
2026-09-19T15:55:55Z,CHAN,1075,1075164,1000,100,0,3,0,-1100,-1130,-1117
2026-09-19T15:55:56Z,CHAN,1076,1076164,1000,100,0,7,0,-1100,-1130,-1116
2026-09-19T15:55:57Z,CHAN,1077,1077164,1000,100,0,2,0,-1100,-1130,-1116
2026-09-19T15:55:58Z,CHAN,1078,1078164,1000,100,0,4,0,-1100,-1130,-1116
2026-09-19T15:55:59Z,CHAN,1079,1079164,1000,100,0,5,0,-1100,-1130,-1115
2026-09-19T15:56:00Z,CHAN,1080,1080164,1000,100,0,5,0,-1100,-1130,-1115
2026-09-19T15:56:01Z,CHAN,1081,1081164,1000,100,0,6,0,-1090,-1130,-1115
2026-09-19T15:56:02Z,CHAN,1082,1082164,1000,100,0,7,0,-1090,-1130,-1115
2026-09-19T15:56:03Z,CHAN,1083,1083164,1000,100,0,10,0,-1100,-1130,-1115
2026-09-19T15:56:04Z,CHAN,1084,1084164,1000,100,0,8,0,-1100,-1130,-1116
2026-09-19T15:56:05Z,CHAN,1085,1085164,1000,100,0,8,0,-1100,-1130,-1115
2026-09-19T15:56:06Z,CHAN,1086,1086164,1000,100,0,5,0,-1100,-1130,-1116
2026-09-19T15:56:07Z,CHAN,1087,1087164,1000,100,0,8,0,-1100,-1130,-1115
2026-09-19T15:56:08Z,CHAN,1088,1088164,1000,100,0,8,0,-1100,-1130,-1115
2026-09-19T15:56:09Z,CHAN,1089,1089164,1000,100,0,3,0,-1100,-1140,-1117
2026-09-19T15:56:09Z,CHANSUM,1030,1089,60,60000,6000,0,333,0,60,0,-1090,-1140,-1120,-1130
2026-09-19T15:56:10Z,CHAN,1090,1090164,1000,100,0,5,0,-1100,-1130,-1116
2026-09-19T15:56:11Z,CHAN,1091,1091164,1000,100,0,7,0,-1100,-1130,-1115
2026-09-19T15:56:12Z,CHAN,1092,1092164,1000,100,0,8,0,-1090,-1130,-1115
2026-09-19T15:56:13Z,CHAN,1093,1093164,1000,100,0,9,0,-1100,-1130,-1115
2026-09-19T15:56:14Z,CHAN,1094,1094164,1000,100,0,5,0,-1100,-1130,-1115
2026-09-19T15:56:15Z,CHAN,1095,1095164,1000,100,0,6,0,-1100,-1130,-1115
2026-09-19T15:56:16Z,CHAN,1096,1096164,1000,100,0,5,0,-1100,-1130,-1115
2026-09-19T15:56:17Z,CHAN,1097,1097164,1000,100,0,8,0,-1100,-1130,-1115
2026-09-19T15:56:18Z,CHAN,1098,1098164,1000,100,0,10,0,-1100,-1130,-1114
2026-09-19T15:56:19Z,CHAN,1099,1099164,1000,100,0,7,0,-1100,-1130,-1115
2026-09-19T15:56:20Z,CHAN,1100,1100164,1000,100,0,5,0,-1100,-1130,-1115
2026-09-19T15:56:21Z,CHAN,1101,1101164,1000,100,0,6,0,-1100,-1130,-1115
2026-09-19T15:56:22Z,CHAN,1102,1102164,1000,100,0,4,0,-1100,-1130,-1115
2026-09-19T15:56:23Z,CHAN,1103,1103164,1000,100,0,6,0,-1100,-1130,-1116
2026-09-19T15:56:24Z,CHAN,1104,1104164,1000,100,0,10,0,-1100,-1130,-1115
2026-09-19T15:56:25Z,CHAN,1105,1105164,1000,100,0,6,0,-1100,-1130,-1115
2026-09-19T15:56:26Z,CHAN,1106,1106164,1000,100,0,5,0,-1100,-1130,-1114
2026-09-19T15:56:27Z,CHAN,1107,1107164,1000,100,0,13,0,-1090,-1140,-1114
2026-09-19T15:56:28Z,CHAN,1108,1108164,1000,100,0,14,0,-1100,-1130,-1113
2026-09-19T15:56:29Z,CHAN,1109,1109164,1000,100,0,15,0,-1100,-1130,-1113
2026-09-19T15:56:30Z,CHAN,1110,1110164,1000,100,0,10,0,-1100,-1130,-1114
2026-09-19T15:56:31Z,CHAN,1111,1111164,1000,100,0,8,0,-1090,-1130,-1114
2026-09-19T15:56:32Z,CHAN,1112,1112164,1000,100,0,9,0,-1090,-1130,-1115
2026-09-19T15:56:33Z,CHAN,1113,1113164,1000,100,0,8,0,-1100,-1130,-1114
2026-09-19T15:56:34Z,CHAN,1114,1114164,1000,100,0,13,0,-1090,-1130,-1113
2026-09-19T15:56:35Z,CHAN,1115,1115164,1000,100,0,4,0,-1100,-1130,-1115
2026-09-19T15:56:36Z,CHAN,1116,1116164,1000,100,0,6,0,-1100,-1130,-1115
2026-09-19T15:56:37Z,CHAN,1117,1117164,1000,100,0,12,0,-1090,-1130,-1114
2026-09-19T15:56:38Z,CHAN,1118,1118164,1000,100,0,13,0,-900,-1130,-1107
2026-09-19T15:56:39Z,CHAN,1119,1119164,1000,100,0,9,0,-1090,-1130,-1114
2026-09-19T15:56:40Z,CHAN,1120,1120164,1000,100,0,5,0,-1090,-1130,-1114
2026-09-19T15:56:41Z,CHAN,1121,1121164,1000,100,0,9,0,-1100,-1130,-1113
2026-09-19T15:56:42Z,CHAN,1122,1122164,1000,100,0,9,0,-1100,-1130,-1114
2026-09-19T15:56:43Z,CHAN,1123,1123164,1000,100,0,15,0,-1100,-1130,-1114
2026-09-19T15:56:44Z,CHAN,1124,1124164,1000,100,0,9,0,-1100,-1130,-1114
2026-09-19T15:56:45Z,CHAN,1125,1125164,1000,100,0,11,0,-1100,-1130,-1114
2026-09-19T15:56:46Z,CHAN,1126,1126164,1000,100,0,10,0,-1100,-1130,-1113
2026-09-19T15:56:47Z,CHAN,1127,1127164,1000,100,0,12,0,-1100,-1130,-1115
2026-09-19T15:56:48Z,CHAN,1128,1128164,1000,100,0,12,0,-960,-1130,-1112
2026-09-19T15:56:49Z,CHAN,1129,1129164,1000,100,0,13,0,-1100,-1130,-1113
2026-09-19T15:56:50Z,CHAN,1130,1130164,1000,100,0,10,0,-1100,-1130,-1114
2026-09-19T15:56:51Z,CHAN,1131,1131164,1000,100,0,9,0,-1100,-1130,-1113
2026-09-19T15:56:52Z,CHAN,1132,1132164,1000,100,0,10,0,-1100,-1130,-1113
2026-09-19T15:56:53Z,CHAN,1133,1133164,1000,100,0,11,0,-1090,-1130,-1113
2026-09-19T15:56:54Z,CHAN,1134,1134164,1000,100,0,11,0,-1100,-1130,-1113
2026-09-19T15:56:55Z,CHAN,1135,1135164,1000,100,0,7,0,-1100,-1130,-1115
2026-09-19T15:56:56Z,CHAN,1136,1136164,1000,100,0,9,0,-1100,-1130,-1113
2026-09-19T15:56:57Z,CHAN,1137,1137164,1000,100,0,15,0,-1090,-1130,-1113
2026-09-19T15:56:58Z,CHAN,1138,1138164,1000,100,0,14,0,-1030,-1130,-1111
2026-09-19T15:56:59Z,CHAN,1139,1139164,1000,100,0,14,0,-1100,-1130,-1114
2026-09-19T15:57:00Z,CHAN,1140,1140164,1000,100,0,14,0,-1100,-1130,-1113
2026-09-19T15:57:01Z,CHAN,1141,1141164,1000,100,0,6,0,-1090,-1130,-1113
2026-09-19T15:57:02Z,CHAN,1142,1142164,1000,100,0,9,0,-1080,-1130,-1113
2026-09-19T15:57:03Z,CHAN,1143,1143164,1000,100,0,8,0,-1100,-1130,-1115
2026-09-19T15:57:04Z,CHAN,1144,1144164,1000,100,0,6,0,-1100,-1130,-1115
2026-09-19T15:57:05Z,CHAN,1145,1145164,1000,100,0,7,0,-1090,-1120,-1113
2026-09-19T15:57:06Z,CHAN,1146,1146164,1000,100,0,7,0,-1100,-1130,-1113
2026-09-19T15:57:07Z,CHAN,1147,1147164,1000,100,0,4,0,-1100,-1130,-1115
2026-09-19T15:57:08Z,CHAN,1148,1148164,1000,100,0,7,0,-1100,-1130,-1115
2026-09-19T15:57:09Z,CHAN,1149,1149164,1000,100,0,2,0,-1100,-1130,-1115
2026-09-19T15:57:09Z,CHANSUM,1090,1149,60,60000,6000,0,531,0,60,0,-900,-1140,-1120,-1130
2026-09-19T15:57:10Z,CHAN,1150,1150164,1000,100,0,5,0,-1100,-1130,-1114
2026-09-19T15:57:11Z,CHAN,1151,1151164,1000,100,0,4,0,-1100,-1130,-1115
2026-09-19T15:57:12Z,CHAN,1152,1152164,1000,100,0,4,0,-1100,-1130,-1115
2026-09-19T15:57:13Z,CHAN,1153,1153164,1000,100,0,3,0,-1100,-1130,-1116
2026-09-19T15:57:14Z,CHAN,1154,1154164,1000,100,0,4,0,-1090,-1130,-1115
2026-09-19T15:57:15Z,CHAN,1155,1155164,1000,100,0,4,0,-1100,-1130,-1115
2026-09-19T15:57:16Z,CHAN,1156,1156164,1000,100,0,2,0,-1100,-1130,-1116
2026-09-19T15:57:17Z,CHAN,1157,1157164,1000,100,0,1,0,-1100,-1130,-1117
2026-09-19T15:57:18Z,CHAN,1158,1158164,1000,100,0,9,0,-890,-1130,-1108
2026-09-19T15:57:19Z,CHAN,1159,1159164,1000,100,0,5,0,-1100,-1130,-1115
2026-09-19T15:57:20Z,CHAN,1160,1160164,1000,100,0,3,0,-1100,-1130,-1116
2026-09-19T15:57:21Z,CHAN,1161,1161164,1000,100,0,5,0,-1100,-1130,-1115
2026-09-19T15:57:22Z,CHAN,1162,1162164,1000,100,0,4,0,-1100,-1130,-1116
2026-09-19T15:57:23Z,CHAN,1163,1163164,1000,100,0,6,0,-1100,-1130,-1116
2026-09-19T15:57:24Z,CHAN,1164,1164164,1000,100,0,4,0,-1100,-1130,-1115
2026-09-19T15:57:25Z,CHAN,1165,1165164,1000,100,0,4,0,-1100,-1130,-1115
2026-09-19T15:57:26Z,CHAN,1166,1166164,1000,100,0,6,0,-1100,-1130,-1114
2026-09-19T15:57:27Z,CHAN,1167,1167164,1000,100,0,5,0,-1100,-1130,-1116
2026-09-19T15:57:28Z,CHAN,1168,1168164,1000,100,0,2,0,-1100,-1130,-1116
2026-09-19T15:57:29Z,CHAN,1169,1169164,1000,100,0,2,0,-1100,-1130,-1116
2026-09-19T15:57:30Z,CHAN,1170,1170164,1000,100,0,2,0,-1100,-1130,-1116
2026-09-19T15:57:31Z,CHAN,1171,1171164,1000,100,0,2,0,-1100,-1130,-1116
2026-09-19T15:57:32Z,CHAN,1172,1172164,1000,100,0,2,0,-1100,-1130,-1116
2026-09-19T15:57:33Z,CHAN,1173,1173164,1000,100,0,1,0,-1100,-1130,-1117
2026-09-19T15:57:34Z,CHAN,1174,1174164,1000,100,0,1,0,-1100,-1130,-1116
2026-09-19T15:57:35Z,CHAN,1175,1175164,1000,100,0,6,0,-1080,-1130,-1114
2026-09-19T15:57:36Z,CHAN,1176,1176164,1000,100,0,1,0,-1100,-1130,-1116
2026-09-19T15:57:37Z,CHAN,1177,1177164,1000,100,0,3,0,-1100,-1130,-1115
2026-09-19T15:57:38Z,CHAN,1178,1178164,1000,100,0,1,0,-1100,-1130,-1117
2026-09-19T15:57:39Z,CHAN,1179,1179164,1000,100,0,2,0,-1090,-1130,-1116
2026-09-19T15:57:40Z,CHAN,1180,1180164,1000,100,0,2,0,-1100,-1130,-1116
2026-09-19T15:57:42Z,CHAN,1182,1182164,1000,100,0,2,0,-1100,-1130,-1115
2026-09-19T15:57:45Z,CHAN,1185,1185164,1000,100,0,3,0,-1100,-1130,-1116
2026-09-19T15:57:46Z,CHAN,1186,1186164,1000,100,0,1,0,-1100,-1130,-1116
2026-09-19T15:57:47Z,CHAN,1187,1187164,1000,100,0,2,0,-1100,-1130,-1117
2026-09-19T15:57:48Z,CHAN,1188,1188164,1000,100,0,2,0,-1100,-1130,-1116
2026-09-19T15:57:49Z,CHAN,1189,1189164,1000,100,0,2,0,-1100,-1130,-1116
2026-09-19T15:57:50Z,CHAN,1190,1190164,1000,100,0,1,0,-1100,-1130,-1115
2026-09-19T15:57:51Z,CHAN,1191,1191164,1000,100,0,2,0,-1100,-1130,-1116
2026-09-19T15:57:52Z,CHAN,1192,1192164,1000,100,0,1,0,-1100,-1130,-1116
2026-09-19T15:57:55Z,CHAN,1195,1195164,1000,100,0,1,0,-1100,-1130,-1116
2026-09-19T15:57:56Z,CHAN,1196,1196164,1000,100,0,3,0,-1100,-1130,-1115
2026-09-19T15:57:57Z,CHAN,1197,1197164,1000,100,0,2,0,-1100,-1130,-1116
2026-09-19T15:57:58Z,CHAN,1198,1198164,1000,100,0,6,0,-1080,-1130,-1114
2026-09-19T15:57:59Z,CHAN,1199,1199164,1000,100,0,1,0,-1100,-1130,-1116
2026-09-19T15:58:00Z,CHAN,1200,1200164,1000,100,0,4,0,-1060,-1130,-1114
2026-09-19T15:58:02Z,CHAN,1202,1202164,1000,100,0,3,0,-1100,-1130,-1115
2026-09-19T15:58:03Z,CHAN,1203,1203164,1000,100,0,3,0,-1080,-1130,-1115
2026-09-19T15:58:05Z,CHAN,1205,1205164,1000,100,0,1,0,-1100,-1130,-1115
2026-09-19T15:58:06Z,CHAN,1206,1206164,1000,100,0,3,0,-1100,-1130,-1116
2026-09-19T15:58:08Z,CHAN,1208,1208164,1000,100,0,2,0,-1100,-1130,-1116
2026-09-19T15:58:09Z,CHAN,1209,1209164,1000,100,0,2,0,-1100,-1130,-1116
2026-09-19T15:58:09Z,CHANSUM,1150,1209,60,60000,6000,0,152,0,52,0,-890,-1130,-1120,-1129
2026-09-19T15:58:12Z,CHAN,1212,1212164,1000,100,0,2,0,-1100,-1130,-1116
2026-09-19T15:58:13Z,CHAN,1213,1213164,1000,100,0,6,0,-1090,-1130,-1114
2026-09-19T15:58:14Z,CHAN,1214,1214164,1000,100,0,1,0,-1100,-1130,-1116
2026-09-19T15:58:15Z,CHAN,1215,1215164,1000,100,0,1,0,-1100,-1130,-1115
2026-09-19T15:58:16Z,CHAN,1216,1216164,1000,100,0,3,0,-1100,-1130,-1115
2026-09-19T15:58:18Z,CHAN,1218,1218164,1000,100,0,2,0,-1100,-1130,-1115
2026-09-19T15:58:19Z,CHAN,1219,1219164,1000,100,0,3,0,-1100,-1130,-1114
2026-09-19T15:58:20Z,CHAN,1220,1220164,1000,100,0,1,0,-1100,-1130,-1115
2026-09-19T15:58:21Z,CHAN,1221,1221164,1000,100,0,7,0,-1100,-1130,-1114
2026-09-19T15:58:22Z,CHAN,1222,1222164,1000,100,0,3,0,-1100,-1130,-1114
2026-09-19T15:58:23Z,CHAN,1223,1223164,1000,100,0,6,0,-1100,-1130,-1114
2026-09-19T15:58:24Z,CHAN,1224,1224164,1000,100,0,3,0,-1100,-1130,-1114
2026-09-19T15:58:25Z,CHAN,1225,1225164,1000,100,0,2,0,-1100,-1120,-1114
2026-09-19T15:58:26Z,CHAN,1226,1226164,1000,100,0,5,0,-1100,-1130,-1114
2026-09-19T15:58:27Z,CHAN,1227,1227164,1000,100,0,2,0,-1100,-1120,-1114
2026-09-19T15:58:28Z,CHAN,1228,1228164,1000,100,0,9,0,-1080,-1130,-1113
2026-09-19T15:58:29Z,CHAN,1229,1229164,1000,100,0,2,0,-1100,-1130,-1114
2026-09-19T15:58:30Z,CHAN,1230,1230164,1000,100,0,2,0,-1100,-1120,-1114
2026-09-19T15:58:31Z,CHAN,1231,1231164,1000,100,0,2,0,-1100,-1130,-1114
2026-09-19T15:58:32Z,CHAN,1232,1232164,1000,100,0,3,0,-1100,-1130,-1115
2026-09-19T15:58:33Z,CHAN,1233,1233164,1000,100,0,5,0,-1100,-1130,-1114
2026-09-19T15:58:34Z,CHAN,1234,1234164,1000,100,0,4,0,-1100,-1120,-1113
2026-09-19T15:58:35Z,CHAN,1235,1235164,1000,100,0,9,0,-1080,-1130,-1111
2026-09-19T15:58:36Z,CHAN,1236,1236164,1000,100,0,3,0,-1100,-1130,-1113
2026-09-19T15:58:37Z,CHAN,1237,1237164,1000,100,0,5,0,-1100,-1130,-1113
2026-09-19T15:58:38Z,CHAN,1238,1238164,1000,100,0,1,0,-1100,-1130,-1114
2026-09-19T15:58:39Z,CHAN,1239,1239164,1000,100,0,3,0,-1100,-1130,-1114
2026-09-19T15:58:40Z,CHAN,1240,1240164,1000,100,0,3,0,-1100,-1120,-1114
2026-09-19T15:58:41Z,CHAN,1241,1241164,1000,100,0,5,0,-1090,-1130,-1114
2026-09-19T15:58:42Z,CHAN,1242,1242164,1000,100,0,2,0,-1100,-1130,-1114
2026-09-19T15:58:43Z,CHAN,1243,1243164,1000,100,0,4,0,-1100,-1130,-1114
2026-09-19T15:58:44Z,CHAN,1244,1244164,1000,100,0,4,0,-1100,-1130,-1114
2026-09-19T15:58:45Z,CHAN,1245,1245164,1000,100,0,4,0,-1100,-1130,-1113
2026-09-19T15:58:46Z,CHAN,1246,1246164,1000,100,0,4,0,-1100,-1130,-1114
2026-09-19T15:58:47Z,CHAN,1247,1247164,1000,100,0,5,0,-1100,-1130,-1114
2026-09-19T15:58:48Z,CHAN,1248,1248164,1000,100,0,3,0,-1100,-1130,-1114
2026-09-19T15:58:49Z,CHAN,1249,1249164,1000,100,0,8,0,-1090,-1130,-1113
2026-09-19T15:58:50Z,CHAN,1250,1250164,1000,100,0,2,0,-1100,-1130,-1115
2026-09-19T15:58:51Z,CHAN,1251,1251164,1000,100,0,4,0,-1100,-1130,-1114
2026-09-19T15:58:52Z,CHAN,1252,1252164,1000,100,0,4,0,-1100,-1130,-1113
2026-09-19T15:58:53Z,CHAN,1253,1253164,1000,100,0,7,0,-1100,-1130,-1114
2026-09-19T15:58:54Z,CHAN,1254,1254164,1000,100,0,1,0,-1100,-1130,-1115
2026-09-19T15:58:55Z,CHAN,1255,1255164,1000,100,0,2,0,-1100,-1130,-1115
2026-09-19T15:58:56Z,CHAN,1256,1256164,1000,100,0,1,0,-1100,-1120,-1114
2026-09-19T15:58:58Z,CHAN,1258,1258164,1000,100,0,1,0,-590,-1150,-1110
2026-09-19T15:58:59Z,CHAN,1259,1259164,1000,100,0,1,0,-1100,-1130,-1115
2026-09-19T15:59:00Z,CHAN,1260,1260164,1000,100,0,2,0,-1100,-1130,-1114
2026-09-19T15:59:01Z,CHAN,1261,1261164,1000,100,0,6,0,-880,-1120,-1106
2026-09-19T15:59:02Z,CHAN,1262,1262164,1000,100,0,2,0,-1100,-1130,-1115
2026-09-19T15:59:03Z,CHAN,1263,1263164,1000,100,0,2,0,-1100,-1130,-1115
2026-09-19T15:59:04Z,CHAN,1264,1264164,1000,100,0,2,0,-1100,-1130,-1114
2026-09-19T15:59:05Z,CHAN,1265,1265164,1000,100,0,3,0,-1100,-1130,-1116
2026-09-19T15:59:06Z,CHAN,1266,1266164,1000,100,0,1,0,-1100,-1130,-1116
2026-09-19T15:59:07Z,CHAN,1267,1267164,1000,100,0,1,0,-1100,-1130,-1115
2026-09-19T15:59:08Z,CHAN,1268,1268164,1000,100,0,2,0,-1100,-1130,-1115
2026-09-19T15:59:09Z,CHAN,1269,1269164,1000,100,0,3,0,-1100,-1130,-1115
2026-09-19T15:59:09Z,CHANSUM,1210,1269,60,60000,6000,0,184,0,56,0,-590,-1150,-1120,-1129
2026-09-19T15:59:10Z,CHAN,1270,1270164,1000,100,0,1,0,-1100,-1130,-1116
2026-09-19T15:59:12Z,CHAN,1272,1272164,1000,100,0,2,0,-1100,-1130,-1115
2026-09-19T15:59:14Z,CHAN,1274,1274164,1000,100,0,1,0,-1100,-1130,-1116
2026-09-19T15:59:16Z,CHAN,1276,1276164,1000,100,0,2,0,-1100,-1130,-1116
2026-09-19T15:59:17Z,CHAN,1277,1277164,1000,100,0,1,0,-1100,-1130,-1116
2026-09-19T15:59:18Z,CHAN,1278,1278164,1000,100,0,1,0,-1100,-1130,-1117
2026-09-19T15:59:19Z,CHAN,1279,1279164,1000,100,0,2,0,-1100,-1130,-1116
2026-09-19T15:59:20Z,CHAN,1280,1280164,1000,100,0,1,0,-1100,-1130,-1117
2026-09-19T15:59:21Z,CHAN,1281,1281164,1000,100,0,8,0,-1080,-1130,-1113
2026-09-19T15:59:22Z,CHAN,1282,1282164,1000,100,0,5,0,-1100,-1130,-1115
2026-09-19T15:59:23Z,CHAN,1283,1283164,1000,100,0,1,0,-1100,-1130,-1116
2026-09-19T15:59:24Z,CHAN,1284,1284164,1000,100,0,3,0,-1100,-1130,-1115
2026-09-19T15:59:25Z,CHAN,1285,1285164,1000,100,0,6,0,-1040,-1130,-1113
2026-09-19T15:59:26Z,CHAN,1286,1286164,1000,100,0,7,0,-1100,-1130,-1115
2026-09-19T15:59:27Z,CHAN,1287,1287164,1000,100,0,3,0,-1100,-1130,-1115
2026-09-19T15:59:28Z,CHAN,1288,1288164,1000,100,0,1,0,-1100,-1130,-1115
2026-09-19T15:59:29Z,CHAN,1289,1289164,1000,100,0,6,0,-1090,-1130,-1116
2026-09-19T15:59:30Z,CHAN,1290,1290164,1000,100,0,7,0,-1100,-1130,-1115
2026-09-19T15:59:31Z,CHAN,1291,1291164,1000,100,0,4,0,-1100,-1130,-1115
2026-09-19T15:59:32Z,CHAN,1292,1292164,1000,100,0,4,0,-1100,-1130,-1114
2026-09-19T15:59:33Z,CHAN,1293,1293164,1000,100,0,6,0,-1100,-1130,-1113
2026-09-19T15:59:34Z,CHAN,1294,1294164,1000,100,0,7,0,-1100,-1130,-1114
2026-09-19T15:59:35Z,CHAN,1295,1295164,1000,100,0,7,0,-1100,-1130,-1114
2026-09-19T15:59:36Z,CHAN,1296,1296164,1000,100,0,7,0,-1100,-1130,-1114
2026-09-19T15:59:37Z,CHAN,1297,1297164,1000,100,0,10,0,-1090,-1130,-1115
2026-09-19T15:59:38Z,CHAN,1298,1298164,1000,100,0,7,0,-1100,-1120,-1113
2026-09-19T15:59:39Z,CHAN,1299,1299164,1000,100,0,13,0,-1090,-1130,-1113
2026-09-19T15:59:40Z,CHAN,1300,1300164,1000,100,0,12,0,-1090,-1130,-1113
2026-09-19T15:59:41Z,CHAN,1301,1301164,1000,100,0,11,0,-1090,-1130,-1114
2026-09-19T15:59:42Z,CHAN,1302,1302164,1000,100,0,8,0,-1090,-1130,-1113
2026-09-19T15:59:43Z,CHAN,1303,1303164,1000,100,0,10,0,-1100,-1130,-1113
2026-09-19T15:59:44Z,CHAN,1304,1304164,1000,100,0,10,0,-1100,-1130,-1113
2026-09-19T15:59:45Z,CHAN,1305,1305164,1000,100,0,16,0,-1100,-1130,-1112
2026-09-19T15:59:46Z,CHAN,1306,1306164,1000,100,0,18,0,-1090,-1130,-1112
2026-09-19T15:59:47Z,CHAN,1307,1307164,1000,100,0,19,0,-1090,-1130,-1111
2026-09-19T15:59:48Z,CHAN,1308,1308164,1000,100,0,15,0,-1100,-1120,-1112
2026-09-19T15:59:49Z,CHAN,1309,1309164,1000,100,0,13,0,-1090,-1130,-1112
2026-09-19T15:59:50Z,CHAN,1310,1310164,1000,100,0,7,0,-1100,-1120,-1113
2026-09-19T15:59:51Z,CHAN,1311,1311164,1000,100,0,14,0,-1090,-1120,-1112
2026-09-19T15:59:52Z,CHAN,1312,1312164,1000,100,0,12,0,-1090,-1130,-1111
2026-09-19T15:59:53Z,CHAN,1313,1313164,1000,100,0,10,0,-1100,-1120,-1113
2026-09-19T15:59:54Z,CHAN,1314,1314164,1000,100,0,13,0,-1090,-1130,-1111
2026-09-19T15:59:55Z,CHAN,1315,1315164,1000,100,0,16,0,-1090,-1120,-1111
2026-09-19T15:59:56Z,CHAN,1316,1316164,1000,100,0,11,0,-1100,-1130,-1113
2026-09-19T15:59:57Z,CHAN,1317,1317164,1000,100,0,17,0,-1090,-1130,-1112
2026-09-19T15:59:58Z,CHAN,1318,1318164,1000,100,0,14,0,-1100,-1120,-1112
2026-09-19T15:59:59Z,CHAN,1319,1319164,1000,100,0,10,0,-1100,-1130,-1112
2026-09-19T16:00:00Z,CHAN,1320,1320164,1000,100,0,16,0,-1090,-1130,-1112
2026-09-19T16:00:01Z,CHAN,1321,1321164,1000,100,0,10,0,-1090,-1120,-1113
2026-09-19T16:00:02Z,CHAN,1322,1322164,1000,100,0,14,0,-1100,-1130,-1112
2026-09-19T16:00:03Z,CHAN,1323,1323164,1000,100,0,13,0,-1090,-1130,-1112
2026-09-19T16:00:04Z,CHAN,1324,1324164,1000,100,0,14,0,-1090,-1130,-1112
2026-09-19T16:00:05Z,CHAN,1325,1325164,1000,100,0,10,0,-1100,-1130,-1113
2026-09-19T16:00:06Z,CHAN,1326,1326164,1000,100,0,13,0,-1090,-1120,-1112
2026-09-19T16:00:07Z,CHAN,1327,1327164,1000,100,0,12,0,-1090,-1130,-1113
2026-09-19T16:00:08Z,CHAN,1328,1328164,1000,100,0,13,0,-1090,-1130,-1112
2026-09-19T16:00:09Z,CHAN,1329,1329164,1000,100,0,13,0,-1100,-1130,-1112
2026-09-19T16:00:09Z,CHANSUM,1270,1329,60,60000,6000,0,507,0,57,0,-1040,-1130,-1120,-1128
2026-09-19T16:00:10Z,CHAN,1330,1330164,1000,100,0,14,0,-1100,-1130,-1112
2026-09-19T16:00:11Z,CHAN,1331,1331164,1000,100,0,19,0,-1090,-1130,-1111
2026-09-19T16:00:12Z,CHAN,1332,1332164,1000,100,0,13,0,-1090,-1130,-1112
2026-09-19T16:00:13Z,CHAN,1333,1333164,1000,100,0,17,0,-1100,-1120,-1113
2026-09-19T16:00:14Z,CHAN,1334,1334164,1000,100,0,5,0,-1100,-1130,-1113
2026-09-19T16:00:15Z,CHAN,1335,1335164,1000,100,0,13,0,-1090,-1130,-1113
2026-09-19T16:00:16Z,CHAN,1336,1336164,1000,100,0,13,0,-1090,-1130,-1112
2026-09-19T16:00:17Z,CHAN,1337,1337164,1000,100,0,13,0,-1100,-1130,-1113
2026-09-19T16:00:18Z,CHAN,1338,1338164,1000,100,0,12,0,-1100,-1130,-1113
2026-09-19T16:00:19Z,CHAN,1339,1339164,1000,100,0,7,0,-1100,-1120,-1113
2026-09-19T16:00:20Z,CHAN,1340,1340164,1000,100,0,11,0,-1100,-1130,-1113
2026-09-19T16:00:21Z,CHAN,1341,1341164,1000,100,0,17,0,-1080,-1120,-1112
2026-09-19T16:00:22Z,CHAN,1342,1342164,1000,100,0,15,0,-1090,-1130,-1112
2026-09-19T16:00:23Z,CHAN,1343,1343164,1000,100,0,14,0,-1090,-1130,-1113
2026-09-19T16:00:24Z,CHAN,1344,1344164,1000,100,0,5,0,-1100,-1130,-1113
2026-09-19T16:00:25Z,CHAN,1345,1345164,1000,100,0,9,0,-1100,-1120,-1113
2026-09-19T16:00:26Z,CHAN,1346,1346164,1000,100,0,8,0,-1100,-1120,-1113
2026-09-19T16:00:27Z,CHAN,1347,1347164,1000,100,0,12,0,-1100,-1130,-1114
2026-09-19T16:00:28Z,CHAN,1348,1348164,1000,100,0,12,0,-1090,-1130,-1113
2026-09-19T16:00:29Z,CHAN,1349,1349164,1000,100,0,11,0,-1100,-1130,-1112
2026-09-19T16:00:30Z,CHAN,1350,1350164,1000,100,0,9,0,-1100,-1130,-1113
2026-09-19T16:00:31Z,CHAN,1351,1351164,1000,100,0,9,0,-1100,-1130,-1113
2026-09-19T16:00:32Z,CHAN,1352,1352164,1000,100,0,6,0,-1090,-1130,-1114
2026-09-19T16:00:33Z,CHAN,1353,1353164,1000,100,0,13,0,-1090,-1130,-1113
2026-09-19T16:00:34Z,CHAN,1354,1354164,1000,100,0,9,0,-1100,-1130,-1113
2026-09-19T16:00:35Z,CHAN,1355,1355164,1000,100,0,14,0,-1100,-1120,-1112
2026-09-19T16:00:36Z,CHAN,1356,1356164,1000,100,0,12,0,-1100,-1130,-1112
2026-09-19T16:00:37Z,CHAN,1357,1357164,1000,100,0,13,0,-1090,-1130,-1113
2026-09-19T16:00:38Z,CHAN,1358,1358164,1000,100,0,12,0,-1100,-1130,-1112
2026-09-19T16:00:39Z,CHAN,1359,1359164,1000,100,0,14,0,-1050,-1130,-1110
2026-09-19T16:00:40Z,CHAN,1360,1360164,1000,100,0,12,0,-1100,-1120,-1112
2026-09-19T16:00:41Z,CHAN,1361,1361164,1000,100,0,14,0,-1090,-1130,-1112
2026-09-19T16:00:42Z,CHAN,1362,1362164,1000,100,0,14,0,-1100,-1130,-1112
2026-09-19T16:00:43Z,CHAN,1363,1363164,1000,100,0,12,0,-1100,-1130,-1113
2026-09-19T16:00:44Z,CHAN,1364,1364164,1000,100,0,12,0,-1100,-1130,-1112
2026-09-19T16:00:45Z,CHAN,1365,1365164,1000,100,0,16,0,-1090,-1120,-1111
2026-09-19T16:00:46Z,CHAN,1366,1366164,1000,100,0,10,0,-1100,-1130,-1114
2026-09-19T16:00:47Z,CHAN,1367,1367164,1000,100,0,9,0,-1090,-1130,-1112
2026-09-19T16:00:48Z,CHAN,1368,1368164,1000,100,0,10,0,-1090,-1130,-1113
2026-09-19T16:00:49Z,CHAN,1369,1369164,1000,100,0,10,0,-1100,-1130,-1112
2026-09-19T16:00:50Z,CHAN,1370,1370164,1000,100,0,8,0,-1100,-1130,-1112
2026-09-19T16:00:51Z,CHAN,1371,1371164,1000,100,0,4,0,-1100,-1130,-1112
2026-09-19T16:00:52Z,CHAN,1372,1372164,1000,100,0,12,0,-1090,-1120,-1112
2026-09-19T16:00:53Z,CHAN,1373,1373164,1000,100,0,6,0,-1100,-1130,-1112
2026-09-19T16:00:54Z,CHAN,1374,1374164,1000,100,0,8,0,-1100,-1130,-1112
2026-09-19T16:00:55Z,CHAN,1375,1375164,1000,100,0,5,0,-1100,-1120,-1113
2026-09-19T16:00:56Z,CHAN,1376,1376164,1000,100,0,8,0,-1100,-1130,-1112
2026-09-19T16:00:57Z,CHAN,1377,1377164,1000,100,0,4,0,-1100,-1130,-1113
2026-09-19T16:00:58Z,CHAN,1378,1378164,1000,100,0,4,0,-1100,-1130,-1114
2026-09-19T16:00:59Z,CHAN,1379,1379164,1000,100,0,3,0,-1100,-1130,-1114
2026-09-19T16:01:00Z,CHAN,1380,1380164,1000,100,0,4,0,-1100,-1130,-1114
2026-09-19T16:01:01Z,CHAN,1381,1381164,1000,100,0,1,0,-1100,-1120,-1114
2026-09-19T16:01:02Z,CHAN,1382,1382164,1000,100,0,2,0,-1100,-1130,-1114
2026-09-19T16:01:03Z,CHAN,1383,1383164,1000,100,0,3,0,-1100,-1130,-1113
2026-09-19T16:01:04Z,CHAN,1384,1384164,1000,100,0,8,0,-1040,-1120,-1111
2026-09-19T16:01:05Z,CHAN,1385,1385164,1000,100,0,4,0,-1100,-1130,-1114
2026-09-19T16:01:06Z,CHAN,1386,1386164,1000,100,0,1,0,-1100,-1130,-1115
2026-09-19T16:01:07Z,CHAN,1387,1387164,1000,100,0,7,0,-1100,-1130,-1113
2026-09-19T16:01:08Z,CHAN,1388,1388164,1000,100,0,9,0,-1000,-1130,-1109
2026-09-19T16:01:09Z,CHAN,1389,1389164,1000,100,0,3,0,-890,-1130,-1112
2026-09-19T16:01:09Z,CHANSUM,1330,1389,60,60000,6000,0,574,0,60,0,-890,-1130,-1120,-1128
2026-09-19T16:01:10Z,CHAN,1390,1390164,1000,100,0,5,0,-1090,-1130,-1114
2026-09-19T16:01:11Z,CHAN,1391,1391164,1000,100,0,5,0,-1100,-1130,-1115
2026-09-19T16:01:12Z,CHAN,1392,1392164,1000,100,0,4,0,-1020,-1130,-1112
2026-09-19T16:01:13Z,CHAN,1393,1393164,1000,100,0,1,0,-1100,-1130,-1114
2026-09-19T16:01:14Z,CHAN,1394,1394164,1000,100,0,7,0,-1080,-1130,-1114
2026-09-19T16:01:15Z,CHAN,1395,1395164,1000,100,0,3,0,-1100,-1130,-1115
2026-09-19T16:01:16Z,CHAN,1396,1396164,1000,100,0,4,0,-1100,-1130,-1115
2026-09-19T16:01:17Z,CHAN,1397,1397164,1000,100,0,1,0,-1100,-1130,-1115
2026-09-19T16:01:18Z,CHAN,1398,1398164,1000,100,0,2,0,-1100,-1130,-1114
2026-09-19T16:01:19Z,CHAN,1399,1399164,1000,100,0,3,0,-1100,-1120,-1114
2026-09-19T16:01:20Z,CHAN,1400,1400164,1000,100,0,6,0,-1100,-1140,-1114
2026-09-19T16:01:21Z,CHAN,1401,1401164,1000,100,0,1,0,-1100,-1130,-1116
2026-09-19T16:01:22Z,CHAN,1402,1402164,1000,100,0,5,0,-1100,-1130,-1114
2026-09-19T16:01:23Z,CHAN,1403,1403164,1000,100,0,10,0,-1090,-1130,-1113
2026-09-19T16:01:24Z,CHAN,1404,1404164,1000,100,0,6,0,-1100,-1130,-1115
2026-09-19T16:01:25Z,CHAN,1405,1405164,1000,100,0,5,0,-1100,-1130,-1115
2026-09-19T16:01:26Z,CHAN,1406,1406164,1000,100,0,2,0,-1100,-1130,-1116
2026-09-19T16:01:27Z,CHAN,1407,1407164,1000,100,0,3,0,-1100,-1130,-1114
2026-09-19T16:01:28Z,CHAN,1408,1408164,1000,100,0,3,0,-1100,-1130,-1114
2026-09-19T16:01:29Z,CHAN,1409,1409164,1000,100,0,3,0,-1100,-1130,-1115
2026-09-19T16:01:30Z,CHAN,1410,1410164,1000,100,0,7,0,-1100,-1130,-1114
2026-09-19T16:01:31Z,CHAN,1411,1411164,1000,100,0,4,0,-1100,-1130,-1115
2026-09-19T16:01:32Z,CHAN,1412,1412164,1000,100,0,1,0,-1100,-1130,-1115
2026-09-19T16:01:33Z,CHAN,1413,1413164,1000,100,0,7,0,-690,-1130,-1099
2026-09-19T16:01:34Z,CHAN,1414,1414164,1000,100,0,8,0,-1100,-1130,-1114
2026-09-19T16:01:35Z,CHAN,1415,1415164,1000,100,0,3,0,-1090,-1130,-1115
2026-09-19T16:01:36Z,CHAN,1416,1416164,1000,100,0,3,0,-1100,-1130,-1115
2026-09-19T16:01:37Z,CHAN,1417,1417164,1000,100,0,7,0,-1090,-1130,-1114
2026-09-19T16:01:38Z,CHAN,1418,1418164,1000,100,0,7,0,-1100,-1130,-1114
2026-09-19T16:01:39Z,CHAN,1419,1419164,1000,100,0,3,0,-1100,-1130,-1114
2026-09-19T16:01:40Z,CHAN,1420,1420164,1000,100,0,4,0,-1100,-1130,-1114
2026-09-19T16:01:41Z,CHAN,1421,1421164,1000,100,0,1,0,-1100,-1130,-1115
2026-09-19T16:01:42Z,CHAN,1422,1422164,1000,100,0,13,0,-1080,-1130,-1113
2026-09-19T16:01:43Z,CHAN,1423,1423164,1000,100,0,6,0,-1100,-1130,-1114
2026-09-19T16:01:44Z,CHAN,1424,1424164,1000,100,0,4,0,-1100,-1130,-1114
2026-09-19T16:01:45Z,CHAN,1425,1425164,1000,100,0,6,0,-1090,-1130,-1114
2026-09-19T16:01:46Z,CHAN,1426,1426164,1000,100,0,3,0,-1100,-1130,-1115
2026-09-19T16:01:47Z,CHAN,1427,1427164,1000,100,0,8,0,-1100,-1120,-1113
2026-09-19T16:01:48Z,CHAN,1428,1428164,1000,100,0,2,0,-1100,-1130,-1115
2026-09-19T16:01:49Z,CHAN,1429,1429164,1000,100,0,3,0,-1100,-1130,-1115
2026-09-19T16:01:50Z,CHAN,1430,1430164,1000,100,0,5,0,-1100,-1130,-1114
2026-09-19T16:01:51Z,CHAN,1431,1431164,1000,100,0,3,0,-1090,-1130,-1115
2026-09-19T16:01:52Z,CHAN,1432,1432164,1000,100,0,6,0,-1100,-1130,-1114
2026-09-19T16:01:54Z,CHAN,1434,1434164,1000,100,0,3,0,-1100,-1130,-1115
2026-09-19T16:01:55Z,CHAN,1435,1435164,1000,100,0,1,0,-1100,-1130,-1115
2026-09-19T16:01:56Z,CHAN,1436,1436164,1000,100,0,3,0,-1100,-1130,-1114
2026-09-19T16:01:57Z,CHAN,1437,1437164,1000,100,0,2,0,-1100,-1130,-1115
2026-09-19T16:01:58Z,CHAN,1438,1438164,1000,100,0,4,0,-1100,-1130,-1115
2026-09-19T16:01:59Z,CHAN,1439,1439164,1000,100,0,5,0,-1100,-1120,-1114
2026-09-19T16:02:00Z,CHAN,1440,1440164,1000,100,0,4,0,-1100,-1130,-1115
2026-09-19T16:02:01Z,CHAN,1441,1441164,1000,100,0,3,0,-1100,-1130,-1114
2026-09-19T16:02:02Z,CHAN,1442,1442164,1000,100,0,5,0,-1100,-1130,-1114
2026-09-19T16:02:03Z,CHAN,1443,1443164,1000,100,0,2,0,-1100,-1130,-1115
2026-09-19T16:02:04Z,CHAN,1444,1444164,1000,100,0,5,0,-1100,-1130,-1115
2026-09-19T16:02:05Z,CHAN,1445,1445164,1000,100,0,2,0,-1100,-1130,-1115
2026-09-19T16:02:06Z,CHAN,1446,1446164,1000,100,0,3,0,-1100,-1130,-1115
2026-09-19T16:02:07Z,CHAN,1447,1447164,1000,100,0,2,0,-1100,-1130,-1114
2026-09-19T16:02:08Z,CHAN,1448,1448164,1000,100,0,4,0,-1100,-1120,-1113
2026-09-19T16:02:09Z,CHAN,1449,1449164,1000,100,0,4,0,-1100,-1130,-1114
2026-09-19T16:02:09Z,CHANSUM,1390,1449,60,60000,6000,0,245,0,59,0,-690,-1140,-1120,-1129
2026-09-19T16:02:10Z,CHAN,1450,1450164,1000,100,0,4,0,-1100,-1130,-1114
2026-09-19T16:02:11Z,CHAN,1451,1451164,1000,100,0,3,0,-1100,-1130,-1116
2026-09-19T16:02:12Z,CHAN,1452,1452164,1000,100,0,3,0,-1100,-1130,-1115
2026-09-19T16:02:13Z,CHAN,1453,1453164,1000,100,0,1,0,-1100,-1130,-1114
2026-09-19T16:02:14Z,CHAN,1454,1454164,1000,100,0,2,0,-1100,-1130,-1115
2026-09-19T16:02:15Z,CHAN,1455,1455164,1000,100,0,3,0,-1100,-1130,-1115
2026-09-19T16:02:16Z,CHAN,1456,1456164,1000,100,0,3,0,-1100,-1130,-1114
2026-09-19T16:02:17Z,CHAN,1457,1457164,1000,100,0,4,0,-1100,-1130,-1115
2026-09-19T16:02:18Z,CHAN,1458,1458164,1000,100,0,5,0,-1100,-1130,-1115
2026-09-19T16:02:19Z,CHAN,1459,1459164,1000,100,0,1,0,-1100,-1130,-1115
2026-09-19T16:02:20Z,CHAN,1460,1460164,1000,100,0,2,0,-1100,-1130,-1116
2026-09-19T16:02:21Z,CHAN,1461,1461164,1000,100,0,4,0,-1100,-1120,-1115
2026-09-19T16:02:22Z,CHAN,1462,1462164,1000,100,0,2,0,-1100,-1130,-1116
2026-09-19T16:02:23Z,CHAN,1463,1463164,1000,100,0,3,0,-1100,-1130,-1115
2026-09-19T16:02:24Z,CHAN,1464,1464164,1000,100,0,3,0,-1100,-1130,-1115
2026-09-19T16:02:25Z,CHAN,1465,1465164,1000,100,0,3,0,-1100,-1130,-1116
2026-09-19T16:02:26Z,CHAN,1466,1466164,1000,100,0,9,0,-1100,-1130,-1113
2026-09-19T16:02:27Z,CHAN,1467,1467164,1000,100,0,6,0,-1090,-1130,-1114
2026-09-19T16:02:28Z,CHAN,1468,1468164,1000,100,0,4,0,-1100,-1130,-1114
2026-09-19T16:02:29Z,CHAN,1469,1469164,1000,100,0,5,0,-1100,-1130,-1114
2026-09-19T16:02:30Z,CHAN,1470,1470164,1000,100,0,6,0,-1090,-1130,-1113
2026-09-19T16:02:31Z,CHAN,1471,1471164,1000,100,0,7,0,-1100,-1130,-1114
2026-09-19T16:02:32Z,CHAN,1472,1472164,1000,100,0,2,0,-1100,-1130,-1116
2026-09-19T16:02:33Z,CHAN,1473,1473164,1000,100,0,7,0,-1100,-1130,-1115
2026-09-19T16:02:34Z,CHAN,1474,1474164,1000,100,0,4,0,-1100,-1130,-1115
2026-09-19T16:02:35Z,CHAN,1475,1475164,1000,100,0,3,0,-1100,-1130,-1115
2026-09-19T16:02:36Z,CHAN,1476,1476164,1000,100,0,5,0,-1100,-1130,-1114
2026-09-19T16:02:37Z,CHAN,1477,1477164,1000,100,0,5,0,-1100,-1130,-1114
2026-09-19T16:02:38Z,CHAN,1478,1478164,1000,100,0,6,0,-1100,-1130,-1114
2026-09-19T16:02:39Z,CHAN,1479,1479164,1000,100,0,3,0,-1100,-1130,-1114
2026-09-19T16:02:40Z,CHAN,1480,1480164,1000,100,0,7,0,-1100,-1130,-1114
2026-09-19T16:02:41Z,CHAN,1481,1481164,1000,100,0,3,0,-1100,-1130,-1115
2026-09-19T16:02:42Z,CHAN,1482,1482164,1000,100,0,4,0,-1100,-1130,-1115
2026-09-19T16:02:43Z,CHAN,1483,1483164,1000,100,0,3,0,-1100,-1130,-1116
2026-09-19T16:02:44Z,CHAN,1484,1484164,1000,100,0,3,0,-1100,-1130,-1115
2026-09-19T16:02:45Z,CHAN,1485,1485164,1000,100,0,5,0,-1100,-1130,-1114
2026-09-19T16:02:46Z,CHAN,1486,1486164,1000,100,0,2,0,-1100,-1130,-1115
2026-09-19T16:02:47Z,CHAN,1487,1487164,1000,100,0,4,0,-1100,-1130,-1115
2026-09-19T16:02:48Z,CHAN,1488,1488164,1000,100,0,6,0,-1100,-1130,-1114
2026-09-19T16:02:50Z,CHAN,1490,1490164,1000,100,0,6,0,-1100,-1130,-1114
2026-09-19T16:02:51Z,CHAN,1491,1491164,1000,100,0,9,0,-1100,-1130,-1113
2026-09-19T16:02:52Z,CHAN,1492,1492164,1000,100,0,3,0,-1100,-1130,-1113
2026-09-19T16:02:53Z,CHAN,1493,1493164,1000,100,0,5,0,-1100,-1130,-1115
2026-09-19T16:02:54Z,CHAN,1494,1494164,1000,100,0,4,0,-1100,-1130,-1114
2026-09-19T16:02:55Z,CHAN,1495,1495164,1000,100,0,7,0,-1070,-1130,-1112
2026-09-19T16:02:56Z,CHAN,1496,1496164,1000,100,0,4,0,-1100,-1130,-1114
2026-09-19T16:02:57Z,CHAN,1497,1497164,1000,100,0,2,0,-1100,-1130,-1115
2026-09-19T16:02:58Z,CHAN,1498,1498164,1000,100,0,3,0,-1100,-1130,-1115
2026-09-19T16:02:59Z,CHAN,1499,1499164,1000,100,0,1,0,-1100,-1130,-1114
2026-09-19T16:03:00Z,CHAN,1500,1500164,1000,100,0,2,0,-1100,-1130,-1114
2026-09-19T16:03:01Z,CHAN,1501,1501164,1000,100,0,4,0,-1100,-1130,-1113
2026-09-19T16:03:02Z,CHAN,1502,1502164,1000,100,0,2,0,-1100,-1120,-1114
2026-09-19T16:03:03Z,CHAN,1503,1503164,1000,100,0,5,0,-1100,-1130,-1114
2026-09-19T16:03:04Z,CHAN,1504,1504164,1000,100,0,5,0,-1100,-1130,-1114
2026-09-19T16:03:05Z,CHAN,1505,1505164,1000,100,0,4,0,-1100,-1130,-1114
2026-09-19T16:03:06Z,CHAN,1506,1506164,1000,100,0,7,0,-1100,-1120,-1112
2026-09-19T16:03:07Z,CHAN,1507,1507164,1000,100,0,5,0,-1100,-1130,-1112
2026-09-19T16:03:08Z,CHAN,1508,1508164,1000,100,0,11,0,-1090,-1130,-1112
2026-09-19T16:03:09Z,CHAN,1509,1509164,1000,100,0,8,0,-1100,-1130,-1113
2026-09-19T16:03:09Z,CHANSUM,1450,1509,60,60000,6000,0,252,0,59,0,-1070,-1130,-1120,-1129
2026-09-19T16:03:10Z,CHAN,1510,1510164,1000,100,0,9,0,-1100,-1130,-1113
2026-09-19T16:03:11Z,CHAN,1511,1511164,1000,100,0,5,0,-1100,-1120,-1113
2026-09-19T16:03:12Z,CHAN,1512,1512164,1000,100,0,2,0,-1100,-1130,-1113
2026-09-19T16:03:13Z,CHAN,1513,1513164,1000,100,0,8,0,-1100,-1130,-1114
2026-09-19T16:03:14Z,CHAN,1514,1514164,1000,100,0,12,0,-1090,-1130,-1113
2026-09-19T16:03:15Z,CHAN,1515,1515164,1000,100,0,10,0,-1100,-1130,-1113
2026-09-19T16:03:16Z,CHAN,1516,1516164,1000,100,0,8,0,-1100,-1120,-1113
2026-09-19T16:03:17Z,CHAN,1517,1517164,1000,100,0,4,0,-1100,-1130,-1114
2026-09-19T16:03:18Z,CHAN,1518,1518164,1000,100,0,9,0,-1100,-1130,-1111
2026-09-19T16:03:19Z,CHAN,1519,1519164,1000,100,0,6,0,-1100,-1120,-1113
2026-09-19T16:03:20Z,CHAN,1520,1520164,1000,100,0,8,0,-600,-1130,-1108
2026-09-19T16:03:21Z,CHAN,1521,1521164,1000,100,0,11,0,-1100,-1120,-1112
2026-09-19T16:03:22Z,CHAN,1522,1522164,1000,100,0,5,0,-1100,-1120,-1113
2026-09-19T16:03:23Z,CHAN,1523,1523164,1000,100,0,7,0,-1090,-1130,-1113
2026-09-19T16:03:24Z,CHAN,1524,1524164,1000,100,0,13,0,-1100,-1130,-1113
2026-09-19T16:03:25Z,CHAN,1525,1525164,1000,100,0,9,0,-1100,-1130,-1113
2026-09-19T16:03:26Z,CHAN,1526,1526164,1000,100,0,8,0,-1100,-1130,-1113
2026-09-19T16:03:27Z,CHAN,1527,1527164,1000,100,0,6,0,-1100,-1120,-1113
2026-09-19T16:03:28Z,CHAN,1528,1528164,1000,100,0,6,0,-1100,-1130,-1113
2026-09-19T16:03:29Z,CHAN,1529,1529164,1000,100,0,10,0,-1100,-1130,-1113
2026-09-19T16:03:30Z,CHAN,1530,1530164,1000,100,0,12,0,-1070,-1120,-1111
2026-09-19T16:03:31Z,CHAN,1531,1531164,1000,100,0,4,0,-1100,-1130,-1113
2026-09-19T16:03:32Z,CHAN,1532,1532164,1000,100,0,7,0,-1100,-1130,-1112
2026-09-19T16:03:33Z,CHAN,1533,1533164,1000,100,0,10,0,-1100,-1130,-1113
2026-09-19T16:03:34Z,CHAN,1534,1534164,1000,100,0,10,0,-1100,-1130,-1113
2026-09-19T16:03:35Z,CHAN,1535,1535164,1000,100,0,7,0,-1100,-1130,-1112
2026-09-19T16:03:36Z,CHAN,1536,1536164,1000,100,0,10,0,-1100,-1130,-1112
2026-09-19T16:03:37Z,CHAN,1537,1537164,1000,100,0,6,0,-1100,-1130,-1113
2026-09-19T16:03:38Z,CHAN,1538,1538164,1000,100,0,12,0,-1100,-1120,-1112
2026-09-19T16:03:39Z,CHAN,1539,1539164,1000,100,0,14,0,-1100,-1130,-1112
2026-09-19T16:03:40Z,CHAN,1540,1540164,1000,100,0,10,0,-1100,-1130,-1112
2026-09-19T16:03:41Z,CHAN,1541,1541164,1000,100,0,13,0,-1100,-1120,-1111
2026-09-19T16:03:42Z,CHAN,1542,1542164,1000,100,0,7,0,-1090,-1120,-1112
2026-09-19T16:03:43Z,CHAN,1543,1543164,1000,100,0,8,0,-1100,-1130,-1112
2026-09-19T16:03:44Z,CHAN,1544,1544164,1000,100,0,15,0,-1090,-1120,-1111
2026-09-19T16:03:45Z,CHAN,1545,1545164,1000,100,0,14,0,-1100,-1120,-1111
2026-09-19T16:03:46Z,CHAN,1546,1546164,1000,100,0,14,0,-1090,-1130,-1112
2026-09-19T16:03:47Z,CHAN,1547,1547164,1000,100,0,6,0,-1100,-1120,-1111
2026-09-19T16:03:48Z,CHAN,1548,1548164,1000,100,0,15,0,-1100,-1130,-1111
2026-09-19T16:03:49Z,CHAN,1549,1549164,1000,100,0,12,0,-1100,-1120,-1111
2026-09-19T16:03:50Z,CHAN,1550,1550164,1000,100,0,10,0,-1090,-1130,-1111
2026-09-19T16:03:51Z,CHAN,1551,1551164,1000,100,0,12,0,-1100,-1130,-1112
2026-09-19T16:03:52Z,CHAN,1552,1552164,1000,100,0,10,0,-1100,-1120,-1112
2026-09-19T16:03:53Z,CHAN,1553,1553164,1000,100,0,12,0,-1090,-1130,-1112
2026-09-19T16:03:54Z,CHAN,1554,1554164,1000,100,0,13,0,-1100,-1130,-1112
2026-09-19T16:03:55Z,CHAN,1555,1555164,1000,100,0,14,0,-1100,-1130,-1111
2026-09-19T16:03:56Z,CHAN,1556,1556164,1000,100,0,11,0,-1100,-1120,-1112
2026-09-19T16:03:57Z,CHAN,1557,1557164,1000,100,0,6,0,-1100,-1120,-1112
2026-09-19T16:03:58Z,CHAN,1558,1558164,1000,100,0,9,0,-1100,-1120,-1112
2026-09-19T16:03:59Z,CHAN,1559,1559164,1000,100,0,14,0,-1090,-1130,-1111
2026-09-19T16:04:00Z,CHAN,1560,1560164,1000,100,0,13,0,-1100,-1130,-1111
2026-09-19T16:04:01Z,CHAN,1561,1561164,1000,100,0,12,0,-1100,-1120,-1112
2026-09-19T16:04:02Z,CHAN,1562,1562164,1000,100,0,9,0,-1100,-1120,-1111
2026-09-19T16:04:03Z,CHAN,1563,1563164,1000,100,0,11,0,-1100,-1120,-1111
2026-09-19T16:04:04Z,CHAN,1564,1564164,1000,100,0,20,0,-1100,-1130,-1111
2026-09-19T16:04:05Z,CHAN,1565,1565164,1000,100,0,11,0,-1100,-1130,-1111
2026-09-19T16:04:06Z,CHAN,1566,1566164,1000,100,0,19,0,-990,-1120,-1105
2026-09-19T16:04:07Z,CHAN,1567,1567164,1000,100,0,10,0,-1100,-1120,-1111
2026-09-19T16:04:08Z,CHAN,1568,1568164,1000,100,0,6,0,-1100,-1120,-1112
2026-09-19T16:04:09Z,CHAN,1569,1569164,1000,100,0,9,0,-1100,-1120,-1112
2026-09-19T16:04:09Z,CHANSUM,1510,1569,60,60000,6000,0,593,0,60,0,-600,-1130,-1120,-1125
2026-09-19T16:04:10Z,CHAN,1570,1570164,1000,100,0,6,0,-1100,-1120,-1112
2026-09-19T16:04:11Z,CHAN,1571,1571164,1000,100,0,6,0,-1100,-1120,-1112
2026-09-19T16:04:12Z,CHAN,1572,1572164,1000,100,0,9,0,-1100,-1130,-1111
2026-09-19T16:04:13Z,CHAN,1573,1573164,1000,100,0,11,0,-1100,-1120,-1112
2026-09-19T16:04:14Z,CHAN,1574,1574164,1000,100,0,9,0,-1100,-1130,-1112
2026-09-19T16:04:15Z,CHAN,1575,1575164,1000,100,0,9,0,-1100,-1130,-1112
2026-09-19T16:04:16Z,CHAN,1576,1576164,1000,100,0,14,0,-1090,-1120,-1111
2026-09-19T16:04:17Z,CHAN,1577,1577164,1000,100,0,8,0,-1100,-1120,-1112
2026-09-19T16:04:18Z,CHAN,1578,1578164,1000,100,0,6,0,-1100,-1130,-1113
2026-09-19T16:04:19Z,CHAN,1579,1579164,1000,100,0,9,0,-1100,-1120,-1112
2026-09-19T16:04:20Z,CHAN,1580,1580164,1000,100,0,7,0,-1100,-1130,-1112
2026-09-19T16:04:21Z,CHAN,1581,1581164,1000,100,0,3,0,-1100,-1120,-1113
2026-09-19T16:04:22Z,CHAN,1582,1582164,1000,100,0,5,0,-1100,-1120,-1113
2026-09-19T16:04:23Z,CHAN,1583,1583164,1000,100,0,8,0,-1090,-1120,-1114
2026-09-19T16:04:24Z,CHAN,1584,1584164,1000,100,0,2,0,-1100,-1130,-1114
2026-09-19T16:04:25Z,CHAN,1585,1585164,1000,100,0,7,0,-1090,-1130,-1113
2026-09-19T16:04:26Z,CHAN,1586,1586164,1000,100,0,10,0,-1100,-1120,-1113
2026-09-19T16:04:27Z,CHAN,1587,1587164,1000,100,0,9,0,-1100,-1130,-1114
2026-09-19T16:04:28Z,CHAN,1588,1588164,1000,100,0,6,0,-1090,-1130,-1114
2026-09-19T16:04:29Z,CHAN,1589,1589164,1000,100,0,7,0,-1100,-1130,-1113
2026-09-19T16:04:30Z,CHAN,1590,1590164,1000,100,0,8,0,-1100,-1130,-1114
2026-09-19T16:04:31Z,CHAN,1591,1591164,1000,100,0,8,0,-1100,-1130,-1114
2026-09-19T16:04:32Z,CHAN,1592,1592164,1000,100,0,10,0,-1100,-1130,-1115
2026-09-19T16:04:33Z,CHAN,1593,1593164,1000,100,0,9,0,-1100,-1130,-1114
2026-09-19T16:04:34Z,CHAN,1594,1594164,1000,100,0,5,0,-1100,-1130,-1115
2026-09-19T16:04:35Z,CHAN,1595,1595164,1000,100,0,8,0,-1100,-1130,-1114
2026-09-19T16:04:36Z,CHAN,1596,1596164,1000,100,0,13,0,-930,-1130,-1107
2026-09-19T16:04:37Z,CHAN,1597,1597164,1000,100,0,5,0,-1100,-1130,-1114
2026-09-19T16:04:38Z,CHAN,1598,1598164,1000,100,0,12,0,-1100,-1130,-1113
2026-09-19T16:04:39Z,CHAN,1599,1599164,1000,100,0,13,0,-1090,-1130,-1112
2026-09-19T16:04:40Z,CHAN,1600,1600164,1000,100,0,11,0,-1100,-1130,-1113
2026-09-19T16:04:41Z,CHAN,1601,1601164,1000,100,0,12,0,-1090,-1130,-1112
2026-09-19T16:04:42Z,CHAN,1602,1602164,1000,100,0,11,0,-1100,-1130,-1113
2026-09-19T16:04:43Z,CHAN,1603,1603164,1000,100,0,15,0,-1090,-1130,-1112
2026-09-19T16:04:44Z,CHAN,1604,1604164,1000,100,0,11,0,-1100,-1130,-1113
2026-09-19T16:04:45Z,CHAN,1605,1605164,1000,100,0,9,0,-1100,-1130,-1113
2026-09-19T16:04:46Z,CHAN,1606,1606164,1000,100,0,9,0,-1100,-1130,-1114
2026-09-19T16:04:47Z,CHAN,1607,1607164,1000,100,0,8,0,-1100,-1130,-1112
2026-09-19T16:04:48Z,CHAN,1608,1608164,1000,100,0,17,0,-1100,-1130,-1113
2026-09-19T16:04:49Z,CHAN,1609,1609164,1000,100,0,8,0,-1100,-1130,-1114
2026-09-19T16:04:50Z,CHAN,1610,1610164,1000,100,0,7,0,-1100,-1130,-1114
2026-09-19T16:04:51Z,CHAN,1611,1611164,1000,100,0,12,0,-1090,-1130,-1113
2026-09-19T16:04:52Z,CHAN,1612,1612164,1000,100,0,18,0,-1100,-1130,-1112
2026-09-19T16:04:53Z,CHAN,1613,1613164,1000,100,0,15,0,-1100,-1130,-1112
2026-09-19T16:04:54Z,CHAN,1614,1614164,1000,100,0,13,0,-1100,-1130,-1112
2026-09-19T16:04:55Z,CHAN,1615,1615164,1000,100,0,6,0,-1100,-1130,-1113
2026-09-19T16:04:56Z,CHAN,1616,1616164,1000,100,0,18,0,-1090,-1130,-1111
2026-09-19T16:04:57Z,CHAN,1617,1617164,1000,100,0,16,0,-1100,-1120,-1112
2026-09-19T16:04:58Z,CHAN,1618,1618164,1000,100,0,13,0,-1100,-1130,-1113
2026-09-19T16:04:59Z,CHAN,1619,1619164,1000,100,0,14,0,-1100,-1130,-1112
2026-09-19T16:05:00Z,CHAN,1620,1620164,1000,100,0,18,0,-1090,-1130,-1111
2026-09-19T16:05:01Z,CHAN,1621,1621164,1000,100,0,14,0,-1090,-1130,-1112
2026-09-19T16:05:02Z,CHAN,1622,1622164,1000,100,0,15,0,-1100,-1130,-1112
2026-09-19T16:05:03Z,CHAN,1623,1623164,1000,100,0,14,0,-1090,-1130,-1112
2026-09-19T16:05:04Z,CHAN,1624,1624164,1000,100,0,14,0,-1100,-1130,-1112
2026-09-19T16:05:05Z,CHAN,1625,1625164,1000,100,0,15,0,-1090,-1130,-1112
2026-09-19T16:05:06Z,CHAN,1626,1626164,1000,100,0,11,0,-1100,-1130,-1112
2026-09-19T16:05:07Z,CHAN,1627,1627164,1000,100,0,12,0,-1100,-1130,-1113
2026-09-19T16:05:08Z,CHAN,1628,1628164,1000,100,0,11,0,-1100,-1130,-1112
2026-09-19T16:05:09Z,CHAN,1629,1629164,1000,100,0,16,0,-1090,-1130,-1112
2026-09-19T16:05:09Z,CHANSUM,1570,1629,60,60000,6000,0,625,0,60,0,-930,-1130,-1120,-1128
2026-09-19T16:05:10Z,CHAN,1630,1630164,1000,100,0,9,0,-1090,-1130,-1113
2026-09-19T16:05:11Z,CHAN,1631,1631164,1000,100,0,15,0,-1090,-1130,-1112
2026-09-19T16:05:12Z,CHAN,1632,1632164,1000,100,0,10,0,-1100,-1130,-1113
2026-09-19T16:05:13Z,CHAN,1633,1633164,1000,100,0,18,0,-1090,-1130,-1111
2026-09-19T16:05:14Z,CHAN,1634,1634164,1000,100,0,17,0,-1100,-1130,-1112
2026-09-19T16:05:15Z,CHAN,1635,1635164,1000,100,0,13,0,-1090,-1130,-1113
2026-09-19T16:05:16Z,CHAN,1636,1636164,1000,100,0,11,0,-1100,-1130,-1113
2026-09-19T16:05:17Z,CHAN,1637,1637164,1000,100,0,19,0,-1090,-1130,-1111
2026-09-19T16:05:18Z,CHAN,1638,1638164,1000,100,0,18,0,-1100,-1130,-1112
2026-09-19T16:05:19Z,CHAN,1639,1639164,1000,100,0,23,0,-1090,-1130,-1111
2026-09-19T16:05:20Z,CHAN,1640,1640164,1000,100,0,20,0,-1100,-1130,-1111
2026-09-19T16:05:21Z,CHAN,1641,1641164,1000,100,0,12,0,-1100,-1140,-1112
2026-09-19T16:05:22Z,CHAN,1642,1642164,1000,100,0,12,0,-1090,-1130,-1112
2026-09-19T16:05:23Z,CHAN,1643,1643164,1000,100,0,17,0,-1100,-1120,-1112
2026-09-19T16:05:24Z,CHAN,1644,1644164,1000,100,0,18,0,-1090,-1130,-1112
2026-09-19T16:05:25Z,CHAN,1645,1645164,1000,100,0,13,0,-1090,-1130,-1112
2026-09-19T16:05:26Z,CHAN,1646,1646164,1000,100,0,11,0,-1100,-1130,-1113
2026-09-19T16:05:27Z,CHAN,1647,1647164,1000,100,0,16,0,-1090,-1130,-1111
2026-09-19T16:05:28Z,CHAN,1648,1648164,1000,100,0,16,0,-1100,-1130,-1112
2026-09-19T16:05:29Z,CHAN,1649,1649164,1000,100,0,15,0,-1100,-1130,-1112
2026-09-19T16:05:30Z,CHAN,1650,1650164,1000,100,0,13,0,-1100,-1130,-1113
2026-09-19T16:05:31Z,CHAN,1651,1651164,1000,100,0,13,0,-600,-1130,-1108
2026-09-19T16:05:32Z,CHAN,1652,1652164,1000,100,0,15,0,-1100,-1130,-1112
2026-09-19T16:05:33Z,CHAN,1653,1653164,1000,100,0,33,0,-1090,-1130,-1109
2026-09-19T16:05:34Z,CHAN,1654,1654164,1000,100,0,35,0,-1090,-1130,-1108
2026-09-19T16:05:35Z,CHAN,1655,1655164,1000,100,0,34,0,-1090,-1130,-1108
2026-09-19T16:05:36Z,CHAN,1656,1656164,1000,100,0,37,0,-1090,-1120,-1107
2026-09-19T16:05:37Z,CHAN,1657,1657164,1000,100,0,36,0,-1090,-1120,-1107
2026-09-19T16:05:38Z,CHAN,1658,1658164,1000,100,0,39,0,-1090,-1120,-1107
2026-09-19T16:05:39Z,CHAN,1659,1659164,1000,100,0,38,0,-1040,-1120,-1105
2026-09-19T16:05:40Z,CHAN,1660,1660164,1000,100,0,37,0,-1090,-1130,-1107
2026-09-19T16:05:41Z,CHAN,1661,1661164,1000,100,0,24,0,-1100,-1130,-1109
2026-09-19T16:05:42Z,CHAN,1662,1662164,1000,100,0,13,0,-1090,-1130,-1113
2026-09-19T16:05:43Z,CHAN,1663,1663164,1000,100,0,17,0,-1090,-1130,-1112
2026-09-19T16:05:44Z,CHAN,1664,1664164,1000,100,0,11,0,-1090,-1130,-1112
2026-09-19T16:05:45Z,CHAN,1665,1665164,1000,100,0,18,0,-1090,-1130,-1111
2026-09-19T16:05:46Z,CHAN,1666,1666164,1000,100,0,11,0,-1100,-1130,-1112
2026-09-19T16:05:47Z,CHAN,1667,1667164,1000,100,0,14,0,-1100,-1130,-1112
2026-09-19T16:05:48Z,CHAN,1668,1668164,1000,100,0,9,0,-1090,-1130,-1113
2026-09-19T16:05:49Z,CHAN,1669,1669164,1000,100,0,10,0,-1100,-1130,-1112
2026-09-19T16:05:50Z,CHAN,1670,1670164,1000,100,0,12,0,-1100,-1130,-1112
2026-09-19T16:05:51Z,CHAN,1671,1671164,1000,100,0,11,0,-1100,-1130,-1114
2026-09-19T16:05:52Z,CHAN,1672,1672164,1000,100,0,11,0,-1100,-1130,-1113
2026-09-19T16:05:53Z,CHAN,1673,1673164,1000,100,0,10,0,-1100,-1130,-1114
2026-09-19T16:05:54Z,CHAN,1674,1674164,1000,100,0,8,0,-1100,-1130,-1113
2026-09-19T16:05:55Z,CHAN,1675,1675164,1000,100,0,13,0,-1100,-1130,-1113
2026-09-19T16:05:56Z,CHAN,1676,1676164,1000,100,0,12,0,-1100,-1130,-1114
2026-09-19T16:05:57Z,CHAN,1677,1677164,1000,100,0,16,0,-1090,-1130,-1113
2026-09-19T16:05:58Z,CHAN,1678,1678164,1000,100,0,7,0,-1100,-1140,-1114
2026-09-19T16:05:59Z,CHAN,1679,1679164,1000,100,0,8,0,-1100,-1130,-1113
2026-09-19T16:06:00Z,CHAN,1680,1680164,1000,100,0,13,0,-1090,-1130,-1112
2026-09-19T16:06:01Z,CHAN,1681,1681164,1000,100,0,10,0,-1100,-1130,-1113
2026-09-19T16:06:02Z,CHAN,1682,1682164,1000,100,0,8,0,-1100,-1130,-1114
2026-09-19T16:06:03Z,CHAN,1683,1683164,1000,100,0,12,0,-1100,-1130,-1113
2026-09-19T16:06:04Z,CHAN,1684,1684164,1000,100,0,7,0,-1100,-1130,-1114
2026-09-19T16:06:05Z,CHAN,1685,1685164,1000,100,0,10,0,-1100,-1130,-1113
2026-09-19T16:06:06Z,CHAN,1686,1686164,1000,100,0,10,0,-1100,-1130,-1113
2026-09-19T16:06:07Z,CHAN,1687,1687164,1000,100,0,10,0,-1100,-1130,-1114
2026-09-19T16:06:08Z,CHAN,1688,1688164,1000,100,0,6,0,-1100,-1130,-1114
2026-09-19T16:06:09Z,CHAN,1689,1689164,1000,100,0,2,0,-1100,-1120,-1114
2026-09-19T16:06:09Z,CHANSUM,1630,1689,60,60000,6000,0,956,0,60,0,-600,-1140,-1120,-1129
2026-09-19T16:06:10Z,CHAN,1690,1690164,1000,100,0,14,0,-1100,-1130,-1113
2026-09-19T16:06:11Z,CHAN,1691,1691164,1000,100,0,8,0,-1090,-1130,-1114
2026-09-19T16:06:12Z,CHAN,1692,1692164,1000,100,0,7,0,-1100,-1130,-1113
2026-09-19T16:06:13Z,CHAN,1693,1693164,1000,100,0,8,0,-1100,-1130,-1113
2026-09-19T16:06:14Z,CHAN,1694,1694164,1000,100,0,4,0,-1100,-1130,-1114
2026-09-19T16:06:15Z,CHAN,1695,1695164,1000,100,0,6,0,-1100,-1130,-1113
2026-09-19T16:06:16Z,CHAN,1696,1696164,1000,100,0,6,0,-1100,-1130,-1114
2026-09-19T16:06:17Z,CHAN,1697,1697164,1000,100,0,12,0,-1100,-1130,-1113
2026-09-19T16:06:18Z,CHAN,1698,1698164,1000,100,0,6,0,-1100,-1130,-1114
2026-09-19T16:06:19Z,CHAN,1699,1699164,1000,100,0,5,0,-1100,-1130,-1114
2026-09-19T16:06:20Z,CHAN,1700,1700164,1000,100,0,5,0,-1100,-1130,-1115
2026-09-19T16:06:21Z,CHAN,1701,1701164,1000,100,0,4,0,-1100,-1140,-1115
2026-09-19T16:06:22Z,CHAN,1702,1702164,1000,100,0,6,0,-1100,-1130,-1114
2026-09-19T16:06:23Z,CHAN,1703,1703164,1000,100,0,8,0,-1100,-1130,-1114
2026-09-19T16:06:24Z,CHAN,1704,1704164,1000,100,0,5,0,-1100,-1130,-1114
2026-09-19T16:06:25Z,CHAN,1705,1705164,1000,100,0,6,0,-1100,-1130,-1114
2026-09-19T16:06:26Z,CHAN,1706,1706164,1000,100,0,7,0,-1100,-1130,-1115
2026-09-19T16:06:27Z,CHAN,1707,1707164,1000,100,0,6,0,-1100,-1130,-1114
2026-09-19T16:06:28Z,CHAN,1708,1708164,1000,100,0,6,0,-1100,-1130,-1114
2026-09-19T16:06:29Z,CHAN,1709,1709164,1000,100,0,7,0,-1100,-1130,-1114
2026-09-19T16:06:30Z,CHAN,1710,1710164,1000,100,0,7,0,-1100,-1130,-1114
2026-09-19T16:06:31Z,CHAN,1711,1711164,1000,100,0,8,0,-1100,-1130,-1113
2026-09-19T16:06:32Z,CHAN,1712,1712164,1000,100,0,6,0,-1100,-1130,-1115
2026-09-19T16:06:33Z,CHAN,1713,1713164,1000,100,0,6,0,-1100,-1130,-1114
2026-09-19T16:06:34Z,CHAN,1714,1714164,1000,100,0,4,0,-1100,-1130,-1114
2026-09-19T16:06:35Z,CHAN,1715,1715164,1000,100,0,3,0,-1100,-1130,-1115
2026-09-19T16:06:36Z,CHAN,1716,1716164,1000,100,0,7,0,-1100,-1130,-1115
2026-09-19T16:06:37Z,CHAN,1717,1717164,1000,100,0,8,0,-1100,-1130,-1114
2026-09-19T16:06:38Z,CHAN,1718,1718164,1000,100,0,4,0,-1090,-1130,-1114
2026-09-19T16:06:39Z,CHAN,1719,1719164,1000,100,0,4,0,-1090,-1130,-1115
2026-09-19T16:06:40Z,CHAN,1720,1720164,1000,100,0,3,0,-1100,-1130,-1115
2026-09-19T16:06:41Z,CHAN,1721,1721164,1000,100,0,6,0,-1100,-1130,-1114
2026-09-19T16:06:42Z,CHAN,1722,1722164,1000,100,0,5,0,-1100,-1130,-1116
2026-09-19T16:06:43Z,CHAN,1723,1723164,1000,100,0,5,0,-1100,-1130,-1115
2026-09-19T16:06:44Z,CHAN,1724,1724164,1000,100,0,6,0,-1100,-1130,-1114
2026-09-19T16:06:45Z,CHAN,1725,1725164,1000,100,0,7,0,-1090,-1130,-1114
2026-09-19T16:06:46Z,CHAN,1726,1726164,1000,100,0,10,0,-1100,-1130,-1114
2026-09-19T16:06:47Z,CHAN,1727,1727164,1000,100,0,8,0,-1100,-1130,-1114
2026-09-19T16:06:48Z,CHAN,1728,1728164,1000,100,0,6,0,-1100,-1130,-1114
2026-09-19T16:06:49Z,CHAN,1729,1729164,1000,100,0,3,0,-1100,-1130,-1114
2026-09-19T16:06:50Z,CHAN,1730,1730164,1000,100,0,12,0,-1100,-1130,-1113
2026-09-19T16:06:51Z,CHAN,1731,1731164,1000,100,0,7,0,-1100,-1130,-1114
2026-09-19T16:06:52Z,CHAN,1732,1732164,1000,100,0,6,0,-1100,-1140,-1114
2026-09-19T16:06:53Z,CHAN,1733,1733164,1000,100,0,8,0,-1100,-1130,-1114
2026-09-19T16:06:54Z,CHAN,1734,1734164,1000,100,0,4,0,-1100,-1130,-1114
2026-09-19T16:06:55Z,CHAN,1735,1735164,1000,100,0,8,0,-1090,-1130,-1114
2026-09-19T16:06:56Z,CHAN,1736,1736164,1000,100,0,7,0,-1100,-1130,-1113
2026-09-19T16:06:57Z,CHAN,1737,1737164,1000,100,0,1,0,-1100,-1130,-1115
2026-09-19T16:06:58Z,CHAN,1738,1738164,1000,100,0,5,0,-1100,-1130,-1115
2026-09-19T16:06:59Z,CHAN,1739,1739164,1000,100,0,7,0,-1100,-1130,-1114
2026-09-19T16:07:00Z,CHAN,1740,1740164,1000,100,0,4,0,-1100,-1130,-1113
2026-09-19T16:07:01Z,CHAN,1741,1741164,1000,100,0,10,0,-1100,-1130,-1113
2026-09-19T16:07:02Z,CHAN,1742,1742164,1000,100,0,8,0,-1100,-1130,-1114
2026-09-19T16:07:03Z,CHAN,1743,1743164,1000,100,0,8,0,-1100,-1130,-1114
2026-09-19T16:07:04Z,CHAN,1744,1744164,1000,100,0,5,0,-1100,-1130,-1114
2026-09-19T16:07:05Z,CHAN,1745,1745164,1000,100,0,6,0,-1100,-1130,-1114
2026-09-19T16:07:06Z,CHAN,1746,1746164,1000,100,0,6,0,-1100,-1130,-1114
2026-09-19T16:07:07Z,CHAN,1747,1747164,1000,100,0,5,0,-1100,-1130,-1115
2026-09-19T16:07:08Z,CHAN,1748,1748164,1000,100,0,5,0,-1100,-1130,-1113
2026-09-19T16:07:09Z,CHAN,1749,1749164,1000,100,0,5,0,-1100,-1140,-1114
2026-09-19T16:07:09Z,CHANSUM,1690,1749,60,60000,6000,0,379,0,60,0,-1090,-1140,-1130,-1130
2026-09-19T16:07:10Z,CHAN,1750,1750164,1000,100,0,7,0,-1100,-1130,-1113
2026-09-19T16:07:11Z,CHAN,1751,1751164,1000,100,0,11,0,-1090,-1130,-1112
2026-09-19T16:07:12Z,CHAN,1752,1752164,1000,100,0,6,0,-1100,-1130,-1114
2026-09-19T16:07:13Z,CHAN,1753,1753164,1000,100,0,8,0,-1100,-1130,-1114
2026-09-19T16:07:14Z,CHAN,1754,1754164,1000,100,0,3,0,-1100,-1130,-1115
2026-09-19T16:07:15Z,CHAN,1755,1755164,1000,100,0,4,0,-1100,-1130,-1113
2026-09-19T16:07:16Z,CHAN,1756,1756164,1000,100,0,5,0,-1100,-1130,-1114
2026-09-19T16:07:17Z,CHAN,1757,1757164,1000,100,0,5,0,-1100,-1130,-1114
2026-09-19T16:07:18Z,CHAN,1758,1758164,1000,100,0,6,0,-1100,-1130,-1114
2026-09-19T16:07:19Z,CHAN,1759,1759164,1000,100,0,4,0,-1100,-1130,-1114
2026-09-19T16:07:20Z,CHAN,1760,1760164,1000,100,0,4,0,-1100,-1130,-1115
2026-09-19T16:07:21Z,CHAN,1761,1761164,1000,100,0,4,0,-1100,-1130,-1115
2026-09-19T16:07:22Z,CHAN,1762,1762164,1000,100,0,3,0,-1100,-1130,-1115
2026-09-19T16:07:23Z,CHAN,1763,1763164,1000,100,0,4,0,-1100,-1130,-1114
2026-09-19T16:07:24Z,CHAN,1764,1764164,1000,100,0,2,0,-1100,-1130,-1115
2026-09-19T16:07:25Z,CHAN,1765,1765164,1000,100,0,2,0,-1100,-1130,-1115
2026-09-19T16:07:26Z,CHAN,1766,1766164,1000,100,0,6,0,-1100,-1130,-1115
2026-09-19T16:07:27Z,CHAN,1767,1767164,1000,100,0,3,0,-1100,-1130,-1116
2026-09-19T16:07:28Z,CHAN,1768,1768164,1000,100,0,2,0,-1100,-1130,-1115
2026-09-19T16:07:30Z,CHAN,1770,1770164,1000,100,0,8,0,-1060,-1140,-1113
2026-09-19T16:07:31Z,CHAN,1771,1771164,1000,100,0,3,0,-1100,-1130,-1114
2026-09-19T16:07:32Z,CHAN,1772,1772164,1000,100,0,2,0,-1100,-1130,-1113
2026-09-19T16:07:33Z,CHAN,1773,1773164,1000,100,0,9,0,-1100,-1130,-1114
2026-09-19T16:07:34Z,CHAN,1774,1774164,1000,100,0,6,0,-1100,-1130,-1114
2026-09-19T16:07:35Z,CHAN,1775,1775164,1000,100,0,4,0,-1100,-1130,-1114
2026-09-19T16:07:37Z,CHAN,1777,1777164,1000,100,0,6,0,-1100,-1130,-1113
2026-09-19T16:07:38Z,CHAN,1778,1778164,1000,100,0,2,0,-1100,-1130,-1115
2026-09-19T16:07:39Z,CHAN,1779,1779164,1000,100,0,5,0,-1100,-1130,-1115
2026-09-19T16:07:40Z,CHAN,1780,1780164,1000,100,0,2,0,-1100,-1130,-1115
2026-09-19T16:07:41Z,CHAN,1781,1781164,1000,100,0,7,0,-620,-1130,-1110
2026-09-19T16:07:42Z,CHAN,1782,1782164,1000,100,0,5,0,-1100,-1130,-1115
2026-09-19T16:07:43Z,CHAN,1783,1783164,1000,100,0,2,0,-1100,-1130,-1115
2026-09-19T16:07:44Z,CHAN,1784,1784164,1000,100,0,3,0,-1100,-1130,-1115
2026-09-19T16:07:45Z,CHAN,1785,1785164,1000,100,0,2,0,-1100,-1130,-1115
2026-09-19T16:07:46Z,CHAN,1786,1786164,1000,100,0,5,0,-1100,-1130,-1115
2026-09-19T16:07:47Z,CHAN,1787,1787164,1000,100,0,2,0,-1100,-1130,-1115
2026-09-19T16:07:48Z,CHAN,1788,1788164,1000,100,0,3,0,-1100,-1130,-1115
2026-09-19T16:07:49Z,CHAN,1789,1789164,1000,100,0,5,0,-1100,-1130,-1115
2026-09-19T16:07:50Z,CHAN,1790,1790164,1000,100,0,2,0,-1100,-1130,-1116
2026-09-19T16:07:51Z,CHAN,1791,1791164,1000,100,0,2,0,-1100,-1130,-1116
2026-09-19T16:07:52Z,CHAN,1792,1792164,1000,100,0,3,0,-1100,-1130,-1116
2026-09-19T16:07:53Z,CHAN,1793,1793164,1000,100,0,2,0,-1100,-1130,-1116
2026-09-19T16:07:54Z,CHAN,1794,1794164,1000,100,0,1,0,-1100,-1130,-1116
2026-09-19T16:07:55Z,CHAN,1795,1795164,1000,100,0,3,0,-1100,-1140,-1116
2026-09-19T16:07:56Z,CHAN,1796,1796164,1000,100,0,2,0,-1100,-1130,-1115
2026-09-19T16:07:57Z,CHAN,1797,1797164,1000,100,0,1,0,-1100,-1130,-1117
2026-09-19T16:07:59Z,CHAN,1799,1799164,1000,100,0,2,0,-1100,-1130,-1115
2026-09-19T16:08:00Z,CHAN,1800,1800164,1000,100,0,3,0,-1100,-1130,-1116
2026-09-19T16:08:01Z,CHAN,1801,1801164,1000,100,0,1,0,-1100,-1130,-1116
2026-09-19T16:08:02Z,CHAN,1802,1802164,1000,100,0,2,0,-1100,-1130,-1115
2026-09-19T16:08:03Z,CHAN,1803,1803164,1000,100,0,2,0,-1100,-1130,-1116
2026-09-19T16:08:04Z,CHAN,1804,1804164,1000,100,0,3,0,-1100,-1130,-1115
2026-09-19T16:08:05Z,CHAN,1805,1805164,1000,100,0,1,0,-1100,-1130,-1116
2026-09-19T16:08:06Z,CHAN,1806,1806164,1000,100,0,3,0,-1100,-1130,-1115
2026-09-19T16:08:07Z,CHAN,1807,1807164,1000,100,0,3,0,-1100,-1130,-1115
2026-09-19T16:08:08Z,CHAN,1808,1808164,1000,100,0,1,0,-1100,-1130,-1116
2026-09-19T16:08:09Z,CHAN,1809,1809164,1000,100,0,7,0,-1100,-1130,-1116
2026-09-19T16:08:09Z,CHANSUM,1750,1809,60,60000,6000,0,214,0,57,0,-620,-1140,-1130,-1130
2026-09-19T16:08:10Z,CHAN,1810,1810164,1000,100,0,5,0,-1100,-1130,-1115
2026-09-19T16:08:11Z,CHAN,1811,1811164,1000,100,0,4,0,-1100,-1130,-1114
2026-09-19T16:08:12Z,CHAN,1812,1812164,1000,100,0,6,0,-1100,-1130,-1114
2026-09-19T16:08:13Z,CHAN,1813,1813164,1000,100,0,4,0,-1100,-1130,-1115
2026-09-19T16:08:14Z,CHAN,1814,1814164,1000,100,0,9,0,-1100,-1130,-1113
2026-09-19T16:08:15Z,CHAN,1815,1815164,1000,100,0,5,0,-1100,-1130,-1114
2026-09-19T16:08:16Z,CHAN,1816,1816164,1000,100,0,4,0,-1100,-1130,-1115
2026-09-19T16:08:17Z,CHAN,1817,1817164,1000,100,0,6,0,-1100,-1130,-1115
2026-09-19T16:08:18Z,CHAN,1818,1818164,1000,100,0,6,0,-1100,-1120,-1114
2026-09-19T16:08:19Z,CHAN,1819,1819164,1000,100,0,6,0,-1100,-1130,-1115
2026-09-19T16:08:20Z,CHAN,1820,1820164,1000,100,0,8,0,-1100,-1130,-1114
2026-09-19T16:08:21Z,CHAN,1821,1821164,1000,100,0,4,0,-1100,-1130,-1114
2026-09-19T16:08:22Z,CHAN,1822,1822164,1000,100,0,5,0,-1100,-1130,-1114
2026-09-19T16:08:23Z,CHAN,1823,1823164,1000,100,0,3,0,-1100,-1130,-1114
2026-09-19T16:08:24Z,CHAN,1824,1824164,1000,100,0,6,0,-1090,-1130,-1114
2026-09-19T16:08:25Z,CHAN,1825,1825164,1000,100,0,7,0,-1100,-1120,-1114
2026-09-19T16:08:26Z,CHAN,1826,1826164,1000,100,0,7,0,-1100,-1130,-1114
2026-09-19T16:08:27Z,CHAN,1827,1827164,1000,100,0,6,0,-1100,-1130,-1114
2026-09-19T16:08:28Z,CHAN,1828,1828164,1000,100,0,1,0,-1100,-1130,-1114
2026-09-19T16:08:29Z,CHAN,1829,1829164,1000,100,0,4,0,-1100,-1130,-1114
2026-09-19T16:08:30Z,CHAN,1830,1830164,1000,100,0,4,0,-1100,-1130,-1114
2026-09-19T16:08:31Z,CHAN,1831,1831164,1000,100,0,17,0,-690,-1130,-1094
2026-09-19T16:08:32Z,CHAN,1832,1832164,1000,100,0,7,0,-1100,-1130,-1114
2026-09-19T16:08:33Z,CHAN,1833,1833164,1000,100,0,7,0,-1100,-1130,-1114
2026-09-19T16:08:34Z,CHAN,1834,1834164,1000,100,0,6,0,-1100,-1120,-1113
2026-09-19T16:08:35Z,CHAN,1835,1835164,1000,100,0,9,0,-1090,-1130,-1113
2026-09-19T16:08:36Z,CHAN,1836,1836164,1000,100,0,4,0,-1100,-1130,-1114
2026-09-19T16:08:37Z,CHAN,1837,1837164,1000,100,0,4,0,-1100,-1130,-1115
2026-09-19T16:08:38Z,CHAN,1838,1838164,1000,100,0,7,0,-1100,-1130,-1114
2026-09-19T16:08:39Z,CHAN,1839,1839164,1000,100,0,3,0,-1100,-1130,-1115
2026-09-19T16:08:40Z,CHAN,1840,1840164,1000,100,0,7,0,-1100,-1130,-1114
2026-09-19T16:08:41Z,CHAN,1841,1841164,1000,100,0,4,0,-1100,-1130,-1114
2026-09-19T16:08:42Z,CHAN,1842,1842164,1000,100,0,6,0,-1100,-1130,-1115
2026-09-19T16:08:43Z,CHAN,1843,1843164,1000,100,0,6,0,-1100,-1130,-1114
2026-09-19T16:08:44Z,CHAN,1844,1844164,1000,100,0,6,0,-1100,-1130,-1114
2026-09-19T16:08:45Z,CHAN,1845,1845164,1000,100,0,7,0,-1100,-1130,-1113
2026-09-19T16:08:46Z,CHAN,1846,1846164,1000,100,0,6,0,-1090,-1130,-1114
2026-09-19T16:08:47Z,CHAN,1847,1847164,1000,100,0,8,0,-1100,-1130,-1114
2026-09-19T16:08:48Z,CHAN,1848,1848164,1000,100,0,14,0,-1060,-1130,-1111
2026-09-19T16:08:49Z,CHAN,1849,1849164,1000,100,0,5,0,-1100,-1130,-1114
2026-09-19T16:08:50Z,CHAN,1850,1850164,1000,100,0,5,0,-1090,-1130,-1115
2026-09-19T16:08:51Z,CHAN,1851,1851164,1000,100,0,6,0,-1100,-1130,-1115
2026-09-19T16:08:52Z,CHAN,1852,1852164,1000,100,0,7,0,-1100,-1130,-1114
2026-09-19T16:08:53Z,CHAN,1853,1853164,1000,100,0,9,0,-1100,-1130,-1113
2026-09-19T16:08:54Z,CHAN,1854,1854164,1000,100,0,4,0,-1100,-1130,-1114
2026-09-19T16:08:55Z,CHAN,1855,1855164,1000,100,0,2,0,-1100,-1130,-1116
2026-09-19T16:08:56Z,CHAN,1856,1856164,1000,100,0,5,0,-1090,-1130,-1115
2026-09-19T16:08:57Z,CHAN,1857,1857164,1000,100,0,6,0,-1100,-1130,-1114
2026-09-19T16:08:58Z,CHAN,1858,1858164,1000,100,0,3,0,-1100,-1130,-1115
2026-09-19T16:08:59Z,CHAN,1859,1859164,1000,100,0,4,0,-1100,-1120,-1115
2026-09-19T16:09:00Z,CHAN,1860,1860164,1000,100,0,4,0,-1090,-1130,-1114
2026-09-19T16:09:01Z,CHAN,1861,1861164,1000,100,0,3,0,-1100,-1130,-1114
2026-09-19T16:09:02Z,CHAN,1862,1862164,1000,100,0,7,0,-1100,-1130,-1114
2026-09-19T16:09:03Z,CHAN,1863,1863164,1000,100,0,5,0,-1100,-1130,-1114
2026-09-19T16:09:04Z,CHAN,1864,1864164,1000,100,0,5,0,-1100,-1120,-1114
2026-09-19T16:09:05Z,CHAN,1865,1865164,1000,100,0,6,0,-1100,-1130,-1114
2026-09-19T16:09:06Z,CHAN,1866,1866164,1000,100,0,4,0,-1100,-1130,-1115
2026-09-19T16:09:07Z,CHAN,1867,1867164,1000,100,0,7,0,-1100,-1130,-1114
2026-09-19T16:09:08Z,CHAN,1868,1868164,1000,100,0,5,0,-1100,-1130,-1115
2026-09-19T16:09:09Z,CHAN,1869,1869164,1000,100,0,3,0,-1100,-1130,-1114
2026-09-19T16:09:09Z,CHANSUM,1810,1869,60,60000,6000,0,343,0,60,0,-690,-1130,-1120,-1129
2026-09-19T16:09:10Z,CHAN,1870,1870164,1000,100,0,2,0,-1100,-1130,-1115
2026-09-19T16:09:11Z,CHAN,1871,1871164,1000,100,0,6,0,-1100,-1130,-1114
2026-09-19T16:09:12Z,CHAN,1872,1872164,1000,100,0,7,0,-1090,-1130,-1113
2026-09-19T16:09:13Z,CHAN,1873,1873164,1000,100,0,14,0,-980,-1130,-1106
2026-09-19T16:09:14Z,CHAN,1874,1874164,1000,100,0,6,0,-1100,-1130,-1113
2026-09-19T16:09:15Z,CHAN,1875,1875164,1000,100,0,7,0,-1100,-1120,-1112
2026-09-19T16:09:16Z,CHAN,1876,1876164,1000,100,0,15,0,-1090,-1120,-1112
2026-09-19T16:09:17Z,CHAN,1877,1877164,1000,100,0,13,0,-1100,-1130,-1112
2026-09-19T16:09:18Z,CHAN,1878,1878164,1000,100,0,6,0,-1100,-1120,-1112
2026-09-19T16:09:19Z,CHAN,1879,1879164,1000,100,0,6,0,-1100,-1130,-1112
2026-09-19T16:09:20Z,CHAN,1880,1880164,1000,100,0,7,0,-1100,-1130,-1112
2026-09-19T16:09:21Z,CHAN,1881,1881164,1000,100,0,11,0,-1100,-1130,-1112
2026-09-19T16:09:22Z,CHAN,1882,1882164,1000,100,0,8,0,-1100,-1120,-1113
2026-09-19T16:09:23Z,CHAN,1883,1883164,1000,100,0,5,0,-1100,-1130,-1113
2026-09-19T16:09:24Z,CHAN,1884,1884164,1000,100,0,5,0,-1100,-1130,-1112
2026-09-19T16:09:25Z,CHAN,1885,1885164,1000,100,0,7,0,-1100,-1130,-1113
2026-09-19T16:09:26Z,CHAN,1886,1886164,1000,100,0,7,0,-1090,-1120,-1113
2026-09-19T16:09:27Z,CHAN,1887,1887164,1000,100,0,1,0,-1100,-1130,-1115
2026-09-19T16:09:28Z,CHAN,1888,1888164,1000,100,0,3,0,-1100,-1130,-1114
2026-09-19T16:09:29Z,CHAN,1889,1889164,1000,100,0,2,0,-1100,-1130,-1114
2026-09-19T16:09:31Z,CHAN,1891,1891164,1000,100,0,3,0,-1100,-1130,-1114
2026-09-19T16:09:32Z,CHAN,1892,1892164,1000,100,0,1,0,-1100,-1130,-1115
2026-09-19T16:09:33Z,CHAN,1893,1893164,1000,100,0,2,0,-1100,-1120,-1114
2026-09-19T16:09:34Z,CHAN,1894,1894164,1000,100,0,2,0,-1100,-1130,-1115
2026-09-19T16:09:35Z,CHAN,1895,1895164,1000,100,0,7,0,-1100,-1130,-1114
2026-09-19T16:09:36Z,CHAN,1896,1896164,1000,100,0,2,0,-1100,-1130,-1115
2026-09-19T16:09:37Z,CHAN,1897,1897164,1000,100,0,4,0,-1100,-1120,-1114
2026-09-19T16:09:38Z,CHAN,1898,1898164,1000,100,0,5,0,-1100,-1130,-1115
2026-09-19T16:09:39Z,CHAN,1899,1899164,1000,100,0,1,0,-1100,-1130,-1115
2026-09-19T16:09:40Z,CHAN,1900,1900164,1000,100,0,6,0,-1100,-1130,-1114
2026-09-19T16:09:41Z,CHAN,1901,1901164,1000,100,0,4,0,-1100,-1130,-1114
2026-09-19T16:09:42Z,CHAN,1902,1902164,1000,100,0,5,0,-1100,-1130,-1114
2026-09-19T16:09:43Z,CHAN,1903,1903164,1000,100,0,10,0,-1100,-1130,-1113
2026-09-19T16:09:44Z,CHAN,1904,1904164,1000,100,0,13,0,-1100,-1130,-1113
2026-09-19T16:09:45Z,CHAN,1905,1905164,1000,100,0,9,0,-1100,-1140,-1113
2026-09-19T16:09:46Z,CHAN,1906,1906164,1000,100,0,13,0,-1100,-1130,-1112
2026-09-19T16:09:47Z,CHAN,1907,1907164,1000,100,0,5,0,-1100,-1130,-1113
2026-09-19T16:09:48Z,CHAN,1908,1908164,1000,100,0,6,0,-1100,-1130,-1113
2026-09-19T16:09:49Z,CHAN,1909,1909164,1000,100,0,9,0,-1100,-1130,-1113
2026-09-19T16:09:50Z,CHAN,1910,1910164,1000,100,0,10,0,-1100,-1130,-1114
2026-09-19T16:09:51Z,CHAN,1911,1911164,1000,100,0,7,0,-1100,-1130,-1113
2026-09-19T16:09:52Z,CHAN,1912,1912164,1000,100,0,7,0,-600,-1130,-1108
2026-09-19T16:09:53Z,CHAN,1913,1913164,1000,100,0,6,0,-1100,-1130,-1114
2026-09-19T16:09:54Z,CHAN,1914,1914164,1000,100,0,9,0,-1090,-1130,-1113
2026-09-19T16:09:55Z,CHAN,1915,1915164,1000,100,0,10,0,-1100,-1130,-1113
2026-09-19T16:09:56Z,CHAN,1916,1916164,1000,100,0,9,0,-1100,-1130,-1114
2026-09-19T16:09:57Z,CHAN,1917,1917164,1000,100,0,3,0,-1100,-1130,-1114
2026-09-19T16:09:58Z,CHAN,1918,1918164,1000,100,0,9,0,-1090,-1130,-1113
2026-09-19T16:09:59Z,CHAN,1919,1919164,1000,100,0,8,0,-1100,-1140,-1114
2026-09-19T16:10:00Z,CHAN,1920,1920164,1000,100,0,5,0,-1100,-1140,-1114
2026-09-19T16:10:01Z,CHAN,1921,1921164,1000,100,0,14,0,-1100,-1130,-1113
2026-09-19T16:10:02Z,CHAN,1922,1922164,1000,100,0,7,0,-1100,-1130,-1114
2026-09-19T16:10:03Z,CHAN,1923,1923164,1000,100,0,15,0,-1100,-1130,-1112
2026-09-19T16:10:04Z,CHAN,1924,1924164,1000,100,0,10,0,-1090,-1130,-1113
2026-09-19T16:10:05Z,CHAN,1925,1925164,1000,100,0,12,0,-1100,-1130,-1112
2026-09-19T16:10:06Z,CHAN,1926,1926164,1000,100,0,7,0,-1100,-1130,-1113
2026-09-19T16:10:07Z,CHAN,1927,1927164,1000,100,0,10,0,-1100,-1120,-1112
2026-09-19T16:10:08Z,CHAN,1928,1928164,1000,100,0,14,0,-1100,-1130,-1111
2026-09-19T16:10:09Z,CHAN,1929,1929164,1000,100,0,9,0,-1100,-1130,-1113
2026-09-19T16:10:09Z,CHANSUM,1870,1929,60,60000,6000,0,426,0,59,0,-600,-1140,-1120,-1129
2026-09-19T16:10:10Z,CHAN,1930,1930164,1000,100,0,7,0,-1090,-1130,-1112
2026-09-19T16:10:11Z,CHAN,1931,1931164,1000,100,0,14,0,-1090,-1130,-1112
2026-09-19T16:10:12Z,CHAN,1932,1932164,1000,100,0,10,0,-1100,-1130,-1112
2026-09-19T16:10:13Z,CHAN,1933,1933164,1000,100,0,11,0,-1090,-1120,-1112
2026-09-19T16:10:14Z,CHAN,1934,1934164,1000,100,0,17,0,-1090,-1130,-1111
2026-09-19T16:10:15Z,CHAN,1935,1935164,1000,100,0,8,0,-1100,-1120,-1111
2026-09-19T16:10:16Z,CHAN,1936,1936164,1000,100,0,18,0,-1090,-1130,-1111
2026-09-19T16:10:17Z,CHAN,1937,1937164,1000,100,0,10,0,-1090,-1120,-1111
2026-09-19T16:10:18Z,CHAN,1938,1938164,1000,100,0,16,0,-1100,-1120,-1111
2026-09-19T16:10:19Z,CHAN,1939,1939164,1000,100,0,12,0,-1090,-1120,-1112
2026-09-19T16:10:20Z,CHAN,1940,1940164,1000,100,0,19,0,-1090,-1120,-1110
2026-09-19T16:10:21Z,CHAN,1941,1941164,1000,100,0,10,0,-1090,-1130,-1111
2026-09-19T16:10:22Z,CHAN,1942,1942164,1000,100,0,12,0,-1090,-1130,-1111
2026-09-19T16:10:23Z,CHAN,1943,1943164,1000,100,0,14,0,-1100,-1130,-1112
2026-09-19T16:10:24Z,CHAN,1944,1944164,1000,100,0,13,0,-1090,-1120,-1111
2026-09-19T16:10:25Z,CHAN,1945,1945164,1000,100,0,16,0,-1100,-1140,-1111
2026-09-19T16:10:26Z,CHAN,1946,1946164,1000,100,0,17,0,-1090,-1130,-1111
2026-09-19T16:10:27Z,CHAN,1947,1947164,1000,100,0,11,0,-1100,-1130,-1111
2026-09-19T16:10:28Z,CHAN,1948,1948164,1000,100,0,15,0,-1100,-1130,-1111
2026-09-19T16:10:29Z,CHAN,1949,1949164,1000,100,0,14,0,-1100,-1120,-1111
2026-09-19T16:10:30Z,CHAN,1950,1950164,1000,100,0,19,0,-1090,-1130,-1111
2026-09-19T16:10:31Z,CHAN,1951,1951164,1000,100,0,14,0,-1090,-1130,-1112
2026-09-19T16:10:32Z,CHAN,1952,1952164,1000,100,0,12,0,-1100,-1130,-1111
2026-09-19T16:10:33Z,CHAN,1953,1953164,1000,100,0,11,0,-1100,-1130,-1112
2026-09-19T16:10:34Z,CHAN,1954,1954164,1000,100,0,17,0,-1100,-1130,-1111
2026-09-19T16:10:35Z,CHAN,1955,1955164,1000,100,0,12,0,-1100,-1130,-1112
2026-09-19T16:10:36Z,CHAN,1956,1956164,1000,100,0,16,0,-1090,-1120,-1110
2026-09-19T16:10:37Z,CHAN,1957,1957164,1000,100,0,13,0,-1090,-1130,-1111
2026-09-19T16:10:38Z,CHAN,1958,1958164,1000,100,0,20,0,-1090,-1130,-1111
2026-09-19T16:10:39Z,CHAN,1959,1959164,1000,100,0,12,0,-1090,-1130,-1112
2026-09-19T16:10:40Z,CHAN,1960,1960164,1000,100,0,14,0,-1090,-1130,-1112
2026-09-19T16:10:41Z,CHAN,1961,1961164,1000,100,0,12,0,-1090,-1130,-1112
2026-09-19T16:10:42Z,CHAN,1962,1962164,1000,100,0,17,0,-1090,-1130,-1111
2026-09-19T16:10:43Z,CHAN,1963,1963164,1000,100,0,15,0,-1090,-1120,-1111
2026-09-19T16:10:44Z,CHAN,1964,1964164,1000,100,0,15,0,-1090,-1130,-1111
2026-09-19T16:10:45Z,CHAN,1965,1965164,1000,100,0,9,0,-1100,-1130,-1113
2026-09-19T16:10:46Z,CHAN,1966,1966164,1000,100,0,11,0,-1090,-1130,-1112
2026-09-19T16:10:47Z,CHAN,1967,1967164,1000,100,0,9,0,-1100,-1120,-1111
2026-09-19T16:10:48Z,CHAN,1968,1968164,1000,100,0,17,0,-1100,-1120,-1111
2026-09-19T16:10:49Z,CHAN,1969,1969164,1000,100,0,13,0,-1090,-1130,-1112
2026-09-19T16:10:50Z,CHAN,1970,1970164,1000,100,0,17,0,-1100,-1120,-1111
2026-09-19T16:10:51Z,CHAN,1971,1971164,1000,100,0,10,0,-1100,-1140,-1114
2026-09-19T16:10:52Z,CHAN,1972,1972164,1000,100,0,7,0,-1100,-1130,-1113
2026-09-19T16:10:53Z,CHAN,1973,1973164,1000,100,0,9,0,-850,-1130,-1104
2026-09-19T16:10:54Z,CHAN,1974,1974164,1000,100,0,13,0,-1060,-1130,-1111
2026-09-19T16:10:55Z,CHAN,1975,1975164,1000,100,0,7,0,-1100,-1130,-1114
2026-09-19T16:10:56Z,CHAN,1976,1976164,1000,100,0,26,0,-1090,-1130,-1109
2026-09-19T16:10:57Z,CHAN,1977,1977164,1000,100,0,29,0,-1090,-1120,-1110
2026-09-19T16:10:58Z,CHAN,1978,1978164,1000,100,0,26,0,-1010,-1130,-1106
2026-09-19T16:10:59Z,CHAN,1979,1979164,1000,100,0,17,0,-1100,-1130,-1111
2026-09-19T16:11:00Z,CHAN,1980,1980164,1000,100,0,15,0,-1100,-1130,-1112
2026-09-19T16:11:01Z,CHAN,1981,1981164,1000,100,0,11,0,-1100,-1130,-1113
2026-09-19T16:11:02Z,CHAN,1982,1982164,1000,100,0,13,0,-1100,-1130,-1113
2026-09-19T16:11:03Z,CHAN,1983,1983164,1000,100,0,21,0,-1090,-1130,-1111
2026-09-19T16:11:04Z,CHAN,1984,1984164,1000,100,0,11,0,-1100,-1140,-1114
2026-09-19T16:11:05Z,CHAN,1985,1985164,1000,100,0,24,0,-1090,-1130,-1111
2026-09-19T16:11:06Z,CHAN,1986,1986164,1000,100,0,10,0,-1100,-1130,-1113
2026-09-19T16:11:07Z,CHAN,1987,1987164,1000,100,0,18,0,-1100,-1130,-1112
2026-09-19T16:11:08Z,CHAN,1988,1988164,1000,100,0,11,0,-1100,-1140,-1113
2026-09-19T16:11:09Z,CHAN,1989,1989164,1000,100,0,12,0,-1100,-1130,-1112
2026-09-19T16:11:09Z,CHANSUM,1930,1989,60,60000,6000,0,849,0,60,0,-850,-1140,-1120,-1128
2026-09-19T16:11:10Z,CHAN,1990,1990164,1000,100,0,18,0,-1090,-1130,-1112
2026-09-19T16:11:11Z,CHAN,1991,1991164,1000,100,0,11,0,-1100,-1130,-1113
2026-09-19T16:11:12Z,CHAN,1992,1992164,1000,100,0,13,0,-1100,-1130,-1112
2026-09-19T16:11:13Z,CHAN,1993,1993164,1000,100,0,16,0,-1100,-1130,-1112
2026-09-19T16:11:14Z,CHAN,1994,1994164,1000,100,0,12,0,-1090,-1140,-1113
2026-09-19T16:11:15Z,CHAN,1995,1995164,1000,100,0,9,0,-1100,-1130,-1113
2026-09-19T16:11:16Z,CHAN,1996,1996164,1000,100,0,19,0,-1100,-1130,-1111
2026-09-19T16:11:17Z,CHAN,1997,1997164,1000,100,0,18,0,-1100,-1130,-1111
2026-09-19T16:11:18Z,CHAN,1998,1998164,1000,100,0,17,0,-1100,-1130,-1111
2026-09-19T16:11:19Z,CHAN,1999,1999164,1000,100,0,15,0,-1100,-1130,-1112
2026-09-19T16:11:20Z,CHAN,2000,2000164,1000,100,0,19,0,-1100,-1130,-1112
2026-09-19T16:11:21Z,CHAN,2001,2001164,1000,100,0,12,0,-1100,-1130,-1112
2026-09-19T16:11:22Z,CHAN,2002,2002164,1000,100,0,1,0,-1100,-1130,-1116
2026-09-19T16:11:23Z,CHAN,2003,2003164,1000,100,0,5,0,-1100,-1140,-1117
2026-09-19T16:11:24Z,CHAN,2004,2004164,1000,100,0,3,0,-1100,-1130,-1115
2026-09-19T16:11:25Z,CHAN,2005,2005164,1000,100,0,3,0,-1100,-1130,-1116
2026-09-19T16:11:26Z,CHAN,2006,2006164,1000,100,0,14,0,-1090,-1130,-1112
2026-09-19T16:11:27Z,CHAN,2007,2007164,1000,100,0,10,0,-1090,-1130,-1113
2026-09-19T16:11:28Z,CHAN,2008,2008164,1000,100,0,17,0,-1100,-1130,-1111
2026-09-19T16:11:29Z,CHAN,2009,2009164,1000,100,0,24,0,-1090,-1130,-1110
2026-09-19T16:11:30Z,CHAN,2010,2010164,1000,100,0,16,0,-1100,-1130,-1112
2026-09-19T16:11:31Z,CHAN,2011,2011164,1000,100,0,14,0,-1100,-1130,-1111
2026-09-19T16:11:32Z,CHAN,2012,2012164,1000,100,0,12,0,-1090,-1120,-1113
2026-09-19T16:11:33Z,CHAN,2013,2013164,1000,100,0,15,0,-1090,-1130,-1112
2026-09-19T16:11:34Z,CHAN,2014,2014164,1000,100,0,20,0,-1100,-1130,-1111
2026-09-19T16:11:35Z,CHAN,2015,2015164,1000,100,0,15,0,-1090,-1130,-1111
2026-09-19T16:11:36Z,CHAN,2016,2016164,1000,100,0,14,0,-1100,-1130,-1111
2026-09-19T16:11:37Z,CHAN,2017,2017164,1000,100,0,10,0,-1090,-1130,-1112
2026-09-19T16:11:38Z,CHAN,2018,2018164,1000,100,0,7,0,-1100,-1130,-1112
2026-09-19T16:11:39Z,CHAN,2019,2019164,1000,100,0,15,0,-1090,-1130,-1112
2026-09-19T16:11:40Z,CHAN,2020,2020164,1000,100,0,9,0,-1100,-1130,-1113
2026-09-19T16:11:41Z,CHAN,2021,2021164,1000,100,0,15,0,-1100,-1120,-1111
2026-09-19T16:11:42Z,CHAN,2022,2022164,1000,100,0,15,0,-1090,-1130,-1112
2026-09-19T16:11:43Z,CHAN,2023,2023164,1000,100,0,11,0,-1100,-1130,-1112
2026-09-19T16:11:44Z,CHAN,2024,2024164,1000,100,0,10,0,-1090,-1130,-1113
2026-09-19T16:11:45Z,CHAN,2025,2025164,1000,100,0,14,0,-1090,-1130,-1112
2026-09-19T16:11:46Z,CHAN,2026,2026164,1000,100,0,8,0,-1100,-1130,-1113
2026-09-19T16:11:47Z,CHAN,2027,2027164,1000,100,0,11,0,-1090,-1130,-1112
2026-09-19T16:11:48Z,CHAN,2028,2028164,1000,100,0,12,0,-1100,-1130,-1112
2026-09-19T16:11:49Z,CHAN,2029,2029164,1000,100,0,17,0,-1100,-1130,-1111
2026-09-19T16:11:50Z,CHAN,2030,2030164,1000,100,0,14,0,-1100,-1130,-1112
2026-09-19T16:11:51Z,CHAN,2031,2031164,1000,100,0,14,0,-1100,-1130,-1112
2026-09-19T16:11:52Z,CHAN,2032,2032164,1000,100,0,16,0,-1090,-1130,-1111
2026-09-19T16:11:53Z,CHAN,2033,2033164,1000,100,0,18,0,-1090,-1120,-1111
2026-09-19T16:11:54Z,CHAN,2034,2034164,1000,100,0,19,0,-1090,-1130,-1111
2026-09-19T16:11:55Z,CHAN,2035,2035164,1000,100,0,15,0,-1090,-1130,-1111
2026-09-19T16:11:56Z,CHAN,2036,2036164,1000,100,0,14,0,-1090,-1130,-1111
2026-09-19T16:11:57Z,CHAN,2037,2037164,1000,100,0,18,0,-1090,-1130,-1112
2026-09-19T16:11:58Z,CHAN,2038,2038164,1000,100,0,19,0,-1090,-1130,-1111
2026-09-19T16:11:59Z,CHAN,2039,2039164,1000,100,0,18,0,-1100,-1130,-1112
2026-09-19T16:12:00Z,CHAN,2040,2040164,1000,100,0,20,0,-1090,-1130,-1110
2026-09-19T16:12:01Z,CHAN,2041,2041164,1000,100,0,14,0,-1090,-1130,-1111
2026-09-19T16:12:02Z,CHAN,2042,2042164,1000,100,0,14,0,-1100,-1130,-1112
2026-09-19T16:12:03Z,CHAN,2043,2043164,1000,100,0,18,0,-620,-1130,-1106
2026-09-19T16:12:04Z,CHAN,2044,2044164,1000,100,0,25,0,-1090,-1130,-1111
2026-09-19T16:12:05Z,CHAN,2045,2045164,1000,100,0,23,0,-1090,-1130,-1110
2026-09-19T16:12:06Z,CHAN,2046,2046164,1000,100,0,19,0,-1100,-1130,-1111
2026-09-19T16:12:07Z,CHAN,2047,2047164,1000,100,0,25,0,-1090,-1130,-1110
2026-09-19T16:12:08Z,CHAN,2048,2048164,1000,100,0,14,0,-1090,-1130,-1111
2026-09-19T16:12:09Z,CHAN,2049,2049164,1000,100,0,20,0,-1090,-1130,-1110
2026-09-19T16:12:09Z,CHANSUM,1990,2049,60,60000,6000,0,873,0,60,0,-620,-1140,-1120,-1129
2026-09-19T16:12:10Z,CHAN,2050,2050164,1000,100,0,18,0,-1100,-1130,-1111
2026-09-19T16:12:11Z,CHAN,2051,2051164,1000,100,0,17,0,-1090,-1130,-1111
2026-09-19T16:12:12Z,CHAN,2052,2052164,1000,100,0,18,0,-1090,-1130,-1111
2026-09-19T16:12:13Z,CHAN,2053,2053164,1000,100,0,16,0,-1090,-1130,-1112
2026-09-19T16:12:14Z,CHAN,2054,2054164,1000,100,0,21,0,-1090,-1130,-1110
2026-09-19T16:12:15Z,CHAN,2055,2055164,1000,100,0,18,0,-1090,-1130,-1110
2026-09-19T16:12:16Z,CHAN,2056,2056164,1000,100,0,24,0,-1090,-1120,-1110
2026-09-19T16:12:17Z,CHAN,2057,2057164,1000,100,0,24,0,-1100,-1130,-1110
2026-09-19T16:12:18Z,CHAN,2058,2058164,1000,100,0,24,0,-1070,-1130,-1109
2026-09-19T16:12:19Z,CHAN,2059,2059164,1000,100,0,17,0,-1090,-1130,-1111
2026-09-19T16:12:20Z,CHAN,2060,2060164,1000,100,0,23,0,-1090,-1130,-1110
2026-09-19T16:12:21Z,CHAN,2061,2061164,1000,100,0,21,0,-1090,-1130,-1110
2026-09-19T16:12:22Z,CHAN,2062,2062164,1000,100,0,17,0,-1100,-1130,-1111
2026-09-19T16:12:23Z,CHAN,2063,2063164,1000,100,0,15,0,-1090,-1130,-1111
2026-09-19T16:12:24Z,CHAN,2064,2064164,1000,100,0,18,0,-1100,-1130,-1110
2026-09-19T16:12:25Z,CHAN,2065,2065164,1000,100,0,18,0,-1090,-1130,-1111
2026-09-19T16:12:26Z,CHAN,2066,2066164,1000,100,0,16,0,-1100,-1130,-1112
2026-09-19T16:12:27Z,CHAN,2067,2067164,1000,100,0,16,0,-1090,-1120,-1110
2026-09-19T16:12:28Z,CHAN,2068,2068164,1000,100,0,19,0,-1100,-1130,-1111
2026-09-19T16:12:29Z,CHAN,2069,2069164,1000,100,0,16,0,-1090,-1130,-1110
2026-09-19T16:12:30Z,CHAN,2070,2070164,1000,100,0,19,0,-1030,-1130,-1109
2026-09-19T16:12:31Z,CHAN,2071,2071164,1000,100,0,12,0,-1100,-1130,-1111
2026-09-19T16:12:32Z,CHAN,2072,2072164,1000,100,0,14,0,-1100,-1130,-1111
2026-09-19T16:12:33Z,CHAN,2073,2073164,1000,100,0,17,0,-1090,-1130,-1111
2026-09-19T16:12:34Z,CHAN,2074,2074164,1000,100,0,12,0,-1100,-1130,-1113
2026-09-19T16:12:35Z,CHAN,2075,2075164,1000,100,0,10,0,-1100,-1130,-1113
2026-09-19T16:12:36Z,CHAN,2076,2076164,1000,100,0,16,0,-1100,-1130,-1111
2026-09-19T16:12:37Z,CHAN,2077,2077164,1000,100,0,23,0,-1100,-1130,-1111
2026-09-19T16:12:38Z,CHAN,2078,2078164,1000,100,0,21,0,-1100,-1140,-1111
2026-09-19T16:12:39Z,CHAN,2079,2079164,1000,100,0,14,0,-1100,-1130,-1112
2026-09-19T16:12:40Z,CHAN,2080,2080164,1000,100,0,11,0,-1100,-1130,-1112
2026-09-19T16:12:41Z,CHAN,2081,2081164,1000,100,0,7,0,-1100,-1130,-1113
2026-09-19T16:12:42Z,CHAN,2082,2082164,1000,100,0,14,0,-1090,-1120,-1112
2026-09-19T16:12:43Z,CHAN,2083,2083164,1000,100,0,15,0,-1100,-1130,-1112
2026-09-19T16:12:44Z,CHAN,2084,2084164,1000,100,0,12,0,-1100,-1130,-1112
2026-09-19T16:12:45Z,CHAN,2085,2085164,1000,100,0,12,0,-1100,-1130,-1113
2026-09-19T16:12:46Z,CHAN,2086,2086164,1000,100,0,19,0,-960,-1130,-1099
2026-09-19T16:12:47Z,CHAN,2087,2087164,1000,100,0,12,0,-1100,-1130,-1111
2026-09-19T16:12:48Z,CHAN,2088,2088164,1000,100,0,7,0,-1100,-1130,-1113
2026-09-19T16:12:49Z,CHAN,2089,2089164,1000,100,0,3,0,-1100,-1130,-1113
2026-09-19T16:12:50Z,CHAN,2090,2090164,1000,100,0,7,0,-1100,-1130,-1113
2026-09-19T16:12:51Z,CHAN,2091,2091164,1000,100,0,11,0,-1100,-1130,-1112
2026-09-19T16:12:52Z,CHAN,2092,2092164,1000,100,0,7,0,-1100,-1120,-1112
2026-09-19T16:12:53Z,CHAN,2093,2093164,1000,100,0,9,0,-1100,-1130,-1113
2026-09-19T16:12:54Z,CHAN,2094,2094164,1000,100,0,12,0,-1100,-1130,-1112
2026-09-19T16:12:55Z,CHAN,2095,2095164,1000,100,0,12,0,-1100,-1130,-1113
2026-09-19T16:12:56Z,CHAN,2096,2096164,1000,100,0,10,0,-1100,-1130,-1113
2026-09-19T16:12:57Z,CHAN,2097,2097164,1000,100,0,11,0,-1090,-1130,-1113
2026-09-19T16:12:58Z,CHAN,2098,2098164,1000,100,0,8,0,-1090,-1130,-1113
2026-09-19T16:12:59Z,CHAN,2099,2099164,1000,100,0,14,0,-1100,-1130,-1112
2026-09-19T16:13:00Z,CHAN,2100,2100164,1000,100,0,9,0,-1100,-1130,-1114
2026-09-19T16:13:01Z,CHAN,2101,2101164,1000,100,0,11,0,-1090,-1130,-1113
2026-09-19T16:13:02Z,CHAN,2102,2102164,1000,100,0,18,0,-1090,-1130,-1112
2026-09-19T16:13:03Z,CHAN,2103,2103164,1000,100,0,9,0,-1090,-1130,-1113
2026-09-19T16:13:04Z,CHAN,2104,2104164,1000,100,0,14,0,-1090,-1130,-1113
2026-09-19T16:13:05Z,CHAN,2105,2105164,1000,100,0,14,0,-1090,-1130,-1113
2026-09-19T16:13:06Z,CHAN,2106,2106164,1000,100,0,15,0,-1090,-1130,-1112
2026-09-19T16:13:07Z,CHAN,2107,2107164,1000,100,0,16,0,-1070,-1130,-1112
2026-09-19T16:13:08Z,CHAN,2108,2108164,1000,100,0,10,0,-1100,-1140,-1113
2026-09-19T16:13:09Z,CHAN,2109,2109164,1000,100,0,8,0,-1100,-1130,-1113
2026-09-19T16:13:09Z,CHANSUM,2050,2109,60,60000,6000,0,871,0,60,0,-960,-1140,-1120,-1129
2026-09-19T16:13:10Z,CHAN,2110,2110164,1000,100,0,10,0,-1090,-1130,-1114
2026-09-19T16:13:11Z,CHAN,2111,2111164,1000,100,0,13,0,-1090,-1130,-1113
2026-09-19T16:13:12Z,CHAN,2112,2112164,1000,100,0,14,0,-1100,-1130,-1113
2026-09-19T16:13:13Z,CHAN,2113,2113164,1000,100,0,15,0,-1090,-1130,-1113
2026-09-19T16:13:14Z,CHAN,2114,2114164,1000,100,0,9,0,-1100,-1130,-1114
2026-09-19T16:13:15Z,CHAN,2115,2115164,1000,100,0,8,0,-1090,-1130,-1114
2026-09-19T16:13:16Z,CHAN,2116,2116164,1000,100,0,10,0,-1090,-1130,-1114
2026-09-19T16:13:17Z,CHAN,2117,2117164,1000,100,0,13,0,-1100,-1130,-1113
2026-09-19T16:13:18Z,CHAN,2118,2118164,1000,100,0,15,0,-1090,-1130,-1112
2026-09-19T16:13:19Z,CHAN,2119,2119164,1000,100,0,13,0,-1100,-1130,-1113
2026-09-19T16:13:20Z,CHAN,2120,2120164,1000,100,0,14,0,-1100,-1130,-1113
2026-09-19T16:13:21Z,CHAN,2121,2121164,1000,100,0,16,0,-1100,-1130,-1112
2026-09-19T16:13:22Z,CHAN,2122,2122164,1000,100,0,14,0,-1100,-1130,-1113
2026-09-19T16:13:23Z,CHAN,2123,2123164,1000,100,0,20,0,-1100,-1130,-1113
2026-09-19T16:13:24Z,CHAN,2124,2124164,1000,100,0,19,0,-1090,-1130,-1112
2026-09-19T16:13:25Z,CHAN,2125,2125164,1000,100,0,15,0,-1090,-1120,-1111
2026-09-19T16:13:26Z,CHAN,2126,2126164,1000,100,0,18,0,-1090,-1130,-1111
2026-09-19T16:13:27Z,CHAN,2127,2127164,1000,100,0,18,0,-1090,-1130,-1112
2026-09-19T16:13:28Z,CHAN,2128,2128164,1000,100,0,17,0,-1090,-1130,-1113
2026-09-19T16:13:29Z,CHAN,2129,2129164,1000,100,0,22,0,-1090,-1130,-1110
2026-09-19T16:13:30Z,CHAN,2130,2130164,1000,100,0,19,0,-1100,-1120,-1111
2026-09-19T16:13:31Z,CHAN,2131,2131164,1000,100,0,19,0,-1090,-1130,-1111
2026-09-19T16:13:32Z,CHAN,2132,2132164,1000,100,0,17,0,-1100,-1130,-1111
2026-09-19T16:13:33Z,CHAN,2133,2133164,1000,100,0,23,0,-1090,-1130,-1110
2026-09-19T16:13:34Z,CHAN,2134,2134164,1000,100,0,25,0,-1090,-1130,-1110
2026-09-19T16:13:35Z,CHAN,2135,2135164,1000,100,0,16,0,-1090,-1130,-1112
2026-09-19T16:13:36Z,CHAN,2136,2136164,1000,100,0,16,0,-1090,-1130,-1112
2026-09-19T16:13:37Z,CHAN,2137,2137164,1000,100,0,18,0,-1090,-1130,-1112
2026-09-19T16:13:38Z,CHAN,2138,2138164,1000,100,0,24,0,-1100,-1130,-1111
2026-09-19T16:13:39Z,CHAN,2139,2139164,1000,100,0,14,0,-1100,-1130,-1112
2026-09-19T16:13:40Z,CHAN,2140,2140164,1000,100,0,17,0,-1090,-1130,-1112
2026-09-19T16:13:41Z,CHAN,2141,2141164,1000,100,0,15,0,-1090,-1130,-1113
2026-09-19T16:13:42Z,CHAN,2142,2142164,1000,100,0,12,0,-1090,-1130,-1114
2026-09-19T16:13:43Z,CHAN,2143,2143164,1000,100,0,12,0,-1090,-1130,-1113
2026-09-19T16:13:44Z,CHAN,2144,2144164,1000,100,0,10,0,-1090,-1130,-1113
2026-09-19T16:13:45Z,CHAN,2145,2145164,1000,100,0,9,0,-1100,-1130,-1113
2026-09-19T16:13:46Z,CHAN,2146,2146164,1000,100,0,9,0,-1100,-1130,-1114
2026-09-19T16:13:47Z,CHAN,2147,2147164,1000,100,0,12,0,-1100,-1130,-1113
2026-09-19T16:13:48Z,CHAN,2148,2148164,1000,100,0,10,0,-1090,-1130,-1113
2026-09-19T16:13:49Z,CHAN,2149,2149164,1000,100,0,11,0,-1100,-1140,-1114
2026-09-19T16:13:50Z,CHAN,2150,2150164,1000,100,0,15,0,-1070,-1130,-1111
2026-09-19T16:13:51Z,CHAN,2151,2151164,1000,100,0,16,0,-1090,-1130,-1112
2026-09-19T16:13:52Z,CHAN,2152,2152164,1000,100,0,10,0,-1090,-1130,-1113
2026-09-19T16:13:53Z,CHAN,2153,2153164,1000,100,0,17,0,-1090,-1130,-1112
2026-09-19T16:13:54Z,CHAN,2154,2154164,1000,100,0,17,0,-1090,-1130,-1112
2026-09-19T16:13:55Z,CHAN,2155,2155164,1000,100,0,13,0,-1100,-1130,-1113
2026-09-19T16:13:56Z,CHAN,2156,2156164,1000,100,0,18,0,-1090,-1130,-1111
2026-09-19T16:13:57Z,CHAN,2157,2157164,1000,100,0,21,0,-1090,-1120,-1111
2026-09-19T16:13:58Z,CHAN,2158,2158164,1000,100,0,21,0,-1100,-1130,-1112
2026-09-19T16:13:59Z,CHAN,2159,2159164,1000,100,0,20,0,-1090,-1130,-1111
2026-09-19T16:14:00Z,CHAN,2160,2160164,1000,100,0,20,0,-1090,-1130,-1111
2026-09-19T16:14:01Z,CHAN,2161,2161164,1000,100,0,17,0,-1100,-1130,-1111
2026-09-19T16:14:02Z,CHAN,2162,2162164,1000,100,0,20,0,-1090,-1120,-1111
2026-09-19T16:14:03Z,CHAN,2163,2163164,1000,100,0,17,0,-1090,-1120,-1111
2026-09-19T16:14:04Z,CHAN,2164,2164164,1000,100,0,23,0,-1090,-1130,-1111
2026-09-19T16:14:05Z,CHAN,2165,2165164,1000,100,0,19,0,-1090,-1130,-1112
2026-09-19T16:14:06Z,CHAN,2166,2166164,1000,100,0,16,0,-1090,-1130,-1111
2026-09-19T16:14:07Z,CHAN,2167,2167164,1000,100,0,18,0,-1090,-1130,-1111
2026-09-19T16:14:08Z,CHAN,2168,2168164,1000,100,0,14,0,-1100,-1130,-1111
2026-09-19T16:14:09Z,CHAN,2169,2169164,1000,100,0,20,0,-1090,-1130,-1111
2026-09-19T16:14:09Z,CHANSUM,2110,2169,60,60000,6000,0,953,0,60,0,-1070,-1140,-1120,-1129
2026-09-19T16:14:10Z,CHAN,2170,2170164,1000,100,0,23,0,-1090,-1120,-1110
2026-09-19T16:14:11Z,CHAN,2171,2171164,1000,100,0,19,0,-1090,-1130,-1111
2026-09-19T16:14:12Z,CHAN,2172,2172164,1000,100,0,13,0,-1090,-1130,-1111
2026-09-19T16:14:13Z,CHAN,2173,2173164,1000,100,0,19,0,-600,-1130,-1106
2026-09-19T16:14:14Z,CHAN,2174,2174164,1000,100,0,16,0,-1090,-1130,-1112
2026-09-19T16:14:15Z,CHAN,2175,2175164,1000,100,0,19,0,-1090,-1130,-1112
2026-09-19T16:14:16Z,CHAN,2176,2176164,1000,100,0,15,0,-1080,-1120,-1110
2026-09-19T16:14:17Z,CHAN,2177,2177164,1000,100,0,24,0,-1100,-1120,-1111
2026-09-19T16:14:18Z,CHAN,2178,2178164,1000,100,0,29,0,-1000,-1130,-1105
2026-09-19T16:14:19Z,CHAN,2179,2179164,1000,100,0,8,0,-1100,-1130,-1112
2026-09-19T16:14:20Z,CHAN,2180,2180164,1000,100,0,13,0,-1090,-1130,-1112
2026-09-19T16:14:21Z,CHAN,2181,2181164,1000,100,0,10,0,-1090,-1130,-1113
2026-09-19T16:14:22Z,CHAN,2182,2182164,1000,100,0,14,0,-1100,-1120,-1111
2026-09-19T16:14:23Z,CHAN,2183,2183164,1000,100,0,11,0,-1100,-1130,-1112
2026-09-19T16:14:24Z,CHAN,2184,2184164,1000,100,0,10,0,-1100,-1130,-1112
2026-09-19T16:14:25Z,CHAN,2185,2185164,1000,100,0,12,0,-1100,-1120,-1113
2026-09-19T16:14:26Z,CHAN,2186,2186164,1000,100,0,16,0,-1100,-1120,-1112
2026-09-19T16:14:27Z,CHAN,2187,2187164,1000,100,0,17,0,-1060,-1130,-1111
2026-09-19T16:14:28Z,CHAN,2188,2188164,1000,100,0,13,0,-1090,-1120,-1112
2026-09-19T16:14:29Z,CHAN,2189,2189164,1000,100,0,11,0,-1090,-1130,-1112
2026-09-19T16:14:30Z,CHAN,2190,2190164,1000,100,0,10,0,-1100,-1130,-1112
2026-09-19T16:14:31Z,CHAN,2191,2191164,1000,100,0,13,0,-1090,-1130,-1111
2026-09-19T16:14:32Z,CHAN,2192,2192164,1000,100,0,19,0,-1090,-1130,-1111
2026-09-19T16:14:33Z,CHAN,2193,2193164,1000,100,0,14,0,-1100,-1130,-1113
2026-09-19T16:14:34Z,CHAN,2194,2194164,1000,100,0,11,0,-1100,-1120,-1112
2026-09-19T16:14:35Z,CHAN,2195,2195164,1000,100,0,14,0,-1100,-1130,-1113
2026-09-19T16:14:36Z,CHAN,2196,2196164,1000,100,0,9,0,-1100,-1130,-1112
2026-09-19T16:14:37Z,CHAN,2197,2197164,1000,100,0,14,0,-1100,-1130,-1112
2026-09-19T16:14:38Z,CHAN,2198,2198164,1000,100,0,10,0,-1100,-1130,-1111
2026-09-19T16:14:39Z,CHAN,2199,2199164,1000,100,0,16,0,-1100,-1130,-1110
2026-09-19T16:14:40Z,CHAN,2200,2200164,1000,100,0,22,0,-920,-1120,-1102
2026-09-19T16:14:41Z,CHAN,2201,2201164,1000,100,0,17,0,-1100,-1140,-1111
2026-09-19T16:14:42Z,CHAN,2202,2202164,1000,100,0,16,0,-1090,-1130,-1111
2026-09-19T16:14:43Z,CHAN,2203,2203164,1000,100,0,13,0,-1100,-1130,-1112
2026-09-19T16:14:44Z,CHAN,2204,2204164,1000,100,0,17,0,-1100,-1130,-1111
2026-09-19T16:14:45Z,CHAN,2205,2205164,1000,100,0,14,0,-1100,-1120,-1111
2026-09-19T16:14:46Z,CHAN,2206,2206164,1000,100,0,15,0,-1090,-1130,-1111
2026-09-19T16:14:47Z,CHAN,2207,2207164,1000,100,0,8,0,-1100,-1130,-1112
2026-09-19T16:14:48Z,CHAN,2208,2208164,1000,100,0,16,0,-1090,-1130,-1111
2026-09-19T16:14:49Z,CHAN,2209,2209164,1000,100,0,13,0,-1090,-1120,-1111
2026-09-19T16:14:50Z,CHAN,2210,2210164,1000,100,0,13,0,-1100,-1120,-1111
2026-09-19T16:14:51Z,CHAN,2211,2211164,1000,100,0,18,0,-690,-1130,-1097
2026-09-19T16:14:52Z,CHAN,2212,2212164,1000,100,0,12,0,-1090,-1120,-1111
2026-09-19T16:14:53Z,CHAN,2213,2213164,1000,100,0,7,0,-1100,-1130,-1113
2026-09-19T16:14:54Z,CHAN,2214,2214164,1000,100,0,10,0,-1100,-1130,-1112
2026-09-19T16:14:55Z,CHAN,2215,2215164,1000,100,0,11,0,-1100,-1130,-1112
2026-09-19T16:14:56Z,CHAN,2216,2216164,1000,100,0,15,0,-1100,-1130,-1112
2026-09-19T16:14:57Z,CHAN,2217,2217164,1000,100,0,12,0,-1100,-1120,-1112
2026-09-19T16:14:58Z,CHAN,2218,2218164,1000,100,0,14,0,-1090,-1120,-1110
2026-09-19T16:14:59Z,CHAN,2219,2219164,1000,100,0,16,0,-940,-1130,-1105
2026-09-19T16:15:00Z,CHAN,2220,2220164,1000,100,0,16,0,-1100,-1120,-1111
2026-09-19T16:15:01Z,CHAN,2221,2221164,1000,100,0,12,0,-1100,-1130,-1111
2026-09-19T16:15:02Z,CHAN,2222,2222164,1000,100,0,21,0,-1100,-1120,-1111
2026-09-19T16:15:03Z,CHAN,2223,2223164,1000,100,0,12,0,-1100,-1120,-1111
2026-09-19T16:15:04Z,CHAN,2224,2224164,1000,100,0,14,0,-1090,-1130,-1111
2026-09-19T16:15:05Z,CHAN,2225,2225164,1000,100,0,16,0,-1090,-1130,-1111
2026-09-19T16:15:06Z,CHAN,2226,2226164,1000,100,0,18,0,-1090,-1130,-1110
2026-09-19T16:15:07Z,CHAN,2227,2227164,1000,100,0,10,0,-1100,-1130,-1113
2026-09-19T16:15:08Z,CHAN,2228,2228164,1000,100,0,6,0,-1100,-1120,-1114
2026-09-19T16:15:09Z,CHAN,2229,2229164,1000,100,0,10,0,-1100,-1130,-1112
2026-09-19T16:15:09Z,CHANSUM,2170,2229,60,60000,6000,0,856,0,60,0,-600,-1140,-1120,-1127
2026-09-19T16:15:10Z,CHAN,2230,2230164,1000,100,0,17,0,-1100,-1130,-1113
2026-09-19T16:15:11Z,CHAN,2231,2231164,1000,100,0,24,0,-1090,-1120,-1110
2026-09-19T16:15:12Z,CHAN,2232,2232164,1000,100,0,9,0,-1090,-1130,-1114
2026-09-19T16:15:13Z,CHAN,2233,2233164,1000,100,0,19,0,-1090,-1130,-1111
2026-09-19T16:15:14Z,CHAN,2234,2234164,1000,100,0,7,0,-1090,-1130,-1113
2026-09-19T16:15:15Z,CHAN,2235,2235164,1000,100,0,9,0,-1090,-1130,-1116
2026-09-19T16:15:16Z,CHAN,2236,2236164,1000,100,0,1,0,-1100,-1130,-1118
2026-09-19T16:15:17Z,CHAN,2237,2237164,1000,100,0,10,0,-1090,-1130,-1114
2026-09-19T16:15:18Z,CHAN,2238,2238164,1000,100,0,9,0,-1100,-1130,-1113
2026-09-19T16:15:19Z,CHAN,2239,2239164,1000,100,0,10,0,-1100,-1130,-1112
2026-09-19T16:15:20Z,CHAN,2240,2240164,1000,100,0,2,0,-1100,-1120,-1114
2026-09-19T16:15:21Z,CHAN,2241,2241164,1000,100,0,15,0,-1100,-1130,-1112
2026-09-19T16:15:22Z,CHAN,2242,2242164,1000,100,0,14,0,-1090,-1120,-1111
2026-09-19T16:15:23Z,CHAN,2243,2243164,1000,100,0,9,0,-1100,-1130,-1113
2026-09-19T16:15:24Z,CHAN,2244,2244164,1000,100,0,3,0,-1100,-1140,-1114
2026-09-19T16:15:25Z,CHAN,2245,2245164,1000,100,0,6,0,-1100,-1130,-1114
2026-09-19T16:15:26Z,CHAN,2246,2246164,1000,100,0,6,0,-1100,-1130,-1115
2026-09-19T16:15:27Z,CHAN,2247,2247164,1000,100,0,6,0,-1100,-1130,-1115
2026-09-19T16:15:28Z,CHAN,2248,2248164,1000,100,0,3,0,-1100,-1130,-1115
2026-09-19T16:15:29Z,CHAN,2249,2249164,1000,100,0,2,0,-1100,-1130,-1115
2026-09-19T16:15:30Z,CHAN,2250,2250164,1000,100,0,9,0,-1030,-1130,-1112
2026-09-19T16:15:31Z,CHAN,2251,2251164,1000,100,0,6,0,-1100,-1130,-1115
2026-09-19T16:15:32Z,CHAN,2252,2252164,1000,100,0,2,0,-1100,-1130,-1115
2026-09-19T16:15:33Z,CHAN,2253,2253164,1000,100,0,7,0,-1100,-1130,-1114
2026-09-19T16:15:34Z,CHAN,2254,2254164,1000,100,0,3,0,-1100,-1130,-1115
2026-09-19T16:15:35Z,CHAN,2255,2255164,1000,100,0,3,0,-1100,-1130,-1114
2026-09-19T16:15:36Z,CHAN,2256,2256164,1000,100,0,6,0,-1100,-1130,-1115
2026-09-19T16:15:37Z,CHAN,2257,2257164,1000,100,0,3,0,-1100,-1130,-1115
2026-09-19T16:15:38Z,CHAN,2258,2258164,1000,100,0,4,0,-1100,-1130,-1115
2026-09-19T16:15:39Z,CHAN,2259,2259164,1000,100,0,3,0,-1100,-1130,-1115
2026-09-19T16:15:40Z,CHAN,2260,2260164,1000,100,0,3,0,-1100,-1130,-1115
2026-09-19T16:15:41Z,CHAN,2261,2261164,1000,100,0,4,0,-1100,-1130,-1115
2026-09-19T16:15:42Z,CHAN,2262,2262164,1000,100,0,4,0,-1100,-1130,-1115
2026-09-19T16:15:43Z,CHAN,2263,2263164,1000,100,0,6,0,-970,-1130,-1110
2026-09-19T16:15:44Z,CHAN,2264,2264164,1000,100,0,4,0,-1090,-1140,-1114
2026-09-19T16:15:45Z,CHAN,2265,2265164,1000,100,0,2,0,-1100,-1130,-1114
2026-09-19T16:15:46Z,CHAN,2266,2266164,1000,100,0,9,0,-1100,-1130,-1113
2026-09-19T16:15:47Z,CHAN,2267,2267164,1000,100,0,9,0,-1080,-1130,-1113
2026-09-19T16:15:48Z,CHAN,2268,2268164,1000,100,0,8,0,-1100,-1130,-1114
2026-09-19T16:15:49Z,CHAN,2269,2269164,1000,100,0,9,0,-1100,-1120,-1113
2026-09-19T16:15:50Z,CHAN,2270,2270164,1000,100,0,9,0,-1100,-1130,-1113
2026-09-19T16:15:51Z,CHAN,2271,2271164,1000,100,0,3,0,-1100,-1130,-1114
2026-09-19T16:15:52Z,CHAN,2272,2272164,1000,100,0,3,0,-1090,-1120,-1114
2026-09-19T16:15:53Z,CHAN,2273,2273164,1000,100,0,5,0,-1100,-1130,-1114
2026-09-19T16:15:54Z,CHAN,2274,2274164,1000,100,0,4,0,-1100,-1130,-1115
2026-09-19T16:15:55Z,CHAN,2275,2275164,1000,100,0,4,0,-1100,-1130,-1114
2026-09-19T16:15:56Z,CHAN,2276,2276164,1000,100,0,2,0,-1100,-1130,-1114
2026-09-19T16:15:57Z,CHAN,2277,2277164,1000,100,0,3,0,-1100,-1130,-1115
2026-09-19T16:15:59Z,CHAN,2279,2279164,1000,100,0,4,0,-1100,-1130,-1114
2026-09-19T16:16:00Z,CHAN,2280,2280164,1000,100,0,2,0,-1100,-1130,-1114
2026-09-19T16:16:01Z,CHAN,2281,2281164,1000,100,0,3,0,-1100,-1130,-1114
2026-09-19T16:16:02Z,CHAN,2282,2282164,1000,100,0,2,0,-1100,-1130,-1115
2026-09-19T16:16:03Z,CHAN,2283,2283164,1000,100,0,3,0,-1100,-1130,-1114
2026-09-19T16:16:04Z,CHAN,2284,2284164,1000,100,0,2,0,-1100,-1130,-1114
2026-09-19T16:16:05Z,CHAN,2285,2285164,1000,100,0,3,0,-1100,-1130,-1114
2026-09-19T16:16:06Z,CHAN,2286,2286164,1000,100,0,2,0,-1100,-1130,-1114
2026-09-19T16:16:07Z,CHAN,2287,2287164,1000,100,0,3,0,-1100,-1130,-1114
2026-09-19T16:16:08Z,CHAN,2288,2288164,1000,100,0,1,0,-1100,-1130,-1115
2026-09-19T16:16:09Z,CHAN,2289,2289164,1000,100,0,1,0,-1100,-1130,-1116
2026-09-19T16:16:09Z,CHANSUM,2230,2289,60,60000,6000,0,344,0,59,0,-970,-1140,-1120,-1129
2026-09-19T16:16:10Z,CHAN,2290,2290164,1000,100,0,1,0,-1100,-1130,-1115
2026-09-19T16:16:11Z,CHAN,2291,2291164,1000,100,0,1,0,-1100,-1130,-1115
2026-09-19T16:16:13Z,CHAN,2293,2293164,1000,100,0,5,0,-1100,-1130,-1115
2026-09-19T16:16:14Z,CHAN,2294,2294164,1000,100,0,2,0,-1100,-1130,-1114
2026-09-19T16:16:15Z,CHAN,2295,2295164,1000,100,0,2,0,-1100,-1130,-1115
2026-09-19T16:16:16Z,CHAN,2296,2296164,1000,100,0,5,0,-1100,-1130,-1114
2026-09-19T16:16:17Z,CHAN,2297,2297164,1000,100,0,3,0,-1100,-1130,-1116
2026-09-19T16:16:18Z,CHAN,2298,2298164,1000,100,0,1,0,-1100,-1130,-1116
2026-09-19T16:16:19Z,CHAN,2299,2299164,1000,100,0,3,0,-1100,-1130,-1115
2026-09-19T16:16:20Z,CHAN,2300,2300164,1000,100,0,2,0,-1100,-1130,-1115
2026-09-19T16:16:21Z,CHAN,2301,2301164,1000,100,0,5,0,-1100,-1130,-1114
2026-09-19T16:16:22Z,CHAN,2302,2302164,1000,100,0,4,0,-1100,-1130,-1114
2026-09-19T16:16:23Z,CHAN,2303,2303164,1000,100,0,3,0,-1100,-1130,-1115
2026-09-19T16:16:24Z,CHAN,2304,2304164,1000,100,0,1,0,-980,-1130,-1115
2026-09-19T16:16:25Z,CHAN,2305,2305164,1000,100,0,5,0,-1100,-1130,-1115
2026-09-19T16:16:26Z,CHAN,2306,2306164,1000,100,0,3,0,-1100,-1130,-1116
2026-09-19T16:16:27Z,CHAN,2307,2307164,1000,100,0,1,0,-1100,-1130,-1115
2026-09-19T16:16:29Z,CHAN,2309,2309164,1000,100,0,8,0,-1090,-1130,-1114
2026-09-19T16:16:30Z,CHAN,2310,2310164,1000,100,0,1,0,-1100,-1130,-1115
2026-09-19T16:16:31Z,CHAN,2311,2311164,1000,100,0,3,0,-1100,-1130,-1116
2026-09-19T16:16:32Z,CHAN,2312,2312164,1000,100,0,3,0,-1100,-1130,-1114
2026-09-19T16:16:34Z,CHAN,2314,2314164,1000,100,0,3,0,-1100,-1130,-1115
2026-09-19T16:16:35Z,CHAN,2315,2315164,1000,100,0,4,0,-1100,-1130,-1116
2026-09-19T16:16:36Z,CHAN,2316,2316164,1000,100,0,8,0,-1100,-1130,-1113
2026-09-19T16:16:37Z,CHAN,2317,2317164,1000,100,0,8,0,-1100,-1130,-1113
2026-09-19T16:16:38Z,CHAN,2318,2318164,1000,100,0,5,0,-1100,-1130,-1113
2026-09-19T16:16:39Z,CHAN,2319,2319164,1000,100,0,2,0,-1100,-1130,-1114
2026-09-19T16:16:40Z,CHAN,2320,2320164,1000,100,0,4,0,-1100,-1130,-1114
2026-09-19T16:16:41Z,CHAN,2321,2321164,1000,100,0,3,0,-1100,-1130,-1114
2026-09-19T16:16:42Z,CHAN,2322,2322164,1000,100,0,9,0,-1100,-1130,-1113
2026-09-19T16:16:43Z,CHAN,2323,2323164,1000,100,0,8,0,-1100,-1130,-1113
2026-09-19T16:16:44Z,CHAN,2324,2324164,1000,100,0,6,0,-1100,-1130,-1113
2026-09-19T16:16:45Z,CHAN,2325,2325164,1000,100,0,5,0,-1100,-1130,-1114
2026-09-19T16:16:46Z,CHAN,2326,2326164,1000,100,0,4,0,-1100,-1130,-1115
2026-09-19T16:16:47Z,CHAN,2327,2327164,1000,100,0,5,0,-1100,-1130,-1114
2026-09-19T16:16:48Z,CHAN,2328,2328164,1000,100,0,3,0,-1100,-1120,-1113
2026-09-19T16:16:49Z,CHAN,2329,2329164,1000,100,0,4,0,-1100,-1130,-1114
2026-09-19T16:16:50Z,CHAN,2330,2330164,1000,100,0,7,0,-1100,-1130,-1113
2026-09-19T16:16:51Z,CHAN,2331,2331164,1000,100,0,2,0,-1100,-1130,-1113
2026-09-19T16:16:52Z,CHAN,2332,2332164,1000,100,0,2,0,-1100,-1130,-1114
2026-09-19T16:16:53Z,CHAN,2333,2333164,1000,100,0,2,0,-1100,-1130,-1115
2026-09-19T16:16:54Z,CHAN,2334,2334164,1000,100,0,6,0,-1100,-1130,-1113
2026-09-19T16:16:55Z,CHAN,2335,2335164,1000,100,0,7,0,-1100,-1130,-1114
2026-09-19T16:16:56Z,CHAN,2336,2336164,1000,100,0,3,0,-1100,-1130,-1115
2026-09-19T16:16:57Z,CHAN,2337,2337164,1000,100,0,7,0,-1100,-1130,-1114
2026-09-19T16:16:58Z,CHAN,2338,2338164,1000,100,0,3,0,-1100,-1130,-1114
2026-09-19T16:16:59Z,CHAN,2339,2339164,1000,100,0,1,0,-1100,-1130,-1114
2026-09-19T16:17:00Z,CHAN,2340,2340164,1000,100,0,9,0,-1070,-1130,-1112
2026-09-19T16:17:01Z,CHAN,2341,2341164,1000,100,0,7,0,-1100,-1130,-1114
2026-09-19T16:17:02Z,CHAN,2342,2342164,1000,100,0,6,0,-1100,-1130,-1114
2026-09-19T16:17:03Z,CHAN,2343,2343164,1000,100,0,4,0,-1100,-1120,-1113
2026-09-19T16:17:04Z,CHAN,2344,2344164,1000,100,0,5,0,-1100,-1130,-1114
2026-09-19T16:17:05Z,CHAN,2345,2345164,1000,100,0,6,0,-1100,-1130,-1114
2026-09-19T16:17:06Z,CHAN,2346,2346164,1000,100,0,7,0,-1100,-1120,-1112
2026-09-19T16:17:07Z,CHAN,2347,2347164,1000,100,0,15,0,-1080,-1130,-1112
2026-09-19T16:17:08Z,CHAN,2348,2348164,1000,100,0,8,0,-1100,-1130,-1113
2026-09-19T16:17:09Z,CHAN,2349,2349164,1000,100,0,3,0,-1100,-1120,-1113
2026-09-19T16:17:09Z,CHANSUM,2290,2349,60,60000,6000,0,253,0,57,0,-980,-1130,-1120,-1129
2026-09-19T16:17:10Z,CHAN,2350,2350164,1000,100,0,11,0,-1100,-1130,-1113
2026-09-19T16:17:11Z,CHAN,2351,2351164,1000,100,0,5,0,-1100,-1130,-1113
2026-09-19T16:17:12Z,CHAN,2352,2352164,1000,100,0,7,0,-1100,-1130,-1114
2026-09-19T16:17:13Z,CHAN,2353,2353164,1000,100,0,6,0,-1100,-1130,-1113
2026-09-19T16:17:14Z,CHAN,2354,2354164,1000,100,0,7,0,-1100,-1130,-1113
2026-09-19T16:17:15Z,CHAN,2355,2355164,1000,100,0,10,0,-1090,-1130,-1112
2026-09-19T16:17:16Z,CHAN,2356,2356164,1000,100,0,7,0,-1100,-1130,-1114
2026-09-19T16:17:17Z,CHAN,2357,2357164,1000,100,0,8,0,-840,-1130,-1103
2026-09-19T16:17:18Z,CHAN,2358,2358164,1000,100,0,2,0,-1100,-1130,-1115
2026-09-19T16:17:19Z,CHAN,2359,2359164,1000,100,0,2,0,-1100,-1130,-1115
2026-09-19T16:17:20Z,CHAN,2360,2360164,1000,100,0,4,0,-1100,-1130,-1115
2026-09-19T16:17:21Z,CHAN,2361,2361164,1000,100,0,4,0,-1100,-1130,-1114
2026-09-19T16:17:22Z,CHAN,2362,2362164,1000,100,0,3,0,-1100,-1130,-1115
2026-09-19T16:17:23Z,CHAN,2363,2363164,1000,100,0,5,0,-1100,-1130,-1115
2026-09-19T16:17:24Z,CHAN,2364,2364164,1000,100,0,4,0,-1100,-1130,-1114
2026-09-19T16:17:25Z,CHAN,2365,2365164,1000,100,0,4,0,-1100,-1130,-1114
2026-09-19T16:17:26Z,CHAN,2366,2366164,1000,100,0,3,0,-1100,-1130,-1114
2026-09-19T16:17:27Z,CHAN,2367,2367164,1000,100,0,8,0,-1100,-1130,-1113
2026-09-19T16:17:28Z,CHAN,2368,2368164,1000,100,0,8,0,-1090,-1130,-1114
2026-09-19T16:17:29Z,CHAN,2369,2369164,1000,100,0,5,0,-1100,-1130,-1113
2026-09-19T16:17:30Z,CHAN,2370,2370164,1000,100,0,5,0,-1100,-1130,-1114
2026-09-19T16:17:31Z,CHAN,2371,2371164,1000,100,0,8,0,-1100,-1130,-1114
2026-09-19T16:17:32Z,CHAN,2372,2372164,1000,100,0,10,0,-1090,-1130,-1113
2026-09-19T16:17:33Z,CHAN,2373,2373164,1000,100,0,4,0,-1100,-1130,-1113
2026-09-19T16:17:34Z,CHAN,2374,2374164,1000,100,0,2,0,-1100,-1130,-1114
2026-09-19T16:17:35Z,CHAN,2375,2375164,1000,100,0,12,0,-1100,-1130,-1113
2026-09-19T16:17:36Z,CHAN,2376,2376164,1000,100,0,7,0,-1100,-1130,-1114
2026-09-19T16:17:37Z,CHAN,2377,2377164,1000,100,0,3,0,-1100,-1130,-1114
2026-09-19T16:17:38Z,CHAN,2378,2378164,1000,100,0,3,0,-1100,-1130,-1115
2026-09-19T16:17:39Z,CHAN,2379,2379164,1000,100,0,4,0,-1100,-1130,-1114
2026-09-19T16:17:40Z,CHAN,2380,2380164,1000,100,0,8,0,-1100,-1130,-1113
2026-09-19T16:17:41Z,CHAN,2381,2381164,1000,100,0,4,0,-1100,-1130,-1115
2026-09-19T16:17:42Z,CHAN,2382,2382164,1000,100,0,9,0,-1100,-1130,-1114
2026-09-19T16:17:43Z,CHAN,2383,2383164,1000,100,0,4,0,-1100,-1130,-1114
2026-09-19T16:17:44Z,CHAN,2384,2384164,1000,100,0,1,0,-1100,-1120,-1115
2026-09-19T16:17:45Z,CHAN,2385,2385164,1000,100,0,4,0,-1100,-1130,-1114
2026-09-19T16:17:46Z,CHAN,2386,2386164,1000,100,0,4,0,-1100,-1130,-1115
2026-09-19T16:17:47Z,CHAN,2387,2387164,1000,100,0,6,0,-1100,-1130,-1114
2026-09-19T16:17:48Z,CHAN,2388,2388164,1000,100,0,4,0,-1100,-1130,-1115
2026-09-19T16:17:50Z,CHAN,2390,2390164,1000,100,0,4,0,-1100,-1130,-1113
2026-09-19T16:17:51Z,CHAN,2391,2391164,1000,100,0,7,0,-1100,-1130,-1113
2026-09-19T16:17:52Z,CHAN,2392,2392164,1000,100,0,2,0,-1100,-1130,-1114
2026-09-19T16:17:53Z,CHAN,2393,2393164,1000,100,0,3,0,-1100,-1130,-1114
2026-09-19T16:17:54Z,CHAN,2394,2394164,1000,100,0,1,0,-1100,-1130,-1114
2026-09-19T16:17:55Z,CHAN,2395,2395164,1000,100,0,3,0,-1100,-1130,-1114
2026-09-19T16:17:56Z,CHAN,2396,2396164,1000,100,0,5,0,-1100,-1130,-1113
2026-09-19T16:17:57Z,CHAN,2397,2397164,1000,100,0,3,0,-1100,-1130,-1114
2026-09-19T16:17:58Z,CHAN,2398,2398164,1000,100,0,3,0,-1100,-1130,-1115
2026-09-19T16:17:59Z,CHAN,2399,2399164,1000,100,0,2,0,-1100,-1130,-1114
2026-09-19T16:18:00Z,CHAN,2400,2400164,1000,100,0,3,0,-1100,-1120,-1114
2026-09-19T16:18:01Z,CHAN,2401,2401164,1000,100,0,1,0,-1100,-1130,-1115
2026-09-19T16:18:02Z,CHAN,2402,2402164,1000,100,0,4,0,-1100,-1130,-1115
2026-09-19T16:18:03Z,CHAN,2403,2403164,1000,100,0,2,0,-1100,-1120,-1114
2026-09-19T16:18:04Z,CHAN,2404,2404164,1000,100,0,5,0,-1100,-1130,-1115
2026-09-19T16:18:05Z,CHAN,2405,2405164,1000,100,0,5,0,-1100,-1130,-1114
2026-09-19T16:18:06Z,CHAN,2406,2406164,1000,100,0,5,0,-1080,-1130,-1114
2026-09-19T16:18:07Z,CHAN,2407,2407164,1000,100,0,9,0,-1060,-1130,-1113
2026-09-19T16:18:08Z,CHAN,2408,2408164,1000,100,0,6,0,-1100,-1140,-1115
2026-09-19T16:18:09Z,CHAN,2409,2409164,1000,100,0,6,0,-1100,-1130,-1114
2026-09-19T16:18:09Z,CHANSUM,2350,2409,60,60000,6000,0,294,0,59,0,-840,-1140,-1120,-1129
2026-09-19T16:18:10Z,CHAN,2410,2410164,1000,100,0,3,0,-1100,-1130,-1116
2026-09-19T16:18:11Z,CHAN,2411,2411164,1000,100,0,1,0,-1100,-1130,-1116
2026-09-19T16:18:12Z,CHAN,2412,2412164,1000,100,0,3,0,-1100,-1130,-1115
2026-09-19T16:18:13Z,CHAN,2413,2413164,1000,100,0,4,0,-1100,-1130,-1115
2026-09-19T16:18:14Z,CHAN,2414,2414164,1000,100,0,4,0,-1100,-1130,-1116
2026-09-19T16:18:15Z,CHAN,2415,2415164,1000,100,0,4,0,-1090,-1130,-1116
2026-09-19T16:18:16Z,CHAN,2416,2416164,1000,100,0,1,0,-1100,-1130,-1116
2026-09-19T16:18:17Z,CHAN,2417,2417164,1000,100,0,8,0,-850,-1130,-1108
2026-09-19T16:18:18Z,CHAN,2418,2418164,1000,100,0,7,0,-1090,-1130,-1115
2026-09-19T16:18:19Z,CHAN,2419,2419164,1000,100,0,7,0,-1080,-1130,-1115
2026-09-19T16:18:20Z,CHAN,2420,2420164,1000,100,0,6,0,-1100,-1130,-1116
2026-09-19T16:18:21Z,CHAN,2421,2421164,1000,100,0,3,0,-1100,-1130,-1116
2026-09-19T16:18:22Z,CHAN,2422,2422164,1000,100,0,3,0,-1100,-1130,-1116
2026-09-19T16:18:23Z,CHAN,2423,2423164,1000,100,0,3,0,-1100,-1130,-1116
2026-09-19T16:18:24Z,CHAN,2424,2424164,1000,100,0,8,0,-1100,-1130,-1115
2026-09-19T16:18:25Z,CHAN,2425,2425164,1000,100,0,3,0,-1100,-1130,-1115
2026-09-19T16:18:26Z,CHAN,2426,2426164,1000,100,0,8,0,-1050,-1130,-1113
2026-09-19T16:18:27Z,CHAN,2427,2427164,1000,100,0,5,0,-1100,-1130,-1115
2026-09-19T16:18:28Z,CHAN,2428,2428164,1000,100,0,4,0,-1100,-1130,-1115
2026-09-19T16:18:29Z,CHAN,2429,2429164,1000,100,0,10,0,-1100,-1140,-1115
2026-09-19T16:18:30Z,CHAN,2430,2430164,1000,100,0,8,0,-1100,-1130,-1114
2026-09-19T16:18:31Z,CHAN,2431,2431164,1000,100,0,7,0,-1100,-1130,-1114
2026-09-19T16:18:32Z,CHAN,2432,2432164,1000,100,0,6,0,-1100,-1130,-1115
2026-09-19T16:18:33Z,CHAN,2433,2433164,1000,100,0,8,0,-1100,-1120,-1113
2026-09-19T16:18:34Z,CHAN,2434,2434164,1000,100,0,13,0,-1100,-1130,-1114
2026-09-19T16:18:35Z,CHAN,2435,2435164,1000,100,0,10,0,-590,-1130,-1109
2026-09-19T16:18:36Z,CHAN,2436,2436164,1000,100,0,9,0,-1100,-1130,-1113
2026-09-19T16:18:37Z,CHAN,2437,2437164,1000,100,0,5,0,-1100,-1130,-1115
2026-09-19T16:18:38Z,CHAN,2438,2438164,1000,100,0,10,0,-1100,-1130,-1114
2026-09-19T16:18:39Z,CHAN,2439,2439164,1000,100,0,9,0,-1100,-1130,-1114
2026-09-19T16:18:40Z,CHAN,2440,2440164,1000,100,0,11,0,-1090,-1130,-1113
2026-09-19T16:18:41Z,CHAN,2441,2441164,1000,100,0,8,0,-1100,-1130,-1114
2026-09-19T16:18:42Z,CHAN,2442,2442164,1000,100,0,3,0,-1100,-1130,-1115
2026-09-19T16:18:43Z,CHAN,2443,2443164,1000,100,0,7,0,-1100,-1120,-1114
2026-09-19T16:18:44Z,CHAN,2444,2444164,1000,100,0,4,0,-1100,-1130,-1115
2026-09-19T16:18:45Z,CHAN,2445,2445164,1000,100,0,5,0,-1100,-1130,-1115
2026-09-19T16:18:46Z,CHAN,2446,2446164,1000,100,0,7,0,-1100,-1130,-1115
2026-09-19T16:18:47Z,CHAN,2447,2447164,1000,100,0,7,0,-1100,-1130,-1114
2026-09-19T16:18:48Z,CHAN,2448,2448164,1000,100,0,12,0,-1100,-1130,-1113
2026-09-19T16:18:49Z,CHAN,2449,2449164,1000,100,0,9,0,-1090,-1130,-1114
2026-09-19T16:18:50Z,CHAN,2450,2450164,1000,100,0,11,0,-1100,-1130,-1114
2026-09-19T16:18:51Z,CHAN,2451,2451164,1000,100,0,8,0,-1090,-1130,-1114
2026-09-19T16:18:52Z,CHAN,2452,2452164,1000,100,0,1,0,-1100,-1130,-1114
2026-09-19T16:18:53Z,CHAN,2453,2453164,1000,100,0,14,0,-1090,-1140,-1114
2026-09-19T16:18:54Z,CHAN,2454,2454164,1000,100,0,12,0,-1100,-1130,-1113
2026-09-19T16:18:55Z,CHAN,2455,2455164,1000,100,0,7,0,-1100,-1130,-1115
2026-09-19T16:18:56Z,CHAN,2456,2456164,1000,100,0,11,0,-1100,-1130,-1114
2026-09-19T16:18:57Z,CHAN,2457,2457164,1000,100,0,5,0,-1090,-1130,-1114
2026-09-19T16:18:58Z,CHAN,2458,2458164,1000,100,0,1,0,-1100,-1130,-1114
2026-09-19T16:18:59Z,CHAN,2459,2459164,1000,100,0,4,0,-1100,-1130,-1115
2026-09-19T16:19:00Z,CHAN,2460,2460164,1000,100,0,12,0,-1100,-1130,-1114
2026-09-19T16:19:01Z,CHAN,2461,2461164,1000,100,0,6,0,-1100,-1130,-1114
2026-09-19T16:19:02Z,CHAN,2462,2462164,1000,100,0,4,0,-1100,-1130,-1116
2026-09-19T16:19:03Z,CHAN,2463,2463164,1000,100,0,3,0,-1100,-1130,-1116
2026-09-19T16:19:04Z,CHAN,2464,2464164,1000,100,0,10,0,-1100,-1130,-1114
2026-09-19T16:19:05Z,CHAN,2465,2465164,1000,100,0,6,0,-1100,-1130,-1115
2026-09-19T16:19:06Z,CHAN,2466,2466164,1000,100,0,7,0,-1100,-1130,-1115
2026-09-19T16:19:07Z,CHAN,2467,2467164,1000,100,0,4,0,-1100,-1130,-1115
2026-09-19T16:19:08Z,CHAN,2468,2468164,1000,100,0,5,0,-1100,-1130,-1115
2026-09-19T16:19:09Z,CHAN,2469,2469164,1000,100,0,7,0,-1090,-1130,-1114
2026-09-19T16:19:09Z,CHANSUM,2410,2469,60,60000,6000,0,391,0,60,0,-590,-1140,-1120,-1130
2026-09-19T16:19:10Z,CHAN,2470,2470164,1000,100,0,8,0,-1100,-1130,-1114
2026-09-19T16:19:11Z,CHAN,2471,2471164,1000,100,0,6,0,-1100,-1130,-1115
2026-09-19T16:19:12Z,CHAN,2472,2472164,1000,100,0,7,0,-1100,-1130,-1115
2026-09-19T16:19:13Z,CHAN,2473,2473164,1000,100,0,6,0,-1100,-1130,-1115
2026-09-19T16:19:14Z,CHAN,2474,2474164,1000,100,0,8,0,-1100,-1130,-1114
2026-09-19T16:19:15Z,CHAN,2475,2475164,1000,100,0,8,0,-1100,-1130,-1115
2026-09-19T16:19:16Z,CHAN,2476,2476164,1000,100,0,10,0,-1090,-1130,-1114
2026-09-19T16:19:17Z,CHAN,2477,2477164,1000,100,0,10,0,-840,-1130,-1107
2026-09-19T16:19:18Z,CHAN,2478,2478164,1000,100,0,5,0,-1100,-1130,-1115
2026-09-19T16:19:19Z,CHAN,2479,2479164,1000,100,0,4,0,-1100,-1130,-1114
2026-09-19T16:19:20Z,CHAN,2480,2480164,1000,100,0,8,0,-1100,-1130,-1113
2026-09-19T16:19:21Z,CHAN,2481,2481164,1000,100,0,7,0,-1100,-1130,-1113
2026-09-19T16:19:22Z,CHAN,2482,2482164,1000,100,0,8,0,-1080,-1140,-1113
2026-09-19T16:19:23Z,CHAN,2483,2483164,1000,100,0,4,0,-1100,-1130,-1115
2026-09-19T16:19:24Z,CHAN,2484,2484164,1000,100,0,4,0,-1100,-1130,-1115
2026-09-19T16:19:25Z,CHAN,2485,2485164,1000,100,0,9,0,-1030,-1130,-1112
2026-09-19T16:19:26Z,CHAN,2486,2486164,1000,100,0,3,0,-1100,-1130,-1114
2026-09-19T16:19:27Z,CHAN,2487,2487164,1000,100,0,5,0,-1100,-1130,-1114
2026-09-19T16:19:28Z,CHAN,2488,2488164,1000,100,0,5,0,-1100,-1130,-1114
2026-09-19T16:19:29Z,CHAN,2489,2489164,1000,100,0,6,0,-1100,-1130,-1114
2026-09-19T16:19:30Z,CHAN,2490,2490164,1000,100,0,5,0,-1100,-1130,-1115
2026-09-19T16:19:31Z,CHAN,2491,2491164,1000,100,0,4,0,-1100,-1130,-1115
2026-09-19T16:19:32Z,CHAN,2492,2492164,1000,100,0,6,0,-1090,-1130,-1114
2026-09-19T16:19:33Z,CHAN,2493,2493164,1000,100,0,2,0,-1090,-1130,-1116
2026-09-19T16:19:34Z,CHAN,2494,2494164,1000,100,0,3,0,-1100,-1130,-1115
2026-09-19T16:19:35Z,CHAN,2495,2495164,1000,100,0,5,0,-1090,-1130,-1116
2026-09-19T16:19:36Z,CHAN,2496,2496164,1000,100,0,2,0,-1100,-1130,-1115
2026-09-19T16:19:37Z,CHAN,2497,2497164,1000,100,0,7,0,-1080,-1130,-1114
2026-09-19T16:19:39Z,CHAN,2499,2499164,1000,100,0,1,0,-1100,-1130,-1116
2026-09-19T16:19:40Z,CHAN,2500,2500164,1000,100,0,5,0,-1100,-1130,-1115
2026-09-19T16:19:41Z,CHAN,2501,2501164,1000,100,0,6,0,-1100,-1130,-1114
2026-09-19T16:19:43Z,CHAN,2503,2503164,1000,100,0,2,0,-1100,-1130,-1115
2026-09-19T16:19:44Z,CHAN,2504,2504164,1000,100,0,3,0,-1100,-1130,-1115
2026-09-19T16:19:45Z,CHAN,2505,2505164,1000,100,0,2,0,-1100,-1130,-1115
2026-09-19T16:19:46Z,CHAN,2506,2506164,1000,100,0,3,0,-1100,-1130,-1115
2026-09-19T16:19:47Z,CHAN,2507,2507164,1000,100,0,3,0,-1100,-1130,-1115
2026-09-19T16:19:48Z,CHAN,2508,2508164,1000,100,0,2,0,-1100,-1130,-1115
2026-09-19T16:19:50Z,CHAN,2510,2510164,1000,100,0,2,0,-1100,-1130,-1115
2026-09-19T16:19:51Z,CHAN,2511,2511164,1000,100,0,5,0,-1100,-1130,-1115
2026-09-19T16:19:52Z,CHAN,2512,2512164,1000,100,0,1,0,-1100,-1120,-1115
2026-09-19T16:19:53Z,CHAN,2513,2513164,1000,100,0,1,0,-1100,-1130,-1115
2026-09-19T16:19:54Z,CHAN,2514,2514164,1000,100,0,1,0,-1100,-1130,-1114
2026-09-19T16:19:55Z,CHAN,2515,2515164,1000,100,0,6,0,-1090,-1130,-1114
2026-09-19T16:19:56Z,CHAN,2516,2516164,1000,100,0,2,0,-1100,-1130,-1115
2026-09-19T16:19:57Z,CHAN,2517,2517164,1000,100,0,4,0,-1100,-1130,-1115
2026-09-19T16:19:58Z,CHAN,2518,2518164,1000,100,0,3,0,-1100,-1130,-1115
2026-09-19T16:20:00Z,CHAN,2520,2520164,1000,100,0,2,0,-1100,-1130,-1116
2026-09-19T16:20:01Z,CHAN,2521,2521164,1000,100,0,1,0,-1100,-1130,-1116
2026-09-19T16:20:02Z,CHAN,2522,2522164,1000,100,0,1,0,-1100,-1130,-1116
2026-09-19T16:20:03Z,CHAN,2523,2523164,1000,100,0,1,0,-1100,-1130,-1116
2026-09-19T16:20:04Z,CHAN,2524,2524164,1000,100,0,3,0,-1100,-1130,-1116
2026-09-19T16:20:05Z,CHAN,2525,2525164,1000,100,0,1,0,-1100,-1130,-1116
2026-09-19T16:20:06Z,CHAN,2526,2526164,1000,100,0,2,0,-1100,-1130,-1114
2026-09-19T16:20:07Z,CHAN,2527,2527164,1000,100,0,2,0,-1100,-1130,-1115
2026-09-19T16:20:08Z,CHAN,2528,2528164,1000,100,0,5,0,-1100,-1130,-1114
2026-09-19T16:20:09Z,CHAN,2529,2529164,1000,100,0,4,0,-1090,-1140,-1115
2026-09-19T16:20:09Z,CHANSUM,2470,2529,60,60000,6000,0,239,0,56,0,-840,-1140,-1120,-1130
2026-09-19T16:20:10Z,CHAN,2530,2530164,1000,100,0,2,0,-1100,-1130,-1115
2026-09-19T16:20:11Z,CHAN,2531,2531164,1000,100,0,3,0,-1100,-1130,-1116
2026-09-19T16:20:12Z,CHAN,2532,2532164,1000,100,0,4,0,-1100,-1130,-1116
2026-09-19T16:20:13Z,CHAN,2533,2533164,1000,100,0,3,0,-1100,-1130,-1115
2026-09-19T16:20:14Z,CHAN,2534,2534164,1000,100,0,3,0,-1100,-1140,-1116
2026-09-19T16:20:15Z,CHAN,2535,2535164,1000,100,0,2,0,-1100,-1130,-1116
2026-09-19T16:20:16Z,CHAN,2536,2536164,1000,100,0,2,0,-1100,-1130,-1115
2026-09-19T16:20:17Z,CHAN,2537,2537164,1000,100,0,2,0,-1100,-1130,-1115
2026-09-19T16:20:19Z,CHAN,2539,2539164,1000,100,0,2,0,-1100,-1130,-1116
2026-09-19T16:20:20Z,CHAN,2540,2540164,1000,100,0,2,0,-1100,-1130,-1115
2026-09-19T16:20:21Z,CHAN,2541,2541164,1000,100,0,2,0,-1100,-1120,-1115
2026-09-19T16:20:22Z,CHAN,2542,2542164,1000,100,0,2,0,-1100,-1130,-1114
2026-09-19T16:20:23Z,CHAN,2543,2543164,1000,100,0,2,0,-1100,-1130,-1115
2026-09-19T16:20:24Z,CHAN,2544,2544164,1000,100,0,3,0,-1100,-1130,-1115
2026-09-19T16:20:25Z,CHAN,2545,2545164,1000,100,0,2,0,-1090,-1130,-1114
2026-09-19T16:20:27Z,CHAN,2547,2547164,1000,100,0,2,0,-1100,-1130,-1115
2026-09-19T16:20:28Z,CHAN,2548,2548164,1000,100,0,1,0,-1100,-1140,-1115
2026-09-19T16:20:29Z,CHAN,2549,2549164,1000,100,0,3,0,-1100,-1140,-1116
2026-09-19T16:20:30Z,CHAN,2550,2550164,1000,100,0,5,0,-1090,-1130,-1115
2026-09-19T16:20:31Z,CHAN,2551,2551164,1000,100,0,2,0,-1100,-1130,-1115
2026-09-19T16:20:33Z,CHAN,2553,2553164,1000,100,0,2,0,-1100,-1120,-1113
2026-09-19T16:20:34Z,CHAN,2554,2554164,1000,100,0,6,0,-1060,-1130,-1113
2026-09-19T16:20:35Z,CHAN,2555,2555164,1000,100,0,5,0,-1100,-1130,-1114
2026-09-19T16:20:36Z,CHAN,2556,2556164,1000,100,0,1,0,-1100,-1130,-1114
2026-09-19T16:20:37Z,CHAN,2557,2557164,1000,100,0,7,0,-960,-1130,-1108
2026-09-19T16:20:38Z,CHAN,2558,2558164,1000,100,0,2,0,-1090,-1130,-1114
2026-09-19T16:20:39Z,CHAN,2559,2559164,1000,100,0,4,0,-1100,-1130,-1115
2026-09-19T16:20:40Z,CHAN,2560,2560164,1000,100,0,4,0,-1100,-1130,-1115
2026-09-19T16:20:41Z,CHAN,2561,2561164,1000,100,0,2,0,-1100,-1120,-1115
2026-09-19T16:20:42Z,CHAN,2562,2562164,1000,100,0,1,0,-1100,-1130,-1115
2026-09-19T16:20:43Z,CHAN,2563,2563164,1000,100,0,4,0,-1100,-1130,-1114
2026-09-19T16:20:44Z,CHAN,2564,2564164,1000,100,0,1,0,-1100,-1120,-1114
2026-09-19T16:20:45Z,CHAN,2565,2565164,1000,100,0,1,0,-890,-1130,-1114
2026-09-19T16:20:48Z,CHAN,2568,2568164,1000,100,0,3,0,-1100,-1130,-1114
2026-09-19T16:20:49Z,CHAN,2569,2569164,1000,100,0,2,0,-1100,-1140,-1115
2026-09-19T16:20:50Z,CHAN,2570,2570164,1000,100,0,2,0,-1100,-1130,-1115
2026-09-19T16:20:51Z,CHAN,2571,2571164,1000,100,0,7,0,-1090,-1130,-1112
2026-09-19T16:20:52Z,CHAN,2572,2572164,1000,100,0,2,0,-1100,-1120,-1114
2026-09-19T16:20:53Z,CHAN,2573,2573164,1000,100,0,4,0,-1100,-1130,-1114
2026-09-19T16:20:54Z,CHAN,2574,2574164,1000,100,0,1,0,-1100,-1130,-1115
2026-09-19T16:20:55Z,CHAN,2575,2575164,1000,100,0,6,0,-1100,-1130,-1114
2026-09-19T16:20:56Z,CHAN,2576,2576164,1000,100,0,4,0,-1100,-1130,-1113
2026-09-19T16:20:57Z,CHAN,2577,2577164,1000,100,0,4,0,-1090,-1120,-1113
2026-09-19T16:20:58Z,CHAN,2578,2578164,1000,100,0,5,0,-1100,-1140,-1115
2026-09-19T16:21:00Z,CHAN,2580,2580164,1000,100,0,4,0,-1100,-1130,-1114
2026-09-19T16:21:01Z,CHAN,2581,2581164,1000,100,0,9,0,-1000,-1130,-1110
2026-09-19T16:21:02Z,CHAN,2582,2582164,1000,100,0,3,0,-1100,-1120,-1113
2026-09-19T16:21:03Z,CHAN,2583,2583164,1000,100,0,1,0,-1100,-1120,-1115
2026-09-19T16:21:04Z,CHAN,2584,2584164,1000,100,0,3,0,-1100,-1130,-1114
2026-09-19T16:21:05Z,CHAN,2585,2585164,1000,100,0,1,0,-1100,-1130,-1114
2026-09-19T16:21:06Z,CHAN,2586,2586164,1000,100,0,8,0,-1100,-1120,-1113
2026-09-19T16:21:07Z,CHAN,2587,2587164,1000,100,0,3,0,-1100,-1130,-1114
2026-09-19T16:21:08Z,CHAN,2588,2588164,1000,100,0,6,0,-1090,-1130,-1113
2026-09-19T16:21:09Z,CHAN,2589,2589164,1000,100,0,5,0,-1100,-1130,-1114
2026-09-19T16:21:09Z,CHANSUM,2530,2589,60,60000,6000,0,172,0,54,0,-890,-1140,-1120,-1129
2026-09-19T16:21:10Z,CHAN,2590,2590164,1000,100,0,4,0,-1100,-1130,-1114
2026-09-19T16:21:11Z,CHAN,2591,2591164,1000,100,0,3,0,-1100,-1130,-1113
2026-09-19T16:21:12Z,CHAN,2592,2592164,1000,100,0,2,0,-1090,-1130,-1115
2026-09-19T16:21:13Z,CHAN,2593,2593164,1000,100,0,2,0,-1100,-1130,-1115
2026-09-19T16:21:14Z,CHAN,2594,2594164,1000,100,0,6,0,-1100,-1130,-1114
2026-09-19T16:21:15Z,CHAN,2595,2595164,1000,100,0,6,0,-1100,-1130,-1115
2026-09-19T16:21:16Z,CHAN,2596,2596164,1000,100,0,7,0,-1100,-1130,-1114
2026-09-19T16:21:17Z,CHAN,2597,2597164,1000,100,0,4,0,-1100,-1130,-1114
2026-09-19T16:21:18Z,CHAN,2598,2598164,1000,100,0,1,0,-1100,-1130,-1115
2026-09-19T16:21:19Z,CHAN,2599,2599164,1000,100,0,2,0,-1100,-1130,-1114
2026-09-19T16:21:20Z,CHAN,2600,2600164,1000,100,0,2,0,-1100,-1130,-1115
2026-09-19T16:21:21Z,CHAN,2601,2601164,1000,100,0,10,0,-1080,-1130,-1114
2026-09-19T16:21:22Z,CHAN,2602,2602164,1000,100,0,5,0,-1100,-1130,-1114
2026-09-19T16:21:23Z,CHAN,2603,2603164,1000,100,0,3,0,-1100,-1130,-1115
2026-09-19T16:21:24Z,CHAN,2604,2604164,1000,100,0,7,0,-1100,-1130,-1115
2026-09-19T16:21:25Z,CHAN,2605,2605164,1000,100,0,6,0,-1100,-1130,-1114
2026-09-19T16:21:26Z,CHAN,2606,2606164,1000,100,0,1,0,-1100,-1130,-1116
2026-09-19T16:21:27Z,CHAN,2607,2607164,1000,100,0,5,0,-1100,-1130,-1116
2026-09-19T16:21:28Z,CHAN,2608,2608164,1000,100,0,8,0,-1100,-1140,-1115
2026-09-19T16:21:29Z,CHAN,2609,2609164,1000,100,0,7,0,-1090,-1130,-1114
2026-09-19T16:21:30Z,CHAN,2610,2610164,1000,100,0,6,0,-1100,-1130,-1115
2026-09-19T16:21:31Z,CHAN,2611,2611164,1000,100,0,8,0,-1100,-1140,-1115
2026-09-19T16:21:32Z,CHAN,2612,2612164,1000,100,0,10,0,-1090,-1140,-1115
2026-09-19T16:21:33Z,CHAN,2613,2613164,1000,100,0,4,0,-1100,-1140,-1116
2026-09-19T16:21:34Z,CHAN,2614,2614164,1000,100,0,5,0,-1100,-1140,-1116
2026-09-19T16:21:35Z,CHAN,2615,2615164,1000,100,0,4,0,-1100,-1130,-1116
2026-09-19T16:21:36Z,CHAN,2616,2616164,1000,100,0,11,0,-1060,-1130,-1113
2026-09-19T16:21:37Z,CHAN,2617,2617164,1000,100,0,15,0,-1100,-1140,-1113
2026-09-19T16:21:38Z,CHAN,2618,2618164,1000,100,0,14,0,-1010,-1130,-1110
2026-09-19T16:21:39Z,CHAN,2619,2619164,1000,100,0,9,0,-1100,-1140,-1114
2026-09-19T16:21:40Z,CHAN,2620,2620164,1000,100,0,14,0,-1060,-1130,-1112
2026-09-19T16:21:41Z,CHAN,2621,2621164,1000,100,0,9,0,-1100,-1140,-1115
2026-09-19T16:21:42Z,CHAN,2622,2622164,1000,100,0,17,0,-1090,-1140,-1112
2026-09-19T16:21:43Z,CHAN,2623,2623164,1000,100,0,17,0,-1090,-1130,-1113
2026-09-19T16:21:44Z,CHAN,2624,2624164,1000,100,0,5,0,-1100,-1130,-1115
2026-09-19T16:21:45Z,CHAN,2625,2625164,1000,100,0,3,0,-1100,-1130,-1117
2026-09-19T16:21:46Z,CHAN,2626,2626164,1000,100,0,7,0,-1100,-1130,-1115
2026-09-19T16:21:47Z,CHAN,2627,2627164,1000,100,0,24,0,-1090,-1140,-1111
2026-09-19T16:21:48Z,CHAN,2628,2628164,1000,100,0,19,0,-1090,-1140,-1111
2026-09-19T16:21:49Z,CHAN,2629,2629164,1000,100,0,20,0,-1090,-1130,-1112
2026-09-19T16:21:50Z,CHAN,2630,2630164,1000,100,0,11,0,-1090,-1130,-1114
2026-09-19T16:21:51Z,CHAN,2631,2631164,1000,100,0,12,0,-1090,-1130,-1113
2026-09-19T16:21:52Z,CHAN,2632,2632164,1000,100,0,16,0,-1090,-1130,-1112
2026-09-19T16:21:53Z,CHAN,2633,2633164,1000,100,0,38,0,-950,-1130,-1080
2026-09-19T16:21:54Z,CHAN,2634,2634164,1000,100,0,27,0,-950,-1130,-1091
2026-09-19T16:21:55Z,CHAN,2635,2635164,1000,100,0,11,0,-1100,-1130,-1114
2026-09-19T16:21:56Z,CHAN,2636,2636164,1000,100,0,14,0,-1090,-1130,-1113
2026-09-19T16:21:57Z,CHAN,2637,2637164,1000,100,0,17,0,-1090,-1130,-1112
2026-09-19T16:21:58Z,CHAN,2638,2638164,1000,100,0,21,0,-1090,-1130,-1112
2026-09-19T16:21:59Z,CHAN,2639,2639164,1000,100,0,19,0,-1090,-1130,-1113
2026-09-19T16:22:00Z,CHAN,2640,2640164,1000,100,0,11,0,-1100,-1130,-1113
2026-09-19T16:22:01Z,CHAN,2641,2641164,1000,100,0,10,0,-1090,-1130,-1113
2026-09-19T16:22:02Z,CHAN,2642,2642164,1000,100,0,17,0,-1090,-1130,-1112
2026-09-19T16:22:03Z,CHAN,2643,2643164,1000,100,0,17,0,-1100,-1130,-1112
2026-09-19T16:22:04Z,CHAN,2644,2644164,1000,100,0,18,0,-1090,-1130,-1113
2026-09-19T16:22:05Z,CHAN,2645,2645164,1000,100,0,15,0,-1090,-1130,-1112
2026-09-19T16:22:06Z,CHAN,2646,2646164,1000,100,0,66,0,-950,-1130,-1055
2026-09-19T16:22:07Z,CHAN,2647,2647164,1000,100,0,45,0,-940,-1130,-1074
2026-09-19T16:22:08Z,CHAN,2648,2648164,1000,100,0,22,0,-1090,-1130,-1112
2026-09-19T16:22:09Z,CHAN,2649,2649164,1000,100,0,12,0,-1100,-1130,-1113
2026-09-19T16:22:09Z,CHANSUM,2590,2649,60,60000,6000,0,731,0,60,0,-940,-1140,-1130,-1131
2026-09-19T16:22:10Z,CHAN,2650,2650164,1000,100,0,15,0,-1090,-1130,-1112
2026-09-19T16:22:11Z,CHAN,2651,2651164,1000,100,0,18,0,-1100,-1120,-1111
2026-09-19T16:22:12Z,CHAN,2652,2652164,1000,100,0,17,0,-1100,-1130,-1113
2026-09-19T16:22:13Z,CHAN,2653,2653164,1000,100,0,19,0,-1100,-1130,-1112
2026-09-19T16:22:14Z,CHAN,2654,2654164,1000,100,0,18,0,-1090,-1130,-1112
2026-09-19T16:22:15Z,CHAN,2655,2655164,1000,100,0,13,0,-1100,-1130,-1113
2026-09-19T16:22:16Z,CHAN,2656,2656164,1000,100,0,13,0,-1100,-1130,-1113
2026-09-19T16:22:17Z,CHAN,2657,2657164,1000,100,0,20,0,-1100,-1130,-1112
2026-09-19T16:22:18Z,CHAN,2658,2658164,1000,100,0,17,0,-1090,-1130,-1113
2026-09-19T16:22:19Z,CHAN,2659,2659164,1000,100,0,17,0,-1100,-1130,-1112
2026-09-19T16:22:20Z,CHAN,2660,2660164,1000,100,0,11,0,-1100,-1130,-1113
2026-09-19T16:22:21Z,CHAN,2661,2661164,1000,100,0,18,0,-1100,-1130,-1112
2026-09-19T16:22:22Z,CHAN,2662,2662164,1000,100,0,15,0,-1090,-1130,-1113
2026-09-19T16:22:23Z,CHAN,2663,2663164,1000,100,0,19,0,-1090,-1130,-1112
2026-09-19T16:22:24Z,CHAN,2664,2664164,1000,100,0,15,0,-1090,-1130,-1112
2026-09-19T16:22:25Z,CHAN,2665,2665164,1000,100,0,20,0,-1100,-1130,-1111
2026-09-19T16:22:26Z,CHAN,2666,2666164,1000,100,0,15,0,-1090,-1130,-1112
2026-09-19T16:22:27Z,CHAN,2667,2667164,1000,100,0,17,0,-1100,-1130,-1112
2026-09-19T16:22:28Z,CHAN,2668,2668164,1000,100,0,17,0,-1100,-1130,-1113
2026-09-19T16:22:29Z,CHAN,2669,2669164,1000,100,0,16,0,-1090,-1130,-1112
2026-09-19T16:22:30Z,CHAN,2670,2670164,1000,100,0,16,0,-1090,-1130,-1112
2026-09-19T16:22:31Z,CHAN,2671,2671164,1000,100,0,24,0,-1090,-1120,-1110
2026-09-19T16:22:32Z,CHAN,2672,2672164,1000,100,0,16,0,-1090,-1130,-1112
2026-09-19T16:22:33Z,CHAN,2673,2673164,1000,100,0,15,0,-1100,-1130,-1113
2026-09-19T16:22:34Z,CHAN,2674,2674164,1000,100,0,19,0,-1090,-1130,-1112
2026-09-19T16:22:35Z,CHAN,2675,2675164,1000,100,0,14,0,-1100,-1130,-1113
2026-09-19T16:22:36Z,CHAN,2676,2676164,1000,100,0,12,0,-1090,-1130,-1113
2026-09-19T16:22:37Z,CHAN,2677,2677164,1000,100,0,16,0,-1090,-1130,-1111
2026-09-19T16:22:38Z,CHAN,2678,2678164,1000,100,0,16,0,-1090,-1130,-1112
2026-09-19T16:22:39Z,CHAN,2679,2679164,1000,100,0,21,0,-1090,-1130,-1111
2026-09-19T16:22:40Z,CHAN,2680,2680164,1000,100,0,12,0,-1090,-1130,-1112
2026-09-19T16:22:41Z,CHAN,2681,2681164,1000,100,0,8,0,-1100,-1120,-1113
2026-09-19T16:22:42Z,CHAN,2682,2682164,1000,100,0,11,0,-1090,-1130,-1113
2026-09-19T16:22:43Z,CHAN,2683,2683164,1000,100,0,12,0,-1100,-1130,-1112
2026-09-19T16:22:44Z,CHAN,2684,2684164,1000,100,0,10,0,-1090,-1130,-1112
2026-09-19T16:22:45Z,CHAN,2685,2685164,1000,100,0,16,0,-1090,-1130,-1113
2026-09-19T16:22:46Z,CHAN,2686,2686164,1000,100,0,13,0,-1100,-1120,-1112
2026-09-19T16:22:47Z,CHAN,2687,2687164,1000,100,0,14,0,-1080,-1130,-1113
2026-09-19T16:22:48Z,CHAN,2688,2688164,1000,100,0,16,0,-1100,-1130,-1113
2026-09-19T16:22:49Z,CHAN,2689,2689164,1000,100,0,15,0,-1100,-1130,-1112
2026-09-19T16:22:50Z,CHAN,2690,2690164,1000,100,0,14,0,-1090,-1130,-1113
2026-09-19T16:22:51Z,CHAN,2691,2691164,1000,100,0,14,0,-1100,-1120,-1112
2026-09-19T16:22:52Z,CHAN,2692,2692164,1000,100,0,9,0,-1090,-1130,-1113
2026-09-19T16:22:53Z,CHAN,2693,2693164,1000,100,0,11,0,-1100,-1130,-1113
2026-09-19T16:22:54Z,CHAN,2694,2694164,1000,100,0,11,0,-1090,-1130,-1112
2026-09-19T16:22:55Z,CHAN,2695,2695164,1000,100,0,12,0,-1100,-1130,-1112
2026-09-19T16:22:56Z,CHAN,2696,2696164,1000,100,0,13,0,-600,-1130,-1107
2026-09-19T16:22:57Z,CHAN,2697,2697164,1000,100,0,11,0,-1100,-1120,-1112
2026-09-19T16:22:58Z,CHAN,2698,2698164,1000,100,0,16,0,-1100,-1130,-1113
2026-09-19T16:22:59Z,CHAN,2699,2699164,1000,100,0,11,0,-1100,-1130,-1112
2026-09-19T16:23:00Z,CHAN,2700,2700164,1000,100,0,12,0,-1090,-1130,-1112
2026-09-19T16:23:01Z,CHAN,2701,2701164,1000,100,0,16,0,-1100,-1130,-1112
2026-09-19T16:23:02Z,CHAN,2702,2702164,1000,100,0,14,0,-990,-1130,-1108
2026-09-19T16:23:03Z,CHAN,2703,2703164,1000,100,0,13,0,-1100,-1120,-1112
2026-09-19T16:23:04Z,CHAN,2704,2704164,1000,100,0,12,0,-1090,-1130,-1113
2026-09-19T16:23:05Z,CHAN,2705,2705164,1000,100,0,15,0,-1100,-1120,-1112
2026-09-19T16:23:06Z,CHAN,2706,2706164,1000,100,0,9,0,-1100,-1130,-1113
2026-09-19T16:23:07Z,CHAN,2707,2707164,1000,100,0,13,0,-1090,-1130,-1112
2026-09-19T16:23:08Z,CHAN,2708,2708164,1000,100,0,11,0,-1100,-1130,-1112
2026-09-19T16:23:09Z,CHAN,2709,2709164,1000,100,0,11,0,-1100,-1130,-1113
2026-09-19T16:23:09Z,CHANSUM,2650,2709,60,60000,6000,0,874,0,60,0,-600,-1130,-1120,-1128
2026-09-19T16:23:10Z,CHAN,2710,2710164,1000,100,0,9,0,-1100,-1130,-1112
2026-09-19T16:23:11Z,CHAN,2711,2711164,1000,100,0,6,0,-1100,-1130,-1113
2026-09-19T16:23:12Z,CHAN,2712,2712164,1000,100,0,8,0,-1100,-1120,-1112
2026-09-19T16:23:13Z,CHAN,2713,2713164,1000,100,0,9,0,-1100,-1130,-1112
2026-09-19T16:23:14Z,CHAN,2714,2714164,1000,100,0,10,0,-1100,-1130,-1113
2026-09-19T16:23:15Z,CHAN,2715,2715164,1000,100,0,10,0,-1100,-1120,-1112
2026-09-19T16:23:16Z,CHAN,2716,2716164,1000,100,0,8,0,-1100,-1120,-1112
2026-09-19T16:23:17Z,CHAN,2717,2717164,1000,100,0,15,0,-1090,-1130,-1111
2026-09-19T16:23:18Z,CHAN,2718,2718164,1000,100,0,10,0,-1100,-1120,-1112
2026-09-19T16:23:19Z,CHAN,2719,2719164,1000,100,0,14,0,-1100,-1130,-1112
2026-09-19T16:23:20Z,CHAN,2720,2720164,1000,100,0,14,0,-1100,-1120,-1111
2026-09-19T16:23:21Z,CHAN,2721,2721164,1000,100,0,18,0,-1090,-1130,-1111
2026-09-19T16:23:22Z,CHAN,2722,2722164,1000,100,0,10,0,-1090,-1120,-1112
2026-09-19T16:23:23Z,CHAN,2723,2723164,1000,100,0,12,0,-1070,-1130,-1111
2026-09-19T16:23:24Z,CHAN,2724,2724164,1000,100,0,11,0,-1090,-1130,-1112
2026-09-19T16:23:25Z,CHAN,2725,2725164,1000,100,0,13,0,-1100,-1130,-1112
2026-09-19T16:23:26Z,CHAN,2726,2726164,1000,100,0,10,0,-1100,-1130,-1112
2026-09-19T16:23:27Z,CHAN,2727,2727164,1000,100,0,12,0,-1090,-1130,-1112
2026-09-19T16:23:28Z,CHAN,2728,2728164,1000,100,0,13,0,-1100,-1130,-1111
2026-09-19T16:23:29Z,CHAN,2729,2729164,1000,100,0,13,0,-1100,-1130,-1111
2026-09-19T16:23:30Z,CHAN,2730,2730164,1000,100,0,15,0,-1100,-1120,-1111
2026-09-19T16:23:31Z,CHAN,2731,2731164,1000,100,0,13,0,-1100,-1120,-1112
2026-09-19T16:23:32Z,CHAN,2732,2732164,1000,100,0,10,0,-1090,-1130,-1112
2026-09-19T16:23:33Z,CHAN,2733,2733164,1000,100,0,12,0,-1100,-1120,-1112
2026-09-19T16:23:34Z,CHAN,2734,2734164,1000,100,0,12,0,-1100,-1120,-1112
2026-09-19T16:23:35Z,CHAN,2735,2735164,1000,100,0,12,0,-1100,-1120,-1112
2026-09-19T16:23:36Z,CHAN,2736,2736164,1000,100,0,13,0,-1090,-1120,-1111
2026-09-19T16:23:37Z,CHAN,2737,2737164,1000,100,0,16,0,-1080,-1130,-1111
2026-09-19T16:23:38Z,CHAN,2738,2738164,1000,100,0,15,0,-1090,-1120,-1111
2026-09-19T16:23:39Z,CHAN,2739,2739164,1000,100,0,14,0,-1100,-1120,-1112
2026-09-19T16:23:40Z,CHAN,2740,2740164,1000,100,0,16,0,-1090,-1130,-1111
2026-09-19T16:23:41Z,CHAN,2741,2741164,1000,100,0,16,0,-1090,-1120,-1111
2026-09-19T16:23:42Z,CHAN,2742,2742164,1000,100,0,14,0,-1100,-1120,-1111
2026-09-19T16:23:43Z,CHAN,2743,2743164,1000,100,0,11,0,-1100,-1130,-1112
2026-09-19T16:23:44Z,CHAN,2744,2744164,1000,100,0,18,0,-1090,-1130,-1111
2026-09-19T16:23:45Z,CHAN,2745,2745164,1000,100,0,15,0,-1090,-1120,-1111
2026-09-19T16:23:46Z,CHAN,2746,2746164,1000,100,0,21,0,-1080,-1130,-1110
2026-09-19T16:23:47Z,CHAN,2747,2747164,1000,100,0,16,0,-1090,-1120,-1111
2026-09-19T16:23:48Z,CHAN,2748,2748164,1000,100,0,15,0,-1100,-1120,-1111
2026-09-19T16:23:49Z,CHAN,2749,2749164,1000,100,0,17,0,-1100,-1120,-1110
2026-09-19T16:23:50Z,CHAN,2750,2750164,1000,100,0,13,0,-1100,-1120,-1111
2026-09-19T16:23:51Z,CHAN,2751,2751164,1000,100,0,12,0,-1090,-1130,-1112
2026-09-19T16:23:52Z,CHAN,2752,2752164,1000,100,0,12,0,-1100,-1120,-1111
2026-09-19T16:23:53Z,CHAN,2753,2753164,1000,100,0,11,0,-1100,-1120,-1111
2026-09-19T16:23:54Z,CHAN,2754,2754164,1000,100,0,5,0,-1090,-1130,-1112
2026-09-19T16:23:55Z,CHAN,2755,2755164,1000,100,0,11,0,-1090,-1130,-1112
2026-09-19T16:23:56Z,CHAN,2756,2756164,1000,100,0,23,0,-1090,-1130,-1111
2026-09-19T16:23:57Z,CHAN,2757,2757164,1000,100,0,11,0,-1090,-1130,-1112
2026-09-19T16:23:58Z,CHAN,2758,2758164,1000,100,0,13,0,-1090,-1130,-1111
2026-09-19T16:23:59Z,CHAN,2759,2759164,1000,100,0,13,0,-1090,-1120,-1110
2026-09-19T16:24:00Z,CHAN,2760,2760164,1000,100,0,14,0,-1090,-1130,-1111
2026-09-19T16:24:01Z,CHAN,2761,2761164,1000,100,0,14,0,-1090,-1130,-1112
2026-09-19T16:24:02Z,CHAN,2762,2762164,1000,100,0,12,0,-1100,-1130,-1112
2026-09-19T16:24:03Z,CHAN,2763,2763164,1000,100,0,17,0,-1100,-1120,-1111
2026-09-19T16:24:04Z,CHAN,2764,2764164,1000,100,0,15,0,-1100,-1120,-1110
2026-09-19T16:24:05Z,CHAN,2765,2765164,1000,100,0,15,0,-1100,-1120,-1111
2026-09-19T16:24:06Z,CHAN,2766,2766164,1000,100,0,23,0,-890,-1130,-1102
2026-09-19T16:24:07Z,CHAN,2767,2767164,1000,100,0,20,0,-1080,-1130,-1110
2026-09-19T16:24:08Z,CHAN,2768,2768164,1000,100,0,14,0,-1070,-1130,-1110
2026-09-19T16:24:09Z,CHAN,2769,2769164,1000,100,0,15,0,-1100,-1120,-1111
2026-09-19T16:24:09Z,CHANSUM,2710,2769,60,60000,6000,0,799,0,60,0,-890,-1130,-1120,-1125
2026-09-19T16:24:10Z,CHAN,2770,2770164,1000,100,0,18,0,-1090,-1120,-1111
2026-09-19T16:24:11Z,CHAN,2771,2771164,1000,100,0,12,0,-1100,-1130,-1112
2026-09-19T16:24:12Z,CHAN,2772,2772164,1000,100,0,17,0,-1090,-1120,-1111
2026-09-19T16:24:13Z,CHAN,2773,2773164,1000,100,0,16,0,-1090,-1130,-1111
2026-09-19T16:24:14Z,CHAN,2774,2774164,1000,100,0,10,0,-1100,-1120,-1110
2026-09-19T16:24:15Z,CHAN,2775,2775164,1000,100,0,15,0,-1100,-1120,-1111
2026-09-19T16:24:16Z,CHAN,2776,2776164,1000,100,0,22,0,-1090,-1130,-1110
2026-09-19T16:24:17Z,CHAN,2777,2777164,1000,100,0,15,0,-1100,-1130,-1112
2026-09-19T16:24:18Z,CHAN,2778,2778164,1000,100,0,11,0,-1090,-1120,-1111
2026-09-19T16:24:19Z,CHAN,2779,2779164,1000,100,0,10,0,-1090,-1130,-1111
2026-09-19T16:24:20Z,CHAN,2780,2780164,1000,100,0,14,0,-1060,-1130,-1110
2026-09-19T16:24:21Z,CHAN,2781,2781164,1000,100,0,18,0,-1100,-1130,-1111
2026-09-19T16:24:22Z,CHAN,2782,2782164,1000,100,0,15,0,-1100,-1130,-1111
2026-09-19T16:24:23Z,CHAN,2783,2783164,1000,100,0,12,0,-1100,-1130,-1111
2026-09-19T16:24:24Z,CHAN,2784,2784164,1000,100,0,13,0,-1100,-1130,-1111
2026-09-19T16:24:25Z,CHAN,2785,2785164,1000,100,0,12,0,-1100,-1120,-1111
2026-09-19T16:24:26Z,CHAN,2786,2786164,1000,100,0,9,0,-1090,-1130,-1112
2026-09-19T16:24:27Z,CHAN,2787,2787164,1000,100,0,16,0,-1100,-1130,-1111
2026-09-19T16:24:28Z,CHAN,2788,2788164,1000,100,0,12,0,-1100,-1120,-1111
2026-09-19T16:24:29Z,CHAN,2789,2789164,1000,100,0,17,0,-1100,-1130,-1111
2026-09-19T16:24:30Z,CHAN,2790,2790164,1000,100,0,11,0,-1090,-1120,-1112
2026-09-19T16:24:31Z,CHAN,2791,2791164,1000,100,0,11,0,-1100,-1120,-1111
2026-09-19T16:24:32Z,CHAN,2792,2792164,1000,100,0,13,0,-1090,-1120,-1111
2026-09-19T16:24:33Z,CHAN,2793,2793164,1000,100,0,18,0,-1100,-1130,-1111
2026-09-19T16:24:34Z,CHAN,2794,2794164,1000,100,0,6,0,-1100,-1120,-1112
2026-09-19T16:24:35Z,CHAN,2795,2795164,1000,100,0,10,0,-1090,-1120,-1110
2026-09-19T16:24:36Z,CHAN,2796,2796164,1000,100,0,15,0,-1100,-1130,-1112
2026-09-19T16:24:37Z,CHAN,2797,2797164,1000,100,0,10,0,-1100,-1120,-1112
2026-09-19T16:24:38Z,CHAN,2798,2798164,1000,100,0,4,0,-1100,-1120,-1112
2026-09-19T16:24:39Z,CHAN,2799,2799164,1000,100,0,8,0,-1100,-1120,-1111
2026-09-19T16:24:40Z,CHAN,2800,2800164,1000,100,0,7,0,-1100,-1120,-1113
2026-09-19T16:24:41Z,CHAN,2801,2801164,1000,100,0,11,0,-1100,-1130,-1111
2026-09-19T16:24:42Z,CHAN,2802,2802164,1000,100,0,4,0,-1100,-1140,-1112
2026-09-19T16:24:43Z,CHAN,2803,2803164,1000,100,0,4,0,-1100,-1120,-1112
2026-09-19T16:24:44Z,CHAN,2804,2804164,1000,100,0,5,0,-1100,-1130,-1112
2026-09-19T16:24:45Z,CHAN,2805,2805164,1000,100,0,7,0,-1100,-1130,-1113
2026-09-19T16:24:46Z,CHAN,2806,2806164,1000,100,0,10,0,-1100,-1130,-1112
2026-09-19T16:24:47Z,CHAN,2807,2807164,1000,100,0,3,0,-1100,-1120,-1113
2026-09-19T16:24:48Z,CHAN,2808,2808164,1000,100,0,7,0,-1100,-1130,-1112
2026-09-19T16:24:49Z,CHAN,2809,2809164,1000,100,0,13,0,-880,-1130,-1103
2026-09-19T16:24:50Z,CHAN,2810,2810164,1000,100,0,11,0,-1100,-1130,-1112
2026-09-19T16:24:51Z,CHAN,2811,2811164,1000,100,0,9,0,-1100,-1130,-1112
2026-09-19T16:24:52Z,CHAN,2812,2812164,1000,100,0,15,0,-1100,-1130,-1112
2026-09-19T16:24:53Z,CHAN,2813,2813164,1000,100,0,13,0,-1100,-1130,-1112
2026-09-19T16:24:54Z,CHAN,2814,2814164,1000,100,0,10,0,-1100,-1130,-1113
2026-09-19T16:24:55Z,CHAN,2815,2815164,1000,100,0,8,0,-1100,-1130,-1113
2026-09-19T16:24:56Z,CHAN,2816,2816164,1000,100,0,13,0,-1100,-1130,-1112
2026-09-19T16:24:57Z,CHAN,2817,2817164,1000,100,0,13,0,-1100,-1130,-1112
2026-09-19T16:24:58Z,CHAN,2818,2818164,1000,100,0,16,0,-1100,-1130,-1111
2026-09-19T16:24:59Z,CHAN,2819,2819164,1000,100,0,13,0,-1100,-1130,-1112
2026-09-19T16:25:00Z,CHAN,2820,2820164,1000,100,0,13,0,-1090,-1130,-1112
2026-09-19T16:25:01Z,CHAN,2821,2821164,1000,100,0,9,0,-1100,-1130,-1113
2026-09-19T16:25:02Z,CHAN,2822,2822164,1000,100,0,7,0,-1100,-1130,-1112
2026-09-19T16:25:03Z,CHAN,2823,2823164,1000,100,0,9,0,-1090,-1130,-1112
2026-09-19T16:25:04Z,CHAN,2824,2824164,1000,100,0,9,0,-1100,-1120,-1112
2026-09-19T16:25:05Z,CHAN,2825,2825164,1000,100,0,10,0,-1090,-1130,-1112
2026-09-19T16:25:06Z,CHAN,2826,2826164,1000,100,0,4,0,-1100,-1130,-1112
2026-09-19T16:25:07Z,CHAN,2827,2827164,1000,100,0,15,0,-740,-1130,-1108
2026-09-19T16:25:08Z,CHAN,2828,2828164,1000,100,0,9,0,-1100,-1120,-1111
2026-09-19T16:25:09Z,CHAN,2829,2829164,1000,100,0,8,0,-1100,-1130,-1112
2026-09-19T16:25:09Z,CHANSUM,2770,2829,60,60000,6000,0,675,0,60,0,-740,-1140,-1120,-1126
2026-09-19T16:25:10Z,CHAN,2830,2830164,1000,100,0,12,0,-1100,-1130,-1112
2026-09-19T16:25:11Z,CHAN,2831,2831164,1000,100,0,15,0,-1100,-1130,-1112
2026-09-19T16:25:12Z,CHAN,2832,2832164,1000,100,0,13,0,-1100,-1130,-1111
2026-09-19T16:25:13Z,CHAN,2833,2833164,1000,100,0,8,0,-1100,-1130,-1112
2026-09-19T16:25:14Z,CHAN,2834,2834164,1000,100,0,21,0,-1100,-1130,-1110
2026-09-19T16:25:15Z,CHAN,2835,2835164,1000,100,0,9,0,-1100,-1130,-1111
2026-09-19T16:25:16Z,CHAN,2836,2836164,1000,100,0,9,0,-1090,-1130,-1111
2026-09-19T16:25:17Z,CHAN,2837,2837164,1000,100,0,9,0,-1090,-1130,-1111
2026-09-19T16:25:18Z,CHAN,2838,2838164,1000,100,0,15,0,-1100,-1130,-1110
2026-09-19T16:25:19Z,CHAN,2839,2839164,1000,100,0,14,0,-1090,-1120,-1110
2026-09-19T16:25:20Z,CHAN,2840,2840164,1000,100,0,18,0,-1090,-1130,-1109
2026-09-19T16:25:21Z,CHAN,2841,2841164,1000,100,0,17,0,-1090,-1120,-1110
2026-09-19T16:25:22Z,CHAN,2842,2842164,1000,100,0,13,0,-1100,-1130,-1111
2026-09-19T16:25:23Z,CHAN,2843,2843164,1000,100,0,13,0,-1100,-1130,-1111
2026-09-19T16:25:24Z,CHAN,2844,2844164,1000,100,0,9,0,-1090,-1130,-1111
2026-09-19T16:25:25Z,CHAN,2845,2845164,1000,100,0,9,0,-1100,-1130,-1112
2026-09-19T16:25:26Z,CHAN,2846,2846164,1000,100,0,15,0,-1100,-1130,-1111
2026-09-19T16:25:27Z,CHAN,2847,2847164,1000,100,0,20,0,-1090,-1130,-1110
2026-09-19T16:25:28Z,CHAN,2848,2848164,1000,100,0,11,0,-1100,-1120,-1112
2026-09-19T16:25:29Z,CHAN,2849,2849164,1000,100,0,10,0,-1100,-1120,-1111
2026-09-19T16:25:30Z,CHAN,2850,2850164,1000,100,0,17,0,-1100,-1130,-1111
2026-09-19T16:25:31Z,CHAN,2851,2851164,1000,100,0,18,0,-1100,-1130,-1111
2026-09-19T16:25:32Z,CHAN,2852,2852164,1000,100,0,12,0,-1100,-1130,-1112
2026-09-19T16:25:33Z,CHAN,2853,2853164,1000,100,0,9,0,-1100,-1120,-1111
2026-09-19T16:25:34Z,CHAN,2854,2854164,1000,100,0,17,0,-1100,-1120,-1110
2026-09-19T16:25:35Z,CHAN,2855,2855164,1000,100,0,11,0,-1100,-1120,-1111
2026-09-19T16:25:36Z,CHAN,2856,2856164,1000,100,0,19,0,-1090,-1130,-1110
2026-09-19T16:25:37Z,CHAN,2857,2857164,1000,100,0,15,0,-1090,-1120,-1111
2026-09-19T16:25:38Z,CHAN,2858,2858164,1000,100,0,19,0,-1090,-1130,-1109
2026-09-19T16:25:39Z,CHAN,2859,2859164,1000,100,0,12,0,-1090,-1130,-1110
2026-09-19T16:25:40Z,CHAN,2860,2860164,1000,100,0,17,0,-1100,-1130,-1111
2026-09-19T16:25:41Z,CHAN,2861,2861164,1000,100,0,16,0,-1090,-1120,-1110
2026-09-19T16:25:42Z,CHAN,2862,2862164,1000,100,0,12,0,-1090,-1120,-1111
2026-09-19T16:25:43Z,CHAN,2863,2863164,1000,100,0,7,0,-1100,-1120,-1111
2026-09-19T16:25:44Z,CHAN,2864,2864164,1000,100,0,19,0,-1090,-1130,-1110
2026-09-19T16:25:45Z,CHAN,2865,2865164,1000,100,0,17,0,-1090,-1120,-1111
2026-09-19T16:25:46Z,CHAN,2866,2866164,1000,100,0,17,0,-1090,-1130,-1111
2026-09-19T16:25:47Z,CHAN,2867,2867164,1000,100,0,16,0,-1090,-1130,-1111
2026-09-19T16:25:48Z,CHAN,2868,2868164,1000,100,0,36,0,-950,-1120,-1087
2026-09-19T16:25:49Z,CHAN,2869,2869164,1000,100,0,23,0,-950,-1130,-1091
2026-09-19T16:25:50Z,CHAN,2870,2870164,1000,100,0,15,0,-1100,-1130,-1111
2026-09-19T16:25:51Z,CHAN,2871,2871164,1000,100,0,14,0,-1100,-1130,-1112
2026-09-19T16:25:52Z,CHAN,2872,2872164,1000,100,0,11,0,-1090,-1130,-1112
2026-09-19T16:25:53Z,CHAN,2873,2873164,1000,100,0,8,0,-1090,-1120,-1113
2026-09-19T16:25:54Z,CHAN,2874,2874164,1000,100,0,7,0,-1100,-1130,-1112
2026-09-19T16:25:55Z,CHAN,2875,2875164,1000,100,0,12,0,-1090,-1120,-1111
2026-09-19T16:25:56Z,CHAN,2876,2876164,1000,100,0,14,0,-1090,-1130,-1112
2026-09-19T16:25:57Z,CHAN,2877,2877164,1000,100,0,10,0,-1100,-1130,-1112
2026-09-19T16:25:58Z,CHAN,2878,2878164,1000,100,0,7,0,-1100,-1120,-1112
2026-09-19T16:25:59Z,CHAN,2879,2879164,1000,100,0,20,0,-1090,-1130,-1111
2026-09-19T16:26:00Z,CHAN,2880,2880164,1000,100,0,13,0,-1100,-1130,-1111
2026-09-19T16:26:01Z,CHAN,2881,2881164,1000,100,0,19,0,-1100,-1130,-1111
2026-09-19T16:26:02Z,CHAN,2882,2882164,1000,100,0,12,0,-1090,-1130,-1111
2026-09-19T16:26:03Z,CHAN,2883,2883164,1000,100,0,9,0,-1100,-1130,-1112
2026-09-19T16:26:04Z,CHAN,2884,2884164,1000,100,0,18,0,-1090,-1120,-1110
2026-09-19T16:26:05Z,CHAN,2885,2885164,1000,100,0,8,0,-1090,-1120,-1112
2026-09-19T16:26:06Z,CHAN,2886,2886164,1000,100,0,12,0,-1100,-1130,-1112
2026-09-19T16:26:07Z,CHAN,2887,2887164,1000,100,0,16,0,-1100,-1130,-1111
2026-09-19T16:26:08Z,CHAN,2888,2888164,1000,100,0,15,0,-1090,-1120,-1111
2026-09-19T16:26:09Z,CHAN,2889,2889164,1000,100,0,9,0,-1100,-1130,-1112
2026-09-19T16:26:09Z,CHANSUM,2830,2889,60,60000,6000,0,838,0,60,0,-950,-1130,-1120,-1126
2026-09-19T16:26:10Z,CHAN,2890,2890164,1000,100,0,14,0,-1100,-1120,-1111
2026-09-19T16:26:11Z,CHAN,2891,2891164,1000,100,0,13,0,-1100,-1130,-1111
2026-09-19T16:26:12Z,CHAN,2892,2892164,1000,100,0,17,0,-1090,-1130,-1111
2026-09-19T16:26:13Z,CHAN,2893,2893164,1000,100,0,14,0,-1100,-1130,-1111
2026-09-19T16:26:14Z,CHAN,2894,2894164,1000,100,0,13,0,-1080,-1120,-1110
2026-09-19T16:26:15Z,CHAN,2895,2895164,1000,100,0,15,0,-1090,-1120,-1111
2026-09-19T16:26:16Z,CHAN,2896,2896164,1000,100,0,9,0,-1090,-1120,-1111
2026-09-19T16:26:17Z,CHAN,2897,2897164,1000,100,0,17,0,-1100,-1120,-1111
2026-09-19T16:26:18Z,CHAN,2898,2898164,1000,100,0,13,0,-1100,-1120,-1111
2026-09-19T16:26:19Z,CHAN,2899,2899164,1000,100,0,14,0,-1100,-1120,-1111
2026-09-19T16:26:20Z,CHAN,2900,2900164,1000,100,0,17,0,-1090,-1130,-1111
2026-09-19T16:26:21Z,CHAN,2901,2901164,1000,100,0,13,0,-1100,-1130,-1112
2026-09-19T16:26:22Z,CHAN,2902,2902164,1000,100,0,14,0,-1100,-1130,-1111
2026-09-19T16:26:23Z,CHAN,2903,2903164,1000,100,0,6,0,-1100,-1130,-1111
2026-09-19T16:26:24Z,CHAN,2904,2904164,1000,100,0,13,0,-1100,-1120,-1111
2026-09-19T16:26:25Z,CHAN,2905,2905164,1000,100,0,13,0,-1100,-1120,-1111
2026-09-19T16:26:26Z,CHAN,2906,2906164,1000,100,0,13,0,-1100,-1120,-1111
2026-09-19T16:26:27Z,CHAN,2907,2907164,1000,100,0,14,0,-1100,-1120,-1111
2026-09-19T16:26:28Z,CHAN,2908,2908164,1000,100,0,12,0,-1100,-1120,-1111
2026-09-19T16:26:29Z,CHAN,2909,2909164,1000,100,0,13,0,-1100,-1130,-1111
2026-09-19T16:26:30Z,CHAN,2910,2910164,1000,100,0,10,0,-1100,-1120,-1112
2026-09-19T16:26:31Z,CHAN,2911,2911164,1000,100,0,12,0,-1100,-1120,-1111
2026-09-19T16:26:32Z,CHAN,2912,2912164,1000,100,0,10,0,-1100,-1130,-1112
2026-09-19T16:26:33Z,CHAN,2913,2913164,1000,100,0,10,0,-1100,-1130,-1112
2026-09-19T16:26:34Z,CHAN,2914,2914164,1000,100,0,7,0,-1090,-1120,-1111
2026-09-19T16:26:35Z,CHAN,2915,2915164,1000,100,0,7,0,-1100,-1120,-1112
2026-09-19T16:26:36Z,CHAN,2916,2916164,1000,100,0,6,0,-1100,-1120,-1112
2026-09-19T16:26:37Z,CHAN,2917,2917164,1000,100,0,12,0,-1100,-1120,-1111
2026-09-19T16:26:38Z,CHAN,2918,2918164,1000,100,0,8,0,-1100,-1120,-1112
2026-09-19T16:26:39Z,CHAN,2919,2919164,1000,100,0,15,0,-1090,-1130,-1111
2026-09-19T16:26:40Z,CHAN,2920,2920164,1000,100,0,10,0,-1100,-1130,-1112
2026-09-19T16:26:41Z,CHAN,2921,2921164,1000,100,0,8,0,-1090,-1120,-1112
2026-09-19T16:26:42Z,CHAN,2922,2922164,1000,100,0,11,0,-1100,-1130,-1112
2026-09-19T16:26:43Z,CHAN,2923,2923164,1000,100,0,10,0,-1090,-1130,-1112
2026-09-19T16:26:44Z,CHAN,2924,2924164,1000,100,0,12,0,-1090,-1130,-1112
2026-09-19T16:26:45Z,CHAN,2925,2925164,1000,100,0,11,0,-1100,-1130,-1113
2026-09-19T16:26:46Z,CHAN,2926,2926164,1000,100,0,14,0,-1100,-1130,-1111
2026-09-19T16:26:47Z,CHAN,2927,2927164,1000,100,0,14,0,-1090,-1130,-1112
2026-09-19T16:26:48Z,CHAN,2928,2928164,1000,100,0,12,0,-1100,-1130,-1113
2026-09-19T16:26:49Z,CHAN,2929,2929164,1000,100,0,13,0,-1090,-1130,-1113
2026-09-19T16:26:50Z,CHAN,2930,2930164,1000,100,0,11,0,-1100,-1130,-1113
2026-09-19T16:26:51Z,CHAN,2931,2931164,1000,100,0,10,0,-1100,-1130,-1113
2026-09-19T16:26:52Z,CHAN,2932,2932164,1000,100,0,12,0,-1090,-1130,-1113
2026-09-19T16:26:53Z,CHAN,2933,2933164,1000,100,0,12,0,-1100,-1130,-1114
2026-09-19T16:26:54Z,CHAN,2934,2934164,1000,100,0,10,0,-1090,-1130,-1113
2026-09-19T16:26:55Z,CHAN,2935,2935164,1000,100,0,17,0,-1090,-1130,-1112
2026-09-19T16:26:56Z,CHAN,2936,2936164,1000,100,0,9,0,-1100,-1130,-1113
2026-09-19T16:26:57Z,CHAN,2937,2937164,1000,100,0,14,0,-1100,-1130,-1112
2026-09-19T16:26:58Z,CHAN,2938,2938164,1000,100,0,18,0,-1090,-1130,-1112
2026-09-19T16:26:59Z,CHAN,2939,2939164,1000,100,0,20,0,-1080,-1130,-1111
2026-09-19T16:27:00Z,CHAN,2940,2940164,1000,100,0,9,0,-1090,-1130,-1113
2026-09-19T16:27:01Z,CHAN,2941,2941164,1000,100,0,11,0,-1100,-1130,-1112
2026-09-19T16:27:02Z,CHAN,2942,2942164,1000,100,0,11,0,-1100,-1130,-1113
2026-09-19T16:27:03Z,CHAN,2943,2943164,1000,100,0,12,0,-1100,-1130,-1112
2026-09-19T16:27:04Z,CHAN,2944,2944164,1000,100,0,13,0,-1090,-1120,-1112
2026-09-19T16:27:05Z,CHAN,2945,2945164,1000,100,0,17,0,-1100,-1130,-1112
2026-09-19T16:27:06Z,CHAN,2946,2946164,1000,100,0,12,0,-1100,-1120,-1112
2026-09-19T16:27:07Z,CHAN,2947,2947164,1000,100,0,9,0,-1100,-1130,-1113
2026-09-19T16:27:08Z,CHAN,2948,2948164,1000,100,0,17,0,-1100,-1130,-1112
2026-09-19T16:27:09Z,CHAN,2949,2949164,1000,100,0,11,0,-1090,-1130,-1112
2026-09-19T16:27:09Z,CHANSUM,2890,2949,60,60000,6000,0,734,0,60,0,-1080,-1130,-1120,-1126
2026-09-19T16:27:10Z,CHAN,2950,2950164,1000,100,0,14,0,-1090,-1130,-1111
2026-09-19T16:27:11Z,CHAN,2951,2951164,1000,100,0,14,0,-1100,-1130,-1112
2026-09-19T16:27:12Z,CHAN,2952,2952164,1000,100,0,15,0,-1090,-1130,-1112
2026-09-19T16:27:13Z,CHAN,2953,2953164,1000,100,0,16,0,-1100,-1130,-1112
2026-09-19T16:27:14Z,CHAN,2954,2954164,1000,100,0,16,0,-1100,-1130,-1111
2026-09-19T16:27:15Z,CHAN,2955,2955164,1000,100,0,21,0,-1100,-1130,-1111
2026-09-19T16:27:16Z,CHAN,2956,2956164,1000,100,0,18,0,-1090,-1120,-1111
2026-09-19T16:27:17Z,CHAN,2957,2957164,1000,100,0,19,0,-590,-1120,-1106
2026-09-19T16:27:18Z,CHAN,2958,2958164,1000,100,0,17,0,-1100,-1120,-1111
2026-09-19T16:27:19Z,CHAN,2959,2959164,1000,100,0,19,0,-1090,-1120,-1111
2026-09-19T16:27:20Z,CHAN,2960,2960164,1000,100,0,20,0,-1090,-1130,-1111
2026-09-19T16:27:21Z,CHAN,2961,2961164,1000,100,0,19,0,-1090,-1130,-1110
2026-09-19T16:27:22Z,CHAN,2962,2962164,1000,100,0,16,0,-1100,-1120,-1112
2026-09-19T16:27:23Z,CHAN,2963,2963164,1000,100,0,21,0,-1090,-1130,-1111
2026-09-19T16:27:24Z,CHAN,2964,2964164,1000,100,0,16,0,-1090,-1120,-1111
2026-09-19T16:27:25Z,CHAN,2965,2965164,1000,100,0,14,0,-1100,-1130,-1112
2026-09-19T16:27:26Z,CHAN,2966,2966164,1000,100,0,16,0,-1090,-1120,-1111
2026-09-19T16:27:27Z,CHAN,2967,2967164,1000,100,0,16,0,-1100,-1130,-1111
2026-09-19T16:27:28Z,CHAN,2968,2968164,1000,100,0,11,0,-1100,-1130,-1112
2026-09-19T16:27:29Z,CHAN,2969,2969164,1000,100,0,15,0,-1090,-1130,-1112
2026-09-19T16:27:30Z,CHAN,2970,2970164,1000,100,0,21,0,-1100,-1120,-1112
2026-09-19T16:27:31Z,CHAN,2971,2971164,1000,100,0,15,0,-1090,-1130,-1112
2026-09-19T16:27:32Z,CHAN,2972,2972164,1000,100,0,15,0,-1090,-1130,-1111
2026-09-19T16:27:33Z,CHAN,2973,2973164,1000,100,0,14,0,-1100,-1130,-1113
2026-09-19T16:27:34Z,CHAN,2974,2974164,1000,100,0,18,0,-1090,-1130,-1112
2026-09-19T16:27:35Z,CHAN,2975,2975164,1000,100,0,14,0,-1090,-1130,-1112
2026-09-19T16:27:36Z,CHAN,2976,2976164,1000,100,0,18,0,-1100,-1130,-1112
2026-09-19T16:27:37Z,CHAN,2977,2977164,1000,100,0,12,0,-1090,-1120,-1111
2026-09-19T16:27:38Z,CHAN,2978,2978164,1000,100,0,17,0,-1100,-1130,-1111
2026-09-19T16:27:39Z,CHAN,2979,2979164,1000,100,0,15,0,-1090,-1130,-1112
2026-09-19T16:27:40Z,CHAN,2980,2980164,1000,100,0,13,0,-1090,-1130,-1112
2026-09-19T16:27:41Z,CHAN,2981,2981164,1000,100,0,20,0,-1090,-1130,-1112
2026-09-19T16:27:42Z,CHAN,2982,2982164,1000,100,0,18,0,-1090,-1130,-1112
2026-09-19T16:27:43Z,CHAN,2983,2983164,1000,100,0,12,0,-1090,-1130,-1112
2026-09-19T16:27:44Z,CHAN,2984,2984164,1000,100,0,20,0,-1090,-1130,-1112
2026-09-19T16:27:45Z,CHAN,2985,2985164,1000,100,0,18,0,-1090,-1120,-1111
2026-09-19T16:27:46Z,CHAN,2986,2986164,1000,100,0,13,0,-1100,-1130,-1112
2026-09-19T16:27:47Z,CHAN,2987,2987164,1000,100,0,13,0,-1100,-1130,-1112
2026-09-19T16:27:48Z,CHAN,2988,2988164,1000,100,0,12,0,-1100,-1130,-1113
2026-09-19T16:27:49Z,CHAN,2989,2989164,1000,100,0,14,0,-1090,-1120,-1113
2026-09-19T16:27:50Z,CHAN,2990,2990164,1000,100,0,16,0,-1090,-1120,-1111
2026-09-19T16:27:51Z,CHAN,2991,2991164,1000,100,0,16,0,-1100,-1130,-1112
2026-09-19T16:27:52Z,CHAN,2992,2992164,1000,100,0,8,0,-1100,-1120,-1113
2026-09-19T16:27:53Z,CHAN,2993,2993164,1000,100,0,12,0,-1100,-1130,-1112
2026-09-19T16:27:54Z,CHAN,2994,2994164,1000,100,0,14,0,-1100,-1120,-1113
2026-09-19T16:27:55Z,CHAN,2995,2995164,1000,100,0,13,0,-1090,-1120,-1111
2026-09-19T16:27:56Z,CHAN,2996,2996164,1000,100,0,11,0,-1090,-1130,-1113
2026-09-19T16:27:57Z,CHAN,2997,2997164,1000,100,0,4,0,-1100,-1120,-1112
2026-09-19T16:27:58Z,CHAN,2998,2998164,1000,100,0,18,0,-1080,-1130,-1111
2026-09-19T16:27:59Z,CHAN,2999,2999164,1000,100,0,13,0,-1100,-1130,-1112
2026-09-19T16:28:00Z,CHAN,3000,3000164,1000,100,0,12,0,-1090,-1130,-1113
2026-09-19T16:28:01Z,CHAN,3001,3001164,1000,100,0,11,0,-1100,-1130,-1113
2026-09-19T16:28:02Z,CHAN,3002,3002164,1000,100,0,10,0,-1100,-1130,-1111
2026-09-19T16:28:03Z,CHAN,3003,3003164,1000,100,0,12,0,-1100,-1130,-1112
2026-09-19T16:28:04Z,CHAN,3004,3004164,1000,100,0,15,0,-1090,-1130,-1112
2026-09-19T16:28:05Z,CHAN,3005,3005164,1000,100,0,8,0,-1100,-1130,-1113
2026-09-19T16:28:06Z,CHAN,3006,3006164,1000,100,0,4,0,-1100,-1130,-1114
2026-09-19T16:28:07Z,CHAN,3007,3007164,1000,100,0,14,0,-1100,-1130,-1112
2026-09-19T16:28:08Z,CHAN,3008,3008164,1000,100,0,9,0,-1100,-1120,-1112
2026-09-19T16:28:09Z,CHAN,3009,3009164,1000,100,0,11,0,-1090,-1130,-1112
2026-09-19T16:28:09Z,CHANSUM,2950,3009,60,60000,6000,0,876,0,60,0,-590,-1130,-1120,-1127
2026-09-19T16:28:10Z,CHAN,3010,3010164,1000,100,0,9,0,-1090,-1130,-1113
2026-09-19T16:28:11Z,CHAN,3011,3011164,1000,100,0,12,0,-1100,-1130,-1113
2026-09-19T16:28:12Z,CHAN,3012,3012164,1000,100,0,5,0,-1100,-1130,-1113
2026-09-19T16:28:13Z,CHAN,3013,3013164,1000,100,0,10,0,-1100,-1130,-1113
2026-09-19T16:28:14Z,CHAN,3014,3014164,1000,100,0,8,0,-1100,-1120,-1112
2026-09-19T16:28:15Z,CHAN,3015,3015164,1000,100,0,5,0,-1100,-1120,-1113
2026-09-19T16:28:16Z,CHAN,3016,3016164,1000,100,0,16,0,-1100,-1130,-1112
2026-09-19T16:28:17Z,CHAN,3017,3017164,1000,100,0,10,0,-1100,-1130,-1113
2026-09-19T16:28:18Z,CHAN,3018,3018164,1000,100,0,8,0,-1100,-1130,-1114
2026-09-19T16:28:19Z,CHAN,3019,3019164,1000,100,0,10,0,-1100,-1130,-1113
2026-09-19T16:28:20Z,CHAN,3020,3020164,1000,100,0,9,0,-1100,-1130,-1113
2026-09-19T16:28:21Z,CHAN,3021,3021164,1000,100,0,6,0,-1100,-1130,-1114
2026-09-19T16:28:22Z,CHAN,3022,3022164,1000,100,0,8,0,-1100,-1130,-1113
2026-09-19T16:28:23Z,CHAN,3023,3023164,1000,100,0,8,0,-1090,-1130,-1114
2026-09-19T16:28:24Z,CHAN,3024,3024164,1000,100,0,8,0,-1100,-1130,-1114
2026-09-19T16:28:25Z,CHAN,3025,3025164,1000,100,0,7,0,-1100,-1130,-1113
2026-09-19T16:28:26Z,CHAN,3026,3026164,1000,100,0,9,0,-1100,-1130,-1113
2026-09-19T16:28:27Z,CHAN,3027,3027164,1000,100,0,12,0,-1100,-1130,-1112
2026-09-19T16:28:28Z,CHAN,3028,3028164,1000,100,0,10,0,-1040,-1130,-1110
2026-09-19T16:28:29Z,CHAN,3029,3029164,1000,100,0,10,0,-1100,-1130,-1113
2026-09-19T16:28:30Z,CHAN,3030,3030164,1000,100,0,3,0,-1100,-1130,-1113
2026-09-19T16:28:31Z,CHAN,3031,3031164,1000,100,0,10,0,-1100,-1130,-1113
2026-09-19T16:28:32Z,CHAN,3032,3032164,1000,100,0,10,0,-1100,-1130,-1113
2026-09-19T16:28:33Z,CHAN,3033,3033164,1000,100,0,6,0,-1100,-1130,-1115
2026-09-19T16:28:34Z,CHAN,3034,3034164,1000,100,0,13,0,-1100,-1130,-1113
2026-09-19T16:28:35Z,CHAN,3035,3035164,1000,100,0,11,0,-1100,-1130,-1112
2026-09-19T16:28:36Z,CHAN,3036,3036164,1000,100,0,13,0,-1100,-1130,-1113
2026-09-19T16:28:37Z,CHAN,3037,3037164,1000,100,0,7,0,-1090,-1130,-1114
2026-09-19T16:28:38Z,CHAN,3038,3038164,1000,100,0,13,0,-1090,-1130,-1112
2026-09-19T16:28:39Z,CHAN,3039,3039164,1000,100,0,12,0,-1100,-1120,-1113
2026-09-19T16:28:40Z,CHAN,3040,3040164,1000,100,0,11,0,-1100,-1130,-1112
2026-09-19T16:28:41Z,CHAN,3041,3041164,1000,100,0,16,0,-1100,-1130,-1112
2026-09-19T16:28:42Z,CHAN,3042,3042164,1000,100,0,10,0,-1100,-1130,-1113
2026-09-19T16:28:43Z,CHAN,3043,3043164,1000,100,0,10,0,-1100,-1130,-1113
2026-09-19T16:28:44Z,CHAN,3044,3044164,1000,100,0,13,0,-1090,-1130,-1112
2026-09-19T16:28:45Z,CHAN,3045,3045164,1000,100,0,14,0,-1080,-1130,-1112
2026-09-19T16:28:46Z,CHAN,3046,3046164,1000,100,0,13,0,-1090,-1130,-1112
2026-09-19T16:28:47Z,CHAN,3047,3047164,1000,100,0,16,0,-1100,-1130,-1113
2026-09-19T16:28:48Z,CHAN,3048,3048164,1000,100,0,12,0,-1090,-1130,-1113
2026-09-19T16:28:49Z,CHAN,3049,3049164,1000,100,0,14,0,-1090,-1130,-1112
2026-09-19T16:28:50Z,CHAN,3050,3050164,1000,100,0,11,0,-1100,-1130,-1112
2026-09-19T16:28:51Z,CHAN,3051,3051164,1000,100,0,8,0,-1100,-1130,-1113
2026-09-19T16:28:52Z,CHAN,3052,3052164,1000,100,0,11,0,-1100,-1130,-1112
2026-09-19T16:28:53Z,CHAN,3053,3053164,1000,100,0,14,0,-1090,-1130,-1112
2026-09-19T16:28:54Z,CHAN,3054,3054164,1000,100,0,15,0,-1090,-1130,-1112
2026-09-19T16:28:55Z,CHAN,3055,3055164,1000,100,0,10,0,-1100,-1130,-1113
2026-09-19T16:28:56Z,CHAN,3056,3056164,1000,100,0,7,0,-1100,-1130,-1113
2026-09-19T16:28:57Z,CHAN,3057,3057164,1000,100,0,12,0,-1090,-1130,-1112
2026-09-19T16:28:58Z,CHAN,3058,3058164,1000,100,0,16,0,-1090,-1130,-1113
2026-09-19T16:28:59Z,CHAN,3059,3059164,1000,100,0,9,0,-1090,-1130,-1112
2026-09-19T16:29:00Z,CHAN,3060,3060164,1000,100,0,10,0,-1090,-1130,-1113
2026-09-19T16:29:01Z,CHAN,3061,3061164,1000,100,0,16,0,-1090,-1130,-1111
2026-09-19T16:29:02Z,CHAN,3062,3062164,1000,100,0,15,0,-1100,-1130,-1112
2026-09-19T16:29:03Z,CHAN,3063,3063164,1000,100,0,20,0,-1090,-1130,-1112
2026-09-19T16:29:04Z,CHAN,3064,3064164,1000,100,0,14,0,-1090,-1130,-1112
2026-09-19T16:29:05Z,CHAN,3065,3065164,1000,100,0,14,0,-1100,-1130,-1113
2026-09-19T16:29:06Z,CHAN,3066,3066164,1000,100,0,14,0,-1100,-1130,-1112
2026-09-19T16:29:07Z,CHAN,3067,3067164,1000,100,0,15,0,-1090,-1130,-1113
2026-09-19T16:29:08Z,CHAN,3068,3068164,1000,100,0,10,0,-1090,-1130,-1113
2026-09-19T16:29:09Z,CHAN,3069,3069164,1000,100,0,14,0,-1100,-1130,-1112
2026-09-19T16:29:09Z,CHANSUM,3010,3069,60,60000,6000,0,662,0,60,0,-1040,-1130,-1120,-1129
2026-09-19T16:29:10Z,CHAN,3070,3070164,1000,100,0,14,0,-1100,-1130,-1112
2026-09-19T16:29:11Z,CHAN,3071,3071164,1000,100,0,14,0,-1100,-1130,-1112
2026-09-19T16:29:12Z,CHAN,3072,3072164,1000,100,0,13,0,-1090,-1130,-1113
2026-09-19T16:29:13Z,CHAN,3073,3073164,1000,100,0,11,0,-1090,-1130,-1113
2026-09-19T16:29:14Z,CHAN,3074,3074164,1000,100,0,13,0,-1090,-1130,-1112
2026-09-19T16:29:15Z,CHAN,3075,3075164,1000,100,0,11,0,-1100,-1130,-1112
2026-09-19T16:29:16Z,CHAN,3076,3076164,1000,100,0,10,0,-1090,-1130,-1111
2026-09-19T16:29:17Z,CHAN,3077,3077164,1000,100,0,12,0,-1100,-1130,-1113
2026-09-19T16:29:18Z,CHAN,3078,3078164,1000,100,0,14,0,-1090,-1130,-1112
2026-09-19T16:29:19Z,CHAN,3079,3079164,1000,100,0,13,0,-1090,-1130,-1112
2026-09-19T16:29:20Z,CHAN,3080,3080164,1000,100,0,12,0,-1100,-1130,-1112
2026-09-19T16:29:21Z,CHAN,3081,3081164,1000,100,0,10,0,-1100,-1130,-1113
2026-09-19T16:29:22Z,CHAN,3082,3082164,1000,100,0,10,0,-1100,-1130,-1113
2026-09-19T16:29:23Z,CHAN,3083,3083164,1000,100,0,15,0,-1100,-1130,-1112
2026-09-19T16:29:24Z,CHAN,3084,3084164,1000,100,0,11,0,-1100,-1130,-1112
2026-09-19T16:29:25Z,CHAN,3085,3085164,1000,100,0,11,0,-1100,-1130,-1113
2026-09-19T16:29:26Z,CHAN,3086,3086164,1000,100,0,13,0,-1090,-1130,-1111
2026-09-19T16:29:27Z,CHAN,3087,3087164,1000,100,0,15,0,-1090,-1130,-1112
2026-09-19T16:29:28Z,CHAN,3088,3088164,1000,100,0,13,0,-590,-1150,-1108
2026-09-19T16:29:29Z,CHAN,3089,3089164,1000,100,0,5,0,-1100,-1130,-1113
2026-09-19T16:29:30Z,CHAN,3090,3090164,1000,100,0,16,0,-1090,-1120,-1111
2026-09-19T16:29:31Z,CHAN,3091,3091164,1000,100,0,18,0,-1090,-1130,-1111
2026-09-19T16:29:32Z,CHAN,3092,3092164,1000,100,0,8,0,-1100,-1130,-1113
2026-09-19T16:29:33Z,CHAN,3093,3093164,1000,100,0,8,0,-1100,-1130,-1112
2026-09-19T16:29:34Z,CHAN,3094,3094164,1000,100,0,10,0,-1090,-1130,-1113
2026-09-19T16:29:35Z,CHAN,3095,3095164,1000,100,0,10,0,-1100,-1130,-1112
2026-09-19T16:29:36Z,CHAN,3096,3096164,1000,100,0,20,0,-1100,-1130,-1111
2026-09-19T16:29:37Z,CHAN,3097,3097164,1000,100,0,11,0,-1100,-1120,-1112
2026-09-19T16:29:38Z,CHAN,3098,3098164,1000,100,0,12,0,-1090,-1130,-1112
2026-09-19T16:29:39Z,CHAN,3099,3099164,1000,100,0,16,0,-1100,-1130,-1112
2026-09-19T16:29:40Z,CHAN,3100,3100164,1000,100,0,10,0,-1100,-1120,-1112
2026-09-19T16:29:41Z,CHAN,3101,3101164,1000,100,0,12,0,-1100,-1120,-1111
2026-09-19T16:29:42Z,CHAN,3102,3102164,1000,100,0,10,0,-1100,-1120,-1113
2026-09-19T16:29:43Z,CHAN,3103,3103164,1000,100,0,15,0,-1090,-1130,-1111
2026-09-19T16:29:44Z,CHAN,3104,3104164,1000,100,0,10,0,-1100,-1120,-1111
2026-09-19T16:29:45Z,CHAN,3105,3105164,1000,100,0,7,0,-1100,-1130,-1113
2026-09-19T16:29:46Z,CHAN,3106,3106164,1000,100,0,7,0,-1100,-1130,-1112
2026-09-19T16:29:47Z,CHAN,3107,3107164,1000,100,0,7,0,-1100,-1120,-1112
2026-09-19T16:29:48Z,CHAN,3108,3108164,1000,100,0,10,0,-1100,-1140,-1112
2026-09-19T16:29:49Z,CHAN,3109,3109164,1000,100,0,5,0,-1100,-1120,-1113
2026-09-19T16:29:50Z,CHAN,3110,3110164,1000,100,0,3,0,-1100,-1130,-1114
2026-09-19T16:29:51Z,CHAN,3111,3111164,1000,100,0,6,0,-1100,-1120,-1113
2026-09-19T16:29:52Z,CHAN,3112,3112164,1000,100,0,5,0,-1100,-1120,-1113
2026-09-19T16:29:53Z,CHAN,3113,3113164,1000,100,0,5,0,-1100,-1130,-1113
2026-09-19T16:29:54Z,CHAN,3114,3114164,1000,100,0,5,0,-1100,-1130,-1113
2026-09-19T16:29:55Z,CHAN,3115,3115164,1000,100,0,3,0,-1100,-1120,-1114
2026-09-19T16:29:56Z,CHAN,3116,3116164,1000,100,0,4,0,-1100,-1130,-1113
2026-09-19T16:29:57Z,CHAN,3117,3117164,1000,100,0,9,0,-1100,-1130,-1113
2026-09-19T16:29:58Z,CHAN,3118,3118164,1000,100,0,8,0,-1100,-1130,-1112
2026-09-19T16:29:59Z,CHAN,3119,3119164,1000,100,0,5,0,-1100,-1130,-1113
2026-09-19T16:30:00Z,CHAN,3120,3120164,1000,100,0,2,0,-1100,-1130,-1115
2026-09-19T16:30:01Z,CHAN,3121,3121164,1000,100,0,5,0,-1100,-1130,-1113
2026-09-19T16:30:02Z,CHAN,3122,3122164,1000,100,0,5,0,-1100,-1130,-1114
2026-09-19T16:30:03Z,CHAN,3123,3123164,1000,100,0,6,0,-1100,-1130,-1113
2026-09-19T16:30:04Z,CHAN,3124,3124164,1000,100,0,5,0,-1100,-1130,-1113
2026-09-19T16:30:05Z,CHAN,3125,3125164,1000,100,0,5,0,-1100,-1130,-1114
2026-09-19T16:30:06Z,CHAN,3126,3126164,1000,100,0,3,0,-1100,-1130,-1114
2026-09-19T16:30:07Z,CHAN,3127,3127164,1000,100,0,6,0,-1100,-1130,-1113
2026-09-19T16:30:08Z,CHAN,3128,3128164,1000,100,0,10,0,-1100,-1130,-1112
2026-09-19T16:30:09Z,CHAN,3129,3129164,1000,100,0,1,0,-1100,-1130,-1113
2026-09-19T16:30:09Z,CHANSUM,3070,3129,60,60000,6000,0,563,0,60,0,-590,-1150,-1120,-1128
2026-09-19T16:30:10Z,CHAN,3130,3130164,1000,100,0,4,0,-1100,-1130,-1113
2026-09-19T16:30:11Z,CHAN,3131,3131164,1000,100,0,11,0,-1100,-1130,-1113
2026-09-19T16:30:12Z,CHAN,3132,3132164,1000,100,0,8,0,-1100,-1130,-1115
2026-09-19T16:30:13Z,CHAN,3133,3133164,1000,100,0,14,0,-1100,-1130,-1113
2026-09-19T16:30:14Z,CHAN,3134,3134164,1000,100,0,7,0,-1090,-1130,-1113
2026-09-19T16:30:15Z,CHAN,3135,3135164,1000,100,0,8,0,-1100,-1130,-1113
2026-09-19T16:30:16Z,CHAN,3136,3136164,1000,100,0,6,0,-1100,-1130,-1113
2026-09-19T16:30:17Z,CHAN,3137,3137164,1000,100,0,10,0,-1100,-1130,-1113
2026-09-19T16:30:18Z,CHAN,3138,3138164,1000,100,0,10,0,-1100,-1130,-1113
2026-09-19T16:30:19Z,CHAN,3139,3139164,1000,100,0,5,0,-1100,-1130,-1113
2026-09-19T16:30:20Z,CHAN,3140,3140164,1000,100,0,3,0,-1100,-1130,-1114
2026-09-19T16:30:21Z,CHAN,3141,3141164,1000,100,0,6,0,-1100,-1130,-1113
2026-09-19T16:30:22Z,CHAN,3142,3142164,1000,100,0,8,0,-1100,-1130,-1113
2026-09-19T16:30:23Z,CHAN,3143,3143164,1000,100,0,12,0,-1100,-1130,-1113
2026-09-19T16:30:24Z,CHAN,3144,3144164,1000,100,0,8,0,-1100,-1130,-1113
2026-09-19T16:30:25Z,CHAN,3145,3145164,1000,100,0,11,0,-1100,-1120,-1112
2026-09-19T16:30:26Z,CHAN,3146,3146164,1000,100,0,2,0,-1100,-1120,-1113
2026-09-19T16:30:27Z,CHAN,3147,3147164,1000,100,0,8,0,-1100,-1130,-1113
2026-09-19T16:30:28Z,CHAN,3148,3148164,1000,100,0,8,0,-1100,-1130,-1113
2026-09-19T16:30:29Z,CHAN,3149,3149164,1000,100,0,11,0,-1100,-1130,-1112
2026-09-19T16:30:30Z,CHAN,3150,3150164,1000,100,0,7,0,-1100,-1130,-1112
2026-09-19T16:30:31Z,CHAN,3151,3151164,1000,100,0,15,0,-1100,-1130,-1112
2026-09-19T16:30:32Z,CHAN,3152,3152164,1000,100,0,9,0,-1100,-1130,-1112
2026-09-19T16:30:33Z,CHAN,3153,3153164,1000,100,0,10,0,-1100,-1120,-1112
2026-09-19T16:30:34Z,CHAN,3154,3154164,1000,100,0,6,0,-1090,-1130,-1113
2026-09-19T16:30:35Z,CHAN,3155,3155164,1000,100,0,20,0,-1050,-1130,-1108
2026-09-19T16:30:36Z,CHAN,3156,3156164,1000,100,0,7,0,-1100,-1120,-1112
2026-09-19T16:30:37Z,CHAN,3157,3157164,1000,100,0,12,0,-1090,-1120,-1111
2026-09-19T16:30:38Z,CHAN,3158,3158164,1000,100,0,14,0,-1090,-1130,-1111
2026-09-19T16:30:39Z,CHAN,3159,3159164,1000,100,0,9,0,-1090,-1130,-1112
2026-09-19T16:30:40Z,CHAN,3160,3160164,1000,100,0,7,0,-1090,-1120,-1112
2026-09-19T16:30:41Z,CHAN,3161,3161164,1000,100,0,12,0,-1090,-1130,-1112
2026-09-19T16:30:42Z,CHAN,3162,3162164,1000,100,0,12,0,-1100,-1130,-1112
2026-09-19T16:30:43Z,CHAN,3163,3163164,1000,100,0,13,0,-1090,-1130,-1111
2026-09-19T16:30:44Z,CHAN,3164,3164164,1000,100,0,11,0,-1100,-1130,-1113
2026-09-19T16:30:45Z,CHAN,3165,3165164,1000,100,0,15,0,-1100,-1130,-1112
2026-09-19T16:30:46Z,CHAN,3166,3166164,1000,100,0,13,0,-1100,-1130,-1111
2026-09-19T16:30:47Z,CHAN,3167,3167164,1000,100,0,10,0,-1100,-1130,-1113
2026-09-19T16:30:48Z,CHAN,3168,3168164,1000,100,0,13,0,-1100,-1130,-1112
2026-09-19T16:30:49Z,CHAN,3169,3169164,1000,100,0,16,0,-1100,-1130,-1111
2026-09-19T16:30:50Z,CHAN,3170,3170164,1000,100,0,11,0,-1100,-1120,-1111
2026-09-19T16:30:51Z,CHAN,3171,3171164,1000,100,0,11,0,-1090,-1130,-1112
2026-09-19T16:30:52Z,CHAN,3172,3172164,1000,100,0,13,0,-1100,-1120,-1111
2026-09-19T16:30:53Z,CHAN,3173,3173164,1000,100,0,12,0,-1100,-1130,-1112
2026-09-19T16:30:54Z,CHAN,3174,3174164,1000,100,0,9,0,-1100,-1130,-1112
2026-09-19T16:30:55Z,CHAN,3175,3175164,1000,100,0,9,0,-1100,-1130,-1112
2026-09-19T16:30:56Z,CHAN,3176,3176164,1000,100,0,14,0,-1100,-1130,-1112
2026-09-19T16:30:57Z,CHAN,3177,3177164,1000,100,0,14,0,-1100,-1130,-1112
2026-09-19T16:30:58Z,CHAN,3178,3178164,1000,100,0,10,0,-1100,-1120,-1112
2026-09-19T16:30:59Z,CHAN,3179,3179164,1000,100,0,9,0,-1100,-1130,-1113
2026-09-19T16:31:00Z,CHAN,3180,3180164,1000,100,0,9,0,-1100,-1130,-1113
2026-09-19T16:31:01Z,CHAN,3181,3181164,1000,100,0,11,0,-1090,-1130,-1112
2026-09-19T16:31:02Z,CHAN,3182,3182164,1000,100,0,10,0,-1100,-1130,-1113
2026-09-19T16:31:03Z,CHAN,3183,3183164,1000,100,0,8,0,-1100,-1130,-1113
2026-09-19T16:31:04Z,CHAN,3184,3184164,1000,100,0,12,0,-1100,-1120,-1112
2026-09-19T16:31:05Z,CHAN,3185,3185164,1000,100,0,14,0,-1090,-1120,-1111
2026-09-19T16:31:06Z,CHAN,3186,3186164,1000,100,0,10,0,-1100,-1130,-1112
2026-09-19T16:31:07Z,CHAN,3187,3187164,1000,100,0,10,0,-1100,-1130,-1113
2026-09-19T16:31:08Z,CHAN,3188,3188164,1000,100,0,10,0,-1100,-1130,-1113
2026-09-19T16:31:09Z,CHAN,3189,3189164,1000,100,0,6,0,-1100,-1130,-1113
2026-09-19T16:31:09Z,CHANSUM,3130,3189,60,60000,6000,0,603,0,60,0,-1050,-1130,-1120,-1128
2026-09-19T16:31:10Z,CHAN,3190,3190164,1000,100,0,6,0,-1090,-1130,-1113
2026-09-19T16:31:11Z,CHAN,3191,3191164,1000,100,0,9,0,-1100,-1120,-1113
2026-09-19T16:31:12Z,CHAN,3192,3192164,1000,100,0,10,0,-1100,-1130,-1113
2026-09-19T16:31:13Z,CHAN,3193,3193164,1000,100,0,12,0,-1090,-1130,-1113
2026-09-19T16:31:14Z,CHAN,3194,3194164,1000,100,0,8,0,-1090,-1130,-1112
2026-09-19T16:31:15Z,CHAN,3195,3195164,1000,100,0,13,0,-1100,-1120,-1113
2026-09-19T16:31:16Z,CHAN,3196,3196164,1000,100,0,14,0,-1090,-1120,-1112
2026-09-19T16:31:17Z,CHAN,3197,3197164,1000,100,0,8,0,-1100,-1120,-1113
2026-09-19T16:31:18Z,CHAN,3198,3198164,1000,100,0,9,0,-1100,-1130,-1113
2026-09-19T16:31:19Z,CHAN,3199,3199164,1000,100,0,16,0,-1090,-1130,-1111
2026-09-19T16:31:20Z,CHAN,3200,3200164,1000,100,0,12,0,-1100,-1120,-1112
2026-09-19T16:31:21Z,CHAN,3201,3201164,1000,100,0,9,0,-1090,-1130,-1112
2026-09-19T16:31:22Z,CHAN,3202,3202164,1000,100,0,11,0,-1090,-1130,-1113
2026-09-19T16:31:23Z,CHAN,3203,3203164,1000,100,0,14,0,-1100,-1130,-1112
2026-09-19T16:31:24Z,CHAN,3204,3204164,1000,100,0,17,0,-1100,-1130,-1112
2026-09-19T16:31:25Z,CHAN,3205,3205164,1000,100,0,14,0,-1100,-1130,-1113
2026-09-19T16:31:26Z,CHAN,3206,3206164,1000,100,0,8,0,-1100,-1130,-1113
2026-09-19T16:31:27Z,CHAN,3207,3207164,1000,100,0,9,0,-1100,-1130,-1113
2026-09-19T16:31:28Z,CHAN,3208,3208164,1000,100,0,12,0,-1100,-1130,-1112
2026-09-19T16:31:29Z,CHAN,3209,3209164,1000,100,0,15,0,-1090,-1130,-1113
2026-09-19T16:31:30Z,CHAN,3210,3210164,1000,100,0,14,0,-1100,-1140,-1113
2026-09-19T16:31:31Z,CHAN,3211,3211164,1000,100,0,12,0,-1090,-1130,-1113
2026-09-19T16:31:32Z,CHAN,3212,3212164,1000,100,0,12,0,-1100,-1130,-1113
2026-09-19T16:31:33Z,CHAN,3213,3213164,1000,100,0,12,0,-1100,-1130,-1113
2026-09-19T16:31:34Z,CHAN,3214,3214164,1000,100,0,17,0,-1090,-1130,-1112
2026-09-19T16:31:35Z,CHAN,3215,3215164,1000,100,0,14,0,-1100,-1130,-1113
2026-09-19T16:31:36Z,CHAN,3216,3216164,1000,100,0,7,0,-1100,-1130,-1113
2026-09-19T16:31:37Z,CHAN,3217,3217164,1000,100,0,16,0,-1100,-1140,-1113
2026-09-19T16:31:38Z,CHAN,3218,3218164,1000,100,0,15,0,-1100,-1130,-1112
2026-09-19T16:31:39Z,CHAN,3219,3219164,1000,100,0,15,0,-600,-1130,-1107
2026-09-19T16:31:40Z,CHAN,3220,3220164,1000,100,0,10,0,-1100,-1130,-1113
2026-09-19T16:31:41Z,CHAN,3221,3221164,1000,100,0,16,0,-1100,-1130,-1112
2026-09-19T16:31:42Z,CHAN,3222,3222164,1000,100,0,16,0,-1090,-1130,-1111
2026-09-19T16:31:43Z,CHAN,3223,3223164,1000,100,0,18,0,-1100,-1130,-1112
2026-09-19T16:31:44Z,CHAN,3224,3224164,1000,100,0,18,0,-1100,-1130,-1111
2026-09-19T16:31:45Z,CHAN,3225,3225164,1000,100,0,21,0,-1090,-1130,-1111
2026-09-19T16:31:49Z,CHAN,3229,3229164,1000,100,0,23,0,-1090,-1140,-1112
2026-09-19T16:31:50Z,CHAN,3230,3230164,1000,100,0,45,0,-1090,-1120,-1105
2026-09-19T16:31:51Z,CHAN,3231,3231164,1000,100,0,51,0,-1090,-1120,-1105
2026-09-19T16:31:52Z,CHAN,3232,3232164,1000,100,0,24,0,-1090,-1130,-1110
2026-09-19T16:31:53Z,CHAN,3233,3233164,1000,100,0,12,0,-1100,-1120,-1111
2026-09-19T16:31:54Z,CHAN,3234,3234164,1000,100,0,14,0,-1100,-1120,-1111
2026-09-19T16:31:55Z,CHAN,3235,3235164,1000,100,0,13,0,-1090,-1120,-1111
2026-09-19T16:31:56Z,CHAN,3236,3236164,1000,100,0,9,0,-1090,-1130,-1112
2026-09-19T16:31:57Z,CHAN,3237,3237164,1000,100,0,17,0,-1090,-1120,-1111
2026-09-19T16:31:58Z,CHAN,3238,3238164,1000,100,0,16,0,-1100,-1130,-1111
2026-09-19T16:31:59Z,CHAN,3239,3239164,1000,100,0,19,0,-1090,-1130,-1111
2026-09-19T16:32:00Z,CHAN,3240,3240164,1000,100,0,12,0,-1100,-1130,-1112
2026-09-19T16:32:01Z,CHAN,3241,3241164,1000,100,0,11,0,-1100,-1130,-1111
2026-09-19T16:32:02Z,CHAN,3242,3242164,1000,100,0,14,0,-1030,-1130,-1108
2026-09-19T16:32:03Z,CHAN,3243,3243164,1000,100,0,7,0,-1100,-1120,-1112
2026-09-19T16:32:04Z,CHAN,3244,3244164,1000,100,0,19,0,-1090,-1130,-1110
2026-09-19T16:32:05Z,CHAN,3245,3245164,1000,100,0,12,0,-1100,-1120,-1112
2026-09-19T16:32:06Z,CHAN,3246,3246164,1000,100,0,15,0,-1100,-1130,-1111
2026-09-19T16:32:07Z,CHAN,3247,3247164,1000,100,0,14,0,-1100,-1130,-1111
2026-09-19T16:32:08Z,CHAN,3248,3248164,1000,100,0,13,0,-1100,-1120,-1111
2026-09-19T16:32:09Z,CHAN,3249,3249164,1000,100,0,15,0,-1090,-1130,-1111
2026-09-19T16:32:09Z,CHANSUM,3190,3249,60,60000,6000,0,834,0,57,0,-600,-1140,-1120,-1128
2026-09-19T16:32:10Z,CHAN,3250,3250164,1000,100,0,11,0,-1090,-1130,-1112
2026-09-19T16:32:11Z,CHAN,3251,3251164,1000,100,0,8,0,-1100,-1120,-1111
2026-09-19T16:32:12Z,CHAN,3252,3252164,1000,100,0,21,0,-1100,-1120,-1111
2026-09-19T16:32:13Z,CHAN,3253,3253164,1000,100,0,14,0,-1100,-1130,-1113
2026-09-19T16:32:14Z,CHAN,3254,3254164,1000,100,0,18,0,-1100,-1130,-1111
2026-09-19T16:32:15Z,CHAN,3255,3255164,1000,100,0,14,0,-1090,-1130,-1111
2026-09-19T16:32:16Z,CHAN,3256,3256164,1000,100,0,12,0,-1100,-1120,-1111
2026-09-19T16:32:17Z,CHAN,3257,3257164,1000,100,0,12,0,-1100,-1130,-1112
2026-09-19T16:32:18Z,CHAN,3258,3258164,1000,100,0,14,0,-1090,-1130,-1112
2026-09-19T16:32:19Z,CHAN,3259,3259164,1000,100,0,13,0,-1100,-1130,-1112
2026-09-19T16:32:20Z,CHAN,3260,3260164,1000,100,0,15,0,-1090,-1120,-1111
2026-09-19T16:32:21Z,CHAN,3261,3261164,1000,100,0,14,0,-1090,-1130,-1111
2026-09-19T16:32:22Z,CHAN,3262,3262164,1000,100,0,12,0,-1100,-1120,-1112
2026-09-19T16:32:23Z,CHAN,3263,3263164,1000,100,0,15,0,-1100,-1130,-1111
2026-09-19T16:32:24Z,CHAN,3264,3264164,1000,100,0,9,0,-1100,-1120,-1112
2026-09-19T16:32:25Z,CHAN,3265,3265164,1000,100,0,11,0,-1090,-1130,-1111
2026-09-19T16:32:26Z,CHAN,3266,3266164,1000,100,0,8,0,-1100,-1120,-1112
2026-09-19T16:32:27Z,CHAN,3267,3267164,1000,100,0,16,0,-1100,-1130,-1111
2026-09-19T16:32:28Z,CHAN,3268,3268164,1000,100,0,16,0,-1100,-1130,-1111
2026-09-19T16:32:29Z,CHAN,3269,3269164,1000,100,0,8,0,-1100,-1120,-1112
2026-09-19T16:32:30Z,CHAN,3270,3270164,1000,100,0,10,0,-1090,-1130,-1111
2026-09-19T16:32:31Z,CHAN,3271,3271164,1000,100,0,11,0,-1100,-1130,-1112
2026-09-19T16:32:32Z,CHAN,3272,3272164,1000,100,0,11,0,-1100,-1130,-1112
2026-09-19T16:32:33Z,CHAN,3273,3273164,1000,100,0,8,0,-1100,-1120,-1112
2026-09-19T16:32:34Z,CHAN,3274,3274164,1000,100,0,13,0,-1090,-1120,-1112
2026-09-19T16:32:35Z,CHAN,3275,3275164,1000,100,0,12,0,-1090,-1130,-1111
2026-09-19T16:32:36Z,CHAN,3276,3276164,1000,100,0,9,0,-1090,-1120,-1112
2026-09-19T16:32:37Z,CHAN,3277,3277164,1000,100,0,11,0,-1100,-1120,-1112
2026-09-19T16:32:38Z,CHAN,3278,3278164,1000,100,0,9,0,-1090,-1130,-1112
2026-09-19T16:32:39Z,CHAN,3279,3279164,1000,100,0,10,0,-1100,-1120,-1111
2026-09-19T16:32:40Z,CHAN,3280,3280164,1000,100,0,14,0,-1090,-1120,-1111
2026-09-19T16:32:41Z,CHAN,3281,3281164,1000,100,0,10,0,-1100,-1120,-1112
2026-09-19T16:32:42Z,CHAN,3282,3282164,1000,100,0,11,0,-1100,-1120,-1111
2026-09-19T16:32:43Z,CHAN,3283,3283164,1000,100,0,14,0,-1090,-1130,-1111
2026-09-19T16:32:44Z,CHAN,3284,3284164,1000,100,0,14,0,-1100,-1130,-1111
2026-09-19T16:32:45Z,CHAN,3285,3285164,1000,100,0,13,0,-1100,-1120,-1111
2026-09-19T16:32:46Z,CHAN,3286,3286164,1000,100,0,14,0,-1090,-1130,-1111
2026-09-19T16:32:47Z,CHAN,3287,3287164,1000,100,0,10,0,-1100,-1130,-1111
2026-09-19T16:32:48Z,CHAN,3288,3288164,1000,100,0,17,0,-1090,-1120,-1110
2026-09-19T16:32:49Z,CHAN,3289,3289164,1000,100,0,14,0,-1100,-1130,-1111
2026-09-19T16:32:50Z,CHAN,3290,3290164,1000,100,0,13,0,-1090,-1120,-1111
2026-09-19T16:32:51Z,CHAN,3291,3291164,1000,100,0,12,0,-1100,-1120,-1111
2026-09-19T16:32:52Z,CHAN,3292,3292164,1000,100,0,11,0,-1090,-1120,-1112
2026-09-19T16:32:53Z,CHAN,3293,3293164,1000,100,0,12,0,-1090,-1120,-1111
2026-09-19T16:32:54Z,CHAN,3294,3294164,1000,100,0,10,0,-1100,-1120,-1111
2026-09-19T16:32:55Z,CHAN,3295,3295164,1000,100,0,15,0,-1090,-1120,-1110
2026-09-19T16:32:56Z,CHAN,3296,3296164,1000,100,0,15,0,-1090,-1120,-1110
2026-09-19T16:32:57Z,CHAN,3297,3297164,1000,100,0,7,0,-1100,-1120,-1111
2026-09-19T16:32:58Z,CHAN,3298,3298164,1000,100,0,14,0,-1090,-1120,-1111
2026-09-19T16:32:59Z,CHAN,3299,3299164,1000,100,0,11,0,-1100,-1130,-1112
2026-09-19T16:33:00Z,CHAN,3300,3300164,1000,100,0,6,0,-1100,-1120,-1112
2026-09-19T16:33:01Z,CHAN,3301,3301164,1000,100,0,5,0,-1100,-1120,-1112
2026-09-19T16:33:02Z,CHAN,3302,3302164,1000,100,0,13,0,-1100,-1120,-1111
2026-09-19T16:33:03Z,CHAN,3303,3303164,1000,100,0,4,0,-1100,-1120,-1113
2026-09-19T16:33:04Z,CHAN,3304,3304164,1000,100,0,6,0,-1100,-1120,-1112
2026-09-19T16:33:05Z,CHAN,3305,3305164,1000,100,0,2,0,-1100,-1130,-1112
2026-09-19T16:33:06Z,CHAN,3306,3306164,1000,100,0,8,0,-1100,-1130,-1112
2026-09-19T16:33:07Z,CHAN,3307,3307164,1000,100,0,9,0,-1100,-1130,-1111
2026-09-19T16:33:08Z,CHAN,3308,3308164,1000,100,0,4,0,-1100,-1130,-1112
2026-09-19T16:33:09Z,CHAN,3309,3309164,1000,100,0,7,0,-1100,-1120,-1112
2026-09-19T16:33:09Z,CHANSUM,3250,3309,60,60000,6000,0,680,0,60,0,-1090,-1130,-1120,-1124
2026-09-19T16:33:10Z,CHAN,3310,3310164,1000,100,0,2,0,-1100,-1120,-1113
2026-09-19T16:33:11Z,CHAN,3311,3311164,1000,100,0,3,0,-1100,-1130,-1113
2026-09-19T16:33:12Z,CHAN,3312,3312164,1000,100,0,5,0,-1100,-1130,-1112
2026-09-19T16:33:13Z,CHAN,3313,3313164,1000,100,0,3,0,-1100,-1120,-1113
2026-09-19T16:33:14Z,CHAN,3314,3314164,1000,100,0,3,0,-1100,-1130,-1114
2026-09-19T16:33:15Z,CHAN,3315,3315164,1000,100,0,5,0,-1100,-1130,-1113
2026-09-19T16:33:16Z,CHAN,3316,3316164,1000,100,0,12,0,-1030,-1130,-1109
2026-09-19T16:33:17Z,CHAN,3317,3317164,1000,100,0,4,0,-1100,-1130,-1114
2026-09-19T16:33:18Z,CHAN,3318,3318164,1000,100,0,3,0,-1100,-1120,-1113
2026-09-19T16:33:19Z,CHAN,3319,3319164,1000,100,0,7,0,-1100,-1120,-1114
2026-09-19T16:33:20Z,CHAN,3320,3320164,1000,100,0,7,0,-1100,-1130,-1114
2026-09-19T16:33:21Z,CHAN,3321,3321164,1000,100,0,5,0,-1100,-1130,-1113
2026-09-19T16:33:22Z,CHAN,3322,3322164,1000,100,0,7,0,-1100,-1130,-1113
2026-09-19T16:33:23Z,CHAN,3323,3323164,1000,100,0,6,0,-1100,-1130,-1114
2026-09-19T16:33:24Z,CHAN,3324,3324164,1000,100,0,7,0,-1100,-1130,-1114
2026-09-19T16:33:25Z,CHAN,3325,3325164,1000,100,0,2,0,-1100,-1130,-1114
2026-09-19T16:33:26Z,CHAN,3326,3326164,1000,100,0,4,0,-1100,-1130,-1114
2026-09-19T16:33:27Z,CHAN,3327,3327164,1000,100,0,7,0,-1100,-1130,-1113
2026-09-19T16:33:28Z,CHAN,3328,3328164,1000,100,0,4,0,-1100,-1130,-1114
2026-09-19T16:33:29Z,CHAN,3329,3329164,1000,100,0,5,0,-1100,-1130,-1114
2026-09-19T16:33:30Z,CHAN,3330,3330164,1000,100,0,7,0,-1100,-1130,-1113
2026-09-19T16:33:31Z,CHAN,3331,3331164,1000,100,0,9,0,-1100,-1130,-1114
2026-09-19T16:33:32Z,CHAN,3332,3332164,1000,100,0,4,0,-1100,-1130,-1113
2026-09-19T16:33:33Z,CHAN,3333,3333164,1000,100,0,4,0,-1100,-1130,-1113
2026-09-19T16:33:34Z,CHAN,3334,3334164,1000,100,0,6,0,-1100,-1130,-1114
2026-09-19T16:33:35Z,CHAN,3335,3335164,1000,100,0,8,0,-1100,-1130,-1112
2026-09-19T16:33:36Z,CHAN,3336,3336164,1000,100,0,6,0,-1100,-1130,-1113
2026-09-19T16:33:37Z,CHAN,3337,3337164,1000,100,0,14,0,-1100,-1130,-1112
2026-09-19T16:33:38Z,CHAN,3338,3338164,1000,100,0,3,0,-1100,-1120,-1113
2026-09-19T16:33:39Z,CHAN,3339,3339164,1000,100,0,11,0,-1100,-1120,-1112
2026-09-19T16:33:40Z,CHAN,3340,3340164,1000,100,0,13,0,-1100,-1130,-1112
2026-09-19T16:33:41Z,CHAN,3341,3341164,1000,100,0,11,0,-1100,-1130,-1113
2026-09-19T16:33:42Z,CHAN,3342,3342164,1000,100,0,8,0,-1100,-1130,-1113
2026-09-19T16:33:43Z,CHAN,3343,3343164,1000,100,0,7,0,-1100,-1130,-1112
2026-09-19T16:33:44Z,CHAN,3344,3344164,1000,100,0,14,0,-1100,-1130,-1112
2026-09-19T16:33:45Z,CHAN,3345,3345164,1000,100,0,13,0,-1090,-1130,-1112
2026-09-19T16:33:46Z,CHAN,3346,3346164,1000,100,0,13,0,-1090,-1130,-1112
2026-09-19T16:33:47Z,CHAN,3347,3347164,1000,100,0,16,0,-1060,-1130,-1110
2026-09-19T16:33:48Z,CHAN,3348,3348164,1000,100,0,9,0,-1100,-1130,-1112
2026-09-19T16:33:49Z,CHAN,3349,3349164,1000,100,0,9,0,-590,-1130,-1107
2026-09-19T16:33:50Z,CHAN,3350,3350164,1000,100,0,12,0,-1090,-1130,-1112
2026-09-19T16:33:51Z,CHAN,3351,3351164,1000,100,0,19,0,-1090,-1120,-1111
2026-09-19T16:33:52Z,CHAN,3352,3352164,1000,100,0,12,0,-1100,-1120,-1112
2026-09-19T16:33:53Z,CHAN,3353,3353164,1000,100,0,15,0,-1090,-1130,-1111
2026-09-19T16:33:54Z,CHAN,3354,3354164,1000,100,0,11,0,-1090,-1120,-1111
2026-09-19T16:33:55Z,CHAN,3355,3355164,1000,100,0,14,0,-1090,-1130,-1112
2026-09-19T16:33:56Z,CHAN,3356,3356164,1000,100,0,16,0,-1100,-1130,-1111
2026-09-19T16:33:57Z,CHAN,3357,3357164,1000,100,0,16,0,-1100,-1120,-1111
2026-09-19T16:33:58Z,CHAN,3358,3358164,1000,100,0,10,0,-1090,-1120,-1111
2026-09-19T16:33:59Z,CHAN,3359,3359164,1000,100,0,27,0,-1080,-1120,-1110
2026-09-19T16:34:00Z,CHAN,3360,3360164,1000,100,0,19,0,-1090,-1120,-1111
2026-09-19T16:34:01Z,CHAN,3361,3361164,1000,100,0,15,0,-1100,-1120,-1112
2026-09-19T16:34:02Z,CHAN,3362,3362164,1000,100,0,15,0,-1090,-1130,-1112
2026-09-19T16:34:03Z,CHAN,3363,3363164,1000,100,0,10,0,-1100,-1120,-1111
2026-09-19T16:34:04Z,CHAN,3364,3364164,1000,100,0,18,0,-1100,-1130,-1111
2026-09-19T16:34:05Z,CHAN,3365,3365164,1000,100,0,17,0,-1090,-1130,-1110
2026-09-19T16:34:06Z,CHAN,3366,3366164,1000,100,0,16,0,-1090,-1120,-1111
2026-09-19T16:34:07Z,CHAN,3367,3367164,1000,100,0,19,0,-1100,-1130,-1111
2026-09-19T16:34:08Z,CHAN,3368,3368164,1000,100,0,11,0,-1100,-1130,-1111
2026-09-19T16:34:09Z,CHAN,3369,3369164,1000,100,0,14,0,-1100,-1130,-1111
2026-09-19T16:34:09Z,CHANSUM,3310,3369,60,60000,6000,0,592,0,60,0,-590,-1130,-1120,-1127
2026-09-19T16:34:10Z,CHAN,3370,3370164,1000,100,0,9,0,-1090,-1130,-1112
2026-09-19T16:34:11Z,CHAN,3371,3371164,1000,100,0,18,0,-1090,-1130,-1110
2026-09-19T16:34:12Z,CHAN,3372,3372164,1000,100,0,13,0,-1100,-1130,-1111
2026-09-19T16:34:13Z,CHAN,3373,3373164,1000,100,0,10,0,-1100,-1130,-1112
2026-09-19T16:34:14Z,CHAN,3374,3374164,1000,100,0,10,0,-1100,-1120,-1112
2026-09-19T16:34:15Z,CHAN,3375,3375164,1000,100,0,13,0,-1100,-1130,-1111
2026-09-19T16:34:16Z,CHAN,3376,3376164,1000,100,0,14,0,-1090,-1130,-1112
2026-09-19T16:34:17Z,CHAN,3377,3377164,1000,100,0,17,0,-1090,-1120,-1111
2026-09-19T16:34:18Z,CHAN,3378,3378164,1000,100,0,9,0,-1100,-1130,-1112
2026-09-19T16:34:19Z,CHAN,3379,3379164,1000,100,0,14,0,-1090,-1130,-1112
2026-09-19T16:34:20Z,CHAN,3380,3380164,1000,100,0,12,0,-1090,-1130,-1112
2026-09-19T16:34:21Z,CHAN,3381,3381164,1000,100,0,15,0,-1090,-1130,-1111
2026-09-19T16:34:22Z,CHAN,3382,3382164,1000,100,0,19,0,-1100,-1130,-1111
2026-09-19T16:34:23Z,CHAN,3383,3383164,1000,100,0,19,0,-1100,-1120,-1110
2026-09-19T16:34:24Z,CHAN,3384,3384164,1000,100,0,16,0,-1090,-1130,-1111
2026-09-19T16:34:25Z,CHAN,3385,3385164,1000,100,0,13,0,-1090,-1120,-1111
2026-09-19T16:34:26Z,CHAN,3386,3386164,1000,100,0,21,0,-1100,-1120,-1110
2026-09-19T16:34:27Z,CHAN,3387,3387164,1000,100,0,14,0,-1090,-1120,-1111
2026-09-19T16:34:28Z,CHAN,3388,3388164,1000,100,0,13,0,-1100,-1120,-1111
2026-09-19T16:34:29Z,CHAN,3389,3389164,1000,100,0,23,0,-1090,-1120,-1109
2026-09-19T16:34:30Z,CHAN,3390,3390164,1000,100,0,16,0,-1100,-1120,-1111
2026-09-19T16:34:31Z,CHAN,3391,3391164,1000,100,0,13,0,-1090,-1130,-1112
2026-09-19T16:34:32Z,CHAN,3392,3392164,1000,100,0,11,0,-1100,-1120,-1113
2026-09-19T16:34:33Z,CHAN,3393,3393164,1000,100,0,17,0,-1090,-1120,-1110
2026-09-19T16:34:34Z,CHAN,3394,3394164,1000,100,0,15,0,-1090,-1130,-1112
2026-09-19T16:34:35Z,CHAN,3395,3395164,1000,100,0,12,0,-1100,-1130,-1112
2026-09-19T16:34:36Z,CHAN,3396,3396164,1000,100,0,12,0,-1090,-1120,-1113
2026-09-19T16:34:37Z,CHAN,3397,3397164,1000,100,0,9,0,-1100,-1130,-1112
2026-09-19T16:34:38Z,CHAN,3398,3398164,1000,100,0,5,0,-1090,-1120,-1114
2026-09-19T16:34:39Z,CHAN,3399,3399164,1000,100,0,7,0,-1100,-1130,-1114
2026-09-19T16:34:40Z,CHAN,3400,3400164,1000,100,0,9,0,-1100,-1120,-1114
2026-09-19T16:34:41Z,CHAN,3401,3401164,1000,100,0,7,0,-1100,-1130,-1114
2026-09-19T16:34:42Z,CHAN,3402,3402164,1000,100,0,7,0,-1090,-1120,-1113
2026-09-19T16:34:43Z,CHAN,3403,3403164,1000,100,0,7,0,-1100,-1130,-1112
2026-09-19T16:34:44Z,CHAN,3404,3404164,1000,100,0,9,0,-1090,-1130,-1113
2026-09-19T16:34:45Z,CHAN,3405,3405164,1000,100,0,12,0,-1100,-1130,-1112
2026-09-19T16:34:46Z,CHAN,3406,3406164,1000,100,0,10,0,-1100,-1120,-1113
2026-09-19T16:34:47Z,CHAN,3407,3407164,1000,100,0,14,0,-1100,-1130,-1113
2026-09-19T16:34:48Z,CHAN,3408,3408164,1000,100,0,7,0,-1100,-1130,-1114
2026-09-19T16:34:49Z,CHAN,3409,3409164,1000,100,0,7,0,-1100,-1130,-1113
2026-09-19T16:34:50Z,CHAN,3410,3410164,1000,100,0,8,0,-1100,-1130,-1114
2026-09-19T16:34:51Z,CHAN,3411,3411164,1000,100,0,9,0,-1100,-1130,-1113
2026-09-19T16:34:52Z,CHAN,3412,3412164,1000,100,0,10,0,-1100,-1130,-1113
2026-09-19T16:34:53Z,CHAN,3413,3413164,1000,100,0,6,0,-1100,-1130,-1114
2026-09-19T16:34:54Z,CHAN,3414,3414164,1000,100,0,6,0,-1100,-1120,-1113
2026-09-19T16:34:55Z,CHAN,3415,3415164,1000,100,0,2,0,-1100,-1120,-1114
2026-09-19T16:34:56Z,CHAN,3416,3416164,1000,100,0,6,0,-1100,-1130,-1113
2026-09-19T16:34:57Z,CHAN,3417,3417164,1000,100,0,6,0,-1100,-1130,-1113
2026-09-19T16:34:58Z,CHAN,3418,3418164,1000,100,0,3,0,-1100,-1120,-1113
2026-09-19T16:34:59Z,CHAN,3419,3419164,1000,100,0,5,0,-1100,-1120,-1113
2026-09-19T16:35:00Z,CHAN,3420,3420164,1000,100,0,8,0,-1100,-1130,-1112
2026-09-19T16:35:01Z,CHAN,3421,3421164,1000,100,0,2,0,-1100,-1130,-1114
2026-09-19T16:35:02Z,CHAN,3422,3422164,1000,100,0,2,0,-1100,-1130,-1113
2026-09-19T16:35:03Z,CHAN,3423,3423164,1000,100,0,14,0,-980,-1120,-1107
2026-09-19T16:35:04Z,CHAN,3424,3424164,1000,100,0,3,0,-1100,-1120,-1113
2026-09-19T16:35:05Z,CHAN,3425,3425164,1000,100,0,7,0,-1100,-1120,-1113
2026-09-19T16:35:06Z,CHAN,3426,3426164,1000,100,0,7,0,-930,-1120,-1106
2026-09-19T16:35:07Z,CHAN,3427,3427164,1000,100,0,2,0,-1100,-1130,-1114
2026-09-19T16:35:08Z,CHAN,3428,3428164,1000,100,0,5,0,-1100,-1130,-1114
2026-09-19T16:35:09Z,CHAN,3429,3429164,1000,100,0,4,0,-1100,-1130,-1114
2026-09-19T16:35:09Z,CHANSUM,3370,3429,60,60000,6000,0,613,0,60,0,-930,-1130,-1120,-1126
2026-09-19T16:35:10Z,CHAN,3430,3430164,1000,100,0,2,0,-1100,-1130,-1115
2026-09-19T16:35:11Z,CHAN,3431,3431164,1000,100,0,1,0,-1100,-1130,-1115
2026-09-19T16:35:12Z,CHAN,3432,3432164,1000,100,0,3,0,-1100,-1130,-1115
2026-09-19T16:35:13Z,CHAN,3433,3433164,1000,100,0,1,0,-1090,-1130,-1114
2026-09-19T16:35:14Z,CHAN,3434,3434164,1000,100,0,3,0,-1100,-1130,-1115
2026-09-19T16:35:15Z,CHAN,3435,3435164,1000,100,0,5,0,-1100,-1130,-1115
2026-09-19T16:35:16Z,CHAN,3436,3436164,1000,100,0,2,0,-1100,-1130,-1115
2026-09-19T16:35:17Z,CHAN,3437,3437164,1000,100,0,2,0,-1100,-1130,-1115
2026-09-19T16:35:18Z,CHAN,3438,3438164,1000,100,0,8,0,-1100,-1130,-1115
2026-09-19T16:35:19Z,CHAN,3439,3439164,1000,100,0,7,0,-1100,-1130,-1115
2026-09-19T16:35:20Z,CHAN,3440,3440164,1000,100,0,5,0,-1100,-1130,-1115
2026-09-19T16:35:21Z,CHAN,3441,3441164,1000,100,0,5,0,-1100,-1130,-1115
2026-09-19T16:35:22Z,CHAN,3442,3442164,1000,100,0,5,0,-1100,-1140,-1114
2026-09-19T16:35:23Z,CHAN,3443,3443164,1000,100,0,10,0,-1100,-1130,-1114
2026-09-19T16:35:24Z,CHAN,3444,3444164,1000,100,0,9,0,-1100,-1140,-1114
2026-09-19T16:35:25Z,CHAN,3445,3445164,1000,100,0,2,0,-1100,-1130,-1115
2026-09-19T16:35:26Z,CHAN,3446,3446164,1000,100,0,5,0,-1100,-1130,-1114
2026-09-19T16:35:27Z,CHAN,3447,3447164,1000,100,0,3,0,-1100,-1130,-1115
2026-09-19T16:35:28Z,CHAN,3448,3448164,1000,100,0,5,0,-1100,-1140,-1114
2026-09-19T16:35:29Z,CHAN,3449,3449164,1000,100,0,10,0,-1100,-1140,-1114
2026-09-19T16:35:30Z,CHAN,3450,3450164,1000,100,0,9,0,-1100,-1140,-1115
2026-09-19T16:35:31Z,CHAN,3451,3451164,1000,100,0,4,0,-1100,-1130,-1114
2026-09-19T16:35:32Z,CHAN,3452,3452164,1000,100,0,5,0,-1100,-1130,-1114
2026-09-19T16:35:33Z,CHAN,3453,3453164,1000,100,0,7,0,-1100,-1130,-1114
2026-09-19T16:35:34Z,CHAN,3454,3454164,1000,100,0,10,0,-1090,-1130,-1113
2026-09-19T16:35:35Z,CHAN,3455,3455164,1000,100,0,9,0,-1100,-1130,-1114
2026-09-19T16:35:36Z,CHAN,3456,3456164,1000,100,0,2,0,-1100,-1130,-1114
2026-09-19T16:35:37Z,CHAN,3457,3457164,1000,100,0,9,0,-1100,-1130,-1114
2026-09-19T16:35:38Z,CHAN,3458,3458164,1000,100,0,10,0,-1100,-1130,-1114
2026-09-19T16:35:39Z,CHAN,3459,3459164,1000,100,0,5,0,-1100,-1130,-1114
2026-09-19T16:35:40Z,CHAN,3460,3460164,1000,100,0,15,0,-1100,-1130,-1114
2026-09-19T16:35:41Z,CHAN,3461,3461164,1000,100,0,9,0,-1090,-1130,-1113
2026-09-19T16:35:42Z,CHAN,3462,3462164,1000,100,0,7,0,-1100,-1130,-1114
2026-09-19T16:35:43Z,CHAN,3463,3463164,1000,100,0,11,0,-1100,-1130,-1113
2026-09-19T16:35:44Z,CHAN,3464,3464164,1000,100,0,7,0,-1100,-1130,-1114
2026-09-19T16:35:45Z,CHAN,3465,3465164,1000,100,0,12,0,-1100,-1130,-1113
2026-09-19T16:35:46Z,CHAN,3466,3466164,1000,100,0,8,0,-1100,-1130,-1114
2026-09-19T16:35:47Z,CHAN,3467,3467164,1000,100,0,5,0,-1100,-1130,-1115
2026-09-19T16:35:48Z,CHAN,3468,3468164,1000,100,0,11,0,-1100,-1130,-1114
2026-09-19T16:35:49Z,CHAN,3469,3469164,1000,100,0,8,0,-1090,-1130,-1113
2026-09-19T16:35:50Z,CHAN,3470,3470164,1000,100,0,10,0,-1100,-1130,-1114
2026-09-19T16:35:51Z,CHAN,3471,3471164,1000,100,0,6,0,-1090,-1120,-1113
2026-09-19T16:35:52Z,CHAN,3472,3472164,1000,100,0,8,0,-1100,-1130,-1113
2026-09-19T16:35:53Z,CHAN,3473,3473164,1000,100,0,10,0,-1100,-1130,-1114
2026-09-19T16:35:54Z,CHAN,3474,3474164,1000,100,0,11,0,-1090,-1130,-1113
2026-09-19T16:35:55Z,CHAN,3475,3475164,1000,100,0,7,0,-1090,-1140,-1114
2026-09-19T16:35:56Z,CHAN,3476,3476164,1000,100,0,10,0,-1100,-1140,-1114
2026-09-19T16:35:57Z,CHAN,3477,3477164,1000,100,0,5,0,-1100,-1130,-1115
2026-09-19T16:35:58Z,CHAN,3478,3478164,1000,100,0,10,0,-1100,-1130,-1113
2026-09-19T16:35:59Z,CHAN,3479,3479164,1000,100,0,12,0,-1100,-1130,-1113
2026-09-19T16:36:00Z,CHAN,3480,3480164,1000,100,0,12,0,-600,-1130,-1108
2026-09-19T16:36:01Z,CHAN,3481,3481164,1000,100,0,10,0,-1100,-1130,-1113
2026-09-19T16:36:02Z,CHAN,3482,3482164,1000,100,0,3,0,-1100,-1130,-1114
2026-09-19T16:36:03Z,CHAN,3483,3483164,1000,100,0,14,0,-1100,-1140,-1114
2026-09-19T16:36:04Z,CHAN,3484,3484164,1000,100,0,9,0,-1100,-1130,-1113
2026-09-19T16:36:05Z,CHAN,3485,3485164,1000,100,0,8,0,-1090,-1130,-1112
2026-09-19T16:36:06Z,CHAN,3486,3486164,1000,100,0,10,0,-1100,-1130,-1113
2026-09-19T16:36:07Z,CHAN,3487,3487164,1000,100,0,3,0,-1100,-1130,-1113
2026-09-19T16:36:08Z,CHAN,3488,3488164,1000,100,0,6,0,-1100,-1130,-1114
2026-09-19T16:36:09Z,CHAN,3489,3489164,1000,100,0,8,0,-1100,-1130,-1113
2026-09-19T16:36:09Z,CHANSUM,3430,3489,60,60000,6000,0,428,0,60,0,-600,-1140,-1120,-1131
2026-09-19T16:36:10Z,CHAN,3490,3490164,1000,100,0,9,0,-1100,-1140,-1114
2026-09-19T16:36:11Z,CHAN,3491,3491164,1000,100,0,6,0,-1100,-1130,-1114
2026-09-19T16:36:12Z,CHAN,3492,3492164,1000,100,0,6,0,-1100,-1130,-1114
2026-09-19T16:36:13Z,CHAN,3493,3493164,1000,100,0,7,0,-1100,-1130,-1115
2026-09-19T16:36:14Z,CHAN,3494,3494164,1000,100,0,7,0,-1100,-1130,-1114
2026-09-19T16:36:15Z,CHAN,3495,3495164,1000,100,0,7,0,-1100,-1130,-1114
2026-09-19T16:36:16Z,CHAN,3496,3496164,1000,100,0,6,0,-1100,-1140,-1114
2026-09-19T16:36:17Z,CHAN,3497,3497164,1000,100,0,10,0,-1100,-1130,-1114
2026-09-19T16:36:18Z,CHAN,3498,3498164,1000,100,0,14,0,-1100,-1130,-1113
2026-09-19T16:36:19Z,CHAN,3499,3499164,1000,100,0,14,0,-1090,-1130,-1113
2026-09-19T16:36:20Z,CHAN,3500,3500164,1000,100,0,9,0,-1080,-1130,-1114
2026-09-19T16:36:21Z,CHAN,3501,3501164,1000,100,0,11,0,-1090,-1130,-1114
2026-09-19T16:36:22Z,CHAN,3502,3502164,1000,100,0,5,0,-1100,-1130,-1115
2026-09-19T16:36:23Z,CHAN,3503,3503164,1000,100,0,11,0,-1100,-1130,-1114
2026-09-19T16:36:24Z,CHAN,3504,3504164,1000,100,0,6,0,-1100,-1130,-1115
2026-09-19T16:36:25Z,CHAN,3505,3505164,1000,100,0,8,0,-1100,-1140,-1114
2026-09-19T16:36:26Z,CHAN,3506,3506164,1000,100,0,8,0,-1100,-1130,-1114
2026-09-19T16:36:27Z,CHAN,3507,3507164,1000,100,0,7,0,-1100,-1130,-1114
2026-09-19T16:36:28Z,CHAN,3508,3508164,1000,100,0,6,0,-1100,-1130,-1115
2026-09-19T16:36:29Z,CHAN,3509,3509164,1000,100,0,6,0,-1100,-1140,-1116
2026-09-19T16:36:30Z,CHAN,3510,3510164,1000,100,0,6,0,-1090,-1140,-1114
2026-09-19T16:36:31Z,CHAN,3511,3511164,1000,100,0,6,0,-1100,-1140,-1116
2026-09-19T16:36:32Z,CHAN,3512,3512164,1000,100,0,6,0,-1100,-1130,-1114
2026-09-19T16:36:33Z,CHAN,3513,3513164,1000,100,0,4,0,-1100,-1130,-1115
2026-09-19T16:36:34Z,CHAN,3514,3514164,1000,100,0,9,0,-1090,-1130,-1115
2026-09-19T16:36:35Z,CHAN,3515,3515164,1000,100,0,9,0,-1100,-1130,-1114
2026-09-19T16:36:36Z,CHAN,3516,3516164,1000,100,0,9,0,-1100,-1140,-1114
2026-09-19T16:36:37Z,CHAN,3517,3517164,1000,100,0,8,0,-1100,-1130,-1114
2026-09-19T16:36:38Z,CHAN,3518,3518164,1000,100,0,5,0,-1100,-1130,-1114
2026-09-19T16:36:39Z,CHAN,3519,3519164,1000,100,0,7,0,-1100,-1130,-1114
2026-09-19T16:36:40Z,CHAN,3520,3520164,1000,100,0,8,0,-1100,-1130,-1114
2026-09-19T16:36:41Z,CHAN,3521,3521164,1000,100,0,7,0,-1100,-1130,-1114
2026-09-19T16:36:42Z,CHAN,3522,3522164,1000,100,0,10,0,-1100,-1130,-1115
2026-09-19T16:36:43Z,CHAN,3523,3523164,1000,100,0,8,0,-1090,-1140,-1115
2026-09-19T16:36:44Z,CHAN,3524,3524164,1000,100,0,8,0,-1100,-1130,-1115
2026-09-19T16:36:45Z,CHAN,3525,3525164,1000,100,0,9,0,-1100,-1130,-1114
2026-09-19T16:36:46Z,CHAN,3526,3526164,1000,100,0,7,0,-1100,-1140,-1116
2026-09-19T16:36:47Z,CHAN,3527,3527164,1000,100,0,7,0,-1100,-1130,-1115
2026-09-19T16:36:48Z,CHAN,3528,3528164,1000,100,0,1,0,-1100,-1130,-1115
2026-09-19T16:36:49Z,CHAN,3529,3529164,1000,100,0,9,0,-1100,-1140,-1115
2026-09-19T16:36:50Z,CHAN,3530,3530164,1000,100,0,5,0,-1100,-1130,-1115
2026-09-19T16:36:51Z,CHAN,3531,3531164,1000,100,0,3,0,-1090,-1130,-1115
2026-09-19T16:36:52Z,CHAN,3532,3532164,1000,100,0,3,0,-1100,-1130,-1115
2026-09-19T16:36:53Z,CHAN,3533,3533164,1000,100,0,4,0,-1100,-1130,-1115
2026-09-19T16:36:54Z,CHAN,3534,3534164,1000,100,0,2,0,-1100,-1140,-1116
2026-09-19T16:36:55Z,CHAN,3535,3535164,1000,100,0,3,0,-1100,-1140,-1114
2026-09-19T16:36:56Z,CHAN,3536,3536164,1000,100,0,6,0,-1100,-1140,-1115
2026-09-19T16:36:57Z,CHAN,3537,3537164,1000,100,0,6,0,-1100,-1140,-1115
2026-09-19T16:36:58Z,CHAN,3538,3538164,1000,100,0,9,0,-1100,-1140,-1115
2026-09-19T16:36:59Z,CHAN,3539,3539164,1000,100,0,6,0,-1100,-1130,-1115
2026-09-19T16:37:00Z,CHAN,3540,3540164,1000,100,0,1,0,-1100,-1140,-1114
2026-09-19T16:37:01Z,CHAN,3541,3541164,1000,100,0,5,0,-1100,-1130,-1115
2026-09-19T16:37:02Z,CHAN,3542,3542164,1000,100,0,6,0,-1100,-1130,-1114
2026-09-19T16:37:03Z,CHAN,3543,3543164,1000,100,0,6,0,-1100,-1130,-1115
2026-09-19T16:37:04Z,CHAN,3544,3544164,1000,100,0,10,0,-1100,-1130,-1114
2026-09-19T16:37:05Z,CHAN,3545,3545164,1000,100,0,2,0,-1100,-1140,-1115
2026-09-19T16:37:06Z,CHAN,3546,3546164,1000,100,0,5,0,-1100,-1130,-1115
2026-09-19T16:37:07Z,CHAN,3547,3547164,1000,100,0,5,0,-1100,-1130,-1115
2026-09-19T16:37:08Z,CHAN,3548,3548164,1000,100,0,6,0,-1100,-1140,-1115
2026-09-19T16:37:09Z,CHAN,3549,3549164,1000,100,0,7,0,-1100,-1130,-1115
2026-09-19T16:37:09Z,CHANSUM,3490,3549,60,60000,6000,0,406,0,60,0,-1080,-1140,-1130,-1133
2026-09-19T16:37:10Z,CHAN,3550,3550164,1000,100,0,5,0,-1100,-1130,-1115
2026-09-19T16:37:11Z,CHAN,3551,3551164,1000,100,0,5,0,-1100,-1130,-1115
2026-09-19T16:37:12Z,CHAN,3552,3552164,1000,100,0,5,0,-1090,-1130,-1115
2026-09-19T16:37:13Z,CHAN,3553,3553164,1000,100,0,8,0,-1100,-1130,-1114
2026-09-19T16:37:14Z,CHAN,3554,3554164,1000,100,0,10,0,-1100,-1140,-1114
2026-09-19T16:37:15Z,CHAN,3555,3555164,1000,100,0,10,0,-1100,-1130,-1113
2026-09-19T16:37:16Z,CHAN,3556,3556164,1000,100,0,7,0,-1100,-1130,-1114
2026-09-19T16:37:17Z,CHAN,3557,3557164,1000,100,0,12,0,-1090,-1140,-1113
2026-09-19T16:37:18Z,CHAN,3558,3558164,1000,100,0,8,0,-1100,-1130,-1114
2026-09-19T16:37:19Z,CHAN,3559,3559164,1000,100,0,7,0,-1100,-1130,-1114
2026-09-19T16:37:20Z,CHAN,3560,3560164,1000,100,0,9,0,-1100,-1140,-1114
2026-09-19T16:37:21Z,CHAN,3561,3561164,1000,100,0,10,0,-1090,-1140,-1114
2026-09-19T16:37:22Z,CHAN,3562,3562164,1000,100,0,13,0,-1090,-1130,-1114
2026-09-19T16:37:23Z,CHAN,3563,3563164,1000,100,0,11,0,-1100,-1130,-1114
2026-09-19T16:37:24Z,CHAN,3564,3564164,1000,100,0,10,0,-1100,-1130,-1114
2026-09-19T16:37:25Z,CHAN,3565,3565164,1000,100,0,8,0,-1100,-1130,-1114
2026-09-19T16:37:26Z,CHAN,3566,3566164,1000,100,0,7,0,-1090,-1130,-1113
2026-09-19T16:37:27Z,CHAN,3567,3567164,1000,100,0,5,0,-1100,-1130,-1114
2026-09-19T16:37:28Z,CHAN,3568,3568164,1000,100,0,6,0,-1100,-1130,-1114
2026-09-19T16:37:29Z,CHAN,3569,3569164,1000,100,0,6,0,-1100,-1130,-1113
2026-09-19T16:37:30Z,CHAN,3570,3570164,1000,100,0,10,0,-1100,-1140,-1113
2026-09-19T16:37:31Z,CHAN,3571,3571164,1000,100,0,10,0,-1100,-1130,-1113
2026-09-19T16:37:32Z,CHAN,3572,3572164,1000,100,0,11,0,-1100,-1130,-1113
2026-09-19T16:37:33Z,CHAN,3573,3573164,1000,100,0,11,0,-1090,-1130,-1113
2026-09-19T16:37:34Z,CHAN,3574,3574164,1000,100,0,14,0,-1100,-1130,-1113
2026-09-19T16:37:35Z,CHAN,3575,3575164,1000,100,0,6,0,-1100,-1130,-1114
2026-09-19T16:37:36Z,CHAN,3576,3576164,1000,100,0,13,0,-1100,-1130,-1112
2026-09-19T16:37:37Z,CHAN,3577,3577164,1000,100,0,10,0,-1100,-1140,-1113
2026-09-19T16:37:38Z,CHAN,3578,3578164,1000,100,0,15,0,-1100,-1130,-1112
2026-09-19T16:37:39Z,CHAN,3579,3579164,1000,100,0,9,0,-1090,-1130,-1114
2026-09-19T16:37:40Z,CHAN,3580,3580164,1000,100,0,11,0,-1090,-1130,-1113
2026-09-19T16:37:41Z,CHAN,3581,3581164,1000,100,0,10,0,-1100,-1130,-1112
2026-09-19T16:37:42Z,CHAN,3582,3582164,1000,100,0,9,0,-1100,-1130,-1113
2026-09-19T16:37:43Z,CHAN,3583,3583164,1000,100,0,9,0,-1100,-1130,-1113
2026-09-19T16:37:44Z,CHAN,3584,3584164,1000,100,0,10,0,-1100,-1130,-1114
2026-09-19T16:37:45Z,CHAN,3585,3585164,1000,100,0,9,0,-1100,-1130,-1113
2026-09-19T16:37:46Z,CHAN,3586,3586164,1000,100,0,5,0,-1100,-1130,-1113
2026-09-19T16:37:47Z,CHAN,3587,3587164,1000,100,0,10,0,-1100,-1130,-1114
2026-09-19T16:37:48Z,CHAN,3588,3588164,1000,100,0,10,0,-1100,-1130,-1113
2026-09-19T16:37:49Z,CHAN,3589,3589164,1000,100,0,13,0,-1100,-1130,-1112
2026-09-19T16:37:50Z,CHAN,3590,3590164,1000,100,0,8,0,-1100,-1130,-1114
2026-09-19T16:37:51Z,CHAN,3591,3591164,1000,100,0,6,0,-1100,-1130,-1113
2026-09-19T16:37:52Z,CHAN,3592,3592164,1000,100,0,9,0,-1100,-1140,-1113
2026-09-19T16:37:53Z,CHAN,3593,3593164,1000,100,0,11,0,-1100,-1130,-1113
2026-09-19T16:37:54Z,CHAN,3594,3594164,1000,100,0,7,0,-1100,-1130,-1114
2026-09-19T16:37:55Z,CHAN,3595,3595164,1000,100,0,14,0,-1090,-1130,-1112
2026-09-19T16:37:56Z,CHAN,3596,3596164,1000,100,0,9,0,-1100,-1130,-1113
2026-09-19T16:37:57Z,CHAN,3597,3597164,1000,100,0,18,0,-970,-1130,-1107
2026-09-19T16:37:58Z,CHAN,3598,3598164,1000,100,0,13,0,-1100,-1130,-1113
2026-09-19T16:37:59Z,CHAN,3599,3599164,1000,100,0,12,0,-1100,-1130,-1112
# M25 capture closed 2026-09-19T16:37:59Z
