# M25 capture opened 2026-09-19T17:56:58Z port=/dev/cu.usbserial-3 baud=115200
2026-09-19T17:56:58Z,#PORT-OPEN
2026-09-19T17:56:58Z,#RESET
2026-09-19T17:56:58Z,ESP-ROM:esp32s3-20210327
2026-09-19T17:56:58Z,Build:Mar 27 2021
2026-09-19T17:56:58Z,rst:0x1 (POWERON),boot:0x29 (SPI_FAST_FLASH_BOOT)
2026-09-19T17:56:58Z,SPIWP:0xee
2026-09-19T17:56:58Z,mode:DIO, clock div:1
2026-09-19T17:56:58Z,load:0x3fce3808,len:0x4bc
2026-09-19T17:56:58Z,load:0x403c9700,len:0xbd8
2026-09-19T17:56:58Z,load:0x403cc700,len:0x2a0c
2026-09-19T17:56:58Z,entry 0x403c98d0
2026-09-19T17:56:58Z,LRAN chan-capture - listen-only channel sampler, never transmits (6bf9a38)
2026-09-19T17:56:58Z,Board: heltec_wifi_lora_32_V3
2026-09-19T17:56:58Z,MAC: 44:1b:f6:fa:bc:2c
2026-09-19T17:56:58Z,capture: sampling 917200000 Hz (stored)
2026-09-19T17:56:58Z,PHY: 917.2 MHz, SF9, BW 125 kHz, CR 4/5, receive only
2026-09-19T17:56:58Z,CHAN-BOOT,6bf9a38,917200000,9,1250,1000,-1100,10
2026-09-19T17:56:59Z,radio: up, receiving
2026-09-19T17:57:09Z,CHANSUM,0,9,10,10000,999,1,0,0,0,0,-1110,-1160,-1160,-1160
2026-09-19T17:57:41Z,CHAN,41,41164,1000,100,0,4,0,-960,-1160,-1142
2026-09-19T17:57:42Z,CHAN,42,42164,1000,100,0,2,0,-1010,-1170,-1146
2026-09-19T17:57:46Z,CHAN,46,46164,1000,100,0,5,0,-970,-1160,-1140
2026-09-19T17:58:09Z,CHANSUM,10,69,60,60000,6000,0,11,0,3,0,-960,-1170,-1160,-1160
2026-09-19T17:58:41Z,CHAN,101,101164,1000,100,0,9,0,-890,-1160,-1124
2026-09-19T17:59:09Z,CHANSUM,70,129,60,60000,6000,0,9,0,1,0,-890,-1160,-1160,-1160
2026-09-19T17:59:56Z,CHAN,176,176164,1000,100,0,8,0,-960,-1160,-1137
2026-09-19T18:00:09Z,CHANSUM,130,189,60,60000,6000,0,8,0,1,0,-960,-1170,-1160,-1160
2026-09-19T18:00:20Z,CHAN,200,200164,1000,100,0,1,0,-860,-1160,-1145
2026-09-19T18:00:21Z,CHAN,201,201164,1000,100,0,2,0,-930,-1160,-1145
2026-09-19T18:00:24Z,CHAN,204,204164,1000,100,0,5,0,-1090,-1160,-1146
2026-09-19T18:00:59Z,CHAN,239,239164,1000,100,0,5,0,-1040,-1160,-1143
2026-09-19T18:01:06Z,CHAN,246,246164,1000,100,0,2,0,-1000,-1160,-1146
2026-09-19T18:01:09Z,CHANSUM,190,249,60,60000,6000,0,15,0,5,0,-860,-1160,-1160,-1160
2026-09-19T18:01:46Z,CHAN,286,286164,1000,100,0,9,0,-950,-1160,-1130
2026-09-19T18:02:09Z,CHANSUM,250,309,60,60000,6000,0,9,0,1,0,-950,-1170,-1160,-1160
2026-09-19T18:03:09Z,CHANSUM,310,369,60,60000,6000,0,0,0,0,0,-1120,-1160,-1160,-1160
2026-09-19T18:03:56Z,CHAN,416,416164,1000,100,0,9,0,-920,-1160,-1127
2026-09-19T18:03:57Z,CHAN,417,417164,1000,100,0,1,0,-1090,-1160,-1147
2026-09-19T18:04:09Z,CHANSUM,370,429,60,60000,6000,0,10,0,2,0,-920,-1160,-1160,-1160
2026-09-19T18:04:47Z,CHAN,467,467164,1000,100,0,1,0,-1090,-1160,-1147
2026-09-19T18:04:48Z,CHAN,468,468164,1000,100,0,1,0,-1080,-1160,-1148
2026-09-19T18:05:09Z,CHANSUM,430,489,60,60000,6000,0,2,0,2,0,-1080,-1170,-1160,-1160
2026-09-19T18:05:56Z,CHAN,536,536164,1000,100,0,1,0,-1020,-1160,-1146
2026-09-19T18:06:09Z,CHANSUM,490,549,60,60000,6000,0,1,0,1,0,-1020,-1170,-1160,-1160
2026-09-19T18:06:16Z,CHAN,556,556164,1000,100,0,4,0,-1090,-1160,-1146
2026-09-19T18:06:55Z,CHAN,595,595164,1000,100,0,1,0,-990,-1160,-1146
2026-09-19T18:07:09Z,CHANSUM,550,609,60,60000,6000,0,5,0,2,0,-990,-1160,-1160,-1160
2026-09-19T18:08:04Z,CHAN,664,664164,1000,100,0,2,0,-910,-1160,-1144
2026-09-19T18:08:09Z,CHANSUM,610,669,60,60000,6000,0,2,0,1,0,-910,-1160,-1160,-1160
2026-09-19T18:09:03Z,CHAN,723,723164,1000,100,0,7,0,-940,-1160,-1137
2026-09-19T18:09:09Z,CHANSUM,670,729,60,60000,6000,0,7,0,1,0,-940,-1160,-1160,-1160
2026-09-19T18:09:38Z,CHAN,758,758164,1000,100,0,2,0,-940,-1160,-1144
2026-09-19T18:09:42Z,CHAN,762,762164,1000,100,0,5,0,-1080,-1160,-1145
2026-09-19T18:10:09Z,CHANSUM,730,789,60,60000,6000,0,7,0,2,0,-940,-1160,-1160,-1160
2026-09-19T18:11:09Z,CHANSUM,790,849,60,60000,6000,0,0,0,0,0,-1130,-1160,-1150,-1159
2026-09-19T18:11:27Z,CHAN,867,867164,1000,100,0,2,0,-990,-1160,-1145
2026-09-19T18:11:46Z,CHAN,886,886164,1000,100,0,5,0,-1070,-1160,-1144
2026-09-19T18:12:09Z,CHANSUM,850,909,60,60000,6000,0,7,0,2,0,-990,-1160,-1160,-1160
2026-09-19T18:12:25Z,CHAN,925,925164,1000,100,0,2,0,-1090,-1160,-1146
2026-09-19T18:12:42Z,CHAN,942,942164,1000,100,0,2,0,-810,-1170,-1143
2026-09-19T18:12:44Z,CHAN,944,944164,1000,100,0,2,0,-1000,-1160,-1146
2026-09-19T18:13:00Z,CHAN,960,960164,1000,100,0,1,0,-1090,-1170,-1148
2026-09-19T18:13:01Z,CHAN,961,961164,1000,100,0,1,0,-1100,-1160,-1148
2026-09-19T18:13:02Z,CHAN,962,962164,1000,100,0,36,0,-970,-1160,-1098
2026-09-19T18:13:03Z,CHAN,963,963164,1000,100,0,61,0,-950,-1160,-1055
2026-09-19T18:13:04Z,CHAN,964,964164,1000,100,0,13,0,-970,-1160,-1127
2026-09-19T18:13:07Z,CHAN,967,967164,1000,100,0,4,0,-1080,-1160,-1144
2026-09-19T18:13:09Z,CHAN,969,969164,1000,100,0,1,0,-1090,-1160,-1148
2026-09-19T18:13:09Z,CHANSUM,910,969,60,60000,6000,0,123,0,10,0,-810,-1170,-1160,-1160
2026-09-19T18:13:13Z,CHAN,973,973164,1000,100,0,4,0,-1070,-1160,-1145
2026-09-19T18:13:18Z,CHAN,978,978164,1000,100,0,1,0,-1090,-1160,-1147
2026-09-19T18:13:19Z,CHAN,979,979164,1000,100,0,1,0,-1080,-1160,-1148
2026-09-19T18:13:21Z,CHAN,981,981164,1000,100,0,1,0,-1100,-1160,-1148
2026-09-19T18:13:22Z,CHAN,982,982164,1000,100,0,1,0,-1100,-1160,-1148
2026-09-19T18:13:35Z,CHAN,995,995164,1000,100,0,1,0,-1100,-1160,-1147
2026-09-19T18:13:39Z,CHAN,999,999164,1000,100,0,1,0,-1080,-1160,-1148
2026-09-19T18:14:04Z,CHAN,1024,1024164,1000,100,0,1,0,-1100,-1160,-1148
2026-09-19T18:14:08Z,CHAN,1028,1028164,1000,100,0,51,0,-940,-1150,-1059
2026-09-19T18:14:09Z,CHAN,1029,1029164,1000,100,0,13,0,-960,-1160,-1127
2026-09-19T18:14:09Z,CHANSUM,970,1029,60,60000,6000,0,75,0,10,0,-940,-1160,-1150,-1159
2026-09-19T18:14:12Z,CHAN,1032,1032164,1000,100,0,1,0,-1090,-1160,-1147
2026-09-19T18:14:13Z,CHAN,1033,1033164,1000,100,0,2,0,-1080,-1160,-1147
2026-09-19T18:14:14Z,CHAN,1034,1034164,1000,100,0,1,0,-1070,-1160,-1147
2026-09-19T18:14:50Z,CHAN,1070,1070164,1000,100,0,1,0,-1090,-1160,-1148
2026-09-19T18:14:51Z,CHAN,1071,1071164,1000,100,0,1,0,-1100,-1160,-1147
2026-09-19T18:14:59Z,CHAN,1079,1079164,1000,100,0,1,0,-1070,-1160,-1147
2026-09-19T18:15:00Z,CHAN,1080,1080164,1000,100,0,1,0,-1100,-1160,-1146
2026-09-19T18:15:06Z,CHAN,1086,1086164,1000,100,0,1,0,-1100,-1160,-1148
2026-09-19T18:15:09Z,CHANSUM,1030,1089,60,60000,6000,0,9,0,8,0,-1070,-1160,-1160,-1160
2026-09-19T18:15:19Z,CHAN,1099,1099164,1000,100,0,1,0,-1100,-1160,-1147
2026-09-19T18:15:25Z,CHAN,1105,1105164,1000,100,0,1,0,-1100,-1160,-1148
2026-09-19T18:15:36Z,CHAN,1116,1116164,1000,100,0,1,0,-1100,-1160,-1147
2026-09-19T18:15:40Z,CHAN,1120,1120164,1000,100,0,1,0,-1100,-1160,-1148
2026-09-19T18:16:04Z,CHAN,1144,1144164,1000,100,0,1,0,-1050,-1160,-1146
2026-09-19T18:16:07Z,CHAN,1147,1147164,1000,100,0,2,0,-890,-1160,-1144
2026-09-19T18:16:09Z,CHANSUM,1090,1149,60,60000,6000,0,7,0,6,0,-890,-1170,-1160,-1160
2026-09-19T18:16:46Z,CHAN,1186,1186164,1000,100,0,1,0,-990,-1160,-1147
2026-09-19T18:16:49Z,CHAN,1189,1189164,1000,100,0,22,0,-940,-1160,-1106
2026-09-19T18:16:50Z,CHAN,1190,1190164,1000,100,0,35,0,-950,-1160,-1087
2026-09-19T18:17:09Z,CHAN,1209,1209164,1000,100,0,21,0,-950,-1160,-1114
2026-09-19T18:17:09Z,CHANSUM,1150,1209,60,60000,6000,0,79,0,4,0,-940,-1160,-1160,-1160
2026-09-19T18:17:10Z,CHAN,1210,1210164,1000,100,0,46,0,-950,-1160,-1080
2026-09-19T18:17:11Z,CHAN,1211,1211164,1000,100,0,21,0,-950,-1170,-1111
2026-09-19T18:17:13Z,CHAN,1213,1213164,1000,100,0,1,0,-1100,-1160,-1148
2026-09-19T18:17:16Z,CHAN,1216,1216164,1000,100,0,2,0,-980,-1160,-1145
2026-09-19T18:17:26Z,CHAN,1226,1226164,1000,100,0,2,0,-1070,-1160,-1146
2026-09-19T18:17:31Z,CHAN,1231,1231164,1000,100,0,9,0,-890,-1160,-1125
2026-09-19T18:17:33Z,CHAN,1233,1233164,1000,100,0,1,0,-1100,-1160,-1148
2026-09-19T18:18:03Z,CHAN,1263,1263164,1000,100,0,26,0,-950,-1160,-1110
2026-09-19T18:18:08Z,CHAN,1268,1268164,1000,100,0,1,0,-1100,-1160,-1148
2026-09-19T18:18:09Z,CHANSUM,1210,1269,60,60000,6000,0,109,0,9,0,-890,-1170,-1160,-1160
2026-09-19T18:18:13Z,CHAN,1273,1273164,1000,100,0,1,0,-1100,-1160,-1147
2026-09-19T18:18:20Z,CHAN,1280,1280164,1000,100,0,1,0,-930,-1160,-1146
2026-09-19T18:18:54Z,CHAN,1314,1314164,1000,100,0,3,0,-900,-1160,-1142
2026-09-19T18:18:55Z,CHAN,1315,1315164,1000,100,0,2,0,-1040,-1160,-1146
2026-09-19T18:18:57Z,CHAN,1317,1317164,1000,100,0,1,0,-1030,-1160,-1147
2026-09-19T18:19:06Z,CHAN,1326,1326164,1000,100,0,2,0,-930,-1160,-1143
2026-09-19T18:19:09Z,CHAN,1329,1329164,1000,100,0,8,0,-1000,-1160,-1136
2026-09-19T18:19:09Z,CHANSUM,1270,1329,60,60000,6000,0,18,0,7,0,-900,-1170,-1150,-1160
2026-09-19T18:19:35Z,CHAN,1355,1355164,1000,100,0,5,0,-640,-1160,-1127
2026-09-19T18:19:41Z,CHAN,1361,1361164,1000,100,0,9,0,-910,-1160,-1128
2026-09-19T18:20:09Z,CHANSUM,1330,1389,60,60000,6000,0,14,0,2,0,-640,-1160,-1160,-1160
2026-09-19T18:20:38Z,CHAN,1418,1418164,1000,100,0,1,0,-980,-1160,-1147
2026-09-19T18:20:40Z,CHAN,1420,1420164,1000,100,0,1,0,-1100,-1160,-1148
2026-09-19T18:20:42Z,CHAN,1422,1422164,1000,100,0,1,0,-1030,-1160,-1147
2026-09-19T18:20:53Z,CHAN,1433,1433164,1000,100,0,2,0,-1080,-1160,-1147
2026-09-19T18:20:54Z,CHAN,1434,1434164,1000,100,0,2,0,-1090,-1160,-1148
2026-09-19T18:21:02Z,CHAN,1442,1442164,1000,100,0,4,0,-970,-1170,-1143
2026-09-19T18:21:09Z,CHANSUM,1390,1449,60,60000,6000,0,11,0,6,0,-970,-1170,-1160,-1160
2026-09-19T18:21:12Z,CHAN,1452,1452164,1000,100,0,44,0,-940,-1160,-1085
2026-09-19T18:21:13Z,CHAN,1453,1453164,1000,100,0,28,0,-950,-1160,-1104
2026-09-19T18:21:18Z,CHAN,1458,1458164,1000,100,0,4,0,-1010,-1160,-1142
2026-09-19T18:21:27Z,CHAN,1467,1467164,1000,100,0,12,0,-1060,-1160,-1139
2026-09-19T18:21:37Z,CHAN,1477,1477164,1000,100,0,3,0,-970,-1160,-1144
2026-09-19T18:21:58Z,CHAN,1498,1498164,1000,100,0,3,0,-1090,-1160,-1147
2026-09-19T18:22:09Z,CHANSUM,1450,1509,60,60000,6000,0,94,0,6,0,-940,-1160,-1160,-1160
2026-09-19T18:22:17Z,CHAN,1517,1517164,1000,100,0,2,0,-1080,-1160,-1147
2026-09-19T18:22:26Z,CHAN,1526,1526164,1000,100,0,3,0,-870,-1160,-1141
2026-09-19T18:22:46Z,CHAN,1546,1546164,1000,100,0,10,0,-910,-1160,-1125
2026-09-19T18:22:47Z,CHAN,1547,1547164,1000,100,0,1,0,-1100,-1160,-1148
2026-09-19T18:22:55Z,CHAN,1555,1555164,1000,100,0,3,0,-1060,-1160,-1147
2026-09-19T18:23:05Z,CHAN,1565,1565164,1000,100,0,3,0,-1050,-1160,-1145
2026-09-19T18:23:09Z,CHANSUM,1510,1569,60,60000,6000,0,22,0,6,0,-870,-1160,-1150,-1159
2026-09-19T18:23:30Z,CHAN,1590,1590164,1000,100,0,2,0,-840,-1160,-1144
2026-09-19T18:23:31Z,CHAN,1591,1591164,1000,100,0,2,0,-940,-1170,-1145
2026-09-19T18:23:32Z,CHAN,1592,1592164,1000,100,0,2,0,-980,-1160,-1145
2026-09-19T18:23:33Z,CHAN,1593,1593164,1000,100,0,2,0,-1070,-1160,-1147
2026-09-19T18:23:51Z,CHAN,1611,1611164,1000,100,0,3,0,-1070,-1160,-1146
2026-09-19T18:24:05Z,CHAN,1625,1625164,1000,100,0,4,0,-1050,-1160,-1145
2026-09-19T18:24:09Z,CHANSUM,1570,1629,60,60000,6000,0,15,0,6,0,-840,-1170,-1160,-1160
2026-09-19T18:24:15Z,CHAN,1635,1635164,1000,100,0,3,0,-870,-1170,-1139
2026-09-19T18:24:25Z,CHAN,1645,1645164,1000,100,0,2,0,-1070,-1160,-1146
2026-09-19T18:24:28Z,CHAN,1648,1648164,1000,100,0,1,0,-1080,-1160,-1147
2026-09-19T18:24:35Z,CHAN,1655,1655164,1000,100,0,1,0,-980,-1160,-1148
2026-09-19T18:24:37Z,CHAN,1657,1657164,1000,100,0,4,0,-990,-1160,-1143
2026-09-19T18:24:38Z,CHAN,1658,1658164,1000,100,0,2,0,-990,-1160,-1146
2026-09-19T18:24:56Z,CHAN,1676,1676164,1000,100,0,9,0,-890,-1160,-1125
2026-09-19T18:25:04Z,CHAN,1684,1684164,1000,100,0,2,0,-1010,-1160,-1145
2026-09-19T18:25:07Z,CHAN,1687,1687164,1000,100,0,3,0,-950,-1160,-1144
2026-09-19T18:25:09Z,CHAN,1689,1689164,1000,100,0,1,0,-1100,-1160,-1148
2026-09-19T18:25:09Z,CHANSUM,1630,1689,60,60000,6000,0,28,0,10,0,-870,-1170,-1160,-1160
2026-09-19T18:25:45Z,CHAN,1725,1725164,1000,100,0,5,0,-880,-1160,-1134
2026-09-19T18:26:09Z,CHANSUM,1690,1749,60,60000,6000,0,5,0,1,0,-880,-1160,-1150,-1159
2026-09-19T18:26:11Z,CHAN,1751,1751164,1000,100,0,1,0,-1100,-1160,-1145
2026-09-19T18:26:40Z,CHAN,1780,1780164,1000,100,0,1,0,-1060,-1160,-1147
2026-09-19T18:26:57Z,CHAN,1797,1797164,1000,100,0,61,0,-950,-1160,-1084
2026-09-19T18:26:58Z,CHAN,1798,1798164,1000,100,0,46,0,-940,-1160,-1076
2026-09-19T18:26:59Z,CHAN,1799,1799164,1000,100,0,47,0,-950,-1160,-1096
2026-09-19T18:27:00Z,CHAN,1800,1800164,1000,100,0,59,0,-940,-1160,-1055
2026-09-19T18:27:02Z,CHAN,1802,1802164,1000,100,0,35,0,-950,-1160,-1098
2026-09-19T18:27:03Z,CHAN,1803,1803164,1000,100,0,40,0,-940,-1160,-1068
2026-09-19T18:27:09Z,CHANSUM,1750,1809,60,60000,6000,0,290,0,8,0,-940,-1160,-1160,-1160
2026-09-19T18:27:49Z,CHAN,1849,1849164,1000,100,0,5,0,-1000,-1160,-1141
2026-09-19T18:27:56Z,CHAN,1856,1856164,1000,100,0,33,0,-940,-1160,-1105
2026-09-19T18:27:57Z,CHAN,1857,1857164,1000,100,0,70,0,-940,-1160,-1050
2026-09-19T18:27:58Z,CHAN,1858,1858164,1000,100,0,4,0,-950,-1160,-1142
2026-09-19T18:28:09Z,CHANSUM,1810,1869,60,60000,6000,0,112,0,4,0,-940,-1160,-1160,-1160
2026-09-19T18:29:09Z,CHANSUM,1870,1929,60,60000,6000,0,0,0,0,0,-1130,-1160,-1160,-1160
2026-09-19T18:29:28Z,CHAN,1948,1948164,1000,100,0,6,0,-700,-1160,-1126
2026-09-19T18:29:34Z,CHAN,1954,1954164,1000,100,0,1,0,-840,-1160,-1145
2026-09-19T18:29:35Z,CHAN,1955,1955164,1000,100,0,3,0,-1010,-1160,-1145
2026-09-19T18:30:03Z,CHAN,1983,1983164,1000,100,0,1,0,-960,-1160,-1147
2026-09-19T18:30:09Z,CHANSUM,1930,1989,60,60000,6000,0,11,0,4,0,-700,-1160,-1160,-1160
2026-09-19T18:31:00Z,CHAN,2040,2040164,1000,100,0,5,0,-1020,-1170,-1145
2026-09-19T18:31:09Z,CHANSUM,1990,2049,60,60000,6000,0,5,0,1,0,-1020,-1170,-1160,-1160
2026-09-19T18:31:11Z,CHAN,2051,2051164,1000,100,0,9,0,-910,-1160,-1127
2026-09-19T18:31:31Z,CHAN,2071,2071164,1000,100,0,4,0,-1070,-1160,-1146
2026-09-19T18:31:36Z,CHAN,2076,2076164,1000,100,0,1,0,-1030,-1160,-1147
2026-09-19T18:31:54Z,CHAN,2094,2094164,1000,100,0,3,0,-1060,-1160,-1146
2026-09-19T18:32:09Z,CHANSUM,2050,2109,60,60000,6000,0,17,0,4,0,-910,-1160,-1160,-1160
2026-09-19T18:32:34Z,CHAN,2134,2134164,1000,100,0,3,0,-1060,-1160,-1146
2026-09-19T18:33:03Z,CHAN,2163,2163164,1000,100,0,2,0,-1100,-1160,-1147
2026-09-19T18:33:09Z,CHANSUM,2110,2169,60,60000,6000,0,5,0,2,0,-1060,-1160,-1160,-1160
2026-09-19T18:33:10Z,CHAN,2170,2170164,1000,100,0,4,0,-880,-1160,-1139
2026-09-19T18:33:21Z,CHAN,2181,2181164,1000,100,0,9,0,-890,-1160,-1125
2026-09-19T18:33:23Z,CHAN,2183,2183164,1000,100,0,2,0,-910,-1160,-1145
2026-09-19T18:33:38Z,CHAN,2198,2198164,1000,100,0,3,0,-1040,-1160,-1145
2026-09-19T18:33:45Z,CHAN,2205,2205164,1000,100,0,3,0,-1090,-1160,-1147
2026-09-19T18:33:56Z,CHAN,2216,2216164,1000,100,0,2,0,-1090,-1160,-1147
2026-09-19T18:34:04Z,CHAN,2224,2224164,1000,100,0,4,0,-1060,-1160,-1145
2026-09-19T18:34:09Z,CHANSUM,2170,2229,60,60000,6000,0,27,0,7,0,-880,-1160,-1160,-1160
2026-09-19T18:34:20Z,CHAN,2240,2240164,1000,100,0,4,0,-1070,-1160,-1146
2026-09-19T18:34:32Z,CHAN,2252,2252164,1000,100,0,1,0,-1090,-1160,-1147
2026-09-19T18:35:09Z,CHANSUM,2230,2289,60,60000,6000,0,5,0,2,0,-1070,-1160,-1160,-1160
2026-09-19T18:35:10Z,CHAN,2290,2290164,1000,100,0,5,0,-1060,-1160,-1145
2026-09-19T18:35:42Z,CHAN,2322,2322164,1000,100,0,5,0,-1050,-1160,-1144
2026-09-19T18:35:44Z,CHAN,2324,2324164,1000,100,0,1,0,-1000,-1160,-1146
2026-09-19T18:36:09Z,CHANSUM,2290,2349,60,60000,6000,0,11,0,3,0,-1000,-1160,-1160,-1160
2026-09-19T18:36:25Z,CHAN,2365,2365164,1000,100,0,1,0,-1020,-1160,-1147
2026-09-19T18:36:26Z,CHAN,2366,2366164,1000,100,0,9,0,-900,-1160,-1127
2026-09-19T18:37:09Z,CHANSUM,2350,2409,60,60000,6000,0,10,0,2,0,-900,-1160,-1160,-1160
2026-09-19T18:37:13Z,CHAN,2413,2413164,1000,100,0,1,0,-1100,-1160,-1148
2026-09-19T18:37:14Z,CHAN,2414,2414164,1000,100,0,1,0,-850,-1160,-1146
2026-09-19T18:38:04Z,CHAN,2464,2464164,1000,100,0,1,0,-1050,-1160,-1148
2026-09-19T18:38:05Z,CHAN,2465,2465164,1000,100,0,3,0,-890,-1160,-1144
2026-09-19T18:38:09Z,CHANSUM,2410,2469,60,60000,6000,0,6,0,4,0,-850,-1170,-1160,-1160
2026-09-19T18:38:10Z,CHAN,2470,2470164,1000,100,0,3,0,-910,-1160,-1144
2026-09-19T18:38:14Z,CHAN,2474,2474164,1000,100,0,1,0,-1010,-1160,-1147
2026-09-19T18:38:27Z,CHAN,2487,2487164,1000,100,0,2,0,-1100,-1160,-1147
2026-09-19T18:38:28Z,CHAN,2488,2488164,1000,100,0,5,0,-970,-1160,-1141
2026-09-19T18:38:35Z,CHAN,2495,2495164,1000,100,0,1,0,-900,-1160,-1146
2026-09-19T18:38:36Z,CHAN,2496,2496164,1000,100,0,9,0,-900,-1160,-1127
2026-09-19T18:39:09Z,CHANSUM,2470,2529,60,60000,6000,0,21,0,6,0,-900,-1160,-1160,-1160
2026-09-19T18:39:44Z,CHAN,2564,2564164,1000,100,0,3,0,-970,-1160,-1143
2026-09-19T18:39:45Z,CHAN,2565,2565164,1000,100,0,2,0,-930,-1160,-1146
2026-09-19T18:40:09Z,CHANSUM,2530,2589,60,60000,6000,0,5,0,2,0,-930,-1170,-1160,-1160
2026-09-19T18:40:45Z,CHAN,2625,2625164,1000,100,0,5,0,-940,-1160,-1141
2026-09-19T18:41:09Z,CHANSUM,2590,2649,60,60000,6000,0,5,0,1,0,-940,-1160,-1160,-1160
2026-09-19T18:42:09Z,CHANSUM,2650,2709,60,60000,6000,0,0,0,0,0,-1110,-1160,-1160,-1160
2026-09-19T18:43:06Z,CHAN,2766,2766164,1000,100,0,5,0,-930,-1160,-1138
2026-09-19T18:43:09Z,CHANSUM,2710,2769,60,60000,6000,0,5,0,1,0,-930,-1160,-1160,-1160
2026-09-19T18:44:09Z,CHANSUM,2770,2829,60,60000,6000,0,0,0,0,0,-1130,-1160,-1160,-1160
2026-09-19T18:44:40Z,CHAN,2860,2860164,1000,100,0,5,0,-710,-1160,-1131
2026-09-19T18:45:03Z,CHAN,2883,2883164,1000,100,0,1,0,-950,-1160,-1146
2026-09-19T18:45:09Z,CHANSUM,2830,2889,60,60000,6000,0,6,0,2,0,-710,-1170,-1160,-1160
2026-09-19T18:45:15Z,CHAN,2895,2895164,1000,100,0,4,0,-1050,-1160,-1145
2026-09-19T18:45:28Z,CHAN,2908,2908164,1000,100,0,1,0,-1010,-1160,-1147
2026-09-19T18:45:29Z,CHAN,2909,2909164,1000,100,0,2,0,-930,-1160,-1144
2026-09-19T18:45:30Z,CHAN,2910,2910164,1000,100,0,1,0,-1080,-1160,-1148
2026-09-19T18:46:09Z,CHANSUM,2890,2949,60,60000,6000,0,8,0,4,0,-930,-1170,-1160,-1160
2026-09-19T18:46:10Z,CHAN,2950,2950164,1000,100,0,2,0,-900,-1160,-1144
2026-09-19T18:46:16Z,CHAN,2956,2956164,1000,100,0,3,0,-900,-1170,-1143
2026-09-19T18:46:24Z,CHAN,2964,2964164,1000,100,0,4,0,-890,-1160,-1138
2026-09-19T18:47:09Z,CHANSUM,2950,3009,60,60000,6000,0,9,0,3,0,-890,-1170,-1160,-1160
2026-09-19T18:47:42Z,CHAN,3042,3042164,1000,100,0,1,0,-1060,-1170,-1148
2026-09-19T18:48:04Z,CHAN,3064,3064164,1000,100,0,4,0,-1010,-1160,-1143
2026-09-19T18:48:09Z,CHANSUM,3010,3069,60,60000,6000,0,5,0,2,0,-1010,-1170,-1160,-1160
2026-09-19T18:49:09Z,CHANSUM,3070,3129,60,60000,6000,0,0,0,0,0,-1130,-1160,-1160,-1160
2026-09-19T18:49:59Z,CHAN,3179,3179164,1000,100,0,1,0,-1100,-1160,-1146
2026-09-19T18:50:09Z,CHANSUM,3130,3189,60,60000,6000,0,1,0,1,0,-1100,-1170,-1160,-1160
2026-09-19T18:50:18Z,CHAN,3198,3198164,1000,100,0,7,0,-980,-1160,-1139
2026-09-19T18:51:09Z,CHANSUM,3190,3249,60,60000,6000,0,7,0,1,0,-980,-1160,-1160,-1160
2026-09-19T18:51:33Z,CHAN,3273,3273164,1000,100,0,4,0,-1070,-1160,-1146
2026-09-19T18:51:36Z,CHAN,3276,3276164,1000,100,0,4,0,-1030,-1160,-1144
2026-09-19T18:52:09Z,CHANSUM,3250,3309,60,60000,6000,0,8,0,2,0,-1030,-1160,-1160,-1160
2026-09-19T18:52:10Z,CHAN,3310,3310164,1000,100,0,1,0,-910,-1160,-1146
2026-09-19T18:52:11Z,CHAN,3311,3311164,1000,100,0,8,0,-900,-1160,-1129
2026-09-19T18:52:56Z,CHAN,3356,3356164,1000,100,0,1,0,-940,-1160,-1147
2026-09-19T18:53:09Z,CHANSUM,3310,3369,60,60000,6000,0,10,0,3,0,-900,-1160,-1160,-1160
2026-09-19T18:53:24Z,CHAN,3384,3384164,1000,100,0,4,0,-1040,-1160,-1144
2026-09-19T18:54:09Z,CHANSUM,3370,3429,60,60000,6000,0,4,0,1,0,-1040,-1160,-1160,-1160
2026-09-19T18:54:11Z,CHAN,3431,3431164,1000,100,0,2,0,-940,-1160,-1145
2026-09-19T18:54:12Z,CHAN,3432,3432164,1000,100,0,1,0,-1000,-1160,-1148
2026-09-19T18:54:20Z,CHAN,3440,3440164,1000,100,0,1,0,-890,-1160,-1146
2026-09-19T18:54:21Z,CHAN,3441,3441164,1000,100,0,8,0,-890,-1160,-1127
2026-09-19T18:55:09Z,CHANSUM,3430,3489,60,60000,6000,0,12,0,4,0,-890,-1160,-1160,-1160
2026-09-19T18:55:40Z,CHAN,3520,3520164,1000,100,0,2,0,-930,-1160,-1145
2026-09-19T18:55:45Z,CHAN,3525,3525164,1000,100,0,3,0,-1060,-1160,-1146
2026-09-19T18:55:55Z,CHAN,3535,3535164,1000,100,0,1,0,-1090,-1160,-1147
2026-09-19T18:56:08Z,CHAN,3548,3548164,1000,100,0,4,0,-920,-1160,-1140
2026-09-19T18:56:09Z,CHANSUM,3490,3549,60,60000,6000,0,10,0,4,0,-920,-1160,-1160,-1160
2026-09-19T18:56:33Z,CHAN,3573,3573164,1000,100,0,3,0,-1050,-1160,-1145
2026-09-19T18:56:51Z,CHAN,3591,3591164,1000,100,0,1,0,-1070,-1160,-1148
2026-09-19T18:57:04Z,CHAN,3604,3604164,1000,100,0,3,0,-1040,-1160,-1145
2026-09-19T18:57:09Z,CHANSUM,3550,3609,60,60000,6000,0,7,0,3,0,-1040,-1160,-1160,-1160
2026-09-19T18:57:23Z,CHAN,3623,3623164,1000,100,0,5,0,-700,-1160,-1132
2026-09-19T18:57:25Z,CHAN,3625,3625164,1000,100,0,1,0,-910,-1160,-1147
2026-09-19T18:57:26Z,CHAN,3626,3626164,1000,100,0,8,0,-910,-1160,-1129
2026-09-19T18:57:40Z,CHAN,3640,3640164,1000,100,0,2,0,-1090,-1160,-1146
2026-09-19T18:58:09Z,CHANSUM,3610,3669,60,60000,6000,0,16,0,4,0,-700,-1160,-1160,-1160
2026-09-19T18:58:13Z,CHAN,3673,3673164,1000,100,0,4,0,-940,-1160,-1140
2026-09-19T18:58:26Z,CHAN,3686,3686164,1000,100,0,1,0,-940,-1160,-1145
2026-09-19T18:58:30Z,CHAN,3690,3690164,1000,100,0,5,0,-970,-1160,-1140
2026-09-19T18:58:45Z,CHAN,3705,3705164,1000,100,0,2,0,-1090,-1160,-1146
2026-09-19T18:58:59Z,CHAN,3719,3719164,1000,100,0,1,0,-1020,-1160,-1147
2026-09-19T18:59:00Z,CHAN,3720,3720164,1000,100,0,1,0,-1060,-1160,-1148
2026-09-19T18:59:01Z,CHAN,3721,3721164,1000,100,0,1,0,-1020,-1160,-1147
2026-09-19T18:59:08Z,CHAN,3728,3728164,1000,100,0,2,0,-1100,-1160,-1146
2026-09-19T18:59:09Z,CHANSUM,3670,3729,60,60000,6000,0,17,0,8,0,-940,-1160,-1160,-1160
2026-09-19T18:59:13Z,CHAN,3733,3733164,1000,100,0,3,0,-1060,-1160,-1147
2026-09-19T18:59:35Z,CHAN,3755,3755164,1000,100,0,1,0,-890,-1160,-1145
2026-09-19T18:59:36Z,CHAN,3756,3756164,1000,100,0,8,0,-890,-1160,-1129
2026-09-19T18:59:49Z,CHAN,3769,3769164,1000,100,0,1,0,-1050,-1160,-1148
2026-09-19T18:59:50Z,CHAN,3770,3770164,1000,100,0,2,0,-1070,-1160,-1147
2026-09-19T19:00:03Z,CHAN,3783,3783164,1000,100,0,4,0,-1010,-1160,-1143
2026-09-19T19:00:06Z,CHAN,3786,3786164,1000,100,0,2,0,-930,-1160,-1145
2026-09-19T19:00:09Z,CHANSUM,3730,3789,60,60000,6000,0,21,0,7,0,-890,-1160,-1150,-1159
2026-09-19T19:00:22Z,CHAN,3802,3802164,1000,100,0,1,0,-1090,-1160,-1148
2026-09-19T19:00:23Z,CHAN,3803,3803164,1000,100,0,3,0,-1090,-1160,-1147
2026-09-19T19:00:31Z,CHAN,3811,3811164,1000,100,0,1,0,-1100,-1170,-1148
2026-09-19T19:00:45Z,CHAN,3825,3825164,1000,100,0,4,0,-1090,-1160,-1147
2026-09-19T19:01:09Z,CHANSUM,3790,3849,60,60000,6000,0,9,0,4,0,-1090,-1170,-1160,-1160
2026-09-19T19:01:10Z,CHAN,3850,3850164,1000,100,0,4,0,-1070,-1160,-1145
2026-09-19T19:01:30Z,CHAN,3870,3870164,1000,100,0,7,0,-1060,-1160,-1142
2026-09-19T19:01:38Z,CHAN,3878,3878164,1000,100,0,1,0,-980,-1160,-1145
2026-09-19T19:02:09Z,CHANSUM,3850,3909,60,60000,6000,0,12,0,3,0,-980,-1170,-1160,-1160
2026-09-19T19:02:10Z,CHAN,3910,3910164,1000,100,0,4,0,-1060,-1160,-1144
2026-09-19T19:02:35Z,CHAN,3935,3935164,1000,100,0,1,0,-1100,-1160,-1146
2026-09-19T19:02:57Z,CHAN,3957,3957164,1000,100,0,1,0,-1100,-1160,-1146
2026-09-19T19:03:09Z,CHANSUM,3910,3969,60,60000,6000,0,6,0,3,0,-1060,-1160,-1150,-1159
2026-09-19T19:03:21Z,CHAN,3981,3981164,1000,100,0,5,0,-930,-1160,-1138
2026-09-19T19:03:31Z,CHAN,3991,3991164,1000,100,0,4,0,-1080,-1160,-1145
2026-09-19T19:03:34Z,CHAN,3994,3994164,1000,100,0,3,0,-1100,-1160,-1147
2026-09-19T19:03:44Z,CHAN,4004,4004164,1000,100,0,1,0,-890,-1160,-1146
2026-09-19T19:03:45Z,CHAN,4005,4005164,1000,100,0,2,0,-890,-1160,-1144
2026-09-19T19:04:05Z,CHAN,4025,4025164,1000,100,0,6,0,-1090,-1160,-1145
2026-09-19T19:04:09Z,CHANSUM,3970,4029,60,60000,6000,0,21,0,6,0,-890,-1170,-1150,-1160
2026-09-19T19:04:30Z,CHAN,4050,4050164,1000,100,0,2,0,-980,-1160,-1145
2026-09-19T19:04:34Z,CHAN,4054,4054164,1000,100,0,3,0,-1090,-1160,-1147
2026-09-19T19:05:09Z,CHANSUM,4030,4089,60,60000,6000,0,5,0,2,0,-980,-1160,-1160,-1160
2026-09-19T19:05:32Z,CHAN,4112,4112164,1000,100,0,3,0,-1070,-1160,-1147
2026-09-19T19:05:34Z,CHAN,4114,4114164,1000,100,0,3,0,-1030,-1160,-1145
2026-09-19T19:05:35Z,CHAN,4115,4115164,1000,100,0,1,0,-1060,-1160,-1147
2026-09-19T19:05:59Z,CHAN,4139,4139164,1000,100,0,4,0,-1000,-1160,-1142
2026-09-19T19:06:05Z,CHAN,4145,4145164,1000,100,0,3,0,-1050,-1160,-1146
2026-09-19T19:06:09Z,CHANSUM,4090,4149,60,60000,6000,0,14,0,5,0,-1000,-1160,-1160,-1160
2026-09-19T19:06:14Z,CHAN,4154,4154164,1000,100,0,12,0,-950,-1150,-1129
2026-09-19T19:06:32Z,CHAN,4172,4172164,1000,100,0,3,0,-1060,-1160,-1146
2026-09-19T19:06:41Z,CHAN,4181,4181164,1000,100,0,5,0,-700,-1160,-1131
2026-09-19T19:06:57Z,CHAN,4197,4197164,1000,100,0,2,0,-1090,-1160,-1146
2026-09-19T19:07:09Z,CHANSUM,4150,4209,60,60000,6000,0,22,0,4,0,-700,-1160,-1150,-1159
2026-09-19T19:07:16Z,CHAN,4216,4216164,1000,100,0,5,0,-1090,-1160,-1145
2026-09-19T19:07:17Z,CHAN,4217,4217164,1000,100,0,4,0,-1060,-1160,-1145
2026-09-19T19:07:26Z,CHAN,4226,4226164,1000,100,0,4,0,-1070,-1160,-1146
2026-09-19T19:07:27Z,CHAN,4227,4227164,1000,100,0,1,0,-1080,-1160,-1147
2026-09-19T19:07:33Z,CHAN,4233,4233164,1000,100,0,3,0,-980,-1160,-1143
2026-09-19T19:07:39Z,CHAN,4239,4239164,1000,100,0,4,0,-900,-1160,-1138
2026-09-19T19:08:09Z,CHANSUM,4210,4269,60,60000,6000,0,21,0,6,0,-900,-1160,-1160,-1160
2026-09-19T19:08:20Z,CHAN,4280,4280164,1000,100,0,3,0,-1020,-1160,-1145
2026-09-19T19:08:24Z,CHAN,4284,4284164,1000,100,0,3,0,-900,-1160,-1140
2026-09-19T19:08:26Z,CHAN,4286,4286164,1000,100,0,5,0,-710,-1160,-1131
2026-09-19T19:08:58Z,CHAN,4318,4318164,1000,100,0,3,0,-1070,-1160,-1146
2026-09-19T19:09:09Z,CHANSUM,4270,4329,60,60000,6000,0,14,0,4,0,-710,-1160,-1160,-1160
2026-09-19T19:09:23Z,CHAN,4343,4343164,1000,100,0,3,0,-1080,-1160,-1146
2026-09-19T19:09:31Z,CHAN,4351,4351164,1000,100,0,1,0,-1020,-1160,-1147
2026-09-19T19:09:32Z,CHAN,4352,4352164,1000,100,0,2,0,-1010,-1160,-1145
2026-09-19T19:09:38Z,CHAN,4358,4358164,1000,100,0,3,0,-1050,-1170,-1146
2026-09-19T19:09:58Z,CHAN,4378,4378164,1000,100,0,3,0,-1080,-1160,-1147
2026-09-19T19:10:09Z,CHANSUM,4330,4389,60,60000,6000,0,12,0,5,0,-1010,-1170,-1160,-1160
2026-09-19T19:10:17Z,CHAN,4397,4397164,1000,100,0,5,0,-880,-1160,-1134
2026-09-19T19:10:32Z,CHAN,4412,4412164,1000,100,0,3,0,-1000,-1160,-1144
2026-09-19T19:11:09Z,CHANSUM,4390,4449,60,60000,6000,0,8,0,2,0,-880,-1160,-1150,-1159
2026-09-19T19:11:16Z,CHAN,4456,4456164,1000,100,0,3,0,-1080,-1160,-1146
2026-09-19T19:11:28Z,CHAN,4468,4468164,1000,100,0,2,0,-1080,-1160,-1147
2026-09-19T19:11:29Z,CHAN,4469,4469164,1000,100,0,1,0,-1090,-1160,-1148
2026-09-19T19:11:31Z,CHAN,4471,4471164,1000,100,0,3,0,-1100,-1160,-1146
2026-09-19T19:11:43Z,CHAN,4483,4483164,1000,100,0,3,0,-1090,-1160,-1147
2026-09-19T19:12:06Z,CHAN,4506,4506164,1000,100,0,3,0,-1040,-1160,-1145
2026-09-19T19:12:09Z,CHANSUM,4450,4509,60,60000,6000,0,15,0,6,0,-1040,-1160,-1160,-1160
2026-09-19T19:12:18Z,CHAN,4518,4518164,1000,100,0,3,0,-1040,-1160,-1145
2026-09-19T19:13:09Z,CHANSUM,4510,4569,60,60000,6000,0,3,0,1,0,-1040,-1160,-1160,-1160
2026-09-19T19:13:10Z,CHAN,4570,4570164,1000,100,0,1,0,-910,-1160,-1146
2026-09-19T19:13:11Z,CHAN,4571,4571164,1000,100,0,8,0,-910,-1160,-1130
2026-09-19T19:13:22Z,CHAN,4582,4582164,1000,100,0,3,0,-1070,-1160,-1147
2026-09-19T19:13:32Z,CHAN,4592,4592164,1000,100,0,8,0,-1100,-1160,-1144
2026-09-19T19:13:33Z,CHAN,4593,4593164,1000,100,0,3,0,-1010,-1160,-1144
2026-09-19T19:13:36Z,CHAN,4596,4596164,1000,100,0,3,0,-1090,-1160,-1146
2026-09-19T19:13:44Z,CHAN,4604,4604164,1000,100,0,3,0,-1080,-1160,-1146
2026-09-19T19:14:01Z,CHAN,4621,4621164,1000,100,0,6,0,-700,-1160,-1124
2026-09-19T19:14:05Z,CHAN,4625,4625164,1000,100,0,6,0,-1100,-1160,-1145
2026-09-19T19:14:09Z,CHANSUM,4570,4629,60,60000,6000,0,41,0,9,0,-700,-1160,-1160,-1160
2026-09-19T19:14:21Z,CHAN,4641,4641164,1000,100,0,3,0,-1030,-1160,-1145
2026-09-19T19:14:22Z,CHAN,4642,4642164,1000,100,0,5,0,-880,-1160,-1135
2026-09-19T19:14:29Z,CHAN,4649,4649164,1000,100,0,4,0,-1080,-1160,-1146
2026-09-19T19:15:09Z,CHANSUM,4630,4689,60,60000,6000,0,12,0,3,0,-880,-1160,-1160,-1160
2026-09-19T19:15:20Z,CHAN,4700,4700164,1000,100,0,1,0,-900,-1160,-1146
2026-09-19T19:15:21Z,CHAN,4701,4701164,1000,100,0,8,0,-900,-1160,-1128
2026-09-19T19:16:09Z,CHANSUM,4690,4749,60,60000,6000,0,9,0,2,0,-900,-1170,-1150,-1160
2026-09-19T19:16:18Z,CHAN,4758,4758164,1000,100,0,5,0,-1040,-1160,-1143
2026-09-19T19:17:09Z,CHANSUM,4750,4809,60,60000,6000,0,5,0,1,0,-1040,-1160,-1160,-1160
2026-09-19T19:17:26Z,CHAN,4826,4826164,1000,100,0,5,0,-1090,-1160,-1145
2026-09-19T19:18:09Z,CHANSUM,4810,4869,60,60000,6000,0,5,0,1,0,-1090,-1170,-1160,-1160
2026-09-19T19:18:10Z,CHAN,4870,4870164,1000,100,0,5,0,-1090,-1160,-1145
2026-09-19T19:18:25Z,CHAN,4885,4885164,1000,100,0,1,0,-900,-1160,-1145
2026-09-19T19:18:26Z,CHAN,4886,4886164,1000,100,0,8,0,-900,-1170,-1128
2026-09-19T19:19:09Z,CHANSUM,4870,4929,60,60000,6000,0,14,0,3,0,-900,-1170,-1150,-1160
2026-09-19T19:19:26Z,CHAN,4946,4946164,1000,100,0,38,0,-900,-1160,-1058
2026-09-19T19:20:09Z,CHANSUM,4930,4989,60,60000,6000,0,38,0,1,0,-900,-1160,-1160,-1160
2026-09-19T19:20:35Z,CHAN,5015,5015164,1000,100,0,1,0,-890,-1160,-1146
2026-09-19T19:20:36Z,CHAN,5016,5016164,1000,100,0,8,0,-890,-1160,-1128
2026-09-19T19:20:46Z,CHAN,5026,5026164,1000,100,0,4,0,-1080,-1160,-1145
2026-09-19T19:21:08Z,CHAN,5048,5048164,1000,100,0,14,0,-960,-1160,-1129
2026-09-19T19:21:09Z,CHANSUM,4990,5049,60,60000,6000,0,27,0,4,0,-890,-1170,-1160,-1160
2026-09-19T19:21:23Z,CHAN,5063,5063164,1000,100,0,1,0,-1100,-1160,-1147
2026-09-19T19:21:28Z,CHAN,5068,5068164,1000,100,0,3,0,-1090,-1160,-1147
2026-09-19T19:21:32Z,CHAN,5072,5072164,1000,100,0,15,0,-970,-1160,-1129
2026-09-19T19:21:34Z,CHAN,5074,5074164,1000,100,0,6,0,-1040,-1160,-1143
2026-09-19T19:22:04Z,CHAN,5104,5104164,1000,100,0,5,0,-1070,-1160,-1144
2026-09-19T19:22:09Z,CHANSUM,5050,5109,60,60000,6000,0,30,0,5,0,-970,-1160,-1160,-1160
2026-09-19T19:22:23Z,CHAN,5123,5123164,1000,100,0,1,0,-1100,-1160,-1147
2026-09-19T19:22:40Z,CHAN,5140,5140164,1000,100,0,3,0,-1070,-1160,-1146
2026-09-19T19:22:47Z,CHAN,5147,5147164,1000,100,0,4,0,-1070,-1160,-1145
2026-09-19T19:22:59Z,CHAN,5159,5159164,1000,100,0,3,0,-1040,-1160,-1146
2026-09-19T19:23:09Z,CHANSUM,5110,5169,60,60000,6000,0,11,0,4,0,-1040,-1160,-1160,-1160
2026-09-19T19:23:13Z,CHAN,5173,5173164,1000,100,0,7,0,-1010,-1160,-1142
2026-09-19T19:23:22Z,CHAN,5182,5182164,1000,100,0,12,0,-970,-1160,-1132
2026-09-19T19:23:26Z,CHAN,5186,5186164,1000,100,0,2,0,-1100,-1160,-1146
2026-09-19T19:24:06Z,CHAN,5226,5226164,1000,100,0,5,0,-1070,-1160,-1146
2026-09-19T19:24:09Z,CHANSUM,5170,5229,60,60000,6000,0,26,0,4,0,-970,-1160,-1160,-1160
2026-09-19T19:24:19Z,CHAN,5239,5239164,1000,100,0,5,0,-990,-1160,-1141
2026-09-19T19:25:00Z,CHAN,5280,5280164,1000,100,0,1,0,-880,-1160,-1146
2026-09-19T19:25:07Z,CHAN,5287,5287164,1000,100,0,1,0,-1100,-1160,-1147
2026-09-19T19:25:09Z,CHANSUM,5230,5289,60,60000,6000,0,7,0,3,0,-880,-1160,-1160,-1160
2026-09-19T19:26:09Z,CHANSUM,5290,5349,60,60000,6000,0,0,0,0,0,-1130,-1160,-1160,-1160
2026-09-19T19:26:20Z,CHAN,5360,5360164,1000,100,0,8,0,-970,-1160,-1140
2026-09-19T19:26:40Z,CHAN,5380,5380164,1000,100,0,1,0,-970,-1160,-1146
2026-09-19T19:26:48Z,CHAN,5388,5388164,1000,100,0,4,0,-1100,-1160,-1146
2026-09-19T19:27:09Z,CHANSUM,5350,5409,60,60000,6000,0,13,0,3,0,-970,-1160,-1150,-1159
2026-09-19T19:27:37Z,CHAN,5437,5437164,1000,100,0,4,0,-1000,-1160,-1143
2026-09-19T19:27:38Z,CHAN,5438,5438164,1000,100,0,1,0,-1010,-1160,-1147
2026-09-19T19:28:09Z,CHANSUM,5410,5469,60,60000,6000,0,5,0,2,0,-1000,-1160,-1160,-1160
2026-09-19T19:28:40Z,CHAN,5500,5500164,1000,100,0,5,0,-1000,-1160,-1142
2026-09-19T19:28:50Z,CHAN,5510,5510164,1000,100,0,5,0,-1080,-1160,-1144
2026-09-19T19:29:09Z,CHANSUM,5470,5529,60,60000,6000,0,10,0,2,0,-1000,-1160,-1160,-1160
2026-09-19T19:30:08Z,CHAN,5588,5588164,1000,100,0,1,0,-970,-1160,-1146
2026-09-19T19:30:09Z,CHANSUM,5530,5589,60,60000,6000,0,1,0,1,0,-970,-1160,-1150,-1159
2026-09-19T19:30:15Z,CHAN,5595,5595164,1000,100,0,2,0,-1090,-1160,-1147
2026-09-19T19:30:39Z,CHAN,5619,5619164,1000,100,0,4,0,-1090,-1160,-1145
2026-09-19T19:31:09Z,CHANSUM,5590,5649,60,60000,6000,0,6,0,2,0,-1090,-1160,-1160,-1160
2026-09-19T19:31:21Z,CHAN,5661,5661164,1000,100,0,4,0,-1090,-1160,-1145
2026-09-19T19:31:28Z,CHAN,5668,5668164,1000,100,0,7,0,-980,-1160,-1139
2026-09-19T19:31:29Z,CHAN,5669,5669164,1000,100,0,6,0,-1000,-1160,-1141
2026-09-19T19:31:37Z,CHAN,5677,5677164,1000,100,0,1,0,-880,-1160,-1144
2026-09-19T19:31:51Z,CHAN,5691,5691164,1000,100,0,12,0,-1090,-1160,-1142
2026-09-19T19:32:09Z,CHANSUM,5650,5709,60,60000,6000,0,30,0,5,0,-880,-1160,-1160,-1160
2026-09-19T19:32:47Z,CHAN,5747,5747164,1000,100,0,4,0,-1080,-1160,-1145
2026-09-19T19:33:09Z,CHANSUM,5710,5769,60,60000,6000,0,4,0,1,0,-1080,-1160,-1160,-1160
2026-09-19T19:33:20Z,CHAN,5780,5780164,1000,100,0,3,0,-990,-1160,-1144
2026-09-19T19:33:31Z,CHAN,5791,5791164,1000,100,0,10,0,-930,-1160,-1133
2026-09-19T19:34:09Z,CHANSUM,5770,5829,60,60000,6000,0,13,0,2,0,-930,-1160,-1150,-1159
2026-09-19T19:34:17Z,CHAN,5837,5837164,1000,100,0,1,0,-1100,-1160,-1147
2026-09-19T19:34:34Z,CHAN,5854,5854164,1000,100,0,3,0,-1100,-1160,-1146
2026-09-19T19:35:09Z,CHANSUM,5830,5889,60,60000,6000,0,4,0,2,0,-1100,-1160,-1160,-1160
2026-09-19T19:35:11Z,CHAN,5891,5891164,1000,100,0,4,0,-950,-1160,-1141
2026-09-19T19:35:33Z,CHAN,5913,5913164,1000,100,0,4,0,-1060,-1160,-1145
2026-09-19T19:36:09Z,CHANSUM,5890,5949,60,60000,6000,0,8,0,2,0,-950,-1160,-1150,-1159
2026-09-19T19:37:09Z,CHANSUM,5950,6009,60,60000,6000,0,0,0,0,0,-1120,-1160,-1150,-1159
2026-09-19T19:37:13Z,CHAN,6013,6013164,1000,100,0,2,0,-940,-1160,-1144
2026-09-19T19:37:15Z,CHAN,6015,6015164,1000,100,0,1,0,-1080,-1160,-1148
2026-09-19T19:37:17Z,CHAN,6017,6017164,1000,100,0,1,0,-1090,-1160,-1147
2026-09-19T19:37:49Z,CHAN,6049,6049164,1000,100,0,2,0,-1100,-1160,-1147
2026-09-19T19:38:02Z,CHAN,6062,6062164,1000,100,0,1,0,-1100,-1160,-1148
2026-09-19T19:38:09Z,CHANSUM,6010,6069,60,60000,6000,0,7,0,5,0,-940,-1160,-1160,-1160
2026-09-19T19:38:11Z,CHAN,6071,6071164,1000,100,0,2,0,-850,-1160,-1142
2026-09-19T19:38:31Z,CHAN,6091,6091164,1000,100,0,2,0,-1100,-1160,-1146
2026-09-19T19:38:33Z,CHAN,6093,6093164,1000,100,0,3,0,-1100,-1160,-1145
2026-09-19T19:38:47Z,CHAN,6107,6107164,1000,100,0,8,0,-960,-1160,-1137
2026-09-19T19:38:48Z,CHAN,6108,6108164,1000,100,0,6,0,-960,-1160,-1139
2026-09-19T19:39:09Z,CHANSUM,6070,6129,60,60000,6000,0,21,0,5,0,-850,-1160,-1160,-1160
2026-09-19T19:40:03Z,CHAN,6183,6183164,1000,100,0,5,0,-1050,-1160,-1144
2026-09-19T19:40:09Z,CHANSUM,6130,6189,60,60000,6000,0,5,0,1,0,-1050,-1160,-1160,-1160
2026-09-19T19:40:40Z,CHAN,6220,6220164,1000,100,0,1,0,-1000,-1170,-1145
2026-09-19T19:41:09Z,CHANSUM,6190,6249,60,60000,6000,0,1,0,1,0,-1000,-1170,-1160,-1160
2026-09-19T19:41:48Z,CHAN,6288,6288164,1000,100,0,2,0,-1090,-1160,-1147
2026-09-19T19:42:04Z,CHAN,6304,6304164,1000,100,0,1,0,-1100,-1160,-1148
2026-09-19T19:42:09Z,CHANSUM,6250,6309,60,60000,6000,0,3,0,2,0,-1090,-1160,-1160,-1160
2026-09-19T19:42:12Z,CHAN,6312,6312164,1000,100,0,4,0,-840,-1160,-1138
2026-09-19T19:43:09Z,CHANSUM,6310,6369,60,60000,6000,0,4,0,1,0,-840,-1160,-1160,-1160
2026-09-19T19:43:36Z,CHAN,6396,6396164,1000,100,0,4,0,-1100,-1160,-1146
2026-09-19T19:44:09Z,CHANSUM,6370,6429,60,60000,6000,0,4,0,1,0,-1100,-1160,-1150,-1159
2026-09-19T19:44:31Z,CHAN,6451,6451164,1000,100,0,1,0,-1100,-1160,-1147
2026-09-19T19:45:09Z,CHANSUM,6430,6489,60,60000,6000,0,1,0,1,0,-1100,-1160,-1150,-1159
2026-09-19T19:45:26Z,CHAN,6506,6506164,1000,100,0,2,0,-930,-1160,-1144
2026-09-19T19:45:27Z,CHAN,6507,6507164,1000,100,0,2,0,-1010,-1160,-1146
2026-09-19T19:45:40Z,CHAN,6520,6520164,1000,100,0,4,0,-1100,-1160,-1146
2026-09-19T19:45:41Z,CHAN,6521,6521164,1000,100,0,5,0,-1050,-1160,-1144
2026-09-19T19:45:47Z,CHAN,6527,6527164,1000,100,0,7,0,-1100,-1160,-1144
2026-09-19T19:46:09Z,CHANSUM,6490,6549,60,60000,6000,0,20,0,5,0,-930,-1160,-1150,-1159
2026-09-19T19:46:19Z,CHAN,6559,6559164,1000,100,0,31,0,-950,-1160,-1109
2026-09-19T19:46:20Z,CHAN,6560,6560164,1000,100,0,60,0,-940,-1160,-1059
2026-09-19T19:46:21Z,CHAN,6561,6561164,1000,100,0,5,0,-940,-1160,-1137
2026-09-19T19:47:09Z,CHANSUM,6550,6609,60,60000,6000,0,96,0,3,0,-940,-1160,-1160,-1160
2026-09-19T19:47:19Z,CHAN,6619,6619164,1000,100,0,2,0,-1000,-1160,-1145
2026-09-19T19:47:22Z,CHAN,6622,6622164,1000,100,0,14,0,-960,-1160,-1129
2026-09-19T19:47:50Z,CHAN,6650,6650164,1000,100,0,2,0,-930,-1160,-1144
2026-09-19T19:47:51Z,CHAN,6651,6651164,1000,100,0,7,0,-930,-1160,-1133
2026-09-19T19:48:09Z,CHANSUM,6610,6669,60,60000,6000,0,25,0,4,0,-930,-1160,-1160,-1160
2026-09-19T19:48:40Z,CHAN,6700,6700164,1000,100,0,22,0,-940,-1160,-1115
2026-09-19T19:48:41Z,CHAN,6701,6701164,1000,100,0,70,0,-950,-1170,-1066
2026-09-19T19:48:42Z,CHAN,6702,6702164,1000,100,0,15,0,-950,-1160,-1120
2026-09-19T19:48:43Z,CHAN,6703,6703164,1000,100,0,2,0,-890,-1160,-1144
2026-09-19T19:48:45Z,CHAN,6705,6705164,1000,100,0,2,0,-910,-1160,-1144
2026-09-19T19:49:09Z,CHANSUM,6670,6729,60,60000,6000,0,111,0,5,0,-890,-1170,-1160,-1160
2026-09-19T19:49:56Z,CHAN,6776,6776164,1000,100,0,2,0,-940,-1160,-1143
2026-09-19T19:49:57Z,CHAN,6777,6777164,1000,100,0,7,0,-940,-1160,-1134
2026-09-19T19:50:00Z,CHAN,6780,6780164,1000,100,0,2,0,-940,-1160,-1143
2026-09-19T19:50:01Z,CHAN,6781,6781164,1000,100,0,7,0,-940,-1160,-1134
2026-09-19T19:50:02Z,CHAN,6782,6782164,1000,100,0,38,0,-910,-1160,-1059
2026-09-19T19:50:09Z,CHANSUM,6730,6789,60,60000,6000,0,56,0,5,0,-910,-1160,-1150,-1159
2026-09-19T19:50:18Z,CHAN,6798,6798164,1000,100,0,3,0,-930,-1160,-1143
2026-09-19T19:51:09Z,CHANSUM,6790,6849,60,60000,6000,0,3,0,1,0,-930,-1160,-1160,-1160
2026-09-19T19:52:00Z,CHAN,6900,6900164,1000,100,0,38,0,-980,-1160,-1088
2026-09-19T19:52:09Z,CHANSUM,6850,6909,60,60000,6000,0,38,0,1,0,-980,-1160,-1160,-1160
2026-09-19T19:53:05Z,CHAN,6965,6965164,1000,100,0,2,0,-940,-1160,-1144
2026-09-19T19:53:06Z,CHAN,6966,6966164,1000,100,0,7,0,-940,-1160,-1133
2026-09-19T19:53:09Z,CHANSUM,6910,6969,60,60000,6000,0,9,0,2,0,-940,-1160,-1150,-1159
2026-09-19T19:54:09Z,CHANSUM,6970,7029,60,60000,6000,0,0,0,0,0,-1130,-1160,-1160,-1160
2026-09-19T19:55:09Z,CHANSUM,7030,7089,60,60000,6000,0,0,0,0,0,-1130,-1160,-1150,-1159
2026-09-19T19:55:15Z,CHAN,7095,7095164,1000,100,0,2,0,-930,-1160,-1144
2026-09-19T19:55:16Z,CHAN,7096,7096164,1000,100,0,7,0,-930,-1160,-1132
2026-09-19T19:55:27Z,CHAN,7107,7107164,1000,100,0,5,0,-930,-1160,-1138
2026-09-19T19:56:09Z,CHANSUM,7090,7149,60,60000,6000,0,14,0,3,0,-930,-1160,-1160,-1160
2026-09-19T19:56:18Z,CHAN,7158,7158164,1000,100,0,1,0,-1100,-1160,-1147
2026-09-19T19:56:48Z,CHAN,7188,7188164,1000,100,0,5,0,-1090,-1160,-1146
2026-09-19T19:56:58Z,CHAN,7198,7198164,1000,100,0,1,0,-1090,-1160,-1147
2026-09-19T19:57:09Z,CHANSUM,7150,7209,60,60000,6000,0,7,0,3,0,-1090,-1160,-1160,-1160
2026-09-19T19:58:09Z,CHANSUM,7210,7269,60,60000,6000,0,0,0,0,0,-1120,-1160,-1150,-1159
2026-09-19T19:58:50Z,CHAN,7310,7310164,1000,100,0,1,0,-1080,-1160,-1147
2026-09-19T19:59:09Z,CHANSUM,7270,7329,60,60000,6000,0,1,0,1,0,-1080,-1160,-1160,-1160
2026-09-19T20:00:09Z,CHANSUM,7330,7389,60,60000,6000,0,0,0,0,0,-1130,-1160,-1150,-1159
2026-09-19T20:00:21Z,CHAN,7401,7401164,1000,100,0,5,0,-1040,-1160,-1144
2026-09-19T20:01:04Z,CHAN,7444,7444164,1000,100,0,2,0,-950,-1160,-1145
2026-09-19T20:01:05Z,CHAN,7445,7445164,1000,100,0,1,0,-1010,-1160,-1147
2026-09-19T20:01:09Z,CHANSUM,7390,7449,60,60000,6000,0,8,0,3,0,-950,-1170,-1160,-1160
2026-09-19T20:02:09Z,CHANSUM,7450,7509,60,60000,6000,0,0,0,0,0,-1130,-1170,-1160,-1160
2026-09-19T20:02:12Z,CHAN,7512,7512164,1000,100,0,5,0,-1070,-1150,-1144
2026-09-19T20:02:37Z,CHAN,7537,7537164,1000,100,0,1,0,-1100,-1160,-1147
2026-09-19T20:02:52Z,CHAN,7552,7552164,1000,100,0,8,0,-970,-1160,-1139
2026-09-19T20:03:09Z,CHANSUM,7510,7569,60,60000,6000,0,14,0,3,0,-970,-1160,-1150,-1159
2026-09-19T20:03:47Z,CHAN,7607,7607164,1000,100,0,1,0,-1100,-1160,-1146
2026-09-19T20:04:09Z,CHANSUM,7570,7629,60,60000,6000,0,1,0,1,0,-1100,-1170,-1160,-1160
2026-09-19T20:05:09Z,CHANSUM,7630,7689,60,60000,6000,0,0,0,0,0,-1110,-1160,-1160,-1160
2026-09-19T20:05:22Z,CHAN,7702,7702164,1000,100,0,4,0,-710,-1170,-1131
2026-09-19T20:05:32Z,CHAN,7712,7712164,1000,100,0,1,0,-970,-1160,-1145
2026-09-19T20:05:33Z,CHAN,7713,7713164,1000,100,0,2,0,-930,-1160,-1144
2026-09-19T20:05:35Z,CHAN,7715,7715164,1000,100,0,3,0,-890,-1160,-1142
2026-09-19T20:05:44Z,CHAN,7724,7724164,1000,100,0,3,0,-1000,-1160,-1143
2026-09-19T20:05:45Z,CHAN,7725,7725164,1000,100,0,1,0,-1020,-1160,-1147
2026-09-19T20:05:55Z,CHAN,7735,7735164,1000,100,0,2,0,-1100,-1160,-1147
2026-09-19T20:05:56Z,CHAN,7736,7736164,1000,100,0,1,0,-1100,-1160,-1146
2026-09-19T20:06:01Z,CHAN,7741,7741164,1000,100,0,3,0,-1070,-1160,-1146
2026-09-19T20:06:09Z,CHANSUM,7690,7749,60,60000,6000,0,20,0,9,0,-710,-1170,-1160,-1160
2026-09-19T20:06:19Z,CHAN,7759,7759164,1000,100,0,1,0,-1100,-1160,-1145
2026-09-19T20:06:30Z,CHAN,7770,7770164,1000,100,0,3,0,-980,-1160,-1144
2026-09-19T20:06:42Z,CHAN,7782,7782164,1000,100,0,4,0,-1090,-1160,-1146
2026-09-19T20:06:54Z,CHAN,7794,7794164,1000,100,0,3,0,-1070,-1160,-1146
2026-09-19T20:07:09Z,CHANSUM,7750,7809,60,60000,6000,0,11,0,4,0,-980,-1160,-1150,-1159
2026-09-19T20:07:25Z,CHAN,7825,7825164,1000,100,0,2,0,-1030,-1160,-1146
2026-09-19T20:07:26Z,CHAN,7826,7826164,1000,100,0,1,0,-1050,-1160,-1146
2026-09-19T20:08:09Z,CHANSUM,7810,7869,60,60000,6000,0,3,0,2,0,-1030,-1160,-1160,-1160
2026-09-19T20:08:50Z,CHAN,7910,7910164,1000,100,0,2,0,-910,-1160,-1143
2026-09-19T20:08:51Z,CHAN,7911,7911164,1000,100,0,7,0,-910,-1160,-1131
2026-09-19T20:09:09Z,CHANSUM,7870,7929,60,60000,6000,0,9,0,2,0,-910,-1160,-1150,-1159
2026-09-19T20:09:10Z,CHAN,7930,7930164,1000,100,0,5,0,-1000,-1160,-1140
2026-09-19T20:09:14Z,CHAN,7934,7934164,1000,100,0,1,0,-1020,-1160,-1146
2026-09-19T20:09:51Z,CHAN,7971,7971164,1000,100,0,2,0,-950,-1160,-1144
2026-09-19T20:10:08Z,CHAN,7988,7988164,1000,100,0,5,0,-880,-1160,-1135
2026-09-19T20:10:09Z,CHANSUM,7930,7989,60,60000,6000,0,13,0,4,0,-880,-1170,-1160,-1160
2026-09-19T20:10:46Z,CHAN,8026,8026164,1000,100,0,3,0,-1090,-1160,-1146
2026-09-19T20:10:48Z,CHAN,8028,8028164,1000,100,0,5,0,-1060,-1160,-1144
2026-09-19T20:11:00Z,CHAN,8040,8040164,1000,100,0,2,0,-920,-1160,-1144
2026-09-19T20:11:01Z,CHAN,8041,8041164,1000,100,0,7,0,-910,-1160,-1131
2026-09-19T20:11:09Z,CHANSUM,7990,8049,60,60000,6000,0,17,0,4,0,-910,-1160,-1160,-1160
2026-09-19T20:11:23Z,CHAN,8063,8063164,1000,100,0,2,0,-940,-1160,-1144
2026-09-19T20:11:41Z,CHAN,8081,8081164,1000,100,0,2,0,-1080,-1160,-1147
2026-09-19T20:11:42Z,CHAN,8082,8082164,1000,100,0,2,0,-1050,-1160,-1146
2026-09-19T20:11:49Z,CHAN,8089,8089164,1000,100,0,2,0,-910,-1160,-1145
2026-09-19T20:11:53Z,CHAN,8093,8093164,1000,100,0,5,0,-1090,-1160,-1146
2026-09-19T20:12:00Z,CHAN,8100,8100164,1000,100,0,1,0,-1090,-1160,-1147
2026-09-19T20:12:09Z,CHANSUM,8050,8109,60,60000,6000,0,14,0,6,0,-910,-1160,-1150,-1159
2026-09-19T20:13:09Z,CHANSUM,8110,8169,60,60000,6000,0,0,0,0,0,-1120,-1160,-1160,-1160
2026-09-19T20:14:05Z,CHAN,8225,8225164,1000,100,0,2,0,-920,-1160,-1143
2026-09-19T20:14:06Z,CHAN,8226,8226164,1000,100,0,7,0,-910,-1160,-1132
2026-09-19T20:14:09Z,CHANSUM,8170,8229,60,60000,6000,0,9,0,2,0,-910,-1160,-1160,-1160
2026-09-19T20:14:10Z,CHAN,8230,8230164,1000,100,0,5,0,-1000,-1160,-1141
2026-09-19T20:15:09Z,CHANSUM,8230,8289,60,60000,6000,0,5,0,1,0,-1000,-1160,-1160,-1160
2026-09-19T20:16:09Z,CHANSUM,8290,8349,60,60000,6000,0,0,0,0,0,-1110,-1170,-1160,-1160
2026-09-19T20:16:14Z,CHAN,8354,8354164,1000,100,0,2,0,-1020,-1160,-1145
2026-09-19T20:16:15Z,CHAN,8355,8355164,1000,100,0,2,0,-910,-1160,-1144
2026-09-19T20:16:16Z,CHAN,8356,8356164,1000,100,0,7,0,-900,-1160,-1132
2026-09-19T20:16:23Z,CHAN,8363,8363164,1000,100,0,1,0,-1060,-1160,-1147
2026-09-19T20:17:09Z,CHANSUM,8350,8409,60,60000,6000,0,12,0,4,0,-900,-1160,-1150,-1159
2026-09-19T20:17:41Z,CHAN,8441,8441164,1000,100,0,1,0,-990,-1160,-1147
2026-09-19T20:17:45Z,CHAN,8445,8445164,1000,100,0,1,0,-1020,-1160,-1146
2026-09-19T20:17:52Z,CHAN,8452,8452164,1000,100,0,5,0,-890,-1160,-1136
2026-09-19T20:18:09Z,CHANSUM,8410,8469,60,60000,6000,0,7,0,3,0,-890,-1160,-1160,-1160
2026-09-19T20:19:05Z,CHAN,8525,8525164,1000,100,0,4,0,-1050,-1160,-1144
2026-09-19T20:19:09Z,CHANSUM,8470,8529,60,60000,6000,0,4,0,1,0,-1050,-1160,-1160,-1160
2026-09-19T20:19:39Z,CHAN,8559,8559164,1000,100,0,2,0,-910,-1160,-1145
2026-09-19T20:19:59Z,CHAN,8579,8579164,1000,100,0,4,0,-1090,-1160,-1146
2026-09-19T20:20:09Z,CHANSUM,8530,8589,60,60000,6000,0,6,0,2,0,-910,-1160,-1150,-1159
2026-09-19T20:20:10Z,CHAN,8590,8590164,1000,100,0,4,0,-1080,-1160,-1145
2026-09-19T20:20:47Z,CHAN,8627,8627164,1000,100,0,1,0,-1100,-1160,-1147
2026-09-19T20:20:58Z,CHAN,8638,8638164,1000,100,0,4,0,-1100,-1160,-1146
2026-09-19T20:21:09Z,CHANSUM,8590,8649,60,60000,6000,0,9,0,3,0,-1080,-1160,-1160,-1160
2026-09-19T20:21:21Z,CHAN,8661,8661164,1000,100,0,3,0,-1070,-1160,-1146
2026-09-19T20:22:05Z,CHAN,8705,8705164,1000,100,0,1,0,-970,-1160,-1146
2026-09-19T20:22:09Z,CHANSUM,8650,8709,60,60000,6000,0,4,0,2,0,-970,-1160,-1160,-1160
2026-09-19T20:22:29Z,CHAN,8729,8729164,1000,100,0,1,0,-1100,-1160,-1147
2026-09-19T20:22:51Z,CHAN,8751,8751164,1000,100,0,5,0,-1040,-1160,-1144
2026-09-19T20:23:09Z,CHANSUM,8710,8769,60,60000,6000,0,6,0,2,0,-1040,-1160,-1160,-1160
2026-09-19T20:23:10Z,CHAN,8770,8770164,1000,100,0,7,0,-980,-1160,-1140
2026-09-19T20:23:33Z,CHAN,8793,8793164,1000,100,0,3,0,-970,-1160,-1144
2026-09-19T20:23:56Z,CHAN,8816,8816164,1000,100,0,1,0,-970,-1160,-1145
2026-09-19T20:24:09Z,CHANSUM,8770,8829,60,60000,6000,0,11,0,3,0,-970,-1160,-1160,-1160
2026-09-19T20:24:37Z,CHAN,8857,8857164,1000,100,0,6,0,-970,-1160,-1140
2026-09-19T20:24:40Z,CHAN,8860,8860164,1000,100,0,5,0,-1070,-1160,-1145
2026-09-19T20:24:57Z,CHAN,8877,8877164,1000,100,0,4,0,-1070,-1160,-1145
2026-09-19T20:25:09Z,CHANSUM,8830,8889,60,60000,6000,0,15,0,3,0,-970,-1160,-1160,-1160
2026-09-19T20:25:28Z,CHAN,8908,8908164,1000,100,0,1,0,-910,-1160,-1145
2026-09-19T20:25:46Z,CHAN,8926,8926164,1000,100,0,8,0,-980,-1160,-1140
2026-09-19T20:25:48Z,CHAN,8928,8928164,1000,100,0,4,0,-910,-1160,-1142
2026-09-19T20:26:09Z,CHANSUM,8890,8949,60,60000,6000,0,13,0,3,0,-910,-1160,-1160,-1160
2026-09-19T20:26:29Z,CHAN,8969,8969164,1000,100,0,2,0,-910,-1160,-1143
2026-09-19T20:26:37Z,CHAN,8977,8977164,1000,100,0,5,0,-1090,-1160,-1146
2026-09-19T20:26:58Z,CHAN,8998,8998164,1000,100,0,2,0,-990,-1160,-1145
2026-09-19T20:26:59Z,CHAN,8999,8999164,1000,100,0,2,0,-930,-1160,-1144
2026-09-19T20:27:09Z,CHAN,9009,9009164,1000,100,0,5,0,-1010,-1160,-1141
2026-09-19T20:27:09Z,CHANSUM,8950,9009,60,60000,6000,0,16,0,5,0,-910,-1160,-1160,-1160
2026-09-19T20:27:17Z,CHAN,9017,9017164,1000,100,0,4,0,-1050,-1160,-1146
2026-09-19T20:27:27Z,CHAN,9027,9027164,1000,100,0,4,0,-990,-1160,-1143
2026-09-19T20:28:09Z,CHANSUM,9010,9069,60,60000,6000,0,8,0,2,0,-990,-1160,-1160,-1160
2026-09-19T20:28:27Z,CHAN,9087,9087164,1000,100,0,3,0,-1000,-1160,-1144
2026-09-19T20:28:30Z,CHAN,9090,9090164,1000,100,0,3,0,-920,-1160,-1143
2026-09-19T20:28:34Z,CHAN,9094,9094164,1000,100,0,7,0,-950,-1160,-1137
2026-09-19T20:29:09Z,CHANSUM,9070,9129,60,60000,6000,0,13,0,3,0,-920,-1160,-1160,-1160
2026-09-19T20:29:13Z,CHAN,9133,9133164,1000,100,0,4,0,-1100,-1160,-1145
2026-09-19T20:29:50Z,CHAN,9170,9170164,1000,100,0,3,0,-890,-1160,-1141
2026-09-19T20:29:51Z,CHAN,9171,9171164,1000,100,0,6,0,-880,-1160,-1133
2026-09-19T20:30:09Z,CHANSUM,9130,9189,60,60000,6000,0,13,0,3,0,-880,-1160,-1160,-1160
2026-09-19T20:30:21Z,CHAN,9201,9201164,1000,100,0,5,0,-1080,-1160,-1145
2026-09-19T20:31:09Z,CHANSUM,9190,9249,60,60000,6000,0,5,0,1,0,-1080,-1160,-1150,-1159
2026-09-19T20:31:15Z,CHAN,9255,9255164,1000,100,0,10,0,-950,-1160,-1139
2026-09-19T20:31:16Z,CHAN,9256,9256164,1000,100,0,8,0,-890,-1160,-1134
2026-09-19T20:32:00Z,CHAN,9300,9300164,1000,100,0,3,0,-880,-1160,-1140
2026-09-19T20:32:01Z,CHAN,9301,9301164,1000,100,0,6,0,-890,-1160,-1133
2026-09-19T20:32:09Z,CHANSUM,9250,9309,60,60000,6000,0,27,0,4,0,-880,-1160,-1160,-1160
2026-09-19T20:32:51Z,CHAN,9351,9351164,1000,100,0,3,0,-1100,-1160,-1145
2026-09-19T20:33:09Z,CHANSUM,9310,9369,60,60000,6000,0,3,0,1,0,-1100,-1170,-1160,-1160
2026-09-19T20:33:13Z,CHAN,9373,9373164,1000,100,0,3,0,-920,-1170,-1144
2026-09-19T20:33:15Z,CHAN,9375,9375164,1000,100,0,1,0,-1020,-1160,-1147
2026-09-19T20:33:58Z,CHAN,9418,9418164,1000,100,0,5,0,-1070,-1160,-1146
2026-09-19T20:34:09Z,CHANSUM,9370,9429,60,60000,6000,0,9,0,3,0,-920,-1170,-1160,-1160
2026-09-19T20:34:54Z,CHAN,9474,9474164,1000,100,0,2,0,-930,-1160,-1145
2026-09-19T20:34:55Z,CHAN,9475,9475164,1000,100,0,1,0,-1100,-1160,-1148
2026-09-19T20:34:56Z,CHAN,9476,9476164,1000,100,0,1,0,-1090,-1160,-1147
2026-09-19T20:35:05Z,CHAN,9485,9485164,1000,100,0,3,0,-900,-1160,-1140
2026-09-19T20:35:06Z,CHAN,9486,9486164,1000,100,0,6,0,-890,-1160,-1132
2026-09-19T20:35:09Z,CHANSUM,9430,9489,60,60000,6000,0,13,0,5,0,-890,-1160,-1160,-1160
2026-09-19T20:35:15Z,CHAN,9495,9495164,1000,100,0,2,0,-970,-1160,-1145
2026-09-19T20:36:09Z,CHANSUM,9490,9549,60,60000,6000,0,2,0,1,0,-970,-1160,-1160,-1160
2026-09-19T20:36:45Z,CHAN,9585,9585164,1000,100,0,1,0,-1100,-1160,-1148
2026-09-19T20:36:46Z,CHAN,9586,9586164,1000,100,0,1,0,-870,-1160,-1145
2026-09-19T20:36:48Z,CHAN,9588,9588164,1000,100,0,4,0,-1090,-1160,-1146
2026-09-19T20:37:09Z,CHANSUM,9550,9609,60,60000,6000,0,6,0,3,0,-870,-1160,-1160,-1160
2026-09-19T20:37:15Z,CHAN,9615,9615164,1000,100,0,3,0,-880,-1150,-1140
2026-09-19T20:37:16Z,CHAN,9616,9616164,1000,100,0,6,0,-880,-1160,-1132
2026-09-19T20:38:06Z,CHAN,9666,9666164,1000,100,0,5,0,-1070,-1160,-1145
2026-09-19T20:38:09Z,CHANSUM,9610,9669,60,60000,6000,0,14,0,3,0,-880,-1160,-1150,-1159
2026-09-19T20:39:09Z,CHANSUM,9670,9729,60,60000,6000,0,0,0,0,0,-1120,-1160,-1150,-1159
2026-09-19T20:40:09Z,CHANSUM,9730,9789,60,60000,6000,0,0,0,0,0,-1120,-1160,-1160,-1160
2026-09-19T20:40:18Z,CHAN,9798,9798164,1000,100,0,5,0,-1000,-1160,-1141
2026-09-19T20:41:09Z,CHANSUM,9790,9849,60,60000,6000,0,5,0,1,0,-1000,-1160,-1160,-1160
2026-09-19T20:41:46Z,CHAN,9886,9886164,1000,100,0,4,0,-1090,-1160,-1146
2026-09-19T20:42:07Z,CHAN,9907,9907164,1000,100,0,5,0,-1030,-1160,-1142
2026-09-19T20:42:09Z,CHANSUM,9850,9909,60,60000,6000,0,9,0,2,0,-1030,-1160,-1160,-1160
2026-09-19T20:43:09Z,CHANSUM,9910,9969,60,60000,6000,0,0,0,0,0,-1120,-1160,-1160,-1160
2026-09-19T20:43:30Z,CHAN,9990,9990164,1000,100,0,3,0,-900,-1160,-1140
2026-09-19T20:43:31Z,CHAN,9991,9991164,1000,100,0,6,0,-900,-1160,-1133
2026-09-19T20:44:09Z,CHANSUM,9970,10029,60,60000,6000,0,9,0,2,0,-900,-1160,-1160,-1160
2026-09-19T20:44:19Z,CHAN,10039,10039164,1000,100,0,5,0,-1080,-1160,-1146
2026-09-19T20:44:34Z,CHAN,10054,10054164,1000,100,0,1,0,-1100,-1160,-1148
2026-09-19T20:44:57Z,CHAN,10077,10077164,1000,100,0,5,0,-1040,-1160,-1143
2026-09-19T20:45:09Z,CHANSUM,10030,10089,60,60000,6000,0,11,0,3,0,-1040,-1160,-1160,-1160
2026-09-19T20:45:13Z,CHAN,10093,10093164,1000,100,0,3,0,-950,-1160,-1142
2026-09-19T20:45:16Z,CHAN,10096,10096164,1000,100,0,3,0,-1030,-1160,-1145
2026-09-19T20:45:28Z,CHAN,10108,10108164,1000,100,0,4,0,-1090,-1160,-1146
2026-09-19T20:45:40Z,CHAN,10120,10120164,1000,100,0,15,0,-880,-1160,-1133
2026-09-19T20:45:41Z,CHAN,10121,10121164,1000,100,0,6,0,-880,-1160,-1132
2026-09-19T20:46:09Z,CHANSUM,10090,10149,60,60000,6000,0,31,0,5,0,-880,-1160,-1160,-1160
2026-09-19T20:46:25Z,CHAN,10165,10165164,1000,100,0,2,0,-860,-1160,-1143
2026-09-19T20:46:42Z,CHAN,10182,10182164,1000,100,0,1,0,-960,-1160,-1146
2026-09-19T20:46:47Z,CHAN,10187,10187164,1000,100,0,1,0,-1090,-1160,-1147
2026-09-19T20:46:52Z,CHAN,10192,10192164,1000,100,0,2,0,-1010,-1160,-1147
2026-09-19T20:47:08Z,CHAN,10208,10208164,1000,100,0,2,0,-1090,-1160,-1146
2026-09-19T20:47:09Z,CHANSUM,10150,10209,60,60000,6000,0,8,0,5,0,-860,-1160,-1160,-1160
2026-09-19T20:47:15Z,CHAN,10215,10215164,1000,100,0,1,0,-1090,-1160,-1148
2026-09-19T20:48:09Z,CHANSUM,10210,10269,60,60000,6000,0,1,0,1,0,-1090,-1160,-1160,-1160
2026-09-19T20:48:32Z,CHAN,10292,10292164,1000,100,0,8,0,-1010,-1160,-1140
2026-09-19T20:48:45Z,CHAN,10305,10305164,1000,100,0,3,0,-870,-1160,-1140
2026-09-19T20:48:46Z,CHAN,10306,10306164,1000,100,0,6,0,-870,-1160,-1131
2026-09-19T20:49:09Z,CHANSUM,10270,10329,60,60000,6000,0,17,0,3,0,-870,-1160,-1160,-1160
2026-09-19T20:49:21Z,CHAN,10341,10341164,1000,100,0,1,0,-1100,-1160,-1147
2026-09-19T20:50:03Z,CHAN,10383,10383164,1000,100,0,1,0,-990,-1160,-1147
2026-09-19T20:50:09Z,CHANSUM,10330,10389,60,60000,6000,0,2,0,2,0,-990,-1160,-1160,-1160
2026-09-19T20:50:55Z,CHAN,10435,10435164,1000,100,0,3,0,-890,-1160,-1141
2026-09-19T20:50:56Z,CHAN,10436,10436164,1000,100,0,6,0,-890,-1160,-1133
2026-09-19T20:51:08Z,CHAN,10448,10448164,1000,100,0,40,0,-950,-1160,-1087
2026-09-19T20:51:09Z,CHAN,10449,10449164,1000,100,0,32,0,-970,-1160,-1099
2026-09-19T20:51:09Z,CHANSUM,10390,10449,60,60000,6000,0,81,0,4,0,-890,-1160,-1150,-1159
2026-09-19T20:51:10Z,CHAN,10450,10450164,1000,100,0,41,0,-950,-1160,-1080
2026-09-19T20:51:17Z,CHAN,10457,10457164,1000,100,0,5,0,-1060,-1160,-1143
2026-09-19T20:51:39Z,CHAN,10479,10479164,1000,100,0,4,0,-1090,-1160,-1146
2026-09-19T20:51:59Z,CHAN,10499,10499164,1000,100,0,15,0,-970,-1160,-1126
2026-09-19T20:52:00Z,CHAN,10500,10500164,1000,100,0,23,0,-1010,-1160,-1118
2026-09-19T20:52:01Z,CHAN,10501,10501164,1000,100,0,28,0,-940,-1160,-1101
2026-09-19T20:52:07Z,CHAN,10507,10507164,1000,100,0,28,0,-950,-1160,-1103
2026-09-19T20:52:08Z,CHAN,10508,10508164,1000,100,0,28,0,-940,-1170,-1107
2026-09-19T20:52:09Z,CHANSUM,10450,10509,60,60000,6000,0,172,0,8,0,-940,-1170,-1160,-1160
2026-09-19T20:52:41Z,CHAN,10541,10541164,1000,100,0,4,0,-1030,-1160,-1144
2026-09-19T20:52:42Z,CHAN,10542,10542164,1000,100,0,38,0,-950,-1160,-1091
2026-09-19T20:52:43Z,CHAN,10543,10543164,1000,100,0,14,0,-950,-1160,-1125
2026-09-19T20:52:54Z,CHAN,10554,10554164,1000,100,0,42,0,-950,-1160,-1083
2026-09-19T20:52:55Z,CHAN,10555,10555164,1000,100,0,23,0,-950,-1160,-1105
2026-09-19T20:53:00Z,CHAN,10560,10560164,1000,100,0,14,0,-950,-1160,-1124
2026-09-19T20:53:01Z,CHAN,10561,10561164,1000,100,0,37,0,-950,-1160,-1088
2026-09-19T20:53:02Z,CHAN,10562,10562164,1000,100,0,15,0,-940,-1160,-1123
2026-09-19T20:53:09Z,CHANSUM,10510,10569,60,60000,6000,0,187,0,8,0,-940,-1160,-1160,-1160
2026-09-19T20:54:04Z,CHAN,10624,10624164,1000,100,0,24,0,-950,-1160,-1110
2026-09-19T20:54:05Z,CHAN,10625,10625164,1000,100,0,44,0,-950,-1160,-1078
2026-09-19T20:54:09Z,CHANSUM,10570,10629,60,60000,6000,0,68,0,2,0,-950,-1160,-1160,-1160
2026-09-19T20:54:13Z,CHAN,10633,10633164,1000,100,0,30,0,-970,-1160,-1109
2026-09-19T20:54:14Z,CHAN,10634,10634164,1000,100,0,17,0,-950,-1160,-1119
2026-09-19T20:55:09Z,CHANSUM,10630,10689,60,60000,6000,0,47,0,2,0,-950,-1160,-1160,-1160
2026-09-19T20:55:11Z,CHAN,10691,10691164,1000,100,0,2,0,-930,-1170,-1145
2026-09-19T20:55:14Z,CHAN,10694,10694164,1000,100,0,2,0,-1100,-1160,-1145
2026-09-19T20:55:18Z,CHAN,10698,10698164,1000,100,0,1,0,-1090,-1160,-1148
2026-09-19T20:55:37Z,CHAN,10717,10717164,1000,100,0,1,0,-1100,-1160,-1147
2026-09-19T20:56:09Z,CHANSUM,10690,10749,60,60000,6000,0,6,0,4,0,-930,-1170,-1160,-1160
2026-09-19T20:57:09Z,CHANSUM,10750,10809,60,60000,6000,0,0,0,0,0,-1110,-1160,-1160,-1160
2026-09-19T20:57:55Z,CHAN,10855,10855164,1000,100,0,8,0,-1000,-1160,-1137
2026-09-19T20:58:01Z,CHAN,10861,10861164,1000,100,0,8,0,-1020,-1160,-1138
2026-09-19T20:58:09Z,CHANSUM,10810,10869,60,60000,6000,0,16,0,2,0,-1000,-1160,-1160,-1160
2026-09-19T20:59:09Z,CHANSUM,10870,10929,60,60000,6000,0,0,0,0,0,-1110,-1160,-1160,-1160
2026-09-19T21:00:09Z,CHANSUM,10930,10989,60,60000,6000,0,0,0,0,0,-1110,-1160,-1160,-1160
2026-09-19T21:00:15Z,CHAN,10995,10995164,1000,100,0,5,0,-880,-1160,-1136
2026-09-19T21:00:18Z,CHAN,10998,10998164,1000,100,0,1,0,-890,-1160,-1146
2026-09-19T21:01:09Z,CHANSUM,10990,11049,60,60000,6000,0,6,0,2,0,-880,-1160,-1160,-1160
2026-09-19T21:01:40Z,CHAN,11080,11080164,1000,100,0,5,0,-1040,-1160,-1144
2026-09-19T21:02:09Z,CHANSUM,11050,11109,60,60000,6000,0,5,0,1,0,-1040,-1160,-1150,-1159
2026-09-19T21:03:01Z,CHAN,11161,11161164,1000,100,0,3,0,-1060,-1160,-1145
2026-09-19T21:03:09Z,CHAN,11169,11169164,1000,100,0,3,0,-1060,-1160,-1146
2026-09-19T21:03:09Z,CHANSUM,11110,11169,60,60000,6000,0,6,0,2,0,-1060,-1160,-1160,-1160
2026-09-19T21:03:20Z,CHAN,11180,11180164,1000,100,0,4,0,-920,-1160,-1140
2026-09-19T21:03:23Z,CHAN,11183,11183164,1000,100,0,5,0,-1030,-1160,-1143
2026-09-19T21:03:30Z,CHAN,11190,11190164,1000,100,0,4,0,-1050,-1160,-1145
2026-09-19T21:03:33Z,CHAN,11193,11193164,1000,100,0,3,0,-1070,-1160,-1146
2026-09-19T21:03:35Z,CHAN,11195,11195164,1000,100,0,2,0,-1090,-1160,-1147
2026-09-19T21:03:49Z,CHAN,11209,11209164,1000,100,0,3,0,-980,-1160,-1143
2026-09-19T21:03:59Z,CHAN,11219,11219164,1000,100,0,2,0,-1100,-1160,-1147
2026-09-19T21:04:05Z,CHAN,11225,11225164,1000,100,0,4,0,-1100,-1160,-1147
2026-09-19T21:04:09Z,CHANSUM,11170,11229,60,60000,6000,0,27,0,8,0,-920,-1160,-1160,-1160
2026-09-19T21:04:30Z,CHAN,11250,11250164,1000,100,0,3,0,-870,-1160,-1139
2026-09-19T21:04:31Z,CHAN,11251,11251164,1000,100,0,6,0,-870,-1160,-1131
2026-09-19T21:04:33Z,CHAN,11253,11253164,1000,100,0,4,0,-1070,-1160,-1145
2026-09-19T21:04:36Z,CHAN,11256,11256164,1000,100,0,4,0,-980,-1160,-1143
2026-09-19T21:04:40Z,CHAN,11260,11260164,1000,100,0,1,0,-1050,-1160,-1148
2026-09-19T21:04:41Z,CHAN,11261,11261164,1000,100,0,3,0,-1040,-1160,-1144
2026-09-19T21:04:46Z,CHAN,11266,11266164,1000,100,0,5,0,-1030,-1160,-1143
2026-09-19T21:05:09Z,CHANSUM,11230,11289,60,60000,6000,0,26,0,7,0,-870,-1160,-1160,-1160
2026-09-19T21:05:30Z,CHAN,11310,11310164,1000,100,0,3,0,-1040,-1160,-1145
2026-09-19T21:05:51Z,CHAN,11331,11331164,1000,100,0,3,0,-870,-1160,-1141
2026-09-19T21:05:54Z,CHAN,11334,11334164,1000,100,0,4,0,-990,-1160,-1142
2026-09-19T21:05:58Z,CHAN,11338,11338164,1000,100,0,1,0,-1100,-1160,-1146
2026-09-19T21:06:09Z,CHANSUM,11290,11349,60,60000,6000,0,11,0,4,0,-870,-1160,-1160,-1160
2026-09-19T21:06:34Z,CHAN,11374,11374164,1000,100,0,6,0,-720,-1160,-1128
2026-09-19T21:06:36Z,CHAN,11376,11376164,1000,100,0,3,0,-1100,-1160,-1146
2026-09-19T21:06:40Z,CHAN,11380,11380164,1000,100,0,3,0,-880,-1160,-1139
2026-09-19T21:06:41Z,CHAN,11381,11381164,1000,100,0,6,0,-880,-1160,-1132
2026-09-19T21:06:52Z,CHAN,11392,11392164,1000,100,0,1,0,-1100,-1160,-1146
2026-09-19T21:07:09Z,CHANSUM,11350,11409,60,60000,6000,0,19,0,5,0,-720,-1160,-1160,-1160
2026-09-19T21:08:09Z,CHANSUM,11410,11469,60,60000,6000,0,0,0,0,0,-1120,-1160,-1150,-1159
2026-09-19T21:09:04Z,CHAN,11524,11524164,1000,100,0,9,0,-950,-1160,-1135
2026-09-19T21:09:05Z,CHAN,11525,11525164,1000,100,0,73,0,-940,-1160,-1055
2026-09-19T21:09:06Z,CHAN,11526,11526164,1000,100,0,49,0,-950,-1160,-1079
2026-09-19T21:09:07Z,CHAN,11527,11527164,1000,100,0,30,0,-940,-1160,-1101
2026-09-19T21:09:09Z,CHANSUM,11470,11529,60,60000,6000,0,161,0,4,0,-940,-1160,-1160,-1160
2026-09-19T21:09:10Z,CHAN,11530,11530164,1000,100,0,3,0,-1100,-1160,-1144
2026-09-19T21:09:45Z,CHAN,11565,11565164,1000,100,0,3,0,-880,-1160,-1140
2026-09-19T21:09:46Z,CHAN,11566,11566164,1000,100,0,6,0,-880,-1160,-1132
2026-09-19T21:10:09Z,CHANSUM,11530,11589,60,60000,6000,0,12,0,3,0,-880,-1160,-1160,-1160
2026-09-19T21:10:23Z,CHAN,11603,11603164,1000,100,0,28,0,-950,-1160,-1105
2026-09-19T21:10:24Z,CHAN,11604,11604164,1000,100,0,45,0,-950,-1160,-1088
2026-09-19T21:10:29Z,CHAN,11609,11609164,1000,100,0,20,0,-950,-1160,-1119
2026-09-19T21:10:30Z,CHAN,11610,11610164,1000,100,0,49,0,-950,-1160,-1077
2026-09-19T21:11:09Z,CHANSUM,11590,11649,60,60000,6000,0,142,0,4,0,-950,-1170,-1160,-1160
2026-09-19T21:11:18Z,CHAN,11658,11658164,1000,100,0,85,0,-940,-1160,-1036
2026-09-19T21:11:19Z,CHAN,11659,11659164,1000,100,0,22,0,-950,-1160,-1111
2026-09-19T21:11:32Z,CHAN,11672,11672164,1000,100,0,20,0,-950,-1160,-1117
2026-09-19T21:11:33Z,CHAN,11673,11673164,1000,100,0,44,0,-950,-1160,-1081
2026-09-19T21:11:34Z,CHAN,11674,11674164,1000,100,0,30,0,-960,-1150,-1106
2026-09-19T21:11:35Z,CHAN,11675,11675164,1000,100,0,29,0,-940,-1160,-1104
2026-09-19T21:11:36Z,CHAN,11676,11676164,1000,100,0,35,0,-950,-1160,-1096
2026-09-19T21:11:37Z,CHAN,11677,11677164,1000,100,0,1,0,-960,-1160,-1146
2026-09-19T21:11:55Z,CHAN,11695,11695164,1000,100,0,4,0,-880,-1160,-1140
2026-09-19T21:11:56Z,CHAN,11696,11696164,1000,100,0,6,0,-890,-1160,-1133
2026-09-19T21:12:08Z,CHAN,11708,11708164,1000,100,0,35,0,-950,-1160,-1099
2026-09-19T21:12:09Z,CHAN,11709,11709164,1000,100,0,22,0,-960,-1160,-1115
2026-09-19T21:12:09Z,CHANSUM,11650,11709,60,60000,6000,0,333,0,12,0,-880,-1160,-1150,-1159
2026-09-19T21:12:11Z,CHAN,11711,11711164,1000,100,0,25,0,-950,-1160,-1108
2026-09-19T21:12:12Z,CHAN,11712,11712164,1000,100,0,48,0,-950,-1160,-1075
2026-09-19T21:13:09Z,CHANSUM,11710,11769,60,60000,6000,0,73,0,2,0,-950,-1160,-1160,-1160
2026-09-19T21:13:21Z,CHAN,11781,11781164,1000,100,0,1,0,-1100,-1160,-1148
2026-09-19T21:13:32Z,CHAN,11792,11792164,1000,100,0,14,0,-970,-1160,-1129
2026-09-19T21:13:33Z,CHAN,11793,11793164,1000,100,0,28,0,-960,-1160,-1108
2026-09-19T21:13:34Z,CHAN,11794,11794164,1000,100,0,14,0,-950,-1160,-1125
2026-09-19T21:14:09Z,CHANSUM,11770,11829,60,60000,6000,0,57,0,4,0,-950,-1160,-1160,-1160
2026-09-19T21:14:13Z,CHAN,11833,11833164,1000,100,0,1,0,-1100,-1160,-1147
2026-09-19T21:14:16Z,CHAN,11836,11836164,1000,100,0,10,0,-1000,-1160,-1135
2026-09-19T21:14:19Z,CHAN,11839,11839164,1000,100,0,28,0,-970,-1160,-1106
2026-09-19T21:14:20Z,CHAN,11840,11840164,1000,100,0,28,0,-950,-1160,-1105
2026-09-19T21:14:21Z,CHAN,11841,11841164,1000,100,0,32,0,-950,-1160,-1094
2026-09-19T21:14:22Z,CHAN,11842,11842164,1000,100,0,33,0,-950,-1160,-1097
2026-09-19T21:14:26Z,CHAN,11846,11846164,1000,100,0,28,0,-950,-1160,-1101
2026-09-19T21:14:27Z,CHAN,11847,11847164,1000,100,0,37,0,-950,-1150,-1090
2026-09-19T21:15:09Z,CHANSUM,11830,11889,60,60000,6000,0,197,0,8,0,-950,-1170,-1150,-1160
2026-09-19T21:15:40Z,CHAN,11920,11920164,1000,100,0,2,0,-880,-1160,-1143
2026-09-19T21:15:48Z,CHAN,11928,11928164,1000,100,0,5,0,-1050,-1160,-1144
2026-09-19T21:16:09Z,CHANSUM,11890,11949,60,60000,6000,0,7,0,2,0,-880,-1160,-1160,-1160
2026-09-19T21:16:11Z,CHAN,11951,11951164,1000,100,0,5,0,-900,-1160,-1137
2026-09-19T21:17:09Z,CHANSUM,11950,12009,60,60000,6000,0,5,0,1,0,-900,-1160,-1160,-1160
2026-09-19T21:17:46Z,CHAN,12046,12046164,1000,100,0,1,0,-1100,-1160,-1147
2026-09-19T21:18:04Z,CHAN,12064,12064164,1000,100,0,11,0,-950,-1160,-1134
2026-09-19T21:18:05Z,CHAN,12065,12065164,1000,100,0,3,0,-950,-1160,-1142
2026-09-19T21:18:09Z,CHANSUM,12010,12069,60,60000,6000,0,15,0,3,0,-950,-1160,-1160,-1160
2026-09-19T21:18:14Z,CHAN,12074,12074164,1000,100,0,5,0,-1040,-1160,-1144
2026-09-19T21:18:46Z,CHAN,12106,12106164,1000,100,0,3,0,-1090,-1160,-1146
2026-09-19T21:19:09Z,CHANSUM,12070,12129,60,60000,6000,0,8,0,2,0,-1040,-1160,-1160,-1160
2026-09-19T21:19:22Z,CHAN,12142,12142164,1000,100,0,8,0,-1010,-1160,-1138
2026-09-19T21:19:26Z,CHAN,12146,12146164,1000,100,0,8,0,-1020,-1160,-1136
2026-09-19T21:19:46Z,CHAN,12166,12166164,1000,100,0,3,0,-1070,-1160,-1146
2026-09-19T21:19:49Z,CHAN,12169,12169164,1000,100,0,5,0,-1090,-1160,-1145
2026-09-19T21:20:09Z,CHANSUM,12130,12189,60,60000,6000,0,24,0,4,0,-1010,-1160,-1160,-1160
2026-09-19T21:21:09Z,CHANSUM,12190,12249,60,60000,6000,0,0,0,0,0,-1110,-1160,-1160,-1160
2026-09-19T21:21:20Z,CHAN,12260,12260164,1000,100,0,2,0,-1090,-1160,-1146
2026-09-19T21:22:09Z,CHANSUM,12250,12309,60,60000,6000,0,2,0,1,0,-1090,-1160,-1160,-1160
2026-09-19T21:22:36Z,CHAN,12336,12336164,1000,100,0,1,0,-1090,-1160,-1148
2026-09-19T21:23:09Z,CHANSUM,12310,12369,60,60000,6000,0,1,0,1,0,-1090,-1160,-1160,-1160
2026-09-19T21:24:05Z,CHAN,12425,12425164,1000,100,0,4,0,-1070,-1160,-1145
2026-09-19T21:24:06Z,CHAN,12426,12426164,1000,100,0,5,0,-1070,-1160,-1144
2026-09-19T21:24:09Z,CHANSUM,12370,12429,60,60000,6000,0,9,0,2,0,-1070,-1160,-1160,-1160
2026-09-19T21:24:36Z,CHAN,12456,12456164,1000,100,0,4,0,-1060,-1160,-1145
2026-09-19T21:24:52Z,CHAN,12472,12472164,1000,100,0,8,0,-1010,-1160,-1140
2026-09-19T21:25:01Z,CHAN,12481,12481164,1000,100,0,4,0,-1080,-1160,-1147
2026-09-19T21:25:09Z,CHANSUM,12430,12489,60,60000,6000,0,16,0,3,0,-1010,-1160,-1160,-1160
2026-09-19T21:25:17Z,CHAN,12497,12497164,1000,100,0,3,0,-980,-1160,-1143
2026-09-19T21:25:21Z,CHAN,12501,12501164,1000,100,0,4,0,-990,-1160,-1142
2026-09-19T21:25:30Z,CHAN,12510,12510164,1000,100,0,4,0,-880,-1160,-1137
2026-09-19T21:25:31Z,CHAN,12511,12511164,1000,100,0,5,0,-880,-1160,-1134
2026-09-19T21:25:36Z,CHAN,12516,12516164,1000,100,0,4,0,-1060,-1160,-1146
2026-09-19T21:25:52Z,CHAN,12532,12532164,1000,100,0,3,0,-1080,-1160,-1146
2026-09-19T21:25:54Z,CHAN,12534,12534164,1000,100,0,2,0,-950,-1160,-1146
2026-09-19T21:25:55Z,CHAN,12535,12535164,1000,100,0,1,0,-950,-1160,-1146
2026-09-19T21:26:06Z,CHAN,12546,12546164,1000,100,0,3,0,-1080,-1160,-1145
2026-09-19T21:26:09Z,CHANSUM,12490,12549,60,60000,6000,0,29,0,9,0,-880,-1160,-1160,-1160
2026-09-19T21:26:19Z,CHAN,12559,12559164,1000,100,0,3,0,-1080,-1160,-1146
2026-09-19T21:26:22Z,CHAN,12562,12562164,1000,100,0,4,0,-1000,-1160,-1143
2026-09-19T21:26:32Z,CHAN,12572,12572164,1000,100,0,1,0,-1100,-1160,-1147
2026-09-19T21:26:44Z,CHAN,12584,12584164,1000,100,0,4,0,-870,-1160,-1137
2026-09-19T21:27:09Z,CHANSUM,12550,12609,60,60000,6000,0,12,0,4,0,-870,-1160,-1160,-1160
2026-09-19T21:27:40Z,CHAN,12640,12640164,1000,100,0,4,0,-880,-1160,-1137
2026-09-19T21:27:41Z,CHAN,12641,12641164,1000,100,0,5,0,-880,-1160,-1135
2026-09-19T21:27:52Z,CHAN,12652,12652164,1000,100,0,3,0,-1000,-1160,-1144
2026-09-19T21:27:53Z,CHAN,12653,12653164,1000,100,0,1,0,-1040,-1160,-1146
2026-09-19T21:28:06Z,CHAN,12666,12666164,1000,100,0,4,0,-1080,-1160,-1146
2026-09-19T21:28:09Z,CHANSUM,12610,12669,60,60000,6000,0,17,0,5,0,-880,-1160,-1160,-1160
2026-09-19T21:28:41Z,CHAN,12701,12701164,1000,100,0,4,0,-960,-1160,-1142
2026-09-19T21:28:53Z,CHAN,12713,12713164,1000,100,0,4,0,-1000,-1160,-1143
2026-09-19T21:29:07Z,CHAN,12727,12727164,1000,100,0,4,0,-970,-1160,-1142
2026-09-19T21:29:09Z,CHANSUM,12670,12729,60,60000,6000,0,12,0,3,0,-960,-1160,-1160,-1160
2026-09-19T21:29:20Z,CHAN,12740,12740164,1000,100,0,3,0,-1100,-1160,-1146
2026-09-19T21:29:35Z,CHAN,12755,12755164,1000,100,0,3,0,-1040,-1160,-1146
2026-09-19T21:30:09Z,CHANSUM,12730,12789,60,60000,6000,0,6,0,2,0,-1040,-1170,-1160,-1160
2026-09-19T21:30:33Z,CHAN,12813,12813164,1000,100,0,1,0,-1100,-1160,-1146
2026-09-19T21:30:45Z,CHAN,12825,12825164,1000,100,0,4,0,-880,-1160,-1138
2026-09-19T21:30:46Z,CHAN,12826,12826164,1000,100,0,5,0,-880,-1160,-1134
2026-09-19T21:30:59Z,CHAN,12839,12839164,1000,100,0,3,0,-720,-1160,-1137
2026-09-19T21:31:00Z,CHAN,12840,12840164,1000,100,0,2,0,-860,-1160,-1145
2026-09-19T21:31:02Z,CHAN,12842,12842164,1000,100,0,1,0,-990,-1160,-1146
2026-09-19T21:31:09Z,CHANSUM,12790,12849,60,60000,6000,0,16,0,6,0,-720,-1170,-1150,-1160
2026-09-19T21:31:24Z,CHAN,12864,12864164,1000,100,0,5,0,-910,-1160,-1136
2026-09-19T21:31:27Z,CHAN,12867,12867164,1000,100,0,4,0,-1070,-1160,-1145
2026-09-19T21:31:39Z,CHAN,12879,12879164,1000,100,0,4,0,-1030,-1160,-1143
2026-09-19T21:32:09Z,CHANSUM,12850,12909,60,60000,6000,0,13,0,3,0,-910,-1160,-1160,-1160
2026-09-19T21:32:23Z,CHAN,12923,12923164,1000,100,0,4,0,-990,-1160,-1142
2026-09-19T21:32:28Z,CHAN,12928,12928164,1000,100,0,3,0,-910,-1160,-1142
2026-09-19T21:32:33Z,CHAN,12933,12933164,1000,100,0,1,0,-1100,-1160,-1145
2026-09-19T21:32:53Z,CHAN,12953,12953164,1000,100,0,3,0,-1100,-1160,-1145
2026-09-19T21:32:55Z,CHAN,12955,12955164,1000,100,0,4,0,-880,-1160,-1138
2026-09-19T21:32:56Z,CHAN,12956,12956164,1000,100,0,5,0,-890,-1160,-1134
2026-09-19T21:33:07Z,CHAN,12967,12967164,1000,100,0,5,0,-1040,-1160,-1143
2026-09-19T21:33:09Z,CHANSUM,12910,12969,60,60000,6000,0,25,0,7,0,-880,-1160,-1160,-1160
2026-09-19T21:33:21Z,CHAN,12981,12981164,1000,100,0,2,0,-1100,-1160,-1147
2026-09-19T21:34:05Z,CHAN,13025,13025164,1000,100,0,35,0,-950,-1160,-1105
2026-09-19T21:34:06Z,CHAN,13026,13026164,1000,100,0,69,0,-950,-1160,-1047
2026-09-19T21:34:07Z,CHAN,13027,13027164,1000,100,0,2,0,-950,-1160,-1146
2026-09-19T21:34:09Z,CHANSUM,12970,13029,60,60000,6000,0,108,0,4,0,-950,-1160,-1160,-1160
2026-09-19T21:34:16Z,CHAN,13036,13036164,1000,100,0,3,0,-1100,-1160,-1145
2026-09-19T21:34:51Z,CHAN,13071,13071164,1000,100,0,5,0,-1100,-1160,-1146
2026-09-19T21:35:09Z,CHANSUM,13030,13089,60,60000,6000,0,8,0,2,0,-1100,-1160,-1160,-1160
2026-09-19T21:35:42Z,CHAN,13122,13122164,1000,100,0,2,0,-1100,-1160,-1147
2026-09-19T21:35:46Z,CHAN,13126,13126164,1000,100,0,3,0,-1080,-1160,-1145
2026-09-19T21:36:01Z,CHAN,13141,13141164,1000,100,0,1,0,-1090,-1160,-1147
2026-09-19T21:36:09Z,CHANSUM,13090,13149,60,60000,6000,0,6,0,3,0,-1080,-1160,-1160,-1160
2026-09-19T21:36:25Z,CHAN,13165,13165164,1000,100,0,1,0,-980,-1160,-1146
2026-09-19T21:36:38Z,CHAN,13178,13178164,1000,100,0,3,0,-1100,-1160,-1147
2026-09-19T21:37:07Z,CHAN,13207,13207164,1000,100,0,5,0,-1060,-1160,-1145
2026-09-19T21:37:09Z,CHANSUM,13150,13209,60,60000,6000,0,9,0,3,0,-980,-1160,-1160,-1160
2026-09-19T21:38:09Z,CHANSUM,13210,13269,60,60000,6000,0,0,0,0,0,-1130,-1160,-1160,-1160
2026-09-19T21:39:01Z,CHAN,13321,13321164,1000,100,0,2,0,-1100,-1160,-1147
2026-09-19T21:39:09Z,CHANSUM,13270,13329,60,60000,6000,0,2,0,1,0,-1100,-1160,-1150,-1159
2026-09-19T21:39:55Z,CHAN,13375,13375164,1000,100,0,2,0,-1100,-1160,-1146
2026-09-19T21:40:09Z,CHANSUM,13330,13389,60,60000,6000,0,2,0,1,0,-1100,-1170,-1160,-1160
2026-09-19T21:40:22Z,CHAN,13402,13402164,1000,100,0,1,0,-1090,-1160,-1147
2026-09-19T21:40:47Z,CHAN,13427,13427164,1000,100,0,3,0,-1060,-1180,-1147
2026-09-19T21:41:09Z,CHANSUM,13390,13449,60,60000,6000,0,4,0,2,0,-1060,-1180,-1160,-1160
2026-09-19T21:41:16Z,CHAN,13456,13456164,1000,100,0,2,0,-860,-1170,-1143
2026-09-19T21:41:19Z,CHAN,13459,13459164,1000,100,0,5,0,-1070,-1160,-1144
2026-09-19T21:42:09Z,CHANSUM,13450,13509,60,60000,6000,0,7,0,2,0,-860,-1170,-1150,-1160
2026-09-19T21:42:35Z,CHAN,13535,13535164,1000,100,0,5,0,-1070,-1160,-1145
2026-09-19T21:42:48Z,CHAN,13548,13548164,1000,100,0,3,0,-1070,-1160,-1146
2026-09-19T21:43:09Z,CHANSUM,13510,13569,60,60000,6000,0,8,0,2,0,-1070,-1160,-1150,-1159
2026-09-19T21:43:36Z,CHAN,13596,13596164,1000,100,0,2,0,-1100,-1160,-1147
2026-09-19T21:43:37Z,CHAN,13597,13597164,1000,100,0,1,0,-1100,-1160,-1146
2026-09-19T21:43:45Z,CHAN,13605,13605164,1000,100,0,6,0,-970,-1160,-1139
2026-09-19T21:43:47Z,CHAN,13607,13607164,1000,100,0,2,0,-1100,-1160,-1147
2026-09-19T21:44:05Z,CHAN,13625,13625164,1000,100,0,1,0,-1090,-1160,-1148
2026-09-19T21:44:09Z,CHANSUM,13570,13629,60,60000,6000,0,12,0,5,0,-970,-1160,-1150,-1159
2026-09-19T21:44:21Z,CHAN,13641,13641164,1000,100,0,3,0,-1090,-1160,-1147
2026-09-19T21:45:01Z,CHAN,13681,13681164,1000,100,0,5,0,-1070,-1160,-1145
2026-09-19T21:45:09Z,CHANSUM,13630,13689,60,60000,6000,0,8,0,2,0,-1070,-1160,-1160,-1160
2026-09-19T21:45:33Z,CHAN,13713,13713164,1000,100,0,1,0,-1100,-1160,-1146
2026-09-19T21:46:09Z,CHANSUM,13690,13749,60,60000,6000,0,1,0,1,0,-1100,-1160,-1150,-1159
2026-09-19T21:46:24Z,CHAN,13764,13764164,1000,100,0,2,0,-870,-1160,-1144
2026-09-19T21:46:30Z,CHAN,13770,13770164,1000,100,0,4,0,-880,-1160,-1138
2026-09-19T21:46:31Z,CHAN,13771,13771164,1000,100,0,5,0,-880,-1160,-1135
2026-09-19T21:46:34Z,CHAN,13774,13774164,1000,100,0,1,0,-1090,-1160,-1146
2026-09-19T21:46:35Z,CHAN,13775,13775164,1000,100,0,7,0,-1090,-1160,-1144
2026-09-19T21:47:09Z,CHANSUM,13750,13809,60,60000,6000,0,19,0,5,0,-870,-1160,-1160,-1160
2026-09-19T21:47:17Z,CHAN,13817,13817164,1000,100,0,6,0,-960,-1160,-1139
2026-09-19T21:47:28Z,CHAN,13828,13828164,1000,100,0,5,0,-870,-1160,-1135
2026-09-19T21:48:09Z,CHANSUM,13810,13869,60,60000,6000,0,11,0,2,0,-870,-1160,-1160,-1160
2026-09-19T21:48:40Z,CHAN,13900,13900164,1000,100,0,4,0,-880,-1160,-1137
2026-09-19T21:48:41Z,CHAN,13901,13901164,1000,100,0,5,0,-880,-1160,-1135
2026-09-19T21:49:09Z,CHANSUM,13870,13929,60,60000,6000,0,9,0,2,0,-880,-1160,-1160,-1160
2026-09-19T21:49:33Z,CHAN,13953,13953164,1000,100,0,5,0,-990,-1160,-1141
2026-09-19T21:49:43Z,CHAN,13963,13963164,1000,100,0,60,0,-950,-1150,-1048
2026-09-19T21:49:44Z,CHAN,13964,13964164,1000,100,0,18,0,-950,-1160,-1118
2026-09-19T21:50:09Z,CHANSUM,13930,13989,60,60000,6000,0,83,0,3,0,-950,-1170,-1150,-1160
2026-09-19T21:50:16Z,CHAN,13996,13996164,1000,100,0,16,0,-940,-1160,-1122
2026-09-19T21:50:16Z,CHAN,13997,13997164,1000,100,0,72,0,-940,-1160,-1061
2026-09-19T21:50:17Z,CHAN,13998,13998164,1000,100,0,19,0,-950,-1160,-1120
2026-09-19T21:51:08Z,CHANSUM,13990,14049,60,60000,6000,0,107,0,3,0,-940,-1160,-1150,-1159
2026-09-19T21:51:18Z,CHAN,14059,14059164,1000,100,0,5,0,-950,-1160,-1141
2026-09-19T21:51:30Z,CHAN,14071,14071164,1000,100,0,2,0,-890,-1160,-1145
2026-09-19T21:52:00Z,CHAN,14101,14101164,1000,100,0,2,0,-1100,-1160,-1147
2026-09-19T21:52:08Z,CHANSUM,14050,14109,60,60000,6000,0,9,0,3,0,-890,-1160,-1160,-1160
2026-09-19T21:52:30Z,CHAN,14131,14131164,1000,100,0,1,0,-1100,-1160,-1148
2026-09-19T21:52:43Z,CHAN,14144,14144164,1000,100,0,2,0,-1100,-1160,-1146
2026-09-19T21:53:08Z,CHANSUM,14110,14169,60,60000,6000,0,3,0,2,0,-1100,-1160,-1160,-1160
2026-09-19T21:53:41Z,CHAN,14202,14202164,1000,100,0,4,0,-910,-1160,-1140
2026-09-19T21:53:50Z,CHAN,14211,14211164,1000,100,0,3,0,-1060,-1160,-1145
2026-09-19T21:54:04Z,CHAN,14225,14225164,1000,100,0,2,0,-1100,-1160,-1147
2026-09-19T21:54:08Z,CHANSUM,14170,14229,60,60000,6000,0,9,0,3,0,-910,-1170,-1160,-1160
2026-09-19T21:54:42Z,CHAN,14263,14263164,1000,100,0,3,0,-1090,-1160,-1146
2026-09-19T21:54:49Z,CHAN,14270,14270164,1000,100,0,3,0,-1080,-1160,-1146
2026-09-19T21:55:08Z,CHANSUM,14230,14289,60,60000,6000,0,6,0,2,0,-1080,-1160,-1160,-1160
2026-09-19T21:55:10Z,CHAN,14291,14291164,1000,100,0,1,0,-1100,-1160,-1147
2026-09-19T21:55:18Z,CHAN,14299,14299164,1000,100,0,4,0,-1090,-1160,-1146
2026-09-19T21:55:45Z,CHAN,14326,14326164,1000,100,0,1,0,-1100,-1160,-1147
2026-09-19T21:55:50Z,CHAN,14331,14331164,1000,100,0,3,0,-1070,-1160,-1146
2026-09-19T21:56:08Z,CHANSUM,14290,14349,60,60000,6000,0,9,0,4,0,-1070,-1160,-1160,-1160
2026-09-19T21:57:00Z,CHAN,14401,14401164,1000,100,0,1,0,-1060,-1170,-1148
2026-09-19T21:57:08Z,CHANSUM,14350,14409,60,60000,6000,0,1,0,1,0,-1060,-1170,-1160,-1160
2026-09-19T21:58:08Z,CHANSUM,14410,14469,60,60000,6000,0,0,0,0,0,-1110,-1160,-1160,-1160
2026-09-19T21:59:08Z,CHANSUM,14470,14529,60,60000,6000,0,0,0,0,0,-1130,-1160,-1160,-1160
2026-09-19T22:00:08Z,CHANSUM,14530,14589,60,60000,6000,0,0,0,0,0,-1120,-1160,-1160,-1160
2026-09-19T22:00:09Z,CHAN,14590,14590164,1000,100,0,5,0,-890,-1160,-1135
2026-09-19T22:00:10Z,CHAN,14591,14591164,1000,100,0,5,0,-890,-1160,-1136
2026-09-19T22:01:08Z,CHANSUM,14590,14649,60,60000,6000,0,10,0,2,0,-890,-1160,-1160,-1160
2026-09-19T22:02:08Z,CHANSUM,14650,14709,60,60000,6000,0,0,0,0,0,-1110,-1160,-1150,-1159
2026-09-19T22:02:19Z,CHAN,14720,14720164,1000,100,0,5,0,-880,-1160,-1134
2026-09-19T22:02:20Z,CHAN,14721,14721164,1000,100,0,5,0,-880,-1160,-1135
2026-09-19T22:02:33Z,CHAN,14734,14734164,1000,100,0,5,0,-1020,-1160,-1142
2026-09-19T22:03:08Z,CHANSUM,14710,14769,60,60000,6000,0,15,0,3,0,-880,-1160,-1160,-1160
2026-09-19T22:04:04Z,CHAN,14825,14825164,1000,100,0,1,0,-1100,-1160,-1146
2026-09-19T22:04:08Z,CHANSUM,14770,14829,60,60000,6000,0,1,0,1,0,-1100,-1160,-1150,-1159
2026-09-19T22:05:08Z,CHANSUM,14830,14889,60,60000,6000,0,0,0,0,0,-1110,-1160,-1160,-1160
2026-09-19T22:05:24Z,CHAN,14905,14905164,1000,100,0,5,0,-890,-1160,-1136
2026-09-19T22:05:25Z,CHAN,14906,14906164,1000,100,0,4,0,-890,-1160,-1137
2026-09-19T22:06:04Z,CHAN,14945,14945164,1000,100,0,5,0,-950,-1160,-1140
2026-09-19T22:06:08Z,CHANSUM,14890,14949,60,60000,6000,0,14,0,3,0,-890,-1160,-1150,-1159
2026-09-19T22:07:08Z,CHANSUM,14950,15009,60,60000,6000,0,0,0,0,0,-1120,-1160,-1160,-1160
2026-09-19T22:07:34Z,CHAN,15035,15035164,1000,100,0,5,0,-880,-1160,-1135
2026-09-19T22:07:35Z,CHAN,15036,15036164,1000,100,0,4,0,-880,-1160,-1138
2026-09-19T22:08:08Z,CHANSUM,15010,15069,60,60000,6000,0,9,0,2,0,-880,-1170,-1160,-1160
2026-09-19T22:08:11Z,CHAN,15072,15072164,1000,100,0,1,0,-960,-1160,-1146
2026-09-19T22:08:12Z,CHAN,15073,15073164,1000,100,0,1,0,-930,-1160,-1146
2026-09-19T22:08:28Z,CHAN,15089,15089164,1000,100,0,5,0,-1090,-1160,-1145
2026-09-19T22:09:08Z,CHAN,15129,15129164,1000,100,0,1,0,-1100,-1160,-1147
2026-09-19T22:09:08Z,CHANSUM,15070,15129,60,60000,6000,0,8,0,4,0,-930,-1160,-1160,-1160
2026-09-19T22:09:38Z,CHAN,15159,15159164,1000,100,0,5,0,-1020,-1160,-1142
2026-09-19T22:09:57Z,CHAN,15178,15178164,1000,100,0,5,0,-1060,-1160,-1145
2026-09-19T22:10:08Z,CHANSUM,15130,15189,60,60000,6000,0,10,0,2,0,-1020,-1160,-1160,-1160
2026-09-19T22:11:08Z,CHANSUM,15190,15249,60,60000,6000,0,0,0,0,0,-1120,-1170,-1160,-1160
2026-09-19T22:11:26Z,CHAN,15267,15267164,1000,100,0,5,0,-1040,-1160,-1144
2026-09-19T22:11:59Z,CHAN,15300,15300164,1000,100,0,1,0,-900,-1170,-1146
2026-09-19T22:12:08Z,CHANSUM,15250,15309,60,60000,6000,0,6,0,2,0,-900,-1170,-1160,-1160
2026-09-19T22:13:08Z,CHANSUM,15310,15369,60,60000,6000,0,0,0,0,0,-1120,-1160,-1160,-1160
2026-09-19T22:14:08Z,CHANSUM,15370,15429,60,60000,6000,0,0,0,0,0,-1130,-1160,-1160,-1160
2026-09-19T22:14:42Z,CHAN,15463,15463164,1000,100,0,5,0,-1030,-1160,-1142
2026-09-19T22:15:08Z,CHANSUM,15430,15489,60,60000,6000,0,5,0,1,0,-1030,-1160,-1160,-1160
2026-09-19T22:15:51Z,CHAN,15532,15532164,1000,100,0,4,0,-1070,-1160,-1145
2026-09-19T22:15:58Z,CHAN,15539,15539164,1000,100,0,4,0,-1060,-1160,-1146
2026-09-19T22:16:08Z,CHANSUM,15490,15549,60,60000,6000,0,8,0,2,0,-1060,-1160,-1150,-1159
2026-09-19T22:16:23Z,CHAN,15564,15564164,1000,100,0,3,0,-1090,-1160,-1146
2026-09-19T22:16:38Z,CHAN,15579,15579164,1000,100,0,4,0,-930,-1160,-1139
2026-09-19T22:16:49Z,CHAN,15590,15590164,1000,100,0,4,0,-730,-1160,-1133
2026-09-19T22:17:06Z,CHAN,15607,15607164,1000,100,0,1,0,-920,-1160,-1146
2026-09-19T22:17:08Z,CHANSUM,15550,15609,60,60000,6000,0,12,0,4,0,-730,-1160,-1150,-1159
2026-09-19T22:17:18Z,CHAN,15619,15619164,1000,100,0,3,0,-910,-1160,-1142
2026-09-19T22:17:27Z,CHAN,15628,15628164,1000,100,0,3,0,-1070,-1160,-1147
2026-09-19T22:17:52Z,CHAN,15653,15653164,1000,100,0,4,0,-1070,-1160,-1145
2026-09-19T22:18:02Z,CHAN,15663,15663164,1000,100,0,4,0,-1010,-1160,-1143
2026-09-19T22:18:08Z,CHANSUM,15610,15669,60,60000,6000,0,14,0,4,0,-910,-1160,-1150,-1159
2026-09-19T22:18:18Z,CHAN,15679,15679164,1000,100,0,3,0,-920,-1160,-1143
2026-09-19T22:18:37Z,CHAN,15698,15698164,1000,100,0,2,0,-1100,-1160,-1146
2026-09-19T22:18:41Z,CHAN,15702,15702164,1000,100,0,3,0,-1030,-1160,-1146
2026-09-19T22:18:55Z,CHAN,15716,15716164,1000,100,0,3,0,-980,-1160,-1143
2026-09-19T22:19:08Z,CHANSUM,15670,15729,60,60000,6000,0,11,0,4,0,-920,-1160,-1160,-1160
2026-09-19T22:20:07Z,CHAN,15788,15788164,1000,100,0,2,0,-1100,-1160,-1146
2026-09-19T22:20:08Z,CHANSUM,15730,15789,60,60000,6000,0,2,0,1,0,-1100,-1160,-1160,-1160
2026-09-19T22:20:26Z,CHAN,15807,15807164,1000,100,0,1,0,-1050,-1160,-1146
2026-09-19T22:20:29Z,CHAN,15810,15810164,1000,100,0,2,0,-1100,-1160,-1146
2026-09-19T22:21:07Z,CHAN,15848,15848164,1000,100,0,17,0,-950,-1160,-1119
2026-09-19T22:21:08Z,CHAN,15849,15849164,1000,100,0,23,0,-940,-1160,-1112
2026-09-19T22:21:08Z,CHANSUM,15790,15849,60,60000,6000,0,43,0,4,0,-940,-1160,-1150,-1159
2026-09-19T22:21:09Z,CHAN,15850,15850164,1000,100,0,5,0,-880,-1160,-1134
2026-09-19T22:21:10Z,CHAN,15851,15851164,1000,100,0,4,0,-880,-1160,-1138
2026-09-19T22:21:59Z,CHAN,15900,15900164,1000,100,0,2,0,-1080,-1160,-1147
2026-09-19T22:22:02Z,CHAN,15903,15903164,1000,100,0,18,0,-950,-1160,-1117
2026-09-19T22:22:03Z,CHAN,15904,15904164,1000,100,0,22,0,-950,-1160,-1115
2026-09-19T22:22:08Z,CHANSUM,15850,15909,60,60000,6000,0,51,0,5,0,-880,-1160,-1160,-1160
2026-09-19T22:22:15Z,CHAN,15915,15915164,1000,100,0,3,0,-870,-1160,-1143
2026-09-19T22:22:20Z,CHAN,15920,15920164,1000,100,0,1,0,-1090,-1160,-1148
2026-09-19T22:22:46Z,CHAN,15946,15946164,1000,100,0,5,0,-1070,-1160,-1145
2026-09-19T22:22:56Z,CHAN,15956,15956164,1000,100,0,5,0,-870,-1160,-1134
2026-09-19T22:23:09Z,CHANSUM,15910,15969,60,60000,6000,0,14,0,4,0,-870,-1160,-1160,-1160
2026-09-19T22:23:20Z,CHAN,15980,15980164,1000,100,0,5,0,-880,-1160,-1135
2026-09-19T22:23:21Z,CHAN,15981,15981164,1000,100,0,4,0,-880,-1160,-1138
2026-09-19T22:24:09Z,CHANSUM,15970,16029,60,60000,6000,0,9,0,2,0,-880,-1160,-1160,-1160
2026-09-19T22:24:29Z,CHAN,16049,16049164,1000,100,0,12,0,-960,-1160,-1130
2026-09-19T22:24:43Z,CHAN,16063,16063164,1000,100,0,3,0,-1100,-1160,-1145
2026-09-19T22:24:44Z,CHAN,16064,16064164,1000,100,0,2,0,-1100,-1160,-1147
2026-09-19T22:24:55Z,CHAN,16075,16075164,1000,100,0,4,0,-1070,-1160,-1145
2026-09-19T22:25:09Z,CHANSUM,16030,16089,60,60000,6000,0,21,0,4,0,-960,-1160,-1160,-1160
2026-09-19T22:25:17Z,CHAN,16097,16097164,1000,100,0,1,0,-1100,-1160,-1147
2026-09-19T22:25:57Z,CHAN,16137,16137164,1000,100,0,5,0,-1080,-1160,-1145
2026-09-19T22:26:09Z,CHAN,16149,16149164,1000,100,0,1,0,-900,-1160,-1146
2026-09-19T22:26:09Z,CHANSUM,16090,16149,60,60000,6000,0,7,0,3,0,-900,-1160,-1160,-1160
2026-09-19T22:26:25Z,CHAN,16165,16165164,1000,100,0,5,0,-880,-1160,-1135
2026-09-19T22:26:26Z,CHAN,16166,16166164,1000,100,0,4,0,-880,-1160,-1137
2026-09-19T22:27:09Z,CHANSUM,16150,16209,60,60000,6000,0,9,0,2,0,-880,-1190,-1160,-1160
2026-09-19T22:27:22Z,CHAN,16222,16222164,1000,100,0,3,0,-890,-1160,-1143
2026-09-19T22:27:23Z,CHAN,16223,16223164,1000,100,0,5,0,-960,-1150,-1139
2026-09-19T22:28:09Z,CHANSUM,16210,16269,60,60000,6000,0,8,0,2,0,-890,-1160,-1150,-1159
2026-09-19T22:28:20Z,CHAN,16280,16280164,1000,100,0,1,0,-1100,-1160,-1147
2026-09-19T22:28:24Z,CHAN,16284,16284164,1000,100,0,1,0,-1100,-1160,-1148
2026-09-19T22:28:35Z,CHAN,16295,16295164,1000,100,0,5,0,-880,-1160,-1135
2026-09-19T22:28:36Z,CHAN,16296,16296164,1000,100,0,4,0,-880,-1160,-1138
2026-09-19T22:29:09Z,CHANSUM,16270,16329,60,60000,6000,0,11,0,4,0,-880,-1160,-1160,-1160
2026-09-19T22:29:22Z,CHAN,16342,16342164,1000,100,0,5,0,-1060,-1160,-1144
2026-09-19T22:30:09Z,CHANSUM,16330,16389,60,60000,6000,0,5,0,1,0,-1060,-1170,-1150,-1159
2026-09-19T22:30:30Z,CHAN,16410,16410164,1000,100,0,2,0,-1100,-1160,-1147
2026-09-19T22:30:50Z,CHAN,16430,16430164,1000,100,0,5,0,-1060,-1160,-1144
2026-09-19T22:31:09Z,CHANSUM,16390,16449,60,60000,6000,0,7,0,2,0,-1060,-1160,-1160,-1160
2026-09-19T22:32:09Z,CHANSUM,16450,16509,60,60000,6000,0,0,0,0,0,-1130,-1160,-1160,-1160
2026-09-19T22:32:29Z,CHAN,16529,16529164,1000,100,0,2,0,-900,-1160,-1145
2026-09-19T22:33:09Z,CHANSUM,16510,16569,60,60000,6000,0,2,0,1,0,-900,-1160,-1160,-1160
2026-09-19T22:33:59Z,CHAN,16619,16619164,1000,100,0,5,0,-1020,-1160,-1142
2026-09-19T22:34:09Z,CHANSUM,16570,16629,60,60000,6000,0,5,0,1,0,-1020,-1170,-1160,-1160
2026-09-19T22:34:59Z,CHAN,16679,16679164,1000,100,0,3,0,-1100,-1160,-1145
2026-09-19T22:35:03Z,CHAN,16683,16683164,1000,100,0,7,0,-1030,-1160,-1141
2026-09-19T22:35:09Z,CHANSUM,16630,16689,60,60000,6000,0,10,0,2,0,-1030,-1160,-1160,-1160
2026-09-19T22:36:09Z,CHANSUM,16690,16749,60,60000,6000,0,0,0,0,0,-1110,-1160,-1160,-1160
2026-09-19T22:36:40Z,CHAN,16780,16780164,1000,100,0,2,0,-1100,-1160,-1147
2026-09-19T22:37:09Z,CHANSUM,16750,16809,60,60000,6000,0,2,0,1,0,-1100,-1160,-1160,-1160
2026-09-19T22:37:36Z,CHAN,16836,16836164,1000,100,0,1,0,-990,-1170,-1148
2026-09-19T22:37:43Z,CHAN,16843,16843164,1000,100,0,6,0,-1090,-1160,-1146
2026-09-19T22:37:59Z,CHAN,16859,16859164,1000,100,0,5,0,-1040,-1160,-1144
2026-09-19T22:38:09Z,CHANSUM,16810,16869,60,60000,6000,0,12,0,3,0,-990,-1170,-1160,-1160
2026-09-19T22:38:41Z,CHAN,16901,16901164,1000,100,0,5,0,-1030,-1160,-1142
2026-09-19T22:39:09Z,CHANSUM,16870,16929,60,60000,6000,0,5,0,1,0,-1030,-1160,-1160,-1160
2026-09-19T22:40:09Z,CHANSUM,16930,16989,60,60000,6000,0,0,0,0,0,-1120,-1160,-1160,-1160
2026-09-19T22:40:24Z,CHAN,17004,17004164,1000,100,0,4,0,-1090,-1160,-1146
2026-09-19T22:41:09Z,CHANSUM,16990,17049,60,60000,6000,0,4,0,1,0,-1090,-1170,-1160,-1160
2026-09-19T22:42:09Z,CHANSUM,17050,17109,60,60000,6000,0,0,0,0,0,-1120,-1170,-1160,-1160
2026-09-19T22:42:10Z,CHAN,17110,17110164,1000,100,0,5,0,-880,-1160,-1136
2026-09-19T22:42:11Z,CHAN,17111,17111164,1000,100,0,4,0,-880,-1160,-1139
2026-09-19T22:42:29Z,CHAN,17129,17129164,1000,100,0,1,0,-1100,-1160,-1146
2026-09-19T22:43:09Z,CHANSUM,17110,17169,60,60000,6000,0,10,0,3,0,-880,-1160,-1160,-1160
2026-09-19T22:43:11Z,CHAN,17171,17171164,1000,100,0,5,0,-980,-1160,-1142
2026-09-19T22:44:09Z,CHANSUM,17170,17229,60,60000,6000,0,5,0,1,0,-980,-1160,-1160,-1160
2026-09-19T22:44:20Z,CHAN,17240,17240164,1000,100,0,5,0,-880,-1160,-1135
2026-09-19T22:44:21Z,CHAN,17241,17241164,1000,100,0,4,0,-890,-1160,-1138
2026-09-19T22:44:43Z,CHAN,17263,17263164,1000,100,0,5,0,-900,-1160,-1138
2026-09-19T22:45:09Z,CHANSUM,17230,17289,60,60000,6000,0,14,0,3,0,-880,-1160,-1160,-1160
2026-09-19T22:46:09Z,CHANSUM,17290,17349,60,60000,6000,0,0,0,0,0,-1110,-1160,-1160,-1160
2026-09-19T22:47:09Z,CHANSUM,17350,17409,60,60000,6000,0,0,0,0,0,-1110,-1160,-1160,-1160
2026-09-19T22:47:25Z,CHAN,17425,17425164,1000,100,0,6,0,-880,-1160,-1135
2026-09-19T22:47:26Z,CHAN,17426,17426164,1000,100,0,4,0,-880,-1160,-1138
2026-09-19T22:47:54Z,CHAN,17454,17454164,1000,100,0,5,0,-870,-1170,-1135
2026-09-19T22:48:09Z,CHANSUM,17410,17469,60,60000,6000,0,15,0,3,0,-870,-1170,-1160,-1160
2026-09-19T22:49:09Z,CHANSUM,17470,17529,60,60000,6000,0,0,0,0,0,-1120,-1160,-1160,-1160
2026-09-19T22:49:15Z,CHAN,17535,17535164,1000,100,0,2,0,-1010,-1160,-1145
2026-09-19T22:49:17Z,CHAN,17537,17537164,1000,100,0,2,0,-1070,-1160,-1148
2026-09-19T22:49:35Z,CHAN,17555,17555164,1000,100,0,6,0,-880,-1160,-1134
2026-09-19T22:49:36Z,CHAN,17556,17556164,1000,100,0,4,0,-880,-1160,-1139
2026-09-19T22:50:09Z,CHANSUM,17530,17589,60,60000,6000,0,14,0,4,0,-880,-1160,-1160,-1160
2026-09-19T22:50:28Z,CHAN,17608,17608164,1000,100,0,6,0,-970,-1160,-1140
2026-09-19T22:51:09Z,CHANSUM,17590,17649,60,60000,6000,0,6,0,1,0,-970,-1160,-1160,-1160
2026-09-19T22:52:09Z,CHANSUM,17650,17709,60,60000,6000,0,0,0,0,0,-1130,-1170,-1160,-1160
2026-09-19T22:53:09Z,CHANSUM,17710,17769,60,60000,6000,0,0,0,0,0,-1110,-1160,-1150,-1159
2026-09-19T22:54:09Z,CHANSUM,17770,17829,60,60000,6000,0,0,0,0,0,-1130,-1160,-1160,-1160
2026-09-19T22:55:09Z,CHANSUM,17830,17889,60,60000,6000,0,0,0,0,0,-1130,-1160,-1160,-1160
2026-09-19T22:55:52Z,CHAN,17932,17932164,1000,100,0,5,0,-1020,-1160,-1143
2026-09-19T22:56:09Z,CHANSUM,17890,17949,60,60000,6000,0,5,0,1,0,-1020,-1160,-1160,-1160
2026-09-19T22:56:42Z,CHAN,17982,17982164,1000,100,0,4,0,-990,-1160,-1143
2026-09-19T22:56:55Z,CHAN,17995,17995164,1000,100,0,1,0,-1100,-1160,-1148
2026-09-19T22:56:56Z,CHAN,17996,17996164,1000,100,0,4,0,-1070,-1160,-1146
2026-09-19T22:57:09Z,CHANSUM,17950,18009,60,60000,6000,0,9,0,3,0,-990,-1160,-1160,-1160
2026-09-19T22:57:30Z,CHAN,18030,18030164,1000,100,0,4,0,-1060,-1160,-1144
2026-09-19T22:57:53Z,CHAN,18053,18053164,1000,100,0,4,0,-1060,-1160,-1145
2026-09-19T22:57:54Z,CHAN,18054,18054164,1000,100,0,1,0,-1100,-1160,-1148
2026-09-19T22:58:06Z,CHAN,18066,18066164,1000,100,0,1,0,-1010,-1160,-1148
2026-09-19T22:58:09Z,CHANSUM,18010,18069,60,60000,6000,0,10,0,4,0,-1010,-1160,-1150,-1159
2026-09-19T22:58:16Z,CHAN,18076,18076164,1000,100,0,4,0,-1060,-1160,-1146
2026-09-19T22:58:32Z,CHAN,18092,18092164,1000,100,0,3,0,-1070,-1160,-1147
2026-09-19T22:58:47Z,CHAN,18107,18107164,1000,100,0,3,0,-990,-1160,-1144
2026-09-19T22:58:54Z,CHAN,18114,18114164,1000,100,0,2,0,-1100,-1160,-1146
2026-09-19T22:59:09Z,CHANSUM,18070,18129,60,60000,6000,0,12,0,4,0,-990,-1160,-1160,-1160
2026-09-19T22:59:10Z,CHAN,18130,18130164,1000,100,0,3,0,-920,-1160,-1142
2026-09-19T22:59:59Z,CHAN,18179,18179164,1000,100,0,3,0,-1070,-1160,-1146
2026-09-19T23:00:01Z,CHAN,18181,18181164,1000,100,0,3,0,-1040,-1160,-1146
2026-09-19T23:00:06Z,CHAN,18186,18186164,1000,100,0,1,0,-860,-1160,-1145
2026-09-19T23:00:07Z,CHAN,18187,18187164,1000,100,0,2,0,-860,-1170,-1141
2026-09-19T23:00:09Z,CHANSUM,18130,18189,60,60000,6000,0,12,0,5,0,-860,-1170,-1160,-1160
2026-09-19T23:00:12Z,CHAN,18192,18192164,1000,100,0,5,0,-1060,-1160,-1143
2026-09-19T23:00:22Z,CHAN,18202,18202164,1000,100,0,5,0,-720,-1160,-1134
2026-09-19T23:00:35Z,CHAN,18215,18215164,1000,100,0,3,0,-1020,-1160,-1145
2026-09-19T23:00:38Z,CHAN,18218,18218164,1000,100,0,3,0,-1030,-1160,-1145
2026-09-19T23:00:56Z,CHAN,18236,18236164,1000,100,0,2,0,-1090,-1160,-1146
2026-09-19T23:01:05Z,CHAN,18245,18245164,1000,100,0,6,0,-880,-1160,-1132
2026-09-19T23:01:06Z,CHAN,18246,18246164,1000,100,0,3,0,-880,-1160,-1139
2026-09-19T23:01:07Z,CHAN,18247,18247164,1000,100,0,3,0,-850,-1160,-1141
2026-09-19T23:01:09Z,CHANSUM,18190,18249,60,60000,6000,0,30,0,8,0,-720,-1160,-1160,-1160
2026-09-19T23:01:31Z,CHAN,18271,18271164,1000,100,0,3,0,-1070,-1160,-1147
2026-09-19T23:01:41Z,CHAN,18281,18281164,1000,100,0,1,0,-1090,-1160,-1147
2026-09-19T23:01:45Z,CHAN,18285,18285164,1000,100,0,4,0,-870,-1160,-1138
2026-09-19T23:01:48Z,CHAN,18288,18288164,1000,100,0,1,0,-1090,-1170,-1148
2026-09-19T23:02:07Z,CHAN,18307,18307164,1000,100,0,4,0,-860,-1160,-1139
2026-09-19T23:02:09Z,CHANSUM,18250,18309,60,60000,6000,0,13,0,5,0,-860,-1170,-1160,-1160
2026-09-19T23:02:11Z,CHAN,18311,18311164,1000,100,0,3,0,-860,-1160,-1140
2026-09-19T23:02:26Z,CHAN,18326,18326164,1000,100,0,3,0,-1090,-1160,-1146
2026-09-19T23:02:31Z,CHAN,18331,18331164,1000,100,0,1,0,-1060,-1160,-1148
2026-09-19T23:02:32Z,CHAN,18332,18332164,1000,100,0,3,0,-1060,-1160,-1146
2026-09-19T23:03:03Z,CHAN,18363,18363164,1000,100,0,3,0,-1060,-1160,-1145
2026-09-19T23:03:09Z,CHANSUM,18310,18369,60,60000,6000,0,13,0,5,0,-860,-1160,-1160,-1160
2026-09-19T23:03:13Z,CHAN,18373,18373164,1000,100,0,6,0,-950,-1160,-1139
2026-09-19T23:03:15Z,CHAN,18375,18375164,1000,100,0,6,0,-880,-1160,-1131
2026-09-19T23:03:16Z,CHAN,18376,18376164,1000,100,0,3,0,-880,-1160,-1138
2026-09-19T23:03:47Z,CHAN,18407,18407164,1000,100,0,34,0,-950,-1160,-1100
2026-09-19T23:03:48Z,CHAN,18408,18408164,1000,100,0,39,0,-950,-1160,-1090
2026-09-19T23:03:55Z,CHAN,18415,18415164,1000,100,0,5,0,-1060,-1160,-1145
2026-09-19T23:04:00Z,CHAN,18420,18420164,1000,100,0,5,0,-1080,-1160,-1145
2026-09-19T23:04:09Z,CHANSUM,18370,18429,60,60000,6000,0,98,0,7,0,-880,-1160,-1160,-1160
2026-09-19T23:04:24Z,CHAN,18444,18444164,1000,100,0,3,0,-1060,-1160,-1147
2026-09-19T23:04:36Z,CHAN,18456,18456164,1000,100,0,3,0,-960,-1160,-1143
2026-09-19T23:05:09Z,CHANSUM,18430,18489,60,60000,6000,0,6,0,2,0,-960,-1160,-1160,-1160
2026-09-19T23:05:17Z,CHAN,18497,18497164,1000,100,0,3,0,-1060,-1160,-1146
2026-09-19T23:05:24Z,CHAN,18504,18504164,1000,100,0,3,0,-880,-1160,-1140
2026-09-19T23:05:40Z,CHAN,18520,18520164,1000,100,0,5,0,-1100,-1160,-1143
2026-09-19T23:06:07Z,CHAN,18547,18547164,1000,100,0,5,0,-1040,-1160,-1144
2026-09-19T23:06:09Z,CHANSUM,18490,18549,60,60000,6000,0,16,0,4,0,-880,-1170,-1160,-1160
2026-09-19T23:06:15Z,CHAN,18555,18555164,1000,100,0,7,0,-970,-1160,-1139
2026-09-19T23:06:22Z,CHAN,18562,18562164,1000,100,0,1,0,-1100,-1160,-1148
2026-09-19T23:06:25Z,CHAN,18565,18565164,1000,100,0,5,0,-1060,-1160,-1144
2026-09-19T23:06:32Z,CHAN,18572,18572164,1000,100,0,3,0,-1040,-1160,-1145
2026-09-19T23:06:38Z,CHAN,18578,18578164,1000,100,0,1,0,-1100,-1160,-1147
2026-09-19T23:06:41Z,CHAN,18581,18581164,1000,100,0,3,0,-980,-1160,-1144
2026-09-19T23:06:57Z,CHAN,18597,18597164,1000,100,0,2,0,-1100,-1160,-1147
2026-09-19T23:07:09Z,CHAN,18609,18609164,1000,100,0,5,0,-1040,-1160,-1144
2026-09-19T23:07:09Z,CHANSUM,18550,18609,60,60000,6000,0,27,0,8,0,-970,-1160,-1160,-1160
2026-09-19T23:07:12Z,CHAN,18612,18612164,1000,100,0,5,0,-1070,-1160,-1145
2026-09-19T23:07:20Z,CHAN,18620,18620164,1000,100,0,4,0,-1000,-1160,-1144
2026-09-19T23:07:27Z,CHAN,18627,18627164,1000,100,0,1,0,-1080,-1160,-1147
2026-09-19T23:07:33Z,CHAN,18633,18633164,1000,100,0,3,0,-1040,-1170,-1144
2026-09-19T23:08:01Z,CHAN,18661,18661164,1000,100,0,3,0,-1060,-1160,-1146
2026-09-19T23:08:09Z,CHANSUM,18610,18669,60,60000,6000,0,16,0,5,0,-1000,-1170,-1160,-1160
2026-09-19T23:08:24Z,CHAN,18684,18684164,1000,100,0,1,0,-1100,-1160,-1147
2026-09-19T23:09:09Z,CHANSUM,18670,18729,60,60000,6000,0,1,0,1,0,-1100,-1160,-1160,-1160
2026-09-19T23:09:45Z,CHAN,18765,18765164,1000,100,0,4,0,-1090,-1160,-1146
2026-09-19T23:10:09Z,CHANSUM,18730,18789,60,60000,6000,0,4,0,1,0,-1090,-1160,-1160,-1160
2026-09-19T23:10:41Z,CHAN,18821,18821164,1000,100,0,5,0,-910,-1160,-1138
2026-09-19T23:11:09Z,CHANSUM,18790,18849,60,60000,6000,0,5,0,1,0,-910,-1160,-1160,-1160
2026-09-19T23:12:09Z,CHANSUM,18850,18909,60,60000,6000,0,0,0,0,0,-1120,-1160,-1150,-1159
2026-09-19T23:12:24Z,CHAN,18924,18924164,1000,100,0,28,0,-950,-1160,-1111
2026-09-19T23:12:25Z,CHAN,18925,18925164,1000,100,0,44,0,-950,-1160,-1084
2026-09-19T23:12:45Z,CHAN,18945,18945164,1000,100,0,5,0,-1040,-1160,-1144
2026-09-19T23:13:09Z,CHANSUM,18910,18969,60,60000,6000,0,77,0,3,0,-950,-1160,-1160,-1160
2026-09-19T23:14:09Z,CHANSUM,18970,19029,60,60000,6000,0,0,0,0,0,-1120,-1160,-1160,-1160
2026-09-19T23:14:44Z,CHAN,19064,19064164,1000,100,0,5,0,-1090,-1160,-1146
2026-09-19T23:15:09Z,CHAN,19089,19089164,1000,100,0,1,0,-1100,-1160,-1148
2026-09-19T23:15:09Z,CHANSUM,19030,19089,60,60000,6000,0,6,0,2,0,-1090,-1160,-1160,-1160
2026-09-19T23:15:10Z,CHAN,19090,19090164,1000,100,0,10,0,-960,-1160,-1131
2026-09-19T23:16:09Z,CHANSUM,19090,19149,60,60000,6000,0,10,0,1,0,-960,-1160,-1160,-1160
2026-09-19T23:16:50Z,CHAN,19190,19190164,1000,100,0,6,0,-880,-1160,-1132
2026-09-19T23:16:51Z,CHAN,19191,19191164,1000,100,0,3,0,-880,-1160,-1140
2026-09-19T23:16:52Z,CHAN,19192,19192164,1000,100,0,5,0,-1090,-1160,-1146
2026-09-19T23:16:57Z,CHAN,19197,19197164,1000,100,0,23,0,-950,-1160,-1116
2026-09-19T23:16:58Z,CHAN,19198,19198164,1000,100,0,39,0,-940,-1160,-1077
2026-09-19T23:16:59Z,CHAN,19199,19199164,1000,100,0,14,0,-950,-1160,-1120
2026-09-19T23:17:09Z,CHANSUM,19150,19209,60,60000,6000,0,90,0,6,0,-880,-1160,-1160,-1160
2026-09-19T23:17:56Z,CHAN,19256,19256164,1000,100,0,87,0,-950,-1160,-1030
2026-09-19T23:17:57Z,CHAN,19257,19257164,1000,100,0,19,0,-950,-1160,-1117
2026-09-19T23:18:09Z,CHANSUM,19210,19269,60,60000,6000,0,106,0,2,0,-950,-1160,-1160,-1160
2026-09-19T23:18:35Z,CHAN,19295,19295164,1000,100,0,2,0,-850,-1160,-1144
2026-09-19T23:18:53Z,CHAN,19313,19313164,1000,100,0,8,0,-770,-1160,-1127
2026-09-19T23:18:54Z,CHAN,19314,19314164,1000,100,0,38,0,-880,-1160,-1047
2026-09-19T23:19:00Z,CHAN,19320,19320164,1000,100,0,6,0,-880,-1160,-1133
2026-09-19T23:19:01Z,CHAN,19321,19321164,1000,100,0,6,0,-880,-1160,-1136
2026-09-19T23:19:09Z,CHANSUM,19270,19329,60,60000,6000,0,60,0,5,0,-770,-1160,-1160,-1160
2026-09-19T23:20:09Z,CHANSUM,19330,19389,60,60000,6000,0,0,0,0,0,-1130,-1160,-1160,-1160
2026-09-19T23:21:09Z,CHANSUM,19390,19449,60,60000,6000,0,0,0,0,0,-1120,-1160,-1160,-1160
2026-09-19T23:21:32Z,CHAN,19472,19472164,1000,100,0,8,0,-980,-1160,-1138
2026-09-19T23:22:00Z,CHAN,19500,19500164,1000,100,0,1,0,-1080,-1160,-1148
2026-09-19T23:22:05Z,CHAN,19505,19505164,1000,100,0,6,0,-880,-1160,-1132
2026-09-19T23:22:06Z,CHAN,19506,19506164,1000,100,0,3,0,-880,-1160,-1140
2026-09-19T23:22:09Z,CHANSUM,19450,19509,60,60000,6000,0,18,0,4,0,-880,-1160,-1160,-1160
2026-09-19T23:22:24Z,CHAN,19524,19524164,1000,100,0,4,0,-1070,-1160,-1146
2026-09-19T23:22:58Z,CHAN,19558,19558164,1000,100,0,3,0,-1060,-1160,-1146
2026-09-19T23:23:09Z,CHANSUM,19510,19569,60,60000,6000,0,7,0,2,0,-1060,-1160,-1160,-1160
2026-09-19T23:23:32Z,CHAN,19592,19592164,1000,100,0,4,0,-960,-1160,-1145
2026-09-19T23:23:33Z,CHAN,19593,19593164,1000,100,0,8,0,-960,-1160,-1134
2026-09-19T23:23:42Z,CHAN,19602,19602164,1000,100,0,1,0,-1000,-1160,-1147
2026-09-19T23:24:09Z,CHANSUM,19570,19629,60,60000,6000,0,13,0,3,0,-960,-1160,-1160,-1160
2026-09-19T23:24:15Z,CHAN,19635,19635164,1000,100,0,6,0,-880,-1160,-1132
2026-09-19T23:24:16Z,CHAN,19636,19636164,1000,100,0,3,0,-880,-1160,-1139
2026-09-19T23:24:18Z,CHAN,19638,19638164,1000,100,0,4,0,-1070,-1160,-1145
2026-09-19T23:25:09Z,CHANSUM,19630,19689,60,60000,6000,0,13,0,3,0,-880,-1160,-1160,-1160
2026-09-19T23:25:21Z,CHAN,19701,19701164,1000,100,0,2,0,-1100,-1160,-1147
2026-09-19T23:26:06Z,CHAN,19746,19746164,1000,100,0,3,0,-1070,-1160,-1145
2026-09-19T23:26:09Z,CHANSUM,19690,19749,60,60000,6000,0,5,0,2,0,-1070,-1160,-1160,-1160
2026-09-19T23:26:54Z,CHAN,19794,19794164,1000,100,0,5,0,-980,-1160,-1142
2026-09-19T23:26:55Z,CHAN,19795,19795164,1000,100,0,5,0,-980,-1160,-1142
2026-09-19T23:27:09Z,CHANSUM,19750,19809,60,60000,6000,0,10,0,2,0,-980,-1170,-1160,-1160
2026-09-19T23:27:20Z,CHAN,19820,19820164,1000,100,0,4,0,-1060,-1160,-1145
2026-09-19T23:28:09Z,CHANSUM,19810,19869,60,60000,6000,0,4,0,1,0,-1060,-1160,-1160,-1160
2026-09-19T23:29:01Z,CHAN,19921,19921164,1000,100,0,1,0,-1080,-1160,-1148
2026-09-19T23:29:09Z,CHANSUM,19870,19929,60,60000,6000,0,1,0,1,0,-1080,-1160,-1160,-1160
2026-09-19T23:29:11Z,CHAN,19931,19931164,1000,100,0,7,0,-970,-1160,-1140
2026-09-19T23:29:28Z,CHAN,19948,19948164,1000,100,0,5,0,-1070,-1160,-1146
2026-09-19T23:30:00Z,CHAN,19980,19980164,1000,100,0,1,0,-1100,-1160,-1147
2026-09-19T23:30:09Z,CHANSUM,19930,19989,60,60000,6000,0,13,0,3,0,-970,-1160,-1160,-1160
2026-09-19T23:30:48Z,CHAN,20028,20028164,1000,100,0,5,0,-1090,-1160,-1145
2026-09-19T23:30:59Z,CHAN,20039,20039164,1000,100,0,1,0,-1100,-1160,-1146
2026-09-19T23:31:05Z,CHAN,20045,20045164,1000,100,0,5,0,-1050,-1160,-1144
2026-09-19T23:31:09Z,CHANSUM,19990,20049,60,60000,6000,0,11,0,3,0,-1050,-1160,-1160,-1160
2026-09-19T23:32:09Z,CHANSUM,20050,20109,60,60000,6000,0,0,0,0,0,-1130,-1160,-1160,-1160
2026-09-19T23:32:35Z,CHAN,20135,20135164,1000,100,0,5,0,-980,-1160,-1141
2026-09-19T23:33:09Z,CHANSUM,20110,20169,60,60000,6000,0,5,0,1,0,-980,-1170,-1160,-1160
2026-09-19T23:33:11Z,CHAN,20171,20171164,1000,100,0,1,0,-1060,-1160,-1147
2026-09-19T23:34:09Z,CHANSUM,20170,20229,60,60000,6000,0,1,0,1,0,-1060,-1160,-1150,-1159
2026-09-19T23:34:26Z,CHAN,20246,20246164,1000,100,0,5,0,-1060,-1160,-1144
2026-09-19T23:34:53Z,CHAN,20273,20273164,1000,100,0,2,0,-1020,-1160,-1145
2026-09-19T23:34:56Z,CHAN,20276,20276164,1000,100,0,4,0,-1040,-1160,-1144
2026-09-19T23:34:57Z,CHAN,20277,20277164,1000,100,0,22,0,-960,-1160,-1114
2026-09-19T23:35:09Z,CHANSUM,20230,20289,60,60000,6000,0,33,0,4,0,-960,-1160,-1160,-1160
2026-09-19T23:35:35Z,CHAN,20315,20315164,1000,100,0,5,0,-1080,-1160,-1146
2026-09-19T23:36:09Z,CHANSUM,20290,20349,60,60000,6000,0,5,0,1,0,-1080,-1160,-1160,-1160
2026-09-19T23:37:03Z,CHAN,20403,20403164,1000,100,0,5,0,-1050,-1160,-1144
2026-09-19T23:37:09Z,CHANSUM,20350,20409,60,60000,6000,0,5,0,1,0,-1050,-1160,-1160,-1160
2026-09-19T23:37:49Z,CHAN,20449,20449164,1000,100,0,2,0,-1070,-1160,-1146
2026-09-19T23:37:50Z,CHAN,20450,20450164,1000,100,0,7,0,-880,-1160,-1130
2026-09-19T23:37:51Z,CHAN,20451,20451164,1000,100,0,2,0,-880,-1160,-1143
2026-09-19T23:38:09Z,CHANSUM,20410,20469,60,60000,6000,0,11,0,3,0,-880,-1170,-1160,-1160
2026-09-19T23:39:09Z,CHANSUM,20470,20529,60,60000,6000,0,0,0,0,0,-1110,-1160,-1160,-1160
2026-09-19T23:39:22Z,CHAN,20542,20542164,1000,100,0,1,0,-1100,-1160,-1148
2026-09-19T23:40:00Z,CHAN,20580,20580164,1000,100,0,7,0,-880,-1160,-1130
2026-09-19T23:40:01Z,CHAN,20581,20581164,1000,100,0,2,0,-880,-1160,-1144
2026-09-19T23:40:09Z,CHANSUM,20530,20589,60,60000,6000,0,10,0,3,0,-880,-1160,-1160,-1160
2026-09-19T23:40:17Z,CHAN,20597,20597164,1000,100,0,5,0,-1010,-1160,-1143
2026-09-19T23:41:09Z,CHANSUM,20590,20649,60,60000,6000,0,5,0,1,0,-1010,-1160,-1160,-1160
2026-09-19T23:42:09Z,CHANSUM,20650,20709,60,60000,6000,0,0,0,0,0,-1110,-1160,-1160,-1160
2026-09-19T23:42:58Z,CHAN,20758,20758164,1000,100,0,5,0,-870,-1160,-1135
2026-09-19T23:43:05Z,CHAN,20765,20765164,1000,100,0,7,0,-900,-1160,-1131
2026-09-19T23:43:06Z,CHAN,20766,20766164,1000,100,0,2,0,-900,-1160,-1142
2026-09-19T23:43:09Z,CHANSUM,20710,20769,60,60000,6000,0,14,0,3,0,-870,-1160,-1160,-1160
2026-09-19T23:43:10Z,CHAN,20770,20770164,1000,100,0,1,0,-1100,-1160,-1147
2026-09-19T23:43:13Z,CHAN,20773,20773164,1000,100,0,2,0,-1060,-1160,-1147
2026-09-19T23:43:42Z,CHAN,20802,20802164,1000,100,0,5,0,-1080,-1160,-1145
2026-09-19T23:44:09Z,CHANSUM,20770,20829,60,60000,6000,0,8,0,3,0,-1060,-1160,-1160,-1160
2026-09-19T23:45:09Z,CHANSUM,20830,20889,60,60000,6000,0,0,0,0,0,-1130,-1170,-1160,-1160
2026-09-19T23:45:15Z,CHAN,20895,20895164,1000,100,0,7,0,-890,-1160,-1130
2026-09-19T23:45:16Z,CHAN,20896,20896164,1000,100,0,2,0,-890,-1160,-1143
2026-09-19T23:45:42Z,CHAN,20922,20922164,1000,100,0,2,0,-960,-1170,-1146
2026-09-19T23:46:09Z,CHANSUM,20890,20949,60,60000,6000,0,11,0,3,0,-890,-1170,-1160,-1160
2026-09-19T23:47:09Z,CHANSUM,20950,21009,60,60000,6000,0,0,0,0,0,-1120,-1160,-1160,-1160
2026-09-19T23:48:09Z,CHANSUM,21010,21069,60,60000,6000,0,0,0,0,0,-1120,-1170,-1160,-1160
2026-09-19T23:48:15Z,CHAN,21075,21075164,1000,100,0,5,0,-1050,-1160,-1143
2026-09-19T23:49:09Z,CHANSUM,21070,21129,60,60000,6000,0,5,0,1,0,-1050,-1160,-1160,-1160
2026-09-19T23:50:03Z,CHAN,21183,21183164,1000,100,0,5,0,-860,-1160,-1135
2026-09-19T23:50:09Z,CHANSUM,21130,21189,60,60000,6000,0,5,0,1,0,-860,-1160,-1160,-1160
2026-09-19T23:50:40Z,CHAN,21220,21220164,1000,100,0,1,0,-1040,-1160,-1148
2026-09-19T23:51:09Z,CHANSUM,21190,21249,60,60000,6000,0,1,0,1,0,-1040,-1160,-1160,-1160
2026-09-19T23:51:11Z,CHAN,21251,21251164,1000,100,0,3,0,-1090,-1160,-1147
2026-09-19T23:52:09Z,CHANSUM,21250,21309,60,60000,6000,0,3,0,1,0,-1090,-1160,-1160,-1160
2026-09-19T23:52:17Z,CHAN,21317,21317164,1000,100,0,5,0,-1060,-1160,-1145
2026-09-19T23:53:03Z,CHAN,21363,21363164,1000,100,0,5,0,-1070,-1160,-1144
2026-09-19T23:53:09Z,CHANSUM,21310,21369,60,60000,6000,0,10,0,2,0,-1060,-1160,-1160,-1160
2026-09-19T23:54:09Z,CHANSUM,21370,21429,60,60000,6000,0,0,0,0,0,-1110,-1160,-1150,-1159
2026-09-19T23:54:55Z,CHAN,21475,21475164,1000,100,0,5,0,-950,-1160,-1139
2026-09-19T23:54:56Z,CHAN,21476,21476164,1000,100,0,5,0,-1010,-1160,-1142
2026-09-19T23:54:57Z,CHAN,21477,21477164,1000,100,0,13,0,-1010,-1160,-1132
2026-09-19T23:55:09Z,CHANSUM,21430,21489,60,60000,6000,0,23,0,3,0,-950,-1160,-1160,-1160
2026-09-19T23:55:21Z,CHAN,21501,21501164,1000,100,0,1,0,-1100,-1160,-1148
2026-09-19T23:56:02Z,CHAN,21542,21542164,1000,100,0,8,0,-1030,-1160,-1138
2026-09-19T23:56:03Z,CHAN,21543,21543164,1000,100,0,5,0,-960,-1160,-1139
2026-09-19T23:56:09Z,CHANSUM,21490,21549,60,60000,6000,0,14,0,3,0,-960,-1160,-1160,-1160
2026-09-19T23:56:21Z,CHAN,21561,21561164,1000,100,0,2,0,-1100,-1160,-1147
2026-09-19T23:57:09Z,CHANSUM,21550,21609,60,60000,6000,0,2,0,1,0,-1100,-1160,-1160,-1160
2026-09-19T23:57:10Z,CHAN,21610,21610164,1000,100,0,5,0,-1090,-1160,-1145
2026-09-19T23:58:00Z,CHAN,21660,21660164,1000,100,0,3,0,-1100,-1160,-1147
2026-09-19T23:58:09Z,CHANSUM,21610,21669,60,60000,6000,0,8,0,2,0,-1090,-1160,-1160,-1160
2026-09-19T23:58:50Z,CHAN,21710,21710164,1000,100,0,7,0,-880,-1160,-1129
2026-09-19T23:58:51Z,CHAN,21711,21711164,1000,100,0,2,0,-880,-1160,-1143
2026-09-19T23:59:09Z,CHANSUM,21670,21729,60,60000,6000,0,9,0,2,0,-880,-1160,-1160,-1160
2026-09-19T23:59:59Z,CHAN,21779,21779164,1000,100,0,5,0,-1080,-1160,-1144
2026-09-20T00:00:04Z,CHAN,21784,21784164,1000,100,0,4,0,-1090,-1160,-1146
2026-09-20T00:00:09Z,CHANSUM,21730,21789,60,60000,6000,0,9,0,2,0,-1080,-1160,-1150,-1159
2026-09-20T00:00:17Z,CHAN,21797,21797164,1000,100,0,1,0,-1100,-1160,-1147
2026-09-20T00:00:20Z,CHAN,21800,21800164,1000,100,0,2,0,-1100,-1160,-1146
2026-09-20T00:00:21Z,CHAN,21801,21801164,1000,100,0,3,0,-1090,-1160,-1147
2026-09-20T00:00:38Z,CHAN,21818,21818164,1000,100,0,5,0,-860,-1160,-1135
2026-09-20T00:01:00Z,CHAN,21840,21840164,1000,100,0,7,0,-880,-1160,-1130
2026-09-20T00:01:01Z,CHAN,21841,21841164,1000,100,0,2,0,-880,-1160,-1143
2026-09-20T00:01:09Z,CHANSUM,21790,21849,60,60000,6000,0,20,0,6,0,-860,-1160,-1160,-1160
2026-09-20T00:02:02Z,CHAN,21902,21902164,1000,100,0,2,0,-1100,-1160,-1147
2026-09-20T00:02:06Z,CHAN,21906,21906164,1000,100,0,3,0,-1100,-1160,-1146
2026-09-20T00:02:09Z,CHANSUM,21850,21909,60,60000,6000,0,5,0,2,0,-1100,-1160,-1160,-1160
2026-09-20T00:02:52Z,CHAN,21952,21952164,1000,100,0,4,0,-1040,-1160,-1145
2026-09-20T00:02:58Z,CHAN,21958,21958164,1000,100,0,1,0,-1100,-1160,-1146
2026-09-20T00:03:07Z,CHAN,21967,21967164,1000,100,0,2,0,-1100,-1160,-1147
2026-09-20T00:03:09Z,CHANSUM,21910,21969,60,60000,6000,0,7,0,3,0,-1040,-1160,-1160,-1160
2026-09-20T00:03:13Z,CHAN,21973,21973164,1000,100,0,5,0,-1090,-1160,-1145
2026-09-20T00:04:05Z,CHAN,22025,22025164,1000,100,0,7,0,-880,-1160,-1131
2026-09-20T00:04:06Z,CHAN,22026,22026164,1000,100,0,2,0,-880,-1160,-1143
2026-09-20T00:04:09Z,CHANSUM,21970,22029,60,60000,6000,0,14,0,3,0,-880,-1160,-1160,-1160
2026-09-20T00:04:40Z,CHAN,22060,22060164,1000,100,0,2,0,-890,-1160,-1144
2026-09-20T00:05:09Z,CHANSUM,22030,22089,60,60000,6000,0,2,0,1,0,-890,-1160,-1150,-1159
2026-09-20T00:05:10Z,CHAN,22090,22090164,1000,100,0,4,0,-1020,-1160,-1143
2026-09-20T00:06:09Z,CHANSUM,22090,22149,60,60000,6000,0,4,0,1,0,-1020,-1170,-1160,-1160
2026-09-20T00:06:15Z,CHAN,22155,22155164,1000,100,0,7,0,-880,-1160,-1129
2026-09-20T00:06:16Z,CHAN,22156,22156164,1000,100,0,2,0,-880,-1160,-1143
2026-09-20T00:06:45Z,CHAN,22185,22185164,1000,100,0,12,0,-960,-1160,-1130
2026-09-20T00:07:09Z,CHANSUM,22150,22209,60,60000,6000,0,21,0,3,0,-880,-1160,-1160,-1160
2026-09-20T00:07:49Z,CHAN,22249,22249164,1000,100,0,87,0,-950,-1150,-1038
2026-09-20T00:07:50Z,CHAN,22250,22250164,1000,100,0,21,0,-940,-1160,-1114
2026-09-20T00:08:09Z,CHANSUM,22210,22269,60,60000,6000,0,108,0,2,0,-940,-1160,-1150,-1159
2026-09-20T00:08:16Z,CHAN,22276,22276164,1000,100,0,9,0,-950,-1160,-1137
2026-09-20T00:08:17Z,CHAN,22277,22277164,1000,100,0,79,0,-950,-1160,-1043
2026-09-20T00:08:18Z,CHAN,22278,22278164,1000,100,0,19,0,-950,-1170,-1118
2026-09-20T00:08:43Z,CHAN,22303,22303164,1000,100,0,2,0,-1100,-1160,-1147
2026-09-20T00:09:09Z,CHANSUM,22270,22329,60,60000,6000,0,109,0,4,0,-950,-1170,-1160,-1160
2026-09-20T00:09:48Z,CHAN,22368,22368164,1000,100,0,1,0,-1100,-1160,-1148
2026-09-20T00:10:09Z,CHANSUM,22330,22389,60,60000,6000,0,1,0,1,0,-1100,-1160,-1160,-1160
2026-09-20T00:10:10Z,CHAN,22390,22390164,1000,100,0,4,0,-1040,-1160,-1143
2026-09-20T00:10:57Z,CHAN,22437,22437164,1000,100,0,14,0,-970,-1160,-1130
2026-09-20T00:11:09Z,CHAN,22449,22449164,1000,100,0,20,0,-960,-1160,-1118
2026-09-20T00:11:09Z,CHANSUM,22390,22449,60,60000,6000,0,38,0,3,0,-960,-1160,-1160,-1160
2026-09-20T00:11:10Z,CHAN,22450,22450164,1000,100,0,49,0,-950,-1160,-1076
2026-09-20T00:11:11Z,CHAN,22451,22451164,1000,100,0,14,0,-960,-1160,-1121
2026-09-20T00:11:34Z,CHAN,22474,22474164,1000,100,0,4,0,-1070,-1160,-1145
2026-09-20T00:11:35Z,CHAN,22475,22475164,1000,100,0,83,0,-950,-1150,-1040
2026-09-20T00:11:36Z,CHAN,22476,22476164,1000,100,0,18,0,-950,-1160,-1118
2026-09-20T00:12:09Z,CHANSUM,22450,22509,60,60000,6000,0,168,0,5,0,-950,-1160,-1150,-1159
2026-09-20T00:12:30Z,CHAN,22530,22530164,1000,100,0,8,0,-880,-1160,-1126
2026-09-20T00:12:31Z,CHAN,22531,22531164,1000,100,0,1,0,-880,-1160,-1146
2026-09-20T00:13:09Z,CHANSUM,22510,22569,60,60000,6000,0,9,0,2,0,-880,-1160,-1160,-1160
2026-09-20T00:14:09Z,CHANSUM,22570,22629,60,60000,6000,0,0,0,0,0,-1130,-1160,-1160,-1160
2026-09-20T00:14:39Z,CHAN,22660,22660164,1000,100,0,8,0,-880,-1160,-1128
2026-09-20T00:14:40Z,CHAN,22661,22661164,1000,100,0,1,0,-880,-1160,-1145
2026-09-20T00:15:08Z,CHANSUM,22630,22689,60,60000,6000,0,9,0,2,0,-880,-1170,-1160,-1160
2026-09-20T00:15:16Z,CHAN,22697,22697164,1000,100,0,5,0,-1010,-1160,-1143
2026-09-20T00:16:08Z,CHANSUM,22690,22749,60,60000,6000,0,5,0,1,0,-1010,-1160,-1160,-1160
2026-09-20T00:16:41Z,CHAN,22782,22782164,1000,100,0,11,0,-980,-1160,-1129
2026-09-20T00:16:42Z,CHAN,22783,22783164,1000,100,0,22,0,-950,-1160,-1111
2026-09-20T00:16:44Z,CHAN,22785,22785164,1000,100,0,33,0,-950,-1160,-1091
2026-09-20T00:17:08Z,CHANSUM,22750,22809,60,60000,6000,0,66,0,3,0,-950,-1160,-1160,-1160
2026-09-20T00:17:44Z,CHAN,22845,22845164,1000,100,0,8,0,-880,-1160,-1127
2026-09-20T00:17:45Z,CHAN,22846,22846164,1000,100,0,1,0,-880,-1160,-1145
2026-09-20T00:18:08Z,CHANSUM,22810,22869,60,60000,6000,0,9,0,2,0,-880,-1160,-1160,-1160
2026-09-20T00:18:41Z,CHAN,22902,22902164,1000,100,0,20,0,-950,-1160,-1116
2026-09-20T00:18:42Z,CHAN,22903,22903164,1000,100,0,27,0,-950,-1160,-1105
2026-09-20T00:19:08Z,CHANSUM,22870,22929,60,60000,6000,0,47,0,2,0,-950,-1170,-1160,-1160
2026-09-20T00:19:37Z,CHAN,22958,22958164,1000,100,0,3,0,-1090,-1160,-1147
2026-09-20T00:19:54Z,CHAN,22975,22975164,1000,100,0,8,0,-890,-1160,-1127
2026-09-20T00:19:55Z,CHAN,22976,22976164,1000,100,0,1,0,-890,-1160,-1146
2026-09-20T00:20:01Z,CHAN,22982,22982164,1000,100,0,2,0,-1060,-1160,-1147
2026-09-20T00:20:08Z,CHANSUM,22930,22989,60,60000,6000,0,14,0,4,0,-890,-1160,-1160,-1160
2026-09-20T00:20:18Z,CHAN,22999,22999164,1000,100,0,4,0,-1060,-1160,-1145
2026-09-20T00:20:36Z,CHAN,23017,23017164,1000,100,0,3,0,-1090,-1160,-1145
2026-09-20T00:21:08Z,CHANSUM,22990,23049,60,60000,6000,0,7,0,2,0,-1060,-1160,-1160,-1160
2026-09-20T00:21:13Z,CHAN,23054,23054164,1000,100,0,3,0,-1080,-1160,-1147
2026-09-20T00:21:14Z,CHAN,23055,23055164,1000,100,0,14,0,-830,-1160,-1117
2026-09-20T00:21:58Z,CHAN,23099,23099164,1000,100,0,14,0,-950,-1160,-1126
2026-09-20T00:21:59Z,CHAN,23100,23100164,1000,100,0,47,0,-960,-1160,-1080
2026-09-20T00:22:00Z,CHAN,23101,23101164,1000,100,0,23,0,-970,-1160,-1120
2026-09-20T00:22:08Z,CHANSUM,23050,23109,60,60000,6000,0,101,0,5,0,-830,-1160,-1160,-1160
2026-09-20T00:22:34Z,CHAN,23135,23135164,1000,100,0,14,0,-960,-1160,-1126
2026-09-20T00:22:35Z,CHAN,23136,23136164,1000,100,0,31,0,-950,-1160,-1101
2026-09-20T00:22:36Z,CHAN,23137,23137164,1000,100,0,19,0,-950,-1160,-1116
2026-09-20T00:23:02Z,CHAN,23163,23163164,1000,100,0,42,0,-950,-1170,-1087
2026-09-20T00:23:03Z,CHAN,23164,23164164,1000,100,0,14,0,-950,-1160,-1126
2026-09-20T00:23:08Z,CHANSUM,23110,23169,60,60000,6000,0,120,0,5,0,-950,-1170,-1160,-1160
2026-09-20T00:23:21Z,CHAN,23182,23182164,1000,100,0,4,0,-1040,-1160,-1144
2026-09-20T00:23:22Z,CHAN,23183,23183164,1000,100,0,38,0,-950,-1160,-1093
2026-09-20T00:23:23Z,CHAN,23184,23184164,1000,100,0,14,0,-970,-1160,-1128
2026-09-20T00:23:56Z,CHAN,23217,23217164,1000,100,0,14,0,-1010,-1160,-1132
2026-09-20T00:23:57Z,CHAN,23218,23218164,1000,100,0,42,0,-950,-1160,-1085
2026-09-20T00:24:06Z,CHAN,23227,23227164,1000,100,0,28,0,-950,-1160,-1106
2026-09-20T00:24:07Z,CHAN,23228,23228164,1000,100,0,28,0,-950,-1160,-1104
2026-09-20T00:24:08Z,CHANSUM,23170,23229,60,60000,6000,0,168,0,7,0,-950,-1160,-1160,-1160
2026-09-20T00:24:10Z,CHAN,23231,23231164,1000,100,0,11,0,-960,-1160,-1132
2026-09-20T00:24:11Z,CHAN,23232,23232164,1000,100,0,25,0,-960,-1160,-1111
2026-09-20T00:24:15Z,CHAN,23236,23236164,1000,100,0,54,0,-950,-1160,-1065
2026-09-20T00:24:16Z,CHAN,23237,23237164,1000,100,0,10,0,-960,-1160,-1131
2026-09-20T00:24:40Z,CHAN,23261,23261164,1000,100,0,11,0,-950,-1160,-1131
2026-09-20T00:24:41Z,CHAN,23262,23262164,1000,100,0,18,0,-950,-1160,-1122
2026-09-20T00:24:42Z,CHAN,23263,23263164,1000,100,0,38,0,-960,-1160,-1095
2026-09-20T00:25:08Z,CHAN,23289,23289164,1000,100,0,3,0,-900,-1160,-1143
2026-09-20T00:25:08Z,CHANSUM,23230,23289,60,60000,6000,0,170,0,8,0,-900,-1160,-1160,-1160
2026-09-20T00:25:10Z,CHAN,23291,23291164,1000,100,0,14,0,-990,-1160,-1125
2026-09-20T00:25:11Z,CHAN,23292,23292164,1000,100,0,36,0,-970,-1160,-1096
2026-09-20T00:25:12Z,CHAN,23293,23293164,1000,100,0,14,0,-960,-1160,-1124
2026-09-20T00:25:48Z,CHAN,23329,23329164,1000,100,0,3,0,-1100,-1160,-1146
2026-09-20T00:25:49Z,CHAN,23330,23330164,1000,100,0,2,0,-1080,-1160,-1147
2026-09-20T00:26:08Z,CHANSUM,23290,23349,60,60000,6000,0,69,0,5,0,-960,-1160,-1160,-1160
2026-09-20T00:26:23Z,CHAN,23364,23364164,1000,100,0,3,0,-1090,-1160,-1146
2026-09-20T00:26:27Z,CHAN,23368,23368164,1000,100,0,1,0,-1100,-1160,-1147
2026-09-20T00:26:30Z,CHAN,23371,23371164,1000,100,0,3,0,-1100,-1160,-1147
2026-09-20T00:26:35Z,CHAN,23376,23376164,1000,100,0,62,0,-950,-1150,-1050
2026-09-20T00:27:03Z,CHAN,23404,23404164,1000,100,0,4,0,-1060,-1160,-1145
2026-09-20T00:27:08Z,CHANSUM,23350,23409,60,60000,6000,0,73,0,5,0,-950,-1160,-1150,-1159
2026-09-20T00:27:45Z,CHAN,23446,23446164,1000,100,0,4,0,-930,-1160,-1140
2026-09-20T00:27:57Z,CHAN,23458,23458164,1000,100,0,8,0,-980,-1160,-1139
2026-09-20T00:28:08Z,CHANSUM,23410,23469,60,60000,6000,0,12,0,2,0,-930,-1160,-1160,-1160
2026-09-20T00:28:11Z,CHAN,23472,23472164,1000,100,0,5,0,-880,-1160,-1138
2026-09-20T00:28:17Z,CHAN,23478,23478164,1000,100,0,36,0,-960,-1160,-1095
2026-09-20T00:28:18Z,CHAN,23479,23479164,1000,100,0,28,0,-950,-1160,-1102
2026-09-20T00:28:31Z,CHAN,23492,23492164,1000,100,0,3,0,-1090,-1160,-1147
2026-09-20T00:28:56Z,CHAN,23517,23517164,1000,100,0,3,0,-1060,-1160,-1145
2026-09-20T00:29:08Z,CHANSUM,23470,23529,60,60000,6000,0,75,0,5,0,-880,-1160,-1160,-1160
2026-09-20T00:29:09Z,CHAN,23530,23530164,1000,100,0,1,0,-1100,-1160,-1148
2026-09-20T00:29:17Z,CHAN,23538,23538164,1000,100,0,50,0,-950,-1150,-1067
2026-09-20T00:29:18Z,CHAN,23539,23539164,1000,100,0,14,0,-960,-1160,-1128
2026-09-20T00:29:27Z,CHAN,23548,23548164,1000,100,0,4,0,-1050,-1160,-1144
2026-09-20T00:29:29Z,CHAN,23550,23550164,1000,100,0,3,0,-1060,-1160,-1145
2026-09-20T00:29:33Z,CHAN,23554,23554164,1000,100,0,3,0,-1050,-1160,-1145
2026-09-20T00:29:41Z,CHAN,23562,23562164,1000,100,0,1,0,-1100,-1160,-1147
2026-09-20T00:29:42Z,CHAN,23563,23563164,1000,100,0,3,0,-860,-1160,-1140
2026-09-20T00:30:08Z,CHANSUM,23530,23589,60,60000,6000,0,79,0,8,0,-860,-1160,-1150,-1159
2026-09-20T00:30:12Z,CHAN,23592,23592164,1000,100,0,8,0,-1020,-1160,-1139
2026-09-20T00:30:43Z,CHAN,23623,23623164,1000,100,0,5,0,-1080,-1160,-1146
2026-09-20T00:31:03Z,CHAN,23643,23643164,1000,100,0,17,0,-990,-1160,-1127
2026-09-20T00:31:04Z,CHAN,23644,23644164,1000,100,0,45,0,-950,-1160,-1080
2026-09-20T00:31:09Z,CHANSUM,23590,23649,60,60000,6000,0,75,0,4,0,-950,-1170,-1160,-1160
2026-09-20T00:32:03Z,CHAN,23703,23703164,1000,100,0,29,0,-950,-1160,-1098
2026-09-20T00:32:04Z,CHAN,23704,23704164,1000,100,0,36,0,-950,-1160,-1094
2026-09-20T00:32:09Z,CHANSUM,23650,23709,60,60000,6000,0,65,0,2,0,-950,-1160,-1160,-1160
2026-09-20T00:32:19Z,CHAN,23719,23719164,1000,100,0,36,0,-950,-1160,-1089
2026-09-20T00:32:20Z,CHAN,23720,23720164,1000,100,0,28,0,-950,-1160,-1102
2026-09-20T00:32:51Z,CHAN,23751,23751164,1000,100,0,1,0,-1100,-1160,-1148
2026-09-20T00:32:52Z,CHAN,23752,23752164,1000,100,0,3,0,-1100,-1160,-1146
2026-09-20T00:33:09Z,CHANSUM,23710,23769,60,60000,6000,0,68,0,4,0,-950,-1160,-1160,-1160
2026-09-20T00:33:19Z,CHAN,23779,23779164,1000,100,0,52,0,-950,-1150,-1063
2026-09-20T00:33:20Z,CHAN,23780,23780164,1000,100,0,12,0,-950,-1160,-1127
2026-09-20T00:33:30Z,CHAN,23790,23790164,1000,100,0,9,0,-880,-1160,-1124
2026-09-20T00:33:31Z,CHAN,23791,23791164,1000,100,0,1,0,-890,-1160,-1146
2026-09-20T00:33:42Z,CHAN,23802,23802164,1000,100,0,51,0,-950,-1160,-1066
2026-09-20T00:33:43Z,CHAN,23803,23803164,1000,100,0,27,0,-950,-1160,-1103
2026-09-20T00:33:45Z,CHAN,23805,23805164,1000,100,0,4,0,-880,-1160,-1138
2026-09-20T00:33:54Z,CHAN,23814,23814164,1000,100,0,3,0,-1080,-1160,-1146
2026-09-20T00:34:01Z,CHAN,23821,23821164,1000,100,0,1,0,-980,-1160,-1147
2026-09-20T00:34:02Z,CHAN,23822,23822164,1000,100,0,4,0,-950,-1160,-1141
2026-09-20T00:34:09Z,CHANSUM,23770,23829,60,60000,6000,0,164,0,10,0,-880,-1170,-1150,-1160
2026-09-20T00:34:28Z,CHAN,23848,23848164,1000,100,0,5,0,-950,-1160,-1139
2026-09-20T00:35:09Z,CHANSUM,23830,23889,60,60000,6000,0,5,0,1,0,-950,-1160,-1160,-1160
2026-09-20T00:35:23Z,CHAN,23903,23903164,1000,100,0,2,0,-860,-1170,-1144
2026-09-20T00:35:26Z,CHAN,23906,23906164,1000,100,0,6,0,-970,-1160,-1142
2026-09-20T00:35:27Z,CHAN,23907,23907164,1000,100,0,58,0,-950,-1160,-1053
2026-09-20T00:35:40Z,CHAN,23920,23920164,1000,100,0,9,0,-880,-1160,-1125
2026-09-20T00:35:41Z,CHAN,23921,23921164,1000,100,0,1,0,-1010,-1160,-1147
2026-09-20T00:35:47Z,CHAN,23927,23927164,1000,100,0,28,0,-950,-1160,-1100
2026-09-20T00:35:48Z,CHAN,23928,23928164,1000,100,0,37,0,-950,-1160,-1092
2026-09-20T00:35:49Z,CHAN,23929,23929164,1000,100,0,5,0,-1080,-1160,-1145
2026-09-20T00:36:09Z,CHANSUM,23890,23949,60,60000,6000,0,146,0,8,0,-860,-1170,-1160,-1160
2026-09-20T00:36:47Z,CHAN,23987,23987164,1000,100,0,36,0,-950,-1160,-1091
2026-09-20T00:36:48Z,CHAN,23988,23988164,1000,100,0,28,0,-950,-1160,-1102
2026-09-20T00:37:09Z,CHANSUM,23950,24009,60,60000,6000,0,64,0,2,0,-950,-1160,-1160,-1160
2026-09-20T00:38:09Z,CHANSUM,24010,24069,60,60000,6000,0,0,0,0,0,-1120,-1160,-1160,-1160
2026-09-20T00:38:45Z,CHAN,24105,24105164,1000,100,0,9,0,-880,-1160,-1125
2026-09-20T00:39:03Z,CHAN,24123,24123164,1000,100,0,3,0,-1100,-1160,-1146
2026-09-20T00:39:09Z,CHANSUM,24070,24129,60,60000,6000,0,12,0,2,0,-880,-1160,-1160,-1160
2026-09-20T00:40:09Z,CHANSUM,24130,24189,60,60000,6000,0,0,0,0,0,-1110,-1160,-1160,-1160
2026-09-20T00:40:30Z,CHAN,24210,24210164,1000,100,0,5,0,-1080,-1160,-1145
2026-09-20T00:40:31Z,CHAN,24211,24211164,1000,100,0,1,0,-1020,-1160,-1147
2026-09-20T00:40:41Z,CHAN,24221,24221164,1000,100,0,34,0,-950,-1160,-1099
2026-09-20T00:40:42Z,CHAN,24222,24222164,1000,100,0,32,0,-950,-1160,-1100
2026-09-20T00:40:45Z,CHAN,24225,24225164,1000,100,0,5,0,-980,-1160,-1141
2026-09-20T00:40:55Z,CHAN,24235,24235164,1000,100,0,9,0,-880,-1160,-1124
2026-09-20T00:41:09Z,CHANSUM,24190,24249,60,60000,6000,0,86,0,6,0,-880,-1160,-1150,-1159
2026-09-20T00:41:41Z,CHAN,24281,24281164,1000,100,0,44,0,-960,-1160,-1081
2026-09-20T00:41:42Z,CHAN,24282,24282164,1000,100,0,20,0,-960,-1160,-1116
2026-09-20T00:41:55Z,CHAN,24295,24295164,1000,100,0,7,0,-990,-1160,-1140
2026-09-20T00:42:00Z,CHAN,24300,24300164,1000,100,0,14,0,-980,-1160,-1126
2026-09-20T00:42:01Z,CHAN,24301,24301164,1000,100,0,50,0,-960,-1160,-1077
2026-09-20T00:42:09Z,CHANSUM,24250,24309,60,60000,6000,0,135,0,5,0,-960,-1160,-1160,-1160
2026-09-20T00:43:00Z,CHAN,24360,24360164,1000,100,0,30,0,-960,-1160,-1099
2026-09-20T00:43:01Z,CHAN,24361,24361164,1000,100,0,32,0,-950,-1150,-1101
2026-09-20T00:43:09Z,CHANSUM,24310,24369,60,60000,6000,0,62,0,2,0,-950,-1160,-1150,-1159
2026-09-20T00:43:13Z,CHAN,24373,24373164,1000,100,0,13,0,-960,-1160,-1131
2026-09-20T00:43:48Z,CHAN,24408,24408164,1000,100,0,4,0,-980,-1160,-1142
2026-09-20T00:43:58Z,CHAN,24418,24418164,1000,100,0,5,0,-910,-1160,-1137
2026-09-20T00:44:09Z,CHANSUM,24370,24429,60,60000,6000,0,22,0,3,0,-910,-1160,-1150,-1159
2026-09-20T00:44:21Z,CHAN,24441,24441164,1000,100,0,3,0,-1060,-1160,-1146
2026-09-20T00:44:39Z,CHAN,24459,24459164,1000,100,0,1,0,-1100,-1160,-1147
2026-09-20T00:44:48Z,CHAN,24468,24468164,1000,100,0,3,0,-970,-1160,-1143
2026-09-20T00:44:58Z,CHAN,24478,24478164,1000,100,0,4,0,-1070,-1160,-1145
2026-09-20T00:45:09Z,CHAN,24489,24489164,1000,100,0,3,0,-1080,-1160,-1146
2026-09-20T00:45:09Z,CHANSUM,24430,24489,60,60000,6000,0,14,0,5,0,-970,-1160,-1160,-1160
2026-09-20T00:45:17Z,CHAN,24497,24497164,1000,100,0,3,0,-1090,-1160,-1147
2026-09-20T00:46:03Z,CHAN,24543,24543164,1000,100,0,3,0,-1080,-1160,-1147
2026-09-20T00:46:09Z,CHANSUM,24490,24549,60,60000,6000,0,6,0,2,0,-1080,-1160,-1160,-1160
2026-09-20T00:46:12Z,CHAN,24552,24552164,1000,100,0,3,0,-1050,-1160,-1147
2026-09-20T00:46:27Z,CHAN,24567,24567164,1000,100,0,3,0,-1100,-1160,-1147
2026-09-20T00:46:32Z,CHAN,24572,24572164,1000,100,0,3,0,-1060,-1160,-1146
2026-09-20T00:46:46Z,CHAN,24586,24586164,1000,100,0,3,0,-1080,-1160,-1146
2026-09-20T00:46:49Z,CHAN,24589,24589164,1000,100,0,8,0,-960,-1160,-1139
2026-09-20T00:47:00Z,CHAN,24600,24600164,1000,100,0,3,0,-1080,-1160,-1147
2026-09-20T00:47:01Z,CHAN,24601,24601164,1000,100,0,3,0,-980,-1160,-1144
2026-09-20T00:47:09Z,CHANSUM,24550,24609,60,60000,6000,0,26,0,7,0,-960,-1160,-1160,-1160
2026-09-20T00:47:16Z,CHAN,24616,24616164,1000,100,0,2,0,-1100,-1160,-1146
2026-09-20T00:47:45Z,CHAN,24645,24645164,1000,100,0,3,0,-1080,-1160,-1146
2026-09-20T00:48:09Z,CHANSUM,24610,24669,60,60000,6000,0,5,0,2,0,-1080,-1160,-1160,-1160
2026-09-20T00:48:10Z,CHAN,24670,24670164,1000,100,0,3,0,-1090,-1160,-1147
2026-09-20T00:48:16Z,CHAN,24676,24676164,1000,100,0,3,0,-1090,-1160,-1147
2026-09-20T00:48:34Z,CHAN,24694,24694164,1000,100,0,2,0,-1030,-1160,-1146
2026-09-20T00:48:35Z,CHAN,24695,24695164,1000,100,0,1,0,-1030,-1160,-1147
2026-09-20T00:48:46Z,CHAN,24706,24706164,1000,100,0,3,0,-1080,-1160,-1147
2026-09-20T00:49:09Z,CHANSUM,24670,24729,60,60000,6000,0,12,0,5,0,-1030,-1170,-1160,-1160
2026-09-20T00:49:14Z,CHAN,24734,24734164,1000,100,0,5,0,-980,-1160,-1141
2026-09-20T00:49:20Z,CHAN,24740,24740164,1000,100,0,1,0,-1100,-1160,-1147
2026-09-20T00:49:22Z,CHAN,24742,24742164,1000,100,0,3,0,-1070,-1160,-1146
2026-09-20T00:49:28Z,CHAN,24748,24748164,1000,100,0,3,0,-870,-1160,-1140
2026-09-20T00:49:32Z,CHAN,24752,24752164,1000,100,0,3,0,-930,-1160,-1143
2026-09-20T00:50:09Z,CHANSUM,24730,24789,60,60000,6000,0,15,0,5,0,-870,-1160,-1160,-1160
2026-09-20T00:50:45Z,CHAN,24825,24825164,1000,100,0,2,0,-860,-1160,-1143
2026-09-20T00:51:06Z,CHAN,24846,24846164,1000,100,0,14,0,-950,-1160,-1124
2026-09-20T00:51:07Z,CHAN,24847,24847164,1000,100,0,50,0,-950,-1160,-1067
2026-09-20T00:51:09Z,CHANSUM,24790,24849,60,60000,6000,0,66,0,3,0,-860,-1160,-1160,-1160
2026-09-20T00:51:53Z,CHAN,24893,24893164,1000,100,0,4,0,-860,-1160,-1137
2026-09-20T00:52:09Z,CHANSUM,24850,24909,60,60000,6000,0,4,0,1,0,-860,-1170,-1160,-1160
2026-09-20T00:52:35Z,CHAN,24935,24935164,1000,100,0,17,0,-960,-1150,-1122
2026-09-20T00:52:36Z,CHAN,24936,24936164,1000,100,0,26,0,-950,-1160,-1109
2026-09-20T00:52:37Z,CHAN,24937,24937164,1000,100,0,16,0,-960,-1160,-1124
2026-09-20T00:52:38Z,CHAN,24938,24938164,1000,100,0,4,0,-1030,-1160,-1145
2026-09-20T00:52:39Z,CHAN,24939,24939164,1000,100,0,38,0,-950,-1160,-1082
2026-09-20T00:52:40Z,CHAN,24940,24940164,1000,100,0,14,0,-940,-1160,-1125
2026-09-20T00:53:09Z,CHANSUM,24910,24969,60,60000,6000,0,115,0,6,0,-940,-1160,-1150,-1159
2026-09-20T00:53:13Z,CHAN,24973,24973164,1000,100,0,14,0,-960,-1160,-1126
2026-09-20T00:53:14Z,CHAN,24974,24974164,1000,100,0,43,0,-950,-1170,-1083
2026-09-20T00:53:23Z,CHAN,24983,24983164,1000,100,0,14,0,-950,-1160,-1125
2026-09-20T00:53:24Z,CHAN,24984,24984164,1000,100,0,28,0,-950,-1160,-1102
2026-09-20T00:53:25Z,CHAN,24985,24985164,1000,100,0,14,0,-970,-1160,-1127
2026-09-20T00:53:26Z,CHAN,24986,24986164,1000,100,0,28,0,-950,-1160,-1100
2026-09-20T00:53:27Z,CHAN,24987,24987164,1000,100,0,50,0,-950,-1160,-1071
2026-09-20T00:53:29Z,CHAN,24989,24989164,1000,100,0,28,0,-950,-1160,-1099
2026-09-20T00:53:30Z,CHAN,24990,24990164,1000,100,0,36,0,-960,-1160,-1094
2026-09-20T00:54:09Z,CHANSUM,24970,25029,60,60000,6000,0,255,0,9,0,-950,-1170,-1160,-1160
2026-09-20T00:54:30Z,CHAN,25050,25050164,1000,100,0,9,0,-880,-1160,-1124
2026-09-20T00:54:31Z,CHAN,25051,25051164,1000,100,0,31,0,-950,-1170,-1102
2026-09-20T00:54:32Z,CHAN,25052,25052164,1000,100,0,29,0,-950,-1160,-1105
2026-09-20T00:54:39Z,CHAN,25059,25059164,1000,100,0,36,0,-950,-1160,-1094
2026-09-20T00:54:40Z,CHAN,25060,25060164,1000,100,0,29,0,-950,-1160,-1102
2026-09-20T00:54:44Z,CHAN,25064,25064164,1000,100,0,4,0,-1090,-1160,-1146
2026-09-20T00:54:52Z,CHAN,25072,25072164,1000,100,0,28,0,-960,-1160,-1103
2026-09-20T00:54:53Z,CHAN,25073,25073164,1000,100,0,27,0,-950,-1160,-1110
2026-09-20T00:54:54Z,CHAN,25074,25074164,1000,100,0,9,0,-950,-1150,-1130
2026-09-20T00:55:09Z,CHANSUM,25030,25089,60,60000,6000,0,202,0,9,0,-880,-1170,-1150,-1160
2026-09-20T00:56:09Z,CHANSUM,25090,25149,60,60000,6000,0,0,0,0,0,-1130,-1160,-1160,-1160
2026-09-20T00:56:27Z,CHAN,25167,25167164,1000,100,0,2,0,-1100,-1160,-1146
2026-09-20T00:56:28Z,CHAN,25168,25168164,1000,100,0,5,0,-920,-1160,-1139
2026-09-20T00:56:40Z,CHAN,25180,25180164,1000,100,0,9,0,-880,-1160,-1125
2026-09-20T00:57:09Z,CHANSUM,25150,25209,60,60000,6000,0,16,0,3,0,-880,-1160,-1160,-1160
2026-09-20T00:57:10Z,CHAN,25210,25210164,1000,100,0,28,0,-950,-1160,-1103
2026-09-20T00:57:11Z,CHAN,25211,25211164,1000,100,0,28,0,-950,-1160,-1106
2026-09-20T00:57:17Z,CHAN,25217,25217164,1000,100,0,28,0,-950,-1160,-1101
2026-09-20T00:57:18Z,CHAN,25218,25218164,1000,100,0,36,0,-950,-1160,-1096
2026-09-20T00:57:47Z,CHAN,25247,25247164,1000,100,0,14,0,-960,-1160,-1126
2026-09-20T00:57:48Z,CHAN,25248,25248164,1000,100,0,28,0,-950,-1160,-1103
2026-09-20T00:57:49Z,CHAN,25249,25249164,1000,100,0,42,0,-950,-1160,-1086
2026-09-20T00:57:50Z,CHAN,25250,25250164,1000,100,0,28,0,-950,-1160,-1104
2026-09-20T00:58:09Z,CHANSUM,25210,25269,60,60000,6000,0,232,0,8,0,-950,-1160,-1160,-1160
2026-09-20T00:58:25Z,CHAN,25285,25285164,1000,100,0,24,0,-950,-1160,-1108
2026-09-20T00:58:26Z,CHAN,25286,25286164,1000,100,0,32,0,-940,-1160,-1094
2026-09-20T00:58:53Z,CHAN,25313,25313164,1000,100,0,8,0,-960,-1160,-1135
2026-09-20T00:58:54Z,CHAN,25314,25314164,1000,100,0,26,0,-960,-1160,-1106
2026-09-20T00:58:55Z,CHAN,25315,25315164,1000,100,0,30,0,-960,-1160,-1100
2026-09-20T00:59:09Z,CHANSUM,25270,25329,60,60000,6000,0,120,0,5,0,-940,-1160,-1160,-1160
2026-09-20T00:59:32Z,CHAN,25352,25352164,1000,100,0,3,0,-1100,-1160,-1147
2026-09-20T00:59:45Z,CHAN,25365,25365164,1000,100,0,9,0,-880,-1160,-1124
2026-09-20T01:00:09Z,CHANSUM,25330,25389,60,60000,6000,0,12,0,2,0,-880,-1160,-1160,-1160
2026-09-20T01:00:31Z,CHAN,25411,25411164,1000,100,0,3,0,-990,-1160,-1143
2026-09-20T01:00:35Z,CHAN,25415,25415164,1000,100,0,35,0,-950,-1160,-1093
2026-09-20T01:00:36Z,CHAN,25416,25416164,1000,100,0,21,0,-950,-1160,-1112
2026-09-20T01:00:40Z,CHAN,25420,25420164,1000,100,0,4,0,-1020,-1160,-1144
2026-09-20T01:00:54Z,CHAN,25434,25434164,1000,100,0,4,0,-910,-1160,-1140
2026-09-20T01:00:59Z,CHAN,25439,25439164,1000,100,0,1,0,-1100,-1160,-1147
2026-09-20T01:01:08Z,CHAN,25448,25448164,1000,100,0,3,0,-950,-1160,-1142
2026-09-20T01:01:09Z,CHANSUM,25390,25449,60,60000,6000,0,71,0,7,0,-910,-1160,-1160,-1160
2026-09-20T01:01:18Z,CHAN,25458,25458164,1000,100,0,4,0,-1020,-1160,-1145
2026-09-20T01:01:55Z,CHAN,25495,25495164,1000,100,0,9,0,-880,-1160,-1124
2026-09-20T01:02:09Z,CHANSUM,25450,25509,60,60000,6000,0,13,0,2,0,-880,-1170,-1160,-1160
2026-09-20T01:02:17Z,CHAN,25517,25517164,1000,100,0,1,0,-1070,-1160,-1148
2026-09-20T01:02:33Z,CHAN,25533,25533164,1000,100,0,2,0,-1100,-1160,-1147
2026-09-20T01:02:38Z,CHAN,25538,25538164,1000,100,0,1,0,-1050,-1160,-1147
2026-09-20T01:02:42Z,CHAN,25542,25542164,1000,100,0,28,0,-950,-1160,-1107
2026-09-20T01:02:43Z,CHAN,25543,25543164,1000,100,0,34,0,-950,-1160,-1100
2026-09-20T01:02:44Z,CHAN,25544,25544164,1000,100,0,2,0,-960,-1160,-1145
2026-09-20T01:03:09Z,CHANSUM,25510,25569,60,60000,6000,0,68,0,6,0,-950,-1160,-1160,-1160
2026-09-20T01:03:15Z,CHAN,25575,25575164,1000,100,0,3,0,-1090,-1160,-1146
2026-09-20T01:04:09Z,CHANSUM,25570,25629,60,60000,6000,0,3,0,1,0,-1090,-1160,-1160,-1160
2026-09-20T01:04:36Z,CHAN,25656,25656164,1000,100,0,3,0,-1100,-1160,-1146
2026-09-20T01:05:05Z,CHAN,25685,25685164,1000,100,0,5,0,-980,-1160,-1140
2026-09-20T01:05:09Z,CHANSUM,25630,25689,60,60000,6000,0,8,0,2,0,-980,-1160,-1160,-1160
2026-09-20T01:06:09Z,CHANSUM,25690,25749,60,60000,6000,0,0,0,0,0,-1120,-1160,-1150,-1159
2026-09-20T01:06:53Z,CHAN,25793,25793164,1000,100,0,3,0,-1090,-1160,-1146
2026-09-20T01:07:09Z,CHANSUM,25750,25809,60,60000,6000,0,3,0,1,0,-1090,-1160,-1150,-1159
2026-09-20T01:07:43Z,CHAN,25843,25843164,1000,100,0,11,0,-1010,-1160,-1136
2026-09-20T01:08:09Z,CHANSUM,25810,25869,60,60000,6000,0,11,0,1,0,-1010,-1160,-1150,-1159
2026-09-20T01:08:52Z,CHAN,25912,25912164,1000,100,0,5,0,-1070,-1160,-1145
2026-09-20T01:09:09Z,CHANSUM,25870,25929,60,60000,6000,0,5,0,1,0,-1070,-1160,-1160,-1160
2026-09-20T01:10:09Z,CHANSUM,25930,25989,60,60000,6000,0,0,0,0,0,-1130,-1160,-1160,-1160
2026-09-20T01:11:09Z,CHANSUM,25990,26049,60,60000,6000,0,0,0,0,0,-1110,-1160,-1150,-1159
2026-09-20T01:12:09Z,CHANSUM,26050,26109,60,60000,6000,0,0,0,0,0,-1120,-1160,-1150,-1159
2026-09-20T01:12:21Z,CHAN,26121,26121164,1000,100,0,5,0,-1040,-1160,-1143
2026-09-20T01:13:09Z,CHANSUM,26110,26169,60,60000,6000,0,5,0,1,0,-1040,-1160,-1150,-1159
2026-09-20T01:13:50Z,CHAN,26210,26210164,1000,100,0,5,0,-880,-1160,-1136
2026-09-20T01:14:09Z,CHANSUM,26170,26229,60,60000,6000,0,5,0,1,0,-880,-1160,-1160,-1160
2026-09-20T01:15:00Z,CHAN,26280,26280164,1000,100,0,8,0,-960,-1160,-1138
2026-09-20T01:15:09Z,CHANSUM,26230,26289,60,60000,6000,0,8,0,1,0,-960,-1160,-1160,-1160
2026-09-20T01:16:09Z,CHANSUM,26290,26349,60,60000,6000,0,0,0,0,0,-1120,-1160,-1160,-1160
2026-09-20T01:16:22Z,CHAN,26362,26362164,1000,100,0,1,0,-1060,-1160,-1147
2026-09-20T01:16:39Z,CHAN,26379,26379164,1000,100,0,1,0,-1090,-1160,-1147
2026-09-20T01:16:46Z,CHAN,26386,26386164,1000,100,0,5,0,-1030,-1160,-1143
2026-09-20T01:17:09Z,CHANSUM,26350,26409,60,60000,6000,0,7,0,3,0,-1030,-1160,-1150,-1159
2026-09-20T01:18:09Z,CHANSUM,26410,26469,60,60000,6000,0,0,0,0,0,-1120,-1170,-1160,-1160
2026-09-20T01:19:09Z,CHANSUM,26470,26529,60,60000,6000,0,0,0,0,0,-1130,-1170,-1150,-1160
2026-09-20T01:20:09Z,CHANSUM,26530,26589,60,60000,6000,0,0,0,0,0,-1130,-1160,-1160,-1160
2026-09-20T01:20:10Z,CHAN,26590,26590164,1000,100,0,2,0,-1050,-1160,-1147
2026-09-20T01:20:33Z,CHAN,26613,26613164,1000,100,0,3,0,-1050,-1160,-1146
2026-09-20T01:20:35Z,CHAN,26615,26615164,1000,100,0,4,0,-1070,-1160,-1146
2026-09-20T01:20:43Z,CHAN,26623,26623164,1000,100,0,3,0,-1040,-1160,-1145
2026-09-20T01:20:54Z,CHAN,26634,26634164,1000,100,0,4,0,-1090,-1160,-1144
2026-09-20T01:21:09Z,CHANSUM,26590,26649,60,60000,6000,0,16,0,5,0,-1040,-1160,-1160,-1160
2026-09-20T01:21:40Z,CHAN,26680,26680164,1000,100,0,1,0,-1100,-1160,-1147
2026-09-20T01:22:09Z,CHANSUM,26650,26709,60,60000,6000,0,1,0,1,0,-1100,-1160,-1160,-1160
2026-09-20T01:22:10Z,CHAN,26710,26710164,1000,100,0,1,0,-1070,-1160,-1148
2026-09-20T01:23:09Z,CHANSUM,26710,26769,60,60000,6000,0,1,0,1,0,-1070,-1160,-1160,-1160
2026-09-20T01:23:27Z,CHAN,26787,26787164,1000,100,0,3,0,-1100,-1160,-1146
2026-09-20T01:24:09Z,CHANSUM,26770,26829,60,60000,6000,0,3,0,1,0,-1100,-1160,-1160,-1160
2026-09-20T01:25:09Z,CHANSUM,26830,26889,60,60000,6000,0,0,0,0,0,-1130,-1170,-1160,-1160
2026-09-20T01:26:09Z,CHANSUM,26890,26949,60,60000,6000,0,0,0,0,0,-1120,-1160,-1160,-1160
2026-09-20T01:26:36Z,CHAN,26976,26976164,1000,100,0,1,0,-870,-1160,-1145
2026-09-20T01:27:09Z,CHANSUM,26950,27009,60,60000,6000,0,1,0,1,0,-870,-1160,-1160,-1160
2026-09-20T01:28:09Z,CHANSUM,27010,27069,60,60000,6000,0,0,0,0,0,-1130,-1160,-1160,-1160
2026-09-20T01:29:09Z,CHANSUM,27070,27129,60,60000,6000,0,0,0,0,0,-1120,-1160,-1160,-1160
2026-09-20T01:29:10Z,CHAN,27130,27130164,1000,100,0,9,0,-870,-1160,-1124
2026-09-20T01:30:09Z,CHANSUM,27130,27189,60,60000,6000,0,9,0,1,0,-870,-1160,-1160,-1160
2026-09-20T01:31:09Z,CHAN,27249,27249164,1000,100,0,4,0,-880,-1160,-1137
2026-09-20T01:31:09Z,CHANSUM,27190,27249,60,60000,6000,0,4,0,1,0,-880,-1160,-1160,-1160
2026-09-20T01:31:17Z,CHAN,27257,27257164,1000,100,0,3,0,-990,-1160,-1145
2026-09-20T01:31:20Z,CHAN,27260,27260164,1000,100,0,9,0,-880,-1160,-1124
2026-09-20T01:31:31Z,CHAN,27271,27271164,1000,100,0,3,0,-1090,-1160,-1146
2026-09-20T01:31:43Z,CHAN,27283,27283164,1000,100,0,1,0,-980,-1160,-1147
2026-09-20T01:31:45Z,CHAN,27285,27285164,1000,100,0,2,0,-1100,-1160,-1147
2026-09-20T01:32:00Z,CHAN,27300,27300164,1000,100,0,3,0,-1060,-1160,-1146
2026-09-20T01:32:09Z,CHANSUM,27250,27309,60,60000,6000,0,21,0,6,0,-880,-1160,-1160,-1160
2026-09-20T01:32:11Z,CHAN,27311,27311164,1000,100,0,5,0,-690,-1160,-1129
2026-09-20T01:32:28Z,CHAN,27328,27328164,1000,100,0,4,0,-1080,-1160,-1146
2026-09-20T01:32:42Z,CHAN,27342,27342164,1000,100,0,2,0,-1100,-1160,-1148
2026-09-20T01:32:50Z,CHAN,27350,27350164,1000,100,0,4,0,-1070,-1160,-1144
2026-09-20T01:33:05Z,CHAN,27365,27365164,1000,100,0,4,0,-1000,-1160,-1143
2026-09-20T01:33:09Z,CHANSUM,27310,27369,60,60000,6000,0,19,0,5,0,-690,-1160,-1160,-1160
2026-09-20T01:33:10Z,CHAN,27370,27370164,1000,100,0,4,0,-1040,-1160,-1144
2026-09-20T01:33:14Z,CHAN,27374,27374164,1000,100,0,4,0,-1080,-1160,-1146
2026-09-20T01:33:17Z,CHAN,27377,27377164,1000,100,0,8,0,-980,-1160,-1139
2026-09-20T01:33:24Z,CHAN,27384,27384164,1000,100,0,2,0,-980,-1160,-1145
2026-09-20T01:33:25Z,CHAN,27385,27385164,1000,100,0,3,0,-980,-1160,-1145
2026-09-20T01:33:42Z,CHAN,27402,27402164,1000,100,0,1,0,-1100,-1160,-1147
2026-09-20T01:33:46Z,CHAN,27406,27406164,1000,100,0,3,0,-1100,-1150,-1145
2026-09-20T01:33:52Z,CHAN,27412,27412164,1000,100,0,1,0,-1020,-1160,-1147
2026-09-20T01:33:53Z,CHAN,27413,27413164,1000,100,0,3,0,-970,-1160,-1143
2026-09-20T01:34:01Z,CHAN,27421,27421164,1000,100,0,4,0,-1070,-1160,-1145
2026-09-20T01:34:02Z,CHAN,27422,27422164,1000,100,0,1,0,-1070,-1160,-1147
2026-09-20T01:34:09Z,CHANSUM,27370,27429,60,60000,6000,0,34,0,11,0,-970,-1160,-1150,-1159
2026-09-20T01:34:13Z,CHAN,27433,27433164,1000,100,0,1,0,-1070,-1160,-1148
2026-09-20T01:34:14Z,CHAN,27434,27434164,1000,100,0,3,0,-1060,-1160,-1145
2026-09-20T01:34:23Z,CHAN,27443,27443164,1000,100,0,38,0,-880,-1160,-1047
2026-09-20T01:34:25Z,CHAN,27445,27445164,1000,100,0,9,0,-880,-1160,-1125
2026-09-20T01:34:27Z,CHAN,27447,27447164,1000,100,0,1,0,-1070,-1160,-1147
2026-09-20T01:34:28Z,CHAN,27448,27448164,1000,100,0,3,0,-1070,-1160,-1147
2026-09-20T01:34:36Z,CHAN,27456,27456164,1000,100,0,5,0,-910,-1160,-1139
2026-09-20T01:34:42Z,CHAN,27462,27462164,1000,100,0,13,0,-950,-1160,-1129
2026-09-20T01:34:48Z,CHAN,27468,27468164,1000,100,0,4,0,-1040,-1160,-1145
2026-09-20T01:34:51Z,CHAN,27471,27471164,1000,100,0,4,0,-1060,-1160,-1145
2026-09-20T01:34:55Z,CHAN,27475,27475164,1000,100,0,1,0,-1100,-1160,-1147
2026-09-20T01:35:09Z,CHANSUM,27430,27489,60,60000,6000,0,82,0,11,0,-880,-1170,-1160,-1160
2026-09-20T01:35:12Z,CHAN,27492,27492164,1000,100,0,4,0,-710,-1160,-1134
2026-09-20T01:35:14Z,CHAN,27494,27494164,1000,100,0,4,0,-1050,-1160,-1145
2026-09-20T01:35:17Z,CHAN,27497,27497164,1000,100,0,4,0,-980,-1160,-1142
2026-09-20T01:35:19Z,CHAN,27499,27499164,1000,100,0,3,0,-950,-1160,-1142
2026-09-20T01:35:21Z,CHAN,27501,27501164,1000,100,0,17,0,-960,-1160,-1127
2026-09-20T01:35:28Z,CHAN,27508,27508164,1000,100,0,4,0,-1060,-1160,-1146
2026-09-20T01:35:51Z,CHAN,27531,27531164,1000,100,0,1,0,-1050,-1160,-1147
2026-09-20T01:35:52Z,CHAN,27532,27532164,1000,100,0,3,0,-1040,-1160,-1145
2026-09-20T01:35:56Z,CHAN,27536,27536164,1000,100,0,26,0,-950,-1160,-1113
2026-09-20T01:35:57Z,CHAN,27537,27537164,1000,100,0,64,0,-950,-1160,-1069
2026-09-20T01:35:58Z,CHAN,27538,27538164,1000,100,0,11,0,-950,-1160,-1127
2026-09-20T01:36:02Z,CHAN,27542,27542164,1000,100,0,2,0,-1100,-1160,-1146
2026-09-20T01:36:09Z,CHANSUM,27490,27549,60,60000,6000,0,143,0,12,0,-710,-1170,-1160,-1160
2026-09-20T01:36:18Z,CHAN,27558,27558164,1000,100,0,4,0,-1050,-1160,-1145
2026-09-20T01:36:31Z,CHAN,27571,27571164,1000,100,0,68,0,-950,-1160,-1068
2026-09-20T01:36:32Z,CHAN,27572,27572164,1000,100,0,38,0,-940,-1160,-1087
2026-09-20T01:36:35Z,CHAN,27575,27575164,1000,100,0,9,0,-880,-1160,-1124
2026-09-20T01:37:09Z,CHANSUM,27550,27609,60,60000,6000,0,119,0,4,0,-880,-1170,-1160,-1160
2026-09-20T01:37:39Z,CHAN,27639,27639164,1000,100,0,1,0,-880,-1160,-1146
2026-09-20T01:38:09Z,CHANSUM,27610,27669,60,60000,6000,0,1,0,1,0,-880,-1160,-1160,-1160
2026-09-20T01:38:37Z,CHAN,27697,27697164,1000,100,0,5,0,-1080,-1160,-1145
2026-09-20T01:39:09Z,CHANSUM,27670,27729,60,60000,6000,0,5,0,1,0,-1080,-1170,-1160,-1160
2026-09-20T01:40:09Z,CHANSUM,27730,27789,60,60000,6000,0,0,0,0,0,-1130,-1160,-1150,-1159
2026-09-20T01:40:13Z,CHAN,27793,27793164,1000,100,0,5,0,-1060,-1160,-1145
2026-09-20T01:40:21Z,CHAN,27801,27801164,1000,100,0,14,0,-960,-1160,-1129
2026-09-20T01:41:09Z,CHANSUM,27790,27849,60,60000,6000,0,19,0,2,0,-960,-1160,-1160,-1160
2026-09-20T01:41:58Z,CHAN,27898,27898164,1000,100,0,1,0,-1050,-1160,-1147
2026-09-20T01:42:09Z,CHANSUM,27850,27909,60,60000,6000,0,1,0,1,0,-1050,-1160,-1160,-1160
2026-09-20T01:43:09Z,CHANSUM,27910,27969,60,60000,6000,0,0,0,0,0,-1130,-1160,-1160,-1160
2026-09-20T01:43:27Z,CHAN,27987,27987164,1000,100,0,5,0,-1000,-1160,-1142
2026-09-20T01:44:09Z,CHANSUM,27970,28029,60,60000,6000,0,5,0,1,0,-1000,-1160,-1150,-1159
2026-09-20T01:45:09Z,CHANSUM,28030,28089,60,60000,6000,0,0,0,0,0,-1120,-1160,-1160,-1160
2026-09-20T01:45:44Z,CHAN,28124,28124164,1000,100,0,8,0,-960,-1160,-1139
2026-09-20T01:45:45Z,CHAN,28125,28125164,1000,100,0,5,0,-960,-1160,-1139
2026-09-20T01:46:09Z,CHANSUM,28090,28149,60,60000,6000,0,13,0,2,0,-960,-1160,-1160,-1160
2026-09-20T01:47:09Z,CHANSUM,28150,28209,60,60000,6000,0,0,0,0,0,-1120,-1160,-1160,-1160
2026-09-20T01:48:09Z,CHANSUM,28210,28269,60,60000,6000,0,0,0,0,0,-1120,-1160,-1160,-1160
2026-09-20T01:49:09Z,CHANSUM,28270,28329,60,60000,6000,0,0,0,0,0,-1130,-1160,-1150,-1159
2026-09-20T01:49:45Z,CHAN,28365,28365164,1000,100,0,2,0,-1100,-1160,-1146
2026-09-20T01:50:09Z,CHANSUM,28330,28389,60,60000,6000,0,2,0,1,0,-1100,-1160,-1160,-1160
2026-09-20T01:50:10Z,CHAN,28390,28390164,1000,100,0,10,0,-880,-1160,-1124
2026-09-20T01:51:09Z,CHANSUM,28390,28449,60,60000,6000,0,10,0,1,0,-880,-1160,-1160,-1160
2026-09-20T01:51:36Z,CHAN,28476,28476164,1000,100,0,3,0,-1080,-1160,-1147
2026-09-20T01:51:37Z,CHAN,28477,28477164,1000,100,0,2,0,-1080,-1160,-1147
2026-09-20T01:52:09Z,CHANSUM,28450,28509,60,60000,6000,0,5,0,2,0,-1080,-1160,-1160,-1160
2026-09-20T01:52:12Z,CHAN,28512,28512164,1000,100,0,1,0,-1000,-1170,-1146
2026-09-20T01:52:20Z,CHAN,28520,28520164,1000,100,0,10,0,-880,-1160,-1124
2026-09-20T01:52:41Z,CHAN,28541,28541164,1000,100,0,5,0,-1090,-1160,-1145
2026-09-20T01:53:09Z,CHANSUM,28510,28569,60,60000,6000,0,16,0,3,0,-880,-1170,-1160,-1160
2026-09-20T01:54:09Z,CHANSUM,28570,28629,60,60000,6000,0,0,0,0,0,-1120,-1170,-1160,-1160
2026-09-20T01:54:34Z,CHAN,28654,28654164,1000,100,0,2,0,-1100,-1160,-1146
2026-09-20T01:54:39Z,CHAN,28659,28659164,1000,100,0,5,0,-1040,-1160,-1142
2026-09-20T01:54:40Z,CHAN,28660,28660164,1000,100,0,3,0,-1010,-1160,-1144
2026-09-20T01:54:58Z,CHAN,28678,28678164,1000,100,0,2,0,-1040,-1160,-1145
2026-09-20T01:55:09Z,CHANSUM,28630,28689,60,60000,6000,0,12,0,4,0,-1010,-1160,-1160,-1160
2026-09-20T01:55:25Z,CHAN,28705,28705164,1000,100,0,10,0,-880,-1160,-1123
2026-09-20T01:56:09Z,CHANSUM,28690,28749,60,60000,6000,0,10,0,1,0,-880,-1160,-1160,-1160
2026-09-20T01:56:26Z,CHAN,28766,28766164,1000,100,0,5,0,-1060,-1160,-1144
2026-09-20T01:57:09Z,CHANSUM,28750,28809,60,60000,6000,0,5,0,1,0,-1060,-1160,-1160,-1160
2026-09-20T01:57:19Z,CHAN,28819,28819164,1000,100,0,2,0,-890,-1160,-1144
2026-09-20T01:57:22Z,CHAN,28822,28822164,1000,100,0,7,0,-970,-1160,-1140
2026-09-20T01:57:35Z,CHAN,28835,28835164,1000,100,0,10,0,-880,-1160,-1123
2026-09-20T01:58:09Z,CHANSUM,28810,28869,60,60000,6000,0,19,0,3,0,-880,-1160,-1160,-1160
2026-09-20T01:59:09Z,CHANSUM,28870,28929,60,60000,6000,0,0,0,0,0,-1130,-1160,-1160,-1160
2026-09-20T02:00:05Z,CHAN,28985,28985164,1000,100,0,5,0,-1050,-1160,-1144
2026-09-20T02:00:09Z,CHANSUM,28930,28989,60,60000,6000,0,5,0,1,0,-1050,-1160,-1150,-1159
2026-09-20T02:01:09Z,CHANSUM,28990,29049,60,60000,6000,0,0,0,0,0,-1120,-1170,-1160,-1160
2026-09-20T02:02:09Z,CHANSUM,29050,29109,60,60000,6000,0,0,0,0,0,-1120,-1160,-1160,-1160
2026-09-20T02:03:09Z,CHANSUM,29110,29169,60,60000,6000,0,0,0,0,0,-1110,-1170,-1150,-1160
2026-09-20T02:03:31Z,CHAN,29191,29191164,1000,100,0,5,0,-1070,-1160,-1145
2026-09-20T02:03:54Z,CHAN,29214,29214164,1000,100,0,1,0,-890,-1160,-1145
2026-09-20T02:03:55Z,CHAN,29215,29215164,1000,100,0,37,0,-880,-1160,-1051
2026-09-20T02:03:56Z,CHAN,29216,29216164,1000,100,0,4,0,-890,-1160,-1139
2026-09-20T02:04:02Z,CHAN,29222,29222164,1000,100,0,5,0,-1060,-1160,-1144
2026-09-20T02:04:09Z,CHANSUM,29170,29229,60,60000,6000,0,52,0,5,0,-880,-1160,-1160,-1160
2026-09-20T02:04:57Z,CHAN,29277,29277164,1000,100,0,1,0,-890,-1160,-1145
2026-09-20T02:04:58Z,CHAN,29278,29278164,1000,100,0,37,0,-880,-1160,-1051
2026-09-20T02:05:09Z,CHANSUM,29230,29289,60,60000,6000,0,38,0,2,0,-880,-1160,-1160,-1160
2026-09-20T02:05:10Z,CHAN,29290,29290164,1000,100,0,5,0,-1060,-1160,-1143
2026-09-20T02:06:09Z,CHANSUM,29290,29349,60,60000,6000,0,5,0,1,0,-1060,-1160,-1160,-1160
2026-09-20T02:07:09Z,CHANSUM,29350,29409,60,60000,6000,0,0,0,0,0,-1130,-1160,-1160,-1160
2026-09-20T02:07:32Z,CHAN,29432,29432164,1000,100,0,20,0,-980,-1160,-1124
2026-09-20T02:07:33Z,CHAN,29433,29433164,1000,100,0,31,0,-870,-1160,-1101
2026-09-20T02:08:09Z,CHANSUM,29410,29469,60,60000,6000,0,51,0,2,0,-870,-1170,-1160,-1160
2026-09-20T02:08:35Z,CHAN,29495,29495164,1000,100,0,14,0,-960,-1160,-1126
2026-09-20T02:08:36Z,CHAN,29496,29496164,1000,100,0,28,0,-950,-1160,-1107
2026-09-20T02:08:37Z,CHAN,29497,29497164,1000,100,0,15,0,-1000,-1160,-1131
2026-09-20T02:08:56Z,CHAN,29516,29516164,1000,100,0,52,0,-960,-1160,-1096
2026-09-20T02:08:57Z,CHAN,29517,29517164,1000,100,0,53,0,-950,-1160,-1061
2026-09-20T02:09:09Z,CHANSUM,29470,29529,60,60000,6000,0,162,0,5,0,-950,-1170,-1160,-1160
2026-09-20T02:09:22Z,CHAN,29542,29542164,1000,100,0,29,0,-960,-1160,-1107
2026-09-20T02:09:23Z,CHAN,29543,29543164,1000,100,0,27,0,-950,-1160,-1105
2026-09-20T02:09:42Z,CHAN,29562,29562164,1000,100,0,4,0,-1070,-1160,-1145
2026-09-20T02:09:53Z,CHAN,29573,29573164,1000,100,0,3,0,-910,-1160,-1142
2026-09-20T02:09:54Z,CHAN,29574,29574164,1000,100,0,2,0,-780,-1160,-1142
2026-09-20T02:09:57Z,CHAN,29577,29577164,1000,100,0,6,0,-1060,-1160,-1144
2026-09-20T02:10:05Z,CHAN,29585,29585164,1000,100,0,4,0,-1100,-1160,-1146
2026-09-20T02:10:09Z,CHANSUM,29530,29589,60,60000,6000,0,75,0,7,0,-780,-1160,-1160,-1160
2026-09-20T02:11:09Z,CHANSUM,29590,29649,60,60000,6000,0,0,0,0,0,-1130,-1170,-1160,-1160
2026-09-20T02:11:10Z,CHAN,29650,29650164,1000,100,0,9,0,-880,-1160,-1126
2026-09-20T02:11:29Z,CHAN,29669,29669164,1000,100,0,5,0,-1080,-1160,-1146
2026-09-20T02:11:38Z,CHAN,29678,29678164,1000,100,0,36,0,-950,-1160,-1094
2026-09-20T02:11:39Z,CHAN,29679,29679164,1000,100,0,21,0,-950,-1160,-1119
2026-09-20T02:12:03Z,CHAN,29703,29703164,1000,100,0,3,0,-1090,-1160,-1146
2026-09-20T02:12:09Z,CHANSUM,29650,29709,60,60000,6000,0,74,0,5,0,-880,-1160,-1160,-1160
2026-09-20T02:12:48Z,CHAN,29748,29748164,1000,100,0,22,0,-950,-1160,-1116
2026-09-20T02:12:49Z,CHAN,29749,29749164,1000,100,0,34,0,-950,-1160,-1094
2026-09-20T02:13:06Z,CHAN,29766,29766164,1000,100,0,5,0,-910,-1160,-1137
2026-09-20T02:13:09Z,CHANSUM,29710,29769,60,60000,6000,0,61,0,3,0,-910,-1160,-1160,-1160
2026-09-20T02:13:20Z,CHAN,29780,29780164,1000,100,0,9,0,-890,-1160,-1124
2026-09-20T02:13:23Z,CHAN,29783,29783164,1000,100,0,42,0,-950,-1160,-1083
2026-09-20T02:13:24Z,CHAN,29784,29784164,1000,100,0,14,0,-960,-1160,-1127
2026-09-20T02:13:44Z,CHAN,29804,29804164,1000,100,0,5,0,-980,-1160,-1142
2026-09-20T02:14:09Z,CHANSUM,29770,29829,60,60000,6000,0,70,0,4,0,-890,-1160,-1160,-1160
2026-09-20T02:14:17Z,CHAN,29837,29837164,1000,100,0,9,0,-1000,-1160,-1137
2026-09-20T02:14:19Z,CHAN,29839,29839164,1000,100,0,5,0,-1030,-1160,-1143
2026-09-20T02:15:09Z,CHANSUM,29830,29889,60,60000,6000,0,14,0,2,0,-1000,-1170,-1160,-1160
2026-09-20T02:16:09Z,CHANSUM,29890,29949,60,60000,6000,0,0,0,0,0,-1130,-1170,-1150,-1160
2026-09-20T02:16:25Z,CHAN,29965,29965164,1000,100,0,9,0,-890,-1160,-1125
2026-09-20T02:16:41Z,CHAN,29981,29981164,1000,100,0,66,0,-940,-1150,-1066
2026-09-20T02:16:42Z,CHAN,29982,29982164,1000,100,0,40,0,-950,-1160,-1087
2026-09-20T02:17:09Z,CHANSUM,29950,30009,60,60000,6000,0,115,0,3,0,-890,-1160,-1150,-1159
2026-09-20T02:17:37Z,CHAN,30037,30037164,1000,100,0,9,0,-960,-1160,-1140
2026-09-20T02:17:48Z,CHAN,30048,30048164,1000,100,0,1,0,-1010,-1160,-1147
2026-09-20T02:17:54Z,CHAN,30054,30054164,1000,100,0,4,0,-1020,-1160,-1143
2026-09-20T02:18:03Z,CHAN,30063,30063164,1000,100,0,3,0,-1100,-1160,-1147
2026-09-20T02:18:07Z,CHAN,30067,30067164,1000,100,0,27,0,-950,-1160,-1106
2026-09-20T02:18:08Z,CHAN,30068,30068164,1000,100,0,41,0,-950,-1160,-1087
2026-09-20T02:18:09Z,CHANSUM,30010,30069,60,60000,6000,0,85,0,6,0,-950,-1160,-1160,-1160
2026-09-20T02:18:23Z,CHAN,30083,30083164,1000,100,0,8,0,-1010,-1160,-1138
2026-09-20T02:18:35Z,CHAN,30095,30095164,1000,100,0,9,0,-880,-1160,-1125
2026-09-20T02:18:46Z,CHAN,30106,30106164,1000,100,0,4,0,-1090,-1160,-1146
2026-09-20T02:18:54Z,CHAN,30114,30114164,1000,100,0,2,0,-1100,-1160,-1148
2026-09-20T02:19:09Z,CHANSUM,30070,30129,60,60000,6000,0,23,0,4,0,-880,-1160,-1150,-1159
2026-09-20T02:19:30Z,CHAN,30150,30150164,1000,100,0,18,0,-960,-1160,-1120
2026-09-20T02:19:31Z,CHAN,30151,30151164,1000,100,0,37,0,-950,-1160,-1089
2026-09-20T02:19:32Z,CHAN,30152,30152164,1000,100,0,25,0,-950,-1160,-1108
2026-09-20T02:19:33Z,CHAN,30153,30153164,1000,100,0,30,0,-950,-1160,-1101
2026-09-20T02:19:34Z,CHAN,30154,30154164,1000,100,0,27,0,-950,-1160,-1104
2026-09-20T02:19:35Z,CHAN,30155,30155164,1000,100,0,28,0,-950,-1160,-1106
2026-09-20T02:19:36Z,CHAN,30156,30156164,1000,100,0,36,0,-950,-1160,-1092
2026-09-20T02:19:49Z,CHAN,30169,30169164,1000,100,0,13,0,-960,-1160,-1130
2026-09-20T02:20:09Z,CHANSUM,30130,30189,60,60000,6000,0,214,0,8,0,-950,-1160,-1160,-1160
2026-09-20T02:20:19Z,CHAN,30199,30199164,1000,100,0,1,0,-1060,-1160,-1147
2026-09-20T02:20:33Z,CHAN,30213,30213164,1000,100,0,4,0,-1090,-1160,-1146
2026-09-20T02:20:34Z,CHAN,30214,30214164,1000,100,0,1,0,-1090,-1160,-1147
2026-09-20T02:20:56Z,CHAN,30236,30236164,1000,100,0,2,0,-1100,-1160,-1147
2026-09-20T02:21:03Z,CHAN,30243,30243164,1000,100,0,28,0,-960,-1170,-1106
2026-09-20T02:21:04Z,CHAN,30244,30244164,1000,100,0,31,0,-950,-1160,-1097
2026-09-20T02:21:05Z,CHAN,30245,30245164,1000,100,0,29,0,-950,-1160,-1104
2026-09-20T02:21:06Z,CHAN,30246,30246164,1000,100,0,37,0,-940,-1160,-1086
2026-09-20T02:21:07Z,CHAN,30247,30247164,1000,100,0,27,0,-960,-1160,-1108
2026-09-20T02:21:08Z,CHAN,30248,30248164,1000,100,0,28,0,-950,-1160,-1101
2026-09-20T02:21:09Z,CHAN,30249,30249164,1000,100,0,22,0,-990,-1160,-1118
2026-09-20T02:21:09Z,CHANSUM,30190,30249,60,60000,6000,0,210,0,11,0,-940,-1170,-1160,-1160
2026-09-20T02:21:14Z,CHAN,30254,30254164,1000,100,0,4,0,-1100,-1160,-1146
2026-09-20T02:21:22Z,CHAN,30262,30262164,1000,100,0,3,0,-1100,-1160,-1147
2026-09-20T02:22:09Z,CHANSUM,30250,30309,60,60000,6000,0,7,0,2,0,-1100,-1170,-1160,-1160
2026-09-20T02:22:17Z,CHAN,30317,30317164,1000,100,0,1,0,-1100,-1160,-1147
2026-09-20T02:22:18Z,CHAN,30318,30318164,1000,100,0,1,0,-1100,-1160,-1147
2026-09-20T02:22:55Z,CHAN,30355,30355164,1000,100,0,1,0,-1030,-1160,-1147
2026-09-20T02:23:09Z,CHANSUM,30310,30369,60,60000,6000,0,3,0,3,0,-1030,-1160,-1160,-1160
2026-09-20T02:23:22Z,CHAN,30382,30382164,1000,100,0,7,0,-960,-1160,-1139
2026-09-20T02:24:09Z,CHANSUM,30370,30429,60,60000,6000,0,7,0,1,0,-960,-1160,-1150,-1159
2026-09-20T02:24:19Z,CHAN,30439,30439164,1000,100,0,3,0,-1100,-1160,-1147
2026-09-20T02:24:48Z,CHAN,30468,30468164,1000,100,0,1,0,-1050,-1160,-1146
2026-09-20T02:24:50Z,CHAN,30470,30470164,1000,100,0,9,0,-890,-1160,-1126
2026-09-20T02:25:09Z,CHANSUM,30430,30489,60,60000,6000,0,13,0,3,0,-890,-1160,-1160,-1160
2026-09-20T02:25:31Z,CHAN,30511,30511164,1000,100,0,13,0,-960,-1160,-1130
2026-09-20T02:26:09Z,CHANSUM,30490,30549,60,60000,6000,0,13,0,1,0,-960,-1160,-1160,-1160
2026-09-20T02:26:15Z,CHAN,30555,30555164,1000,100,0,5,0,-1080,-1160,-1145
2026-09-20T02:27:00Z,CHAN,30600,30600164,1000,100,0,9,0,-880,-1160,-1123
2026-09-20T02:27:09Z,CHANSUM,30550,30609,60,60000,6000,0,14,0,2,0,-880,-1160,-1160,-1160
2026-09-20T02:27:53Z,CHAN,30653,30653164,1000,100,0,5,0,-1080,-1160,-1145
2026-09-20T02:28:02Z,CHAN,30662,30662164,1000,100,0,2,0,-880,-1160,-1144
2026-09-20T02:28:06Z,CHAN,30666,30666164,1000,100,0,3,0,-1090,-1160,-1146
2026-09-20T02:28:09Z,CHANSUM,30610,30669,60,60000,6000,0,10,0,3,0,-880,-1160,-1150,-1159
2026-09-20T02:28:19Z,CHAN,30679,30679164,1000,100,0,4,0,-1070,-1160,-1145
2026-09-20T02:28:24Z,CHAN,30684,30684164,1000,100,0,5,0,-1090,-1160,-1145
2026-09-20T02:29:09Z,CHANSUM,30670,30729,60,60000,6000,0,9,0,2,0,-1070,-1160,-1160,-1160
2026-09-20T02:29:53Z,CHAN,30773,30773164,1000,100,0,5,0,-1070,-1160,-1145
2026-09-20T02:30:05Z,CHAN,30785,30785164,1000,100,0,9,0,-880,-1160,-1125
2026-09-20T02:30:09Z,CHANSUM,30730,30789,60,60000,6000,0,14,0,2,0,-880,-1160,-1160,-1160
2026-09-20T02:31:09Z,CHANSUM,30790,30849,60,60000,6000,0,0,0,0,0,-1130,-1170,-1160,-1160
2026-09-20T02:31:37Z,CHAN,30877,30877164,1000,100,0,4,0,-850,-1160,-1137
2026-09-20T02:31:38Z,CHAN,30878,30878164,1000,100,0,1,0,-860,-1160,-1145
2026-09-20T02:32:09Z,CHANSUM,30850,30909,60,60000,6000,0,5,0,2,0,-850,-1160,-1160,-1160
2026-09-20T02:32:15Z,CHAN,30915,30915164,1000,100,0,9,0,-880,-1150,-1124
2026-09-20T02:32:59Z,CHAN,30959,30959164,1000,100,0,5,0,-980,-1160,-1142
2026-09-20T02:33:09Z,CHANSUM,30910,30969,60,60000,6000,0,14,0,2,0,-880,-1160,-1150,-1159
2026-09-20T02:33:10Z,CHAN,30970,30970164,1000,100,0,1,0,-940,-1160,-1147
2026-09-20T02:33:25Z,CHAN,30985,30985164,1000,100,0,5,0,-1060,-1160,-1144
2026-09-20T02:34:09Z,CHANSUM,30970,31029,60,60000,6000,0,6,0,2,0,-940,-1160,-1160,-1160
2026-09-20T02:35:09Z,CHANSUM,31030,31089,60,60000,6000,0,0,0,0,0,-1120,-1160,-1160,-1160
2026-09-20T02:35:39Z,CHAN,31119,31119164,1000,100,0,11,0,-950,-1160,-1128
2026-09-20T02:35:40Z,CHAN,31120,31120164,1000,100,0,55,0,-950,-1160,-1063
2026-09-20T02:36:01Z,CHAN,31141,31141164,1000,100,0,2,0,-1100,-1160,-1146
2026-09-20T02:36:09Z,CHANSUM,31090,31149,60,60000,6000,0,68,0,3,0,-950,-1170,-1150,-1160
2026-09-20T02:37:09Z,CHANSUM,31150,31209,60,60000,6000,0,0,0,0,0,-1130,-1160,-1160,-1160
2026-09-20T02:38:07Z,CHAN,31267,31267164,1000,100,0,38,0,-960,-1160,-1092
2026-09-20T02:38:08Z,CHAN,31268,31268164,1000,100,0,6,0,-950,-1160,-1137
2026-09-20T02:38:09Z,CHANSUM,31210,31269,60,60000,6000,0,44,0,2,0,-950,-1160,-1160,-1160
2026-09-20T02:38:17Z,CHAN,31277,31277164,1000,100,0,1,0,-1060,-1160,-1147
2026-09-20T02:38:21Z,CHAN,31281,31281164,1000,100,0,4,0,-1080,-1160,-1146
2026-09-20T02:38:22Z,CHAN,31282,31282164,1000,100,0,42,0,-940,-1160,-1078
2026-09-20T02:39:09Z,CHANSUM,31270,31329,60,60000,6000,0,47,0,3,0,-940,-1160,-1160,-1160
2026-09-20T02:39:11Z,CHAN,31331,31331164,1000,100,0,5,0,-1020,-1160,-1142
2026-09-20T02:40:09Z,CHANSUM,31330,31389,60,60000,6000,0,5,0,1,0,-1020,-1160,-1150,-1159
2026-09-20T02:41:09Z,CHANSUM,31390,31449,60,60000,6000,0,0,0,0,0,-1130,-1160,-1160,-1160
2026-09-20T02:41:19Z,CHAN,31459,31459164,1000,100,0,5,0,-1080,-1160,-1145
2026-09-20T02:42:09Z,CHANSUM,31450,31509,60,60000,6000,0,5,0,1,0,-1080,-1160,-1160,-1160
2026-09-20T02:42:36Z,CHAN,31536,31536164,1000,100,0,5,0,-1050,-1160,-1144
2026-09-20T02:43:09Z,CHAN,31569,31569164,1000,100,0,3,0,-1080,-1160,-1146
2026-09-20T02:43:09Z,CHANSUM,31510,31569,60,60000,6000,0,8,0,2,0,-1050,-1160,-1160,-1160
2026-09-20T02:43:28Z,CHAN,31588,31588164,1000,100,0,7,0,-1080,-1160,-1144
2026-09-20T02:44:09Z,CHAN,31629,31629164,1000,100,0,13,0,-950,-1160,-1129
2026-09-20T02:44:09Z,CHANSUM,31570,31629,60,60000,6000,0,20,0,2,0,-950,-1160,-1150,-1159
2026-09-20T02:45:02Z,CHAN,31682,31682164,1000,100,0,4,0,-1040,-1160,-1144
2026-09-20T02:45:03Z,CHAN,31683,31683164,1000,100,0,55,0,-950,-1160,-1073
2026-09-20T02:45:04Z,CHAN,31684,31684164,1000,100,0,14,0,-950,-1160,-1126
2026-09-20T02:45:09Z,CHANSUM,31630,31689,60,60000,6000,0,73,0,3,0,-950,-1160,-1160,-1160
2026-09-20T02:45:30Z,CHAN,31710,31710164,1000,100,0,88,0,-940,-1160,-1036
2026-09-20T02:45:31Z,CHAN,31711,31711164,1000,100,0,19,0,-950,-1160,-1117
2026-09-20T02:45:50Z,CHAN,31730,31730164,1000,100,0,10,0,-890,-1160,-1125
2026-09-20T02:46:09Z,CHANSUM,31690,31749,60,60000,6000,0,117,0,3,0,-890,-1170,-1160,-1160
2026-09-20T02:46:24Z,CHAN,31764,31764164,1000,100,0,5,0,-1090,-1160,-1145
2026-09-20T02:46:43Z,CHAN,31783,31783164,1000,100,0,17,0,-950,-1160,-1120
2026-09-20T02:46:44Z,CHAN,31784,31784164,1000,100,0,71,0,-950,-1160,-1059
2026-09-20T02:46:45Z,CHAN,31785,31785164,1000,100,0,25,0,-730,-1160,-1083
2026-09-20T02:46:54Z,CHAN,31794,31794164,1000,100,0,8,0,-980,-1160,-1139
2026-09-20T02:47:09Z,CHANSUM,31750,31809,60,60000,6000,0,126,0,5,0,-730,-1160,-1160,-1160
2026-09-20T02:47:45Z,CHAN,31845,31845164,1000,100,0,42,0,-950,-1160,-1089
2026-09-20T02:47:46Z,CHAN,31846,31846164,1000,100,0,28,0,-950,-1160,-1105
2026-09-20T02:48:00Z,CHAN,31860,31860164,1000,100,0,9,0,-880,-1160,-1124
2026-09-20T02:48:09Z,CHANSUM,31810,31869,60,60000,6000,0,79,0,3,0,-880,-1160,-1150,-1159
2026-09-20T02:48:31Z,CHAN,31891,31891164,1000,100,0,2,0,-910,-1160,-1145
2026-09-20T02:49:09Z,CHANSUM,31870,31929,60,60000,6000,0,2,0,1,0,-910,-1160,-1150,-1159
2026-09-20T02:50:09Z,CHANSUM,31930,31989,60,60000,6000,0,0,0,0,0,-1130,-1160,-1160,-1160
2026-09-20T02:50:32Z,CHAN,32012,32012164,1000,100,0,4,0,-980,-1160,-1143
2026-09-20T02:50:38Z,CHAN,32018,32018164,1000,100,0,2,0,-1100,-1160,-1146
2026-09-20T02:50:42Z,CHAN,32022,32022164,1000,100,0,3,0,-910,-1160,-1142
2026-09-20T02:51:05Z,CHAN,32045,32045164,1000,100,0,9,0,-880,-1160,-1124
2026-09-20T02:51:09Z,CHANSUM,31990,32049,60,60000,6000,0,18,0,4,0,-880,-1170,-1160,-1160
2026-09-20T02:51:20Z,CHAN,32060,32060164,1000,100,0,4,0,-1050,-1160,-1144
2026-09-20T02:51:54Z,CHAN,32094,32094164,1000,100,0,4,0,-1040,-1160,-1145
2026-09-20T02:52:09Z,CHANSUM,32050,32109,60,60000,6000,0,8,0,2,0,-1040,-1160,-1150,-1159
2026-09-20T02:52:25Z,CHAN,32125,32125164,1000,100,0,5,0,-1060,-1160,-1145
2026-09-20T02:52:45Z,CHAN,32145,32145164,1000,100,0,2,0,-1100,-1160,-1147
2026-09-20T02:52:52Z,CHAN,32152,32152164,1000,100,0,4,0,-1070,-1160,-1146
2026-09-20T02:53:09Z,CHANSUM,32110,32169,60,60000,6000,0,11,0,3,0,-1060,-1160,-1160,-1160
2026-09-20T02:53:15Z,CHAN,32175,32175164,1000,100,0,9,0,-880,-1160,-1124
2026-09-20T02:54:00Z,CHAN,32220,32220164,1000,100,0,4,0,-850,-1160,-1136
2026-09-20T02:54:03Z,CHAN,32223,32223164,1000,100,0,5,0,-1080,-1160,-1146
2026-09-20T02:54:09Z,CHANSUM,32170,32229,60,60000,6000,0,18,0,3,0,-850,-1160,-1150,-1159
2026-09-20T02:54:10Z,CHAN,32230,32230164,1000,100,0,36,0,-950,-1160,-1100
2026-09-20T02:54:11Z,CHAN,32231,32231164,1000,100,0,27,0,-950,-1170,-1108
2026-09-20T02:54:38Z,CHAN,32258,32258164,1000,100,0,4,0,-990,-1160,-1142
2026-09-20T02:54:47Z,CHAN,32267,32267164,1000,100,0,4,0,-1060,-1160,-1145
2026-09-20T02:55:09Z,CHANSUM,32230,32289,60,60000,6000,0,71,0,4,0,-950,-1170,-1160,-1160
2026-09-20T02:55:17Z,CHAN,32297,32297164,1000,100,0,3,0,-870,-1160,-1142
2026-09-20T02:55:25Z,CHAN,32305,32305164,1000,100,0,4,0,-1040,-1160,-1144
2026-09-20T02:55:41Z,CHAN,32321,32321164,1000,100,0,1,0,-1100,-1160,-1147
2026-09-20T02:55:47Z,CHAN,32327,32327164,1000,100,0,4,0,-1060,-1160,-1144
2026-09-20T02:55:57Z,CHAN,32337,32337164,1000,100,0,4,0,-950,-1160,-1140
2026-09-20T02:56:00Z,CHAN,32340,32340164,1000,100,0,4,0,-930,-1160,-1141
2026-09-20T02:56:01Z,CHAN,32341,32341164,1000,100,0,1,0,-930,-1160,-1145
2026-09-20T02:56:09Z,CHANSUM,32290,32349,60,60000,6000,0,21,0,7,0,-870,-1170,-1160,-1160
2026-09-20T02:56:21Z,CHAN,32361,32361164,1000,100,0,3,0,-1000,-1160,-1143
2026-09-20T02:56:32Z,CHAN,32372,32372164,1000,100,0,4,0,-1080,-1160,-1146
2026-09-20T02:56:46Z,CHAN,32386,32386164,1000,100,0,2,0,-1100,-1160,-1146
2026-09-20T02:56:49Z,CHAN,32389,32389164,1000,100,0,4,0,-1090,-1160,-1146
2026-09-20T02:56:51Z,CHAN,32391,32391164,1000,100,0,3,0,-1050,-1160,-1146
2026-09-20T02:56:55Z,CHAN,32395,32395164,1000,100,0,4,0,-1040,-1160,-1145
2026-09-20T02:56:57Z,CHAN,32397,32397164,1000,100,0,4,0,-940,-1160,-1140
2026-09-20T02:57:09Z,CHANSUM,32350,32409,60,60000,6000,0,24,0,7,0,-940,-1160,-1150,-1159
2026-09-20T02:57:13Z,CHAN,32413,32413164,1000,100,0,4,0,-880,-1160,-1138
2026-09-20T02:57:50Z,CHAN,32450,32450164,1000,100,0,2,0,-1090,-1160,-1146
2026-09-20T02:57:57Z,CHAN,32457,32457164,1000,100,0,4,0,-980,-1160,-1143
2026-09-20T02:58:09Z,CHANSUM,32410,32469,60,60000,6000,0,10,0,3,0,-880,-1160,-1160,-1160
2026-09-20T02:58:10Z,CHAN,32470,32470164,1000,100,0,12,0,-1000,-1160,-1137
2026-09-20T02:58:46Z,CHAN,32506,32506164,1000,100,0,1,0,-940,-1160,-1146
2026-09-20T02:59:09Z,CHANSUM,32470,32529,60,60000,6000,0,13,0,2,0,-940,-1160,-1160,-1160
2026-09-20T02:59:20Z,CHAN,32540,32540164,1000,100,0,4,0,-1070,-1160,-1146
2026-09-20T02:59:36Z,CHAN,32556,32556164,1000,100,0,1,0,-1050,-1160,-1148
2026-09-20T03:00:09Z,CHANSUM,32530,32589,60,60000,6000,0,5,0,2,0,-1050,-1160,-1160,-1160
2026-09-20T03:00:13Z,CHAN,32593,32593164,1000,100,0,5,0,-1050,-1160,-1144
2026-09-20T03:00:21Z,CHAN,32601,32601164,1000,100,0,4,0,-1070,-1160,-1145
2026-09-20T03:01:09Z,CHANSUM,32590,32649,60,60000,6000,0,9,0,2,0,-1050,-1160,-1160,-1160
2026-09-20T03:01:46Z,CHAN,32686,32686164,1000,100,0,2,0,-1100,-1160,-1147
2026-09-20T03:02:09Z,CHANSUM,32650,32709,60,60000,6000,0,2,0,1,0,-1100,-1160,-1150,-1159
2026-09-20T03:03:09Z,CHANSUM,32710,32769,60,60000,6000,0,0,0,0,0,-1120,-1160,-1160,-1160
2026-09-20T03:03:53Z,CHAN,32813,32813164,1000,100,0,2,0,-890,-1160,-1145
2026-09-20T03:04:09Z,CHANSUM,32770,32829,60,60000,6000,0,2,0,1,0,-890,-1160,-1160,-1160
2026-09-20T03:05:09Z,CHANSUM,32830,32889,60,60000,6000,0,0,0,0,0,-1120,-1160,-1160,-1160
2026-09-20T03:05:29Z,CHAN,32909,32909164,1000,100,0,4,0,-1030,-1160,-1144
2026-09-20T03:05:43Z,CHAN,32923,32923164,1000,100,0,3,0,-1080,-1160,-1145
2026-09-20T03:06:09Z,CHANSUM,32890,32949,60,60000,6000,0,7,0,2,0,-1030,-1160,-1160,-1160
2026-09-20T03:06:32Z,CHAN,32972,32972164,1000,100,0,2,0,-980,-1160,-1144
2026-09-20T03:06:40Z,CHAN,32980,32980164,1000,100,0,1,0,-860,-1160,-1145
2026-09-20T03:06:50Z,CHAN,32990,32990164,1000,100,0,9,0,-880,-1160,-1124
2026-09-20T03:07:02Z,CHAN,33002,33002164,1000,100,0,1,0,-1070,-1160,-1147
2026-09-20T03:07:09Z,CHANSUM,32950,33009,60,60000,6000,0,13,0,4,0,-860,-1160,-1160,-1160
2026-09-20T03:08:09Z,CHANSUM,33010,33069,60,60000,6000,0,0,0,0,0,-1120,-1160,-1160,-1160
2026-09-20T03:08:15Z,CHAN,33075,33075164,1000,100,0,4,0,-1060,-1160,-1145
2026-09-20T03:08:16Z,CHAN,33076,33076164,1000,100,0,1,0,-1080,-1160,-1147
2026-09-20T03:08:31Z,CHAN,33091,33091164,1000,100,0,1,0,-1090,-1160,-1146
2026-09-20T03:08:50Z,CHAN,33110,33110164,1000,100,0,1,0,-1080,-1160,-1147
2026-09-20T03:08:51Z,CHAN,33111,33111164,1000,100,0,3,0,-1060,-1160,-1146
2026-09-20T03:09:00Z,CHAN,33120,33120164,1000,100,0,10,0,-890,-1160,-1125
2026-09-20T03:09:03Z,CHAN,33123,33123164,1000,100,0,5,0,-910,-1160,-1139
2026-09-20T03:09:09Z,CHANSUM,33070,33129,60,60000,6000,0,25,0,7,0,-890,-1170,-1150,-1160
2026-09-20T03:09:11Z,CHAN,33131,33131164,1000,100,0,4,0,-990,-1160,-1142
2026-09-20T03:09:19Z,CHAN,33139,33139164,1000,100,0,2,0,-1100,-1160,-1146
2026-09-20T03:10:09Z,CHANSUM,33130,33189,60,60000,6000,0,6,0,2,0,-990,-1160,-1160,-1160
2026-09-20T03:10:56Z,CHAN,33236,33236164,1000,100,0,4,0,-1090,-1160,-1146
2026-09-20T03:11:09Z,CHANSUM,33190,33249,60,60000,6000,0,4,0,1,0,-1090,-1160,-1160,-1160
2026-09-20T03:12:05Z,CHAN,33305,33305164,1000,100,0,9,0,-880,-1160,-1124
2026-09-20T03:12:09Z,CHANSUM,33250,33309,60,60000,6000,0,9,0,1,0,-880,-1160,-1160,-1160
2026-09-20T03:12:52Z,CHAN,33352,33352164,1000,100,0,5,0,-1080,-1160,-1146
2026-09-20T03:13:09Z,CHANSUM,33310,33369,60,60000,6000,0,5,0,1,0,-1080,-1160,-1160,-1160
2026-09-20T03:14:09Z,CHANSUM,33370,33429,60,60000,6000,0,0,0,0,0,-1110,-1160,-1160,-1160
2026-09-20T03:14:15Z,CHAN,33435,33435164,1000,100,0,9,0,-880,-1160,-1124
2026-09-20T03:14:40Z,CHAN,33460,33460164,1000,100,0,5,0,-1020,-1160,-1142
2026-09-20T03:15:09Z,CHANSUM,33430,33489,60,60000,6000,0,14,0,2,0,-880,-1170,-1160,-1160
2026-09-20T03:15:14Z,CHAN,33494,33494164,1000,100,0,8,0,-960,-1160,-1139
2026-09-20T03:16:09Z,CHANSUM,33490,33549,60,60000,6000,0,8,0,1,0,-960,-1160,-1160,-1160
2026-09-20T03:16:17Z,CHAN,33557,33557164,1000,100,0,9,0,-980,-1160,-1139
2026-09-20T03:16:59Z,CHAN,33599,33599164,1000,100,0,5,0,-1040,-1160,-1144
2026-09-20T03:17:09Z,CHANSUM,33550,33609,60,60000,6000,0,14,0,2,0,-980,-1160,-1160,-1160
2026-09-20T03:17:56Z,CHAN,33656,33656164,1000,100,0,4,0,-1040,-1160,-1144
2026-09-20T03:17:57Z,CHAN,33657,33657164,1000,100,0,23,0,-950,-1150,-1114
2026-09-20T03:18:09Z,CHANSUM,33610,33669,60,60000,6000,0,27,0,2,0,-950,-1160,-1150,-1159
2026-09-20T03:19:09Z,CHANSUM,33670,33729,60,60000,6000,0,0,0,0,0,-1110,-1160,-1160,-1160
2026-09-20T03:20:05Z,CHAN,33785,33785164,1000,100,0,9,0,-960,-1160,-1139
2026-09-20T03:20:09Z,CHANSUM,33730,33789,60,60000,6000,0,9,0,1,0,-960,-1160,-1160,-1160
2026-09-20T03:20:30Z,CHAN,33810,33810164,1000,100,0,5,0,-680,-1160,-1127
2026-09-20T03:20:31Z,CHAN,33811,33811164,1000,100,0,1,0,-990,-1160,-1147
2026-09-20T03:21:09Z,CHANSUM,33790,33849,60,60000,6000,0,6,0,2,0,-680,-1160,-1150,-1159
2026-09-20T03:21:11Z,CHAN,33851,33851164,1000,100,0,5,0,-1030,-1160,-1144
2026-09-20T03:21:32Z,CHAN,33872,33872164,1000,100,0,8,0,-930,-1160,-1137
2026-09-20T03:21:39Z,CHAN,33879,33879164,1000,100,0,4,0,-1070,-1160,-1145
2026-09-20T03:22:06Z,CHAN,33906,33906164,1000,100,0,3,0,-1100,-1160,-1146
2026-09-20T03:22:09Z,CHANSUM,33850,33909,60,60000,6000,0,20,0,4,0,-930,-1160,-1160,-1160
2026-09-20T03:22:12Z,CHAN,33912,33912164,1000,100,0,5,0,-1030,-1160,-1143
2026-09-20T03:23:09Z,CHANSUM,33910,33969,60,60000,6000,0,5,0,1,0,-1030,-1160,-1160,-1160
2026-09-20T03:24:09Z,CHANSUM,33970,34029,60,60000,6000,0,0,0,0,0,-1130,-1160,-1160,-1160
2026-09-20T03:24:14Z,CHAN,34034,34034164,1000,100,0,5,0,-1030,-1160,-1144
2026-09-20T03:24:23Z,CHAN,34043,34043164,1000,100,0,1,0,-1100,-1160,-1146
2026-09-20T03:24:26Z,CHAN,34046,34046164,1000,100,0,2,0,-1100,-1160,-1147
2026-09-20T03:25:09Z,CHANSUM,34030,34089,60,60000,6000,0,8,0,3,0,-1030,-1160,-1150,-1159
2026-09-20T03:26:09Z,CHANSUM,34090,34149,60,60000,6000,0,0,0,0,0,-1120,-1160,-1160,-1160
2026-09-20T03:26:18Z,CHAN,34158,34158164,1000,100,0,1,0,-1100,-1160,-1146
2026-09-20T03:27:09Z,CHANSUM,34150,34209,60,60000,6000,0,1,0,1,0,-1100,-1160,-1160,-1160
2026-09-20T03:27:46Z,CHAN,34246,34246164,1000,100,0,5,0,-1060,-1160,-1145
2026-09-20T03:27:50Z,CHAN,34250,34250164,1000,100,0,9,0,-880,-1160,-1125
2026-09-20T03:28:09Z,CHANSUM,34210,34269,60,60000,6000,0,14,0,2,0,-880,-1160,-1160,-1160
2026-09-20T03:28:58Z,CHAN,34318,34318164,1000,100,0,2,0,-880,-1160,-1142
2026-09-20T03:28:59Z,CHAN,34319,34319164,1000,100,0,50,0,-880,-1150,-1034
2026-09-20T03:29:06Z,CHAN,34326,34326164,1000,100,0,1,0,-1070,-1160,-1147
2026-09-20T03:29:09Z,CHANSUM,34270,34329,60,60000,6000,0,53,0,3,0,-880,-1160,-1150,-1159
2026-09-20T03:29:29Z,CHAN,34349,34349164,1000,100,0,1,0,-950,-1160,-1147
2026-09-20T03:29:55Z,CHAN,34375,34375164,1000,100,0,4,0,-990,-1160,-1142
2026-09-20T03:30:00Z,CHAN,34380,34380164,1000,100,0,9,0,-880,-1160,-1125
2026-09-20T03:30:09Z,CHANSUM,34330,34389,60,60000,6000,0,14,0,3,0,-880,-1160,-1160,-1160
2026-09-20T03:30:20Z,CHAN,34400,34400164,1000,100,0,4,0,-1040,-1160,-1145
2026-09-20T03:30:32Z,CHAN,34412,34412164,1000,100,0,5,0,-1080,-1160,-1146
2026-09-20T03:30:38Z,CHAN,34418,34418164,1000,100,0,2,0,-950,-1160,-1144
2026-09-20T03:30:39Z,CHAN,34419,34419164,1000,100,0,2,0,-930,-1160,-1145
2026-09-20T03:30:42Z,CHAN,34422,34422164,1000,100,0,5,0,-1070,-1170,-1145
2026-09-20T03:30:56Z,CHAN,34436,34436164,1000,100,0,2,0,-1030,-1160,-1146
2026-09-20T03:31:03Z,CHAN,34443,34443164,1000,100,0,3,0,-1020,-1160,-1145
2026-09-20T03:31:06Z,CHAN,34446,34446164,1000,100,0,4,0,-1060,-1160,-1146
2026-09-20T03:31:08Z,CHAN,34448,34448164,1000,100,0,3,0,-980,-1160,-1143
2026-09-20T03:31:09Z,CHANSUM,34390,34449,60,60000,6000,0,30,0,9,0,-930,-1170,-1150,-1160
2026-09-20T03:31:22Z,CHAN,34462,34462164,1000,100,0,4,0,-1060,-1160,-1144
2026-09-20T03:31:32Z,CHAN,34472,34472164,1000,100,0,4,0,-950,-1160,-1141
2026-09-20T03:31:43Z,CHAN,34483,34483164,1000,100,0,3,0,-1080,-1160,-1146
2026-09-20T03:32:03Z,CHAN,34503,34503164,1000,100,0,4,0,-1020,-1160,-1145
2026-09-20T03:32:06Z,CHAN,34506,34506164,1000,100,0,3,0,-1070,-1160,-1145
2026-09-20T03:32:09Z,CHANSUM,34450,34509,60,60000,6000,0,18,0,5,0,-950,-1170,-1160,-1160
2026-09-20T03:32:27Z,CHAN,34527,34527164,1000,100,0,1,0,-1100,-1160,-1147
2026-09-20T03:32:42Z,CHAN,34542,34542164,1000,100,0,4,0,-1030,-1160,-1144
2026-09-20T03:32:48Z,CHAN,34548,34548164,1000,100,0,5,0,-1080,-1160,-1145
2026-09-20T03:32:52Z,CHAN,34552,34552164,1000,100,0,4,0,-1080,-1160,-1145
2026-09-20T03:33:06Z,CHAN,34566,34566164,1000,100,0,3,0,-1070,-1160,-1145
2026-09-20T03:33:09Z,CHANSUM,34510,34569,60,60000,6000,0,17,0,5,0,-1030,-1160,-1160,-1160
2026-09-20T03:33:17Z,CHAN,34577,34577164,1000,100,0,2,0,-1090,-1160,-1147
2026-09-20T03:33:32Z,CHAN,34592,34592164,1000,100,0,4,0,-940,-1160,-1140
2026-09-20T03:33:37Z,CHAN,34597,34597164,1000,100,0,5,0,-1060,-1160,-1144
2026-09-20T03:33:53Z,CHAN,34613,34613164,1000,100,0,4,0,-1070,-1160,-1146
2026-09-20T03:34:02Z,CHAN,34622,34622164,1000,100,0,5,0,-1080,-1160,-1145
2026-09-20T03:34:09Z,CHAN,34629,34629164,1000,100,0,1,0,-1100,-1160,-1147
2026-09-20T03:34:09Z,CHANSUM,34570,34629,60,60000,6000,0,21,0,6,0,-940,-1160,-1160,-1160
2026-09-20T03:34:17Z,CHAN,34637,34637164,1000,100,0,4,0,-1080,-1160,-1146
2026-09-20T03:34:24Z,CHAN,34644,34644164,1000,100,0,1,0,-960,-1160,-1147
2026-09-20T03:34:25Z,CHAN,34645,34645164,1000,100,0,1,0,-1090,-1160,-1148
2026-09-20T03:34:38Z,CHAN,34658,34658164,1000,100,0,8,0,-970,-1160,-1139
2026-09-20T03:34:48Z,CHAN,34668,34668164,1000,100,0,6,0,-880,-1160,-1138
2026-09-20T03:34:50Z,CHAN,34670,34670164,1000,100,0,5,0,-700,-1160,-1133
2026-09-20T03:34:56Z,CHAN,34676,34676164,1000,100,0,4,0,-970,-1160,-1143
2026-09-20T03:35:09Z,CHANSUM,34630,34689,60,60000,6000,0,29,0,7,0,-700,-1160,-1150,-1159
2026-09-20T03:35:11Z,CHAN,34691,34691164,1000,100,0,3,0,-1080,-1160,-1146
2026-09-20T03:35:28Z,CHAN,34708,34708164,1000,100,0,3,0,-1070,-1160,-1145
2026-09-20T03:35:32Z,CHAN,34712,34712164,1000,100,0,4,0,-950,-1160,-1142
2026-09-20T03:35:34Z,CHAN,34714,34714164,1000,100,0,2,0,-1100,-1160,-1147
2026-09-20T03:35:44Z,CHAN,34724,34724164,1000,100,0,4,0,-1080,-1160,-1146
2026-09-20T03:36:09Z,CHANSUM,34690,34749,60,60000,6000,0,16,0,5,0,-950,-1170,-1160,-1160
2026-09-20T03:36:35Z,CHAN,34775,34775164,1000,100,0,1,0,-1100,-1160,-1147
2026-09-20T03:36:47Z,CHAN,34787,34787164,1000,100,0,2,0,-840,-1160,-1142
2026-09-20T03:37:09Z,CHANSUM,34750,34809,60,60000,6000,0,3,0,2,0,-840,-1170,-1160,-1160
2026-09-20T03:37:37Z,CHAN,34837,34837164,1000,100,0,4,0,-1100,-1160,-1146
2026-09-20T03:38:09Z,CHANSUM,34810,34869,60,60000,6000,0,4,0,1,0,-1100,-1160,-1160,-1160
2026-09-20T03:38:19Z,CHAN,34879,34879164,1000,100,0,5,0,-1090,-1160,-1146
2026-09-20T03:38:33Z,CHAN,34893,34893164,1000,100,0,36,0,-970,-1160,-1101
2026-09-20T03:38:34Z,CHAN,34894,34894164,1000,100,0,36,0,-970,-1160,-1105
2026-09-20T03:38:44Z,CHAN,34904,34904164,1000,100,0,5,0,-880,-1160,-1135
2026-09-20T03:39:09Z,CHANSUM,34870,34929,60,60000,6000,0,82,0,4,0,-880,-1170,-1160,-1160
2026-09-20T03:39:18Z,CHAN,34938,34938164,1000,100,0,8,0,-980,-1160,-1139
2026-09-20T03:39:43Z,CHAN,34963,34963164,1000,100,0,1,0,-900,-1160,-1146
2026-09-20T03:39:45Z,CHAN,34965,34965164,1000,100,0,5,0,-880,-1160,-1135
2026-09-20T03:40:09Z,CHANSUM,34930,34989,60,60000,6000,0,14,0,3,0,-880,-1160,-1160,-1160
2026-09-20T03:41:09Z,CHANSUM,34990,35049,60,60000,6000,0,0,0,0,0,-1120,-1160,-1160,-1160
2026-09-20T03:41:30Z,CHAN,35070,35070164,1000,100,0,13,0,-880,-1160,-1117
2026-09-20T03:41:31Z,CHAN,35071,35071164,1000,100,0,2,0,-1090,-1160,-1147
2026-09-20T03:41:56Z,CHAN,35096,35096164,1000,100,0,5,0,-1060,-1160,-1145
2026-09-20T03:42:09Z,CHANSUM,35050,35109,60,60000,6000,0,20,0,3,0,-880,-1160,-1160,-1160
2026-09-20T03:43:04Z,CHAN,35164,35164164,1000,100,0,13,0,-950,-1160,-1129
2026-09-20T03:43:09Z,CHANSUM,35110,35169,60,60000,6000,0,13,0,1,0,-950,-1160,-1150,-1159
2026-09-20T03:43:40Z,CHAN,35200,35200164,1000,100,0,9,0,-880,-1160,-1124
2026-09-20T03:44:09Z,CHANSUM,35170,35229,60,60000,6000,0,9,0,1,0,-880,-1160,-1160,-1160
2026-09-20T03:45:04Z,CHAN,35284,35284164,1000,100,0,3,0,-1080,-1160,-1146
2026-09-20T03:45:09Z,CHANSUM,35230,35289,60,60000,6000,0,3,0,1,0,-1080,-1160,-1160,-1160
2026-09-20T03:45:42Z,CHAN,35322,35322164,1000,100,0,3,0,-1100,-1160,-1146
2026-09-20T03:45:47Z,CHAN,35327,35327164,1000,100,0,3,0,-880,-1160,-1140
2026-09-20T03:45:48Z,CHAN,35328,35328164,1000,100,0,35,0,-880,-1160,-1056
2026-09-20T03:45:53Z,CHAN,35333,35333164,1000,100,0,5,0,-1020,-1160,-1143
2026-09-20T03:45:54Z,CHAN,35334,35334164,1000,100,0,5,0,-1020,-1160,-1143
2026-09-20T03:45:58Z,CHAN,35338,35338164,1000,100,0,5,0,-980,-1160,-1141
2026-09-20T03:46:09Z,CHANSUM,35290,35349,60,60000,6000,0,56,0,6,0,-880,-1170,-1160,-1160
2026-09-20T03:46:45Z,CHAN,35385,35385164,1000,100,0,9,0,-880,-1160,-1124
2026-09-20T03:47:09Z,CHANSUM,35350,35409,60,60000,6000,0,9,0,1,0,-880,-1160,-1160,-1160
2026-09-20T03:47:26Z,CHAN,35426,35426164,1000,100,0,1,0,-1100,-1160,-1147
2026-09-20T03:48:05Z,CHAN,35465,35465164,1000,100,0,2,0,-950,-1160,-1144
2026-09-20T03:48:06Z,CHAN,35466,35466164,1000,100,0,2,0,-920,-1160,-1144
2026-09-20T03:48:09Z,CHANSUM,35410,35469,60,60000,6000,0,5,0,3,0,-920,-1160,-1160,-1160
2026-09-20T03:48:22Z,CHAN,35482,35482164,1000,100,0,4,0,-990,-1160,-1142
2026-09-20T03:48:55Z,CHAN,35515,35515164,1000,100,0,9,0,-880,-1160,-1125
2026-09-20T03:48:56Z,CHAN,35516,35516164,1000,100,0,3,0,-880,-1160,-1140
2026-09-20T03:48:57Z,CHAN,35517,35517164,1000,100,0,35,0,-880,-1160,-1055
2026-09-20T03:48:58Z,CHAN,35518,35518164,1000,100,0,4,0,-870,-1160,-1139
2026-09-20T03:49:00Z,CHAN,35520,35520164,1000,100,0,4,0,-990,-1160,-1141
2026-09-20T03:49:09Z,CHAN,35529,35529164,1000,100,0,8,0,-1030,-1160,-1139
2026-09-20T03:49:09Z,CHANSUM,35470,35529,60,60000,6000,0,67,0,7,0,-870,-1160,-1160,-1160
2026-09-20T03:49:11Z,CHAN,35531,35531164,1000,100,0,3,0,-1000,-1160,-1144
2026-09-20T03:49:19Z,CHAN,35539,35539164,1000,100,0,1,0,-1080,-1160,-1147
2026-09-20T03:49:20Z,CHAN,35540,35540164,1000,100,0,1,0,-1090,-1160,-1147
2026-09-20T03:49:44Z,CHAN,35564,35564164,1000,100,0,3,0,-1080,-1160,-1146
2026-09-20T03:50:06Z,CHAN,35586,35586164,1000,100,0,4,0,-920,-1160,-1141
2026-09-20T03:50:07Z,CHAN,35587,35587164,1000,100,0,3,0,-1070,-1160,-1145
2026-09-20T03:50:09Z,CHANSUM,35530,35589,60,60000,6000,0,15,0,6,0,-920,-1160,-1160,-1160
2026-09-20T03:50:19Z,CHAN,35599,35599164,1000,100,0,3,0,-1080,-1160,-1146
2026-09-20T03:50:20Z,CHAN,35600,35600164,1000,100,0,1,0,-1090,-1160,-1147
2026-09-20T03:50:34Z,CHAN,35614,35614164,1000,100,0,3,0,-1070,-1160,-1145
2026-09-20T03:50:35Z,CHAN,35615,35615164,1000,100,0,13,0,-960,-1160,-1127
2026-09-20T03:50:36Z,CHAN,35616,35616164,1000,100,0,41,0,-960,-1160,-1091
2026-09-20T03:50:47Z,CHAN,35627,35627164,1000,100,0,2,0,-1100,-1160,-1146
2026-09-20T03:51:05Z,CHAN,35645,35645164,1000,100,0,4,0,-1070,-1160,-1145
2026-09-20T03:51:09Z,CHANSUM,35590,35649,60,60000,6000,0,67,0,7,0,-960,-1160,-1160,-1160
2026-09-20T03:51:44Z,CHAN,35684,35684164,1000,100,0,3,0,-1080,-1160,-1146
2026-09-20T03:51:55Z,CHAN,35695,35695164,1000,100,0,3,0,-1070,-1160,-1147
2026-09-20T03:51:59Z,CHAN,35699,35699164,1000,100,0,4,0,-930,-1160,-1141
2026-09-20T03:52:08Z,CHAN,35708,35708164,1000,100,0,3,0,-1100,-1160,-1147
2026-09-20T03:52:09Z,CHANSUM,35650,35709,60,60000,6000,0,13,0,4,0,-930,-1160,-1160,-1160
2026-09-20T03:52:45Z,CHAN,35745,35745164,1000,100,0,4,0,-1070,-1160,-1146
2026-09-20T03:53:02Z,CHAN,35762,35762164,1000,100,0,5,0,-1090,-1160,-1146
2026-09-20T03:53:07Z,CHAN,35767,35767164,1000,100,0,3,0,-1050,-1160,-1145
2026-09-20T03:53:09Z,CHANSUM,35710,35769,60,60000,6000,0,12,0,3,0,-1050,-1160,-1160,-1160
2026-09-20T03:53:11Z,CHAN,35771,35771164,1000,100,0,3,0,-1050,-1160,-1145
2026-09-20T03:53:24Z,CHAN,35784,35784164,1000,100,0,4,0,-1070,-1160,-1145
2026-09-20T03:54:09Z,CHANSUM,35770,35829,60,60000,6000,0,7,0,2,0,-1050,-1160,-1160,-1160
2026-09-20T03:54:11Z,CHAN,35831,35831164,1000,100,0,4,0,-1000,-1170,-1143
2026-09-20T03:54:19Z,CHAN,35839,35839164,1000,100,0,5,0,-1090,-1160,-1144
2026-09-20T03:54:20Z,CHAN,35840,35840164,1000,100,0,4,0,-1070,-1160,-1145
2026-09-20T03:54:57Z,CHAN,35877,35877164,1000,100,0,4,0,-1060,-1160,-1145
2026-09-20T03:54:58Z,CHAN,35878,35878164,1000,100,0,4,0,-1030,-1160,-1144
2026-09-20T03:55:05Z,CHAN,35885,35885164,1000,100,0,2,0,-960,-1160,-1146
2026-09-20T03:55:06Z,CHAN,35886,35886164,1000,100,0,2,0,-1100,-1160,-1148
2026-09-20T03:55:07Z,CHAN,35887,35887164,1000,100,0,4,0,-920,-1160,-1139
2026-09-20T03:55:09Z,CHAN,35889,35889164,1000,100,0,4,0,-1030,-1160,-1143
2026-09-20T03:55:09Z,CHANSUM,35830,35889,60,60000,6000,0,33,0,9,0,-920,-1170,-1160,-1160
2026-09-20T03:55:12Z,CHAN,35892,35892164,1000,100,0,3,0,-1000,-1160,-1144
2026-09-20T03:55:27Z,CHAN,35907,35907164,1000,100,0,4,0,-1070,-1160,-1145
2026-09-20T03:55:53Z,CHAN,35933,35933164,1000,100,0,5,0,-1080,-1160,-1145
2026-09-20T03:56:09Z,CHANSUM,35890,35949,60,60000,6000,0,12,0,3,0,-1000,-1170,-1160,-1160
2026-09-20T03:56:51Z,CHAN,35991,35991164,1000,100,0,3,0,-1100,-1160,-1146
2026-09-20T03:57:09Z,CHANSUM,35950,36009,60,60000,6000,0,3,0,1,0,-1100,-1160,-1150,-1159
2026-09-20T03:58:07Z,CHAN,36067,36067164,1000,100,0,5,0,-1080,-1160,-1146
2026-09-20T03:58:09Z,CHANSUM,36010,36069,60,60000,6000,0,5,0,1,0,-1080,-1160,-1160,-1160
2026-09-20T03:59:09Z,CHANSUM,36070,36129,60,60000,6000,0,0,0,0,0,-1110,-1170,-1160,-1160
2026-09-20T03:59:59Z,CHAN,36179,36179164,1000,100,0,5,0,-1060,-1160,-1145
2026-09-20T04:00:09Z,CHANSUM,36130,36189,60,60000,6000,0,5,0,1,0,-1060,-1170,-1160,-1160
2026-09-20T04:00:12Z,CHAN,36192,36192164,1000,100,0,1,0,-1020,-1160,-1147
2026-09-20T04:01:09Z,CHANSUM,36190,36249,60,60000,6000,0,1,0,1,0,-1020,-1160,-1160,-1160
2026-09-20T04:02:09Z,CHANSUM,36250,36309,60,60000,6000,0,0,0,0,0,-1120,-1160,-1160,-1160
2026-09-20T04:02:30Z,CHAN,36330,36330164,1000,100,0,9,0,-880,-1160,-1125
2026-09-20T04:02:58Z,CHAN,36358,36358164,1000,100,0,8,0,-1020,-1170,-1138
2026-09-20T04:03:09Z,CHANSUM,36310,36369,60,60000,6000,0,17,0,2,0,-880,-1170,-1160,-1160
2026-09-20T04:04:09Z,CHANSUM,36370,36429,60,60000,6000,0,0,0,0,0,-1120,-1160,-1160,-1160
2026-09-20T04:04:11Z,CHAN,36431,36431164,1000,100,0,4,0,-860,-1160,-1139
2026-09-20T04:04:19Z,CHAN,36439,36439164,1000,100,0,4,0,-1080,-1160,-1146
2026-09-20T04:04:30Z,CHAN,36450,36450164,1000,100,0,3,0,-1080,-1160,-1147
2026-09-20T04:04:40Z,CHAN,36460,36460164,1000,100,0,9,0,-880,-1160,-1125
2026-09-20T04:04:53Z,CHAN,36473,36473164,1000,100,0,8,0,-1070,-1160,-1144
2026-09-20T04:05:09Z,CHANSUM,36430,36489,60,60000,6000,0,28,0,5,0,-860,-1160,-1160,-1160
2026-09-20T04:05:19Z,CHAN,36499,36499164,1000,100,0,1,0,-990,-1170,-1146
2026-09-20T04:05:35Z,CHAN,36515,36515164,1000,100,0,3,0,-1030,-1160,-1145
2026-09-20T04:05:39Z,CHAN,36519,36519164,1000,100,0,3,0,-1090,-1160,-1146
2026-09-20T04:05:45Z,CHAN,36525,36525164,1000,100,0,9,0,-960,-1160,-1139
2026-09-20T04:05:57Z,CHAN,36537,36537164,1000,100,0,4,0,-1070,-1160,-1145
2026-09-20T04:06:09Z,CHANSUM,36490,36549,60,60000,6000,0,20,0,5,0,-960,-1170,-1160,-1160
2026-09-20T04:06:14Z,CHAN,36554,36554164,1000,100,0,1,0,-1100,-1160,-1146
2026-09-20T04:06:33Z,CHAN,36573,36573164,1000,100,0,4,0,-1080,-1160,-1146
2026-09-20T04:06:36Z,CHAN,36576,36576164,1000,100,0,4,0,-1030,-1160,-1144
2026-09-20T04:06:49Z,CHAN,36589,36589164,1000,100,0,4,0,-980,-1160,-1142
2026-09-20T04:06:57Z,CHAN,36597,36597164,1000,100,0,1,0,-1100,-1160,-1147
2026-09-20T04:07:04Z,CHAN,36604,36604164,1000,100,0,3,0,-1070,-1160,-1147
2026-09-20T04:07:09Z,CHANSUM,36550,36609,60,60000,6000,0,17,0,6,0,-980,-1160,-1160,-1160
2026-09-20T04:07:15Z,CHAN,36615,36615164,1000,100,0,4,0,-1060,-1160,-1146
2026-09-20T04:07:45Z,CHAN,36645,36645164,1000,100,0,10,0,-880,-1160,-1123
2026-09-20T04:08:09Z,CHANSUM,36610,36669,60,60000,6000,0,14,0,2,0,-880,-1160,-1160,-1160
2026-09-20T04:08:14Z,CHAN,36674,36674164,1000,100,0,3,0,-1080,-1160,-1146
2026-09-20T04:08:15Z,CHAN,36675,36675164,1000,100,0,1,0,-1100,-1160,-1148
2026-09-20T04:08:28Z,CHAN,36688,36688164,1000,100,0,3,0,-1050,-1160,-1146
2026-09-20T04:08:31Z,CHAN,36691,36691164,1000,100,0,3,0,-1100,-1160,-1146
2026-09-20T04:08:41Z,CHAN,36701,36701164,1000,100,0,5,0,-1060,-1160,-1145
2026-09-20T04:08:42Z,CHAN,36702,36702164,1000,100,0,4,0,-1070,-1160,-1146
2026-09-20T04:08:56Z,CHAN,36716,36716164,1000,100,0,4,0,-1050,-1160,-1145
2026-09-20T04:09:09Z,CHANSUM,36670,36729,60,60000,6000,0,23,0,7,0,-1050,-1160,-1160,-1160
2026-09-20T04:09:36Z,CHAN,36756,36756164,1000,100,0,3,0,-1070,-1160,-1146
2026-09-20T04:09:52Z,CHAN,36772,36772164,1000,100,0,9,0,-950,-1160,-1133
2026-09-20T04:09:55Z,CHAN,36775,36775164,1000,100,0,9,0,-870,-1160,-1125
2026-09-20T04:10:09Z,CHANSUM,36730,36789,60,60000,6000,0,21,0,3,0,-870,-1160,-1150,-1159
2026-09-20T04:11:09Z,CHANSUM,36790,36849,60,60000,6000,0,0,0,0,0,-1130,-1160,-1150,-1159
2026-09-20T04:11:15Z,CHAN,36855,36855164,1000,100,0,5,0,-1070,-1160,-1145
2026-09-20T04:12:08Z,CHAN,36908,36908164,1000,100,0,5,0,-1070,-1160,-1144
2026-09-20T04:12:09Z,CHANSUM,36850,36909,60,60000,6000,0,10,0,2,0,-1070,-1160,-1160,-1160
2026-09-20T04:13:09Z,CHANSUM,36910,36969,60,60000,6000,0,0,0,0,0,-1130,-1170,-1150,-1160
2026-09-20T04:13:25Z,CHAN,36985,36985164,1000,100,0,1,0,-1100,-1160,-1147
2026-09-20T04:13:52Z,CHAN,37012,37012164,1000,100,0,5,0,-1070,-1160,-1145
2026-09-20T04:14:09Z,CHANSUM,36970,37029,60,60000,6000,0,6,0,2,0,-1070,-1160,-1160,-1160
2026-09-20T04:15:09Z,CHANSUM,37030,37089,60,60000,6000,0,0,0,0,0,-1130,-1160,-1160,-1160
2026-09-20T04:15:34Z,CHAN,37114,37114164,1000,100,0,1,0,-1060,-1160,-1148
2026-09-20T04:15:41Z,CHAN,37121,37121164,1000,100,0,18,0,-940,-1160,-1118
2026-09-20T04:15:42Z,CHAN,37122,37122164,1000,100,0,60,0,-940,-1160,-1072
2026-09-20T04:15:43Z,CHAN,37123,37123164,1000,100,0,19,0,-950,-1160,-1118
2026-09-20T04:15:55Z,CHAN,37135,37135164,1000,100,0,5,0,-1060,-1160,-1145
2026-09-20T04:16:09Z,CHANSUM,37090,37149,60,60000,6000,0,103,0,5,0,-940,-1160,-1160,-1160
2026-09-20T04:17:09Z,CHANSUM,37150,37209,60,60000,6000,0,0,0,0,0,-1110,-1160,-1160,-1160
2026-09-20T04:17:16Z,CHAN,37216,37216164,1000,100,0,5,0,-1050,-1160,-1144
2026-09-20T04:18:09Z,CHANSUM,37210,37269,60,60000,6000,0,5,0,1,0,-1050,-1160,-1160,-1160
2026-09-20T04:18:48Z,CHAN,37308,37308164,1000,100,0,2,0,-1100,-1160,-1146
2026-09-20T04:18:50Z,CHAN,37310,37310164,1000,100,0,5,0,-1060,-1160,-1145
2026-09-20T04:19:09Z,CHANSUM,37270,37329,60,60000,6000,0,7,0,2,0,-1060,-1160,-1160,-1160
2026-09-20T04:19:23Z,CHAN,37343,37343164,1000,100,0,4,0,-880,-1160,-1137
2026-09-20T04:19:24Z,CHAN,37344,37344164,1000,100,0,34,0,-880,-1160,-1057
2026-09-20T04:20:09Z,CHAN,37389,37389164,1000,100,0,5,0,-1060,-1160,-1145
2026-09-20T04:20:09Z,CHANSUM,37330,37389,60,60000,6000,0,43,0,3,0,-880,-1160,-1160,-1160
2026-09-20T04:21:09Z,CHANSUM,37390,37449,60,60000,6000,0,0,0,0,0,-1110,-1160,-1160,-1160
2026-09-20T04:21:27Z,CHAN,37467,37467164,1000,100,0,5,0,-980,-1160,-1141
2026-09-20T04:21:29Z,CHAN,37469,37469164,1000,100,0,4,0,-880,-1160,-1137
2026-09-20T04:21:30Z,CHAN,37470,37470164,1000,100,0,34,0,-880,-1160,-1057
2026-09-20T04:22:09Z,CHANSUM,37450,37509,60,60000,6000,0,43,0,3,0,-880,-1160,-1160,-1160
2026-09-20T04:22:32Z,CHAN,37532,37532164,1000,100,0,4,0,-880,-1160,-1137
2026-09-20T04:22:33Z,CHAN,37533,37533164,1000,100,0,34,0,-880,-1160,-1058
2026-09-20T04:22:59Z,CHAN,37559,37559164,1000,100,0,69,0,-940,-1160,-1058
2026-09-20T04:23:00Z,CHAN,37560,37560164,1000,100,0,36,0,-950,-1160,-1089
2026-09-20T04:23:09Z,CHANSUM,37510,37569,60,60000,6000,0,143,0,4,0,-880,-1160,-1150,-1159
2026-09-20T04:23:26Z,CHAN,37586,37586164,1000,100,0,9,0,-880,-1160,-1125
2026-09-20T04:23:27Z,CHAN,37587,37587164,1000,100,0,4,0,-880,-1160,-1138
2026-09-20T04:23:28Z,CHAN,37588,37588164,1000,100,0,34,0,-880,-1160,-1058
2026-09-20T04:23:30Z,CHAN,37590,37590164,1000,100,0,9,0,-880,-1160,-1124
2026-09-20T04:24:09Z,CHANSUM,37570,37629,60,60000,6000,0,56,0,4,0,-880,-1160,-1150,-1159
2026-09-20T04:24:11Z,CHAN,37631,37631164,1000,100,0,3,0,-1100,-1160,-1145
2026-09-20T04:25:09Z,CHANSUM,37630,37689,60,60000,6000,0,3,0,1,0,-1100,-1160,-1150,-1159
2026-09-20T04:25:33Z,CHAN,37713,37713164,1000,100,0,4,0,-880,-1160,-1137
2026-09-20T04:25:34Z,CHAN,37714,37714164,1000,100,0,34,0,-880,-1160,-1057
2026-09-20T04:25:37Z,CHAN,37717,37717164,1000,100,0,5,0,-1010,-1160,-1142
2026-09-20T04:25:40Z,CHAN,37720,37720164,1000,100,0,9,0,-880,-1160,-1124
2026-09-20T04:26:09Z,CHANSUM,37690,37749,60,60000,6000,0,52,0,4,0,-880,-1160,-1150,-1159
2026-09-20T04:26:13Z,CHAN,37753,37753164,1000,100,0,1,0,-1100,-1160,-1146
2026-09-20T04:27:09Z,CHANSUM,37750,37809,60,60000,6000,0,1,0,1,0,-1100,-1160,-1150,-1159
2026-09-20T04:27:21Z,CHAN,37821,37821164,1000,100,0,3,0,-1090,-1160,-1146
2026-09-20T04:27:47Z,CHAN,37847,37847164,1000,100,0,1,0,-910,-1160,-1146
2026-09-20T04:28:09Z,CHANSUM,37810,37869,60,60000,6000,0,4,0,2,0,-910,-1160,-1150,-1159
2026-09-20T04:28:45Z,CHAN,37905,37905164,1000,100,0,9,0,-880,-1160,-1124
2026-09-20T04:29:09Z,CHANSUM,37870,37929,60,60000,6000,0,9,0,1,0,-880,-1160,-1160,-1160
2026-09-20T04:29:46Z,CHAN,37966,37966164,1000,100,0,5,0,-870,-1160,-1135
2026-09-20T04:29:53Z,CHAN,37973,37973164,1000,100,0,4,0,-880,-1160,-1137
2026-09-20T04:29:54Z,CHAN,37974,37974164,1000,100,0,34,0,-880,-1160,-1058
2026-09-20T04:29:55Z,CHAN,37975,37975164,1000,100,0,8,0,-970,-1160,-1139
2026-09-20T04:30:09Z,CHAN,37989,37989164,1000,100,0,5,0,-970,-1160,-1141
2026-09-20T04:30:09Z,CHANSUM,37930,37989,60,60000,6000,0,56,0,5,0,-870,-1160,-1160,-1160
2026-09-20T04:30:55Z,CHAN,38035,38035164,1000,100,0,10,0,-880,-1160,-1123
2026-09-20T04:31:09Z,CHANSUM,37990,38049,60,60000,6000,0,10,0,1,0,-880,-1160,-1160,-1160
2026-09-20T04:31:13Z,CHAN,38053,38053164,1000,100,0,5,0,-850,-1160,-1135
2026-09-20T04:31:28Z,CHAN,38068,38068164,1000,100,0,13,0,-960,-1160,-1130
2026-09-20T04:32:09Z,CHANSUM,38050,38109,60,60000,6000,0,18,0,2,0,-850,-1160,-1160,-1160
2026-09-20T04:32:35Z,CHAN,38135,38135164,1000,100,0,5,0,-980,-1160,-1141
2026-09-20T04:32:54Z,CHAN,38154,38154164,1000,100,0,4,0,-880,-1160,-1138
2026-09-20T04:32:55Z,CHAN,38155,38155164,1000,100,0,34,0,-880,-1160,-1058
2026-09-20T04:33:09Z,CHANSUM,38110,38169,60,60000,6000,0,43,0,3,0,-880,-1160,-1160,-1160
2026-09-20T04:33:57Z,CHAN,38217,38217164,1000,100,0,4,0,-880,-1160,-1138
2026-09-20T04:33:58Z,CHAN,38218,38218164,1000,100,0,34,0,-880,-1160,-1057
2026-09-20T04:34:09Z,CHANSUM,38170,38229,60,60000,6000,0,38,0,2,0,-880,-1160,-1160,-1160
2026-09-20T04:35:09Z,CHANSUM,38230,38289,60,60000,6000,0,0,0,0,0,-1120,-1160,-1160,-1160
2026-09-20T04:35:13Z,CHAN,38293,38293164,1000,100,0,4,0,-970,-1160,-1142
2026-09-20T04:36:09Z,CHANSUM,38290,38349,60,60000,6000,0,4,0,1,0,-970,-1160,-1160,-1160
2026-09-20T04:36:11Z,CHAN,38351,38351164,1000,100,0,4,0,-880,-1160,-1138
2026-09-20T04:36:12Z,CHAN,38352,38352164,1000,100,0,34,0,-880,-1160,-1057
2026-09-20T04:36:23Z,CHAN,38363,38363164,1000,100,0,4,0,-1090,-1160,-1146
2026-09-20T04:37:05Z,CHAN,38405,38405164,1000,100,0,4,0,-1060,-1160,-1144
2026-09-20T04:37:09Z,CHANSUM,38350,38409,60,60000,6000,0,46,0,4,0,-880,-1170,-1160,-1160
2026-09-20T04:37:14Z,CHAN,38414,38414164,1000,100,0,4,0,-880,-1160,-1137
2026-09-20T04:37:15Z,CHAN,38415,38415164,1000,100,0,34,0,-880,-1160,-1058
2026-09-20T04:37:52Z,CHAN,38452,38452164,1000,100,0,5,0,-980,-1160,-1141
2026-09-20T04:38:09Z,CHANSUM,38410,38469,60,60000,6000,0,43,0,3,0,-880,-1160,-1150,-1159
2026-09-20T04:39:09Z,CHANSUM,38470,38529,60,60000,6000,0,0,0,0,0,-1110,-1160,-1160,-1160
2026-09-20T04:39:34Z,CHAN,38554,38554164,1000,100,0,5,0,-880,-1160,-1136
2026-09-20T04:39:50Z,CHAN,38570,38570164,1000,100,0,5,0,-1020,-1160,-1142
2026-09-20T04:40:00Z,CHAN,38580,38580164,1000,100,0,8,0,-970,-1160,-1138
2026-09-20T04:40:09Z,CHANSUM,38530,38589,60,60000,6000,0,18,0,3,0,-880,-1160,-1160,-1160
2026-09-20T04:40:37Z,CHAN,38617,38617164,1000,100,0,6,0,-700,-1160,-1125
2026-09-20T04:41:09Z,CHANSUM,38590,38649,60,60000,6000,0,6,0,1,0,-700,-1160,-1160,-1160
2026-09-20T04:42:07Z,CHAN,38707,38707164,1000,100,0,5,0,-900,-1160,-1137
2026-09-20T04:42:09Z,CHANSUM,38650,38709,60,60000,6000,0,5,0,1,0,-900,-1160,-1150,-1159
2026-09-20T04:42:25Z,CHAN,38725,38725164,1000,100,0,10,0,-880,-1160,-1122
2026-09-20T04:43:09Z,CHANSUM,38710,38769,60,60000,6000,0,10,0,1,0,-880,-1160,-1160,-1160
2026-09-20T04:43:11Z,CHAN,38771,38771164,1000,100,0,5,0,-1050,-1160,-1144
2026-09-20T04:43:25Z,CHAN,38785,38785164,1000,100,0,5,0,-880,-1160,-1134
2026-09-20T04:43:26Z,CHAN,38786,38786164,1000,100,0,34,0,-880,-1160,-1058
2026-09-20T04:44:00Z,CHAN,38820,38820164,1000,100,0,5,0,-1080,-1160,-1146
2026-09-20T04:44:09Z,CHANSUM,38770,38829,60,60000,6000,0,49,0,4,0,-880,-1160,-1160,-1160
2026-09-20T04:44:35Z,CHAN,38855,38855164,1000,100,0,10,0,-880,-1160,-1122
2026-09-20T04:45:09Z,CHANSUM,38830,38889,60,60000,6000,0,10,0,1,0,-880,-1160,-1160,-1160
2026-09-20T04:46:09Z,CHANSUM,38890,38949,60,60000,6000,0,0,0,0,0,-1130,-1160,-1160,-1160
2026-09-20T04:47:09Z,CHANSUM,38950,39009,60,60000,6000,0,0,0,0,0,-1130,-1160,-1160,-1160
2026-09-20T04:48:09Z,CHANSUM,39010,39069,60,60000,6000,0,0,0,0,0,-1130,-1160,-1160,-1160
2026-09-20T04:48:17Z,CHAN,39077,39077164,1000,100,0,5,0,-1090,-1160,-1145
2026-09-20T04:48:53Z,CHAN,39113,39113164,1000,100,0,3,0,-1060,-1160,-1146
2026-09-20T04:48:59Z,CHAN,39119,39119164,1000,100,0,1,0,-1010,-1160,-1148
2026-09-20T04:49:00Z,CHAN,39120,39120164,1000,100,0,1,0,-920,-1170,-1146
2026-09-20T04:49:03Z,CHAN,39123,39123164,1000,100,0,3,0,-950,-1160,-1142
2026-09-20T04:49:09Z,CHANSUM,39070,39129,60,60000,6000,0,13,0,5,0,-920,-1170,-1150,-1160
2026-09-20T04:49:13Z,CHAN,39133,39133164,1000,100,0,4,0,-1030,-1160,-1143
2026-09-20T04:49:24Z,CHAN,39144,39144164,1000,100,0,3,0,-1070,-1160,-1146
2026-09-20T04:49:40Z,CHAN,39160,39160164,1000,100,0,4,0,-970,-1160,-1142
2026-09-20T04:49:41Z,CHAN,39161,39161164,1000,100,0,4,0,-870,-1160,-1139
2026-09-20T04:49:50Z,CHAN,39170,39170164,1000,100,0,4,0,-910,-1160,-1141
2026-09-20T04:49:54Z,CHAN,39174,39174164,1000,100,0,4,0,-1060,-1160,-1146
2026-09-20T04:50:04Z,CHAN,39184,39184164,1000,100,0,3,0,-950,-1160,-1143
2026-09-20T04:50:09Z,CHANSUM,39130,39189,60,60000,6000,0,26,0,7,0,-870,-1160,-1160,-1160
2026-09-20T04:50:19Z,CHAN,39199,39199164,1000,100,0,4,0,-880,-1160,-1139
2026-09-20T04:50:24Z,CHAN,39204,39204164,1000,100,0,3,0,-1090,-1160,-1147
2026-09-20T04:50:30Z,CHAN,39210,39210164,1000,100,0,4,0,-950,-1160,-1141
2026-09-20T04:50:35Z,CHAN,39215,39215164,1000,100,0,4,0,-1090,-1160,-1145
2026-09-20T04:50:36Z,CHAN,39216,39216164,1000,100,0,4,0,-1090,-1160,-1145
2026-09-20T04:50:46Z,CHAN,39226,39226164,1000,100,0,5,0,-880,-1160,-1133
2026-09-20T04:50:47Z,CHAN,39227,39227164,1000,100,0,34,0,-880,-1160,-1058
2026-09-20T04:51:09Z,CHANSUM,39190,39249,60,60000,6000,0,58,0,7,0,-880,-1160,-1160,-1160
2026-09-20T04:51:11Z,CHAN,39251,39251164,1000,100,0,3,0,-1060,-1160,-1145
2026-09-20T04:51:22Z,CHAN,39262,39262164,1000,100,0,5,0,-700,-1160,-1132
2026-09-20T04:51:23Z,CHAN,39263,39263164,1000,100,0,1,0,-1080,-1160,-1147
2026-09-20T04:51:24Z,CHAN,39264,39264164,1000,100,0,2,0,-880,-1160,-1143
2026-09-20T04:51:49Z,CHAN,39289,39289164,1000,100,0,6,0,-880,-1160,-1132
2026-09-20T04:51:50Z,CHAN,39290,39290164,1000,100,0,34,0,-880,-1160,-1059
2026-09-20T04:52:00Z,CHAN,39300,39300164,1000,100,0,4,0,-1060,-1160,-1145
2026-09-20T04:52:09Z,CHANSUM,39250,39309,60,60000,6000,0,55,0,7,0,-700,-1160,-1160,-1160
2026-09-20T04:52:24Z,CHAN,39324,39324164,1000,100,0,4,0,-1080,-1160,-1146
2026-09-20T04:52:53Z,CHAN,39353,39353164,1000,100,0,1,0,-1090,-1160,-1146
2026-09-20T04:52:55Z,CHAN,39355,39355164,1000,100,0,1,0,-1100,-1160,-1146
2026-09-20T04:53:09Z,CHANSUM,39310,39369,60,60000,6000,0,6,0,3,0,-1080,-1160,-1160,-1160
2026-09-20T04:53:13Z,CHAN,39373,39373164,1000,100,0,3,0,-1090,-1160,-1146
2026-09-20T04:53:28Z,CHAN,39388,39388164,1000,100,0,4,0,-990,-1160,-1142
2026-09-20T04:53:30Z,CHAN,39390,39390164,1000,100,0,4,0,-950,-1160,-1140
2026-09-20T04:53:59Z,CHAN,39419,39419164,1000,100,0,9,0,-1030,-1160,-1140
2026-09-20T04:54:09Z,CHANSUM,39370,39429,60,60000,6000,0,20,0,4,0,-950,-1160,-1160,-1160
2026-09-20T04:54:10Z,CHAN,39430,39430164,1000,100,0,9,0,-980,-1160,-1139
2026-09-20T04:55:05Z,CHAN,39485,39485164,1000,100,0,5,0,-1060,-1160,-1145
2026-09-20T04:55:09Z,CHANSUM,39430,39489,60,60000,6000,0,14,0,2,0,-980,-1160,-1160,-1160
2026-09-20T04:56:07Z,CHAN,39547,39547164,1000,100,0,5,0,-1080,-1160,-1145
2026-09-20T04:56:09Z,CHAN,39549,39549164,1000,100,0,5,0,-880,-1160,-1135
2026-09-20T04:56:09Z,CHANSUM,39490,39549,60,60000,6000,0,10,0,2,0,-880,-1160,-1160,-1160
2026-09-20T04:56:10Z,CHAN,39550,39550164,1000,100,0,34,0,-880,-1160,-1059
2026-09-20T04:56:31Z,CHAN,39571,39571164,1000,100,0,1,0,-880,-1170,-1145
2026-09-20T04:57:09Z,CHANSUM,39550,39609,60,60000,6000,0,35,0,2,0,-880,-1170,-1160,-1160
2026-09-20T04:57:27Z,CHAN,39627,39627164,1000,100,0,5,0,-1050,-1160,-1144
2026-09-20T04:58:07Z,CHAN,39667,39667164,1000,100,0,5,0,-880,-1160,-1134
2026-09-20T04:58:08Z,CHAN,39668,39668164,1000,100,0,33,0,-880,-1160,-1061
2026-09-20T04:58:09Z,CHANSUM,39610,39669,60,60000,6000,0,43,0,3,0,-880,-1160,-1160,-1160
2026-09-20T04:58:10Z,CHAN,39670,39670164,1000,100,0,9,0,-880,-1160,-1124
2026-09-20T04:59:09Z,CHANSUM,39670,39729,60,60000,6000,0,9,0,1,0,-880,-1160,-1160,-1160
2026-09-20T05:00:01Z,CHAN,39781,39781164,1000,100,0,8,0,-980,-1160,-1137
2026-09-20T05:00:09Z,CHANSUM,39730,39789,60,60000,6000,0,8,0,1,0,-980,-1160,-1160,-1160
2026-09-20T05:00:20Z,CHAN,39800,39800164,1000,100,0,9,0,-880,-1160,-1124
2026-09-20T05:00:34Z,CHAN,39814,39814164,1000,100,0,5,0,-940,-1160,-1140
2026-09-20T05:00:42Z,CHAN,39822,39822164,1000,100,0,6,0,-990,-1160,-1144
2026-09-20T05:00:43Z,CHAN,39823,39823164,1000,100,0,8,0,-980,-1160,-1137
2026-09-20T05:01:09Z,CHANSUM,39790,39849,60,60000,6000,0,28,0,4,0,-880,-1160,-1160,-1160
2026-09-20T05:01:44Z,CHAN,39884,39884164,1000,100,0,3,0,-1090,-1160,-1146
2026-09-20T05:02:09Z,CHANSUM,39850,39909,60,60000,6000,0,3,0,1,0,-1090,-1160,-1160,-1160
2026-09-20T05:03:09Z,CHANSUM,39910,39969,60,60000,6000,0,0,0,0,0,-1130,-1160,-1160,-1160
2026-09-20T05:03:22Z,CHAN,39982,39982164,1000,100,0,5,0,-1080,-1160,-1145
2026-09-20T05:03:25Z,CHAN,39985,39985164,1000,100,0,9,0,-880,-1160,-1124
2026-09-20T05:03:54Z,CHAN,40014,40014164,1000,100,0,10,0,-980,-1160,-1137
2026-09-20T05:04:09Z,CHANSUM,39970,40029,60,60000,6000,0,24,0,3,0,-880,-1170,-1160,-1160
2026-09-20T05:05:09Z,CHANSUM,40030,40089,60,60000,6000,0,0,0,0,0,-1130,-1160,-1160,-1160
2026-09-20T05:05:35Z,CHAN,40115,40115164,1000,100,0,9,0,-880,-1160,-1124
2026-09-20T05:05:47Z,CHAN,40127,40127164,1000,100,0,1,0,-1100,-1160,-1146
2026-09-20T05:06:09Z,CHANSUM,40090,40149,60,60000,6000,0,10,0,2,0,-880,-1160,-1160,-1160
2026-09-20T05:06:45Z,CHAN,40185,40185164,1000,100,0,1,0,-980,-1160,-1147
2026-09-20T05:06:46Z,CHAN,40186,40186164,1000,100,0,2,0,-890,-1160,-1145
2026-09-20T05:07:09Z,CHANSUM,40150,40209,60,60000,6000,0,3,0,2,0,-890,-1160,-1160,-1160
2026-09-20T05:07:34Z,CHAN,40234,40234164,1000,100,0,5,0,-880,-1160,-1135
2026-09-20T05:07:35Z,CHAN,40235,40235164,1000,100,0,33,0,-880,-1160,-1062
2026-09-20T05:08:09Z,CHANSUM,40210,40269,60,60000,6000,0,38,0,2,0,-880,-1160,-1160,-1160
2026-09-20T05:09:09Z,CHANSUM,40270,40329,60,60000,6000,0,0,0,0,0,-1130,-1160,-1160,-1160
2026-09-20T05:09:49Z,CHAN,40369,40369164,1000,100,0,5,0,-1100,-1160,-1146
2026-09-20T05:10:09Z,CHANSUM,40330,40389,60,60000,6000,0,5,0,1,0,-1100,-1160,-1160,-1160
2026-09-20T05:10:33Z,CHAN,40413,40413164,1000,100,0,8,0,-960,-1160,-1139
2026-09-20T05:10:50Z,CHAN,40430,40430164,1000,100,0,5,0,-920,-1170,-1138
2026-09-20T05:10:51Z,CHAN,40431,40431164,1000,100,0,5,0,-890,-1160,-1135
2026-09-20T05:10:52Z,CHAN,40432,40432164,1000,100,0,33,0,-880,-1160,-1063
2026-09-20T05:11:09Z,CHANSUM,40390,40449,60,60000,6000,0,51,0,4,0,-880,-1170,-1160,-1160
2026-09-20T05:11:53Z,CHAN,40493,40493164,1000,100,0,2,0,-890,-1160,-1145
2026-09-20T05:12:09Z,CHANSUM,40450,40509,60,60000,6000,0,2,0,1,0,-890,-1170,-1160,-1160
2026-09-20T05:12:47Z,CHAN,40547,40547164,1000,100,0,5,0,-860,-1160,-1135
2026-09-20T05:12:57Z,CHAN,40557,40557164,1000,100,0,5,0,-880,-1160,-1135
2026-09-20T05:12:58Z,CHAN,40558,40558164,1000,100,0,33,0,-880,-1160,-1061
2026-09-20T05:13:09Z,CHANSUM,40510,40569,60,60000,6000,0,43,0,3,0,-860,-1160,-1160,-1160
2026-09-20T05:13:24Z,CHAN,40584,40584164,1000,100,0,2,0,-1070,-1160,-1148
2026-09-20T05:13:25Z,CHAN,40585,40585164,1000,100,0,1,0,-1070,-1160,-1147
2026-09-20T05:13:50Z,CHAN,40610,40610164,1000,100,0,1,0,-1060,-1160,-1148
2026-09-20T05:13:52Z,CHAN,40612,40612164,1000,100,0,4,0,-1040,-1160,-1145
2026-09-20T05:14:05Z,CHAN,40625,40625164,1000,100,0,1,0,-1100,-1160,-1147
2026-09-20T05:14:09Z,CHANSUM,40570,40629,60,60000,6000,0,9,0,5,0,-1040,-1160,-1160,-1160
2026-09-20T05:14:14Z,CHAN,40634,40634164,1000,100,0,4,0,-1020,-1160,-1144
2026-09-20T05:14:22Z,CHAN,40642,40642164,1000,100,0,3,0,-1040,-1160,-1146
2026-09-20T05:14:53Z,CHAN,40673,40673164,1000,100,0,2,0,-1100,-1160,-1147
2026-09-20T05:14:55Z,CHAN,40675,40675164,1000,100,0,4,0,-1050,-1160,-1144
2026-09-20T05:15:09Z,CHANSUM,40630,40689,60,60000,6000,0,13,0,4,0,-1020,-1160,-1150,-1159
2026-09-20T05:15:10Z,CHAN,40690,40690164,1000,100,0,1,0,-1100,-1160,-1147
2026-09-20T05:15:15Z,CHAN,40695,40695164,1000,100,0,3,0,-1080,-1160,-1146
2026-09-20T05:15:31Z,CHAN,40711,40711164,1000,100,0,4,0,-1070,-1160,-1146
2026-09-20T05:15:54Z,CHAN,40734,40734164,1000,100,0,3,0,-1070,-1160,-1146
2026-09-20T05:16:09Z,CHANSUM,40690,40749,60,60000,6000,0,11,0,4,0,-1070,-1160,-1160,-1160
2026-09-20T05:16:23Z,CHAN,40763,40763164,1000,100,0,4,0,-710,-1160,-1131
2026-09-20T05:16:29Z,CHAN,40769,40769164,1000,100,0,4,0,-1050,-1160,-1144
2026-09-20T05:16:30Z,CHAN,40770,40770164,1000,100,0,2,0,-1090,-1160,-1147
2026-09-20T05:17:09Z,CHANSUM,40750,40809,60,60000,6000,0,10,0,3,0,-710,-1160,-1160,-1160
2026-09-20T05:17:31Z,CHAN,40831,40831164,1000,100,0,4,0,-1080,-1160,-1146
2026-09-20T05:17:46Z,CHAN,40846,40846164,1000,100,0,1,0,-1100,-1160,-1148
2026-09-20T05:18:09Z,CHANSUM,40810,40869,60,60000,6000,0,5,0,2,0,-1080,-1160,-1160,-1160
2026-09-20T05:19:05Z,CHAN,40925,40925164,1000,100,0,4,0,-880,-1160,-1138
2026-09-20T05:19:09Z,CHANSUM,40870,40929,60,60000,6000,0,4,0,1,0,-880,-1160,-1150,-1159
2026-09-20T05:19:10Z,CHAN,40930,40930164,1000,100,0,9,0,-880,-1160,-1124
2026-09-20T05:20:09Z,CHANSUM,40930,40989,60,60000,6000,0,9,0,1,0,-880,-1160,-1160,-1160
2026-09-20T05:20:46Z,CHAN,41026,41026164,1000,100,0,1,0,-1100,-1160,-1146
2026-09-20T05:21:09Z,CHANSUM,40990,41049,60,60000,6000,0,1,0,1,0,-1100,-1160,-1160,-1160
2026-09-20T05:21:20Z,CHAN,41060,41060164,1000,100,0,9,0,-880,-1150,-1124
2026-09-20T05:22:07Z,CHAN,41107,41107164,1000,100,0,1,0,-800,-1160,-1145
2026-09-20T05:22:09Z,CHAN,41109,41109164,1000,100,0,5,0,-730,-1160,-1131
2026-09-20T05:22:09Z,CHANSUM,41050,41109,60,60000,6000,0,15,0,3,0,-730,-1160,-1150,-1159
2026-09-20T05:22:24Z,CHAN,41124,41124164,1000,100,0,5,0,-880,-1160,-1134
2026-09-20T05:22:25Z,CHAN,41125,41125164,1000,100,0,33,0,-880,-1160,-1061
2026-09-20T05:22:46Z,CHAN,41146,41146164,1000,100,0,2,0,-1090,-1160,-1147
2026-09-20T05:23:09Z,CHANSUM,41110,41169,60,60000,6000,0,40,0,3,0,-880,-1160,-1160,-1160
2026-09-20T05:23:19Z,CHAN,41179,41179164,1000,100,0,5,0,-880,-1160,-1135
2026-09-20T05:23:20Z,CHAN,41180,41180164,1000,100,0,33,0,-880,-1160,-1061
2026-09-20T05:23:26Z,CHAN,41186,41186164,1000,100,0,8,0,-970,-1160,-1140
2026-09-20T05:23:56Z,CHAN,41216,41216164,1000,100,0,5,0,-860,-1160,-1136
2026-09-20T05:24:09Z,CHANSUM,41170,41229,60,60000,6000,0,51,0,4,0,-860,-1160,-1160,-1160
2026-09-20T05:24:17Z,CHAN,41237,41237164,1000,100,0,5,0,-1100,-1160,-1145
2026-09-20T05:24:25Z,CHAN,41245,41245164,1000,100,0,9,0,-880,-1160,-1125
2026-09-20T05:25:06Z,CHAN,41286,41286164,1000,100,0,5,0,-1000,-1160,-1142
2026-09-20T05:25:09Z,CHANSUM,41230,41289,60,60000,6000,0,19,0,3,0,-880,-1160,-1160,-1160
2026-09-20T05:25:25Z,CHAN,41305,41305164,1000,100,0,5,0,-880,-1160,-1135
2026-09-20T05:25:26Z,CHAN,41306,41306164,1000,100,0,33,0,-880,-1160,-1060
2026-09-20T05:26:09Z,CHANSUM,41290,41349,60,60000,6000,0,38,0,2,0,-880,-1160,-1160,-1160
2026-09-20T05:26:13Z,CHAN,41353,41353164,1000,100,0,8,0,-960,-1160,-1139
2026-09-20T05:26:18Z,CHAN,41358,41358164,1000,100,0,14,0,-970,-1160,-1129
2026-09-20T05:26:35Z,CHAN,41375,41375164,1000,100,0,9,0,-880,-1160,-1124
2026-09-20T05:27:09Z,CHANSUM,41350,41409,60,60000,6000,0,31,0,3,0,-880,-1160,-1160,-1160
2026-09-20T05:27:48Z,CHAN,41448,41448164,1000,100,0,8,0,-970,-1160,-1138
2026-09-20T05:28:09Z,CHANSUM,41410,41469,60,60000,6000,0,8,0,1,0,-970,-1160,-1160,-1160
2026-09-20T05:29:09Z,CHANSUM,41470,41529,60,60000,6000,0,0,0,0,0,-1130,-1160,-1160,-1160
2026-09-20T05:30:09Z,CHANSUM,41530,41589,60,60000,6000,0,0,0,0,0,-1110,-1160,-1160,-1160
2026-09-20T05:31:09Z,CHANSUM,41590,41649,60,60000,6000,0,0,0,0,0,-1130,-1160,-1160,-1160
2026-09-20T05:31:50Z,CHAN,41690,41690164,1000,100,0,5,0,-1090,-1160,-1145
2026-09-20T05:32:09Z,CHANSUM,41650,41709,60,60000,6000,0,5,0,1,0,-1090,-1160,-1150,-1159
2026-09-20T05:32:21Z,CHAN,41721,41721164,1000,100,0,1,0,-1060,-1160,-1148
2026-09-20T05:33:09Z,CHANSUM,41710,41769,60,60000,6000,0,1,0,1,0,-1060,-1160,-1160,-1160
2026-09-20T05:33:11Z,CHAN,41771,41771164,1000,100,0,4,0,-1050,-1160,-1144
2026-09-20T05:33:21Z,CHAN,41781,41781164,1000,100,0,5,0,-1070,-1160,-1145
2026-09-20T05:33:22Z,CHAN,41782,41782164,1000,100,0,3,0,-1030,-1160,-1145
2026-09-20T05:33:39Z,CHAN,41799,41799164,1000,100,0,4,0,-1090,-1160,-1145
2026-09-20T05:33:57Z,CHAN,41817,41817164,1000,100,0,2,0,-1050,-1160,-1147
2026-09-20T05:34:00Z,CHAN,41820,41820164,1000,100,0,2,0,-1070,-1160,-1147
2026-09-20T05:34:09Z,CHANSUM,41770,41829,60,60000,6000,0,20,0,6,0,-1030,-1160,-1160,-1160
2026-09-20T05:34:14Z,CHAN,41834,41834164,1000,100,0,4,0,-1070,-1160,-1145
2026-09-20T05:34:21Z,CHAN,41841,41841164,1000,100,0,2,0,-1060,-1160,-1147
2026-09-20T05:34:51Z,CHAN,41871,41871164,1000,100,0,9,0,-1020,-1160,-1140
2026-09-20T05:34:52Z,CHAN,41872,41872164,1000,100,0,7,0,-880,-1160,-1131
2026-09-20T05:34:53Z,CHAN,41873,41873164,1000,100,0,33,0,-880,-1160,-1063
2026-09-20T05:35:09Z,CHANSUM,41830,41889,60,60000,6000,0,55,0,5,0,-880,-1160,-1160,-1160
2026-09-20T05:35:51Z,CHAN,41931,41931164,1000,100,0,2,0,-1060,-1160,-1147
2026-09-20T05:35:52Z,CHAN,41932,41932164,1000,100,0,2,0,-1080,-1160,-1148
2026-09-20T05:36:00Z,CHAN,41940,41940164,1000,100,0,5,0,-1040,-1160,-1144
2026-09-20T05:36:09Z,CHANSUM,41890,41949,60,60000,6000,0,9,0,3,0,-1040,-1160,-1160,-1160
2026-09-20T05:36:16Z,CHAN,41956,41956164,1000,100,0,4,0,-1100,-1160,-1147
2026-09-20T05:37:06Z,CHAN,42006,42006164,1000,100,0,6,0,-890,-1160,-1132
2026-09-20T05:37:07Z,CHAN,42007,42007164,1000,100,0,33,0,-890,-1160,-1064
2026-09-20T05:37:09Z,CHANSUM,41950,42009,60,60000,6000,0,43,0,3,0,-890,-1160,-1160,-1160
2026-09-20T05:37:23Z,CHAN,42023,42023164,1000,100,0,16,0,-950,-1160,-1127
2026-09-20T05:37:29Z,CHAN,42029,42029164,1000,100,0,2,0,-1040,-1160,-1147
2026-09-20T05:37:31Z,CHAN,42031,42031164,1000,100,0,5,0,-1060,-1160,-1144
2026-09-20T05:37:40Z,CHAN,42040,42040164,1000,100,0,9,0,-990,-1160,-1140
2026-09-20T05:38:09Z,CHANSUM,42010,42069,60,60000,6000,0,32,0,4,0,-950,-1160,-1160,-1160
2026-09-20T05:39:09Z,CHANSUM,42070,42129,60,60000,6000,0,0,0,0,0,-1120,-1160,-1160,-1160
2026-09-20T05:39:23Z,CHAN,42143,42143164,1000,100,0,5,0,-1040,-1160,-1144
2026-09-20T05:39:36Z,CHAN,42156,42156164,1000,100,0,38,0,-950,-1160,-1103
2026-09-20T05:39:37Z,CHAN,42157,42157164,1000,100,0,66,0,-940,-1160,-1052
2026-09-20T05:40:06Z,CHAN,42186,42186164,1000,100,0,2,0,-1020,-1160,-1146
2026-09-20T05:40:07Z,CHAN,42187,42187164,1000,100,0,6,0,-880,-1160,-1132
2026-09-20T05:40:08Z,CHAN,42188,42188164,1000,100,0,33,0,-880,-1160,-1061
2026-09-20T05:40:09Z,CHANSUM,42130,42189,60,60000,6000,0,150,0,6,0,-880,-1160,-1150,-1159
2026-09-20T05:40:10Z,CHAN,42190,42190164,1000,100,0,9,0,-880,-1160,-1124
2026-09-20T05:40:22Z,CHAN,42202,42202164,1000,100,0,48,0,-950,-1160,-1094
2026-09-20T05:40:23Z,CHAN,42203,42203164,1000,100,0,58,0,-950,-1150,-1055
2026-09-20T05:41:09Z,CHANSUM,42190,42249,60,60000,6000,0,115,0,3,0,-880,-1160,-1150,-1159
2026-09-20T05:41:28Z,CHAN,42268,42268164,1000,100,0,5,0,-1070,-1160,-1145
2026-09-20T05:41:33Z,CHAN,42273,42273164,1000,100,0,5,0,-950,-1160,-1139
2026-09-20T05:42:09Z,CHANSUM,42250,42309,60,60000,6000,0,10,0,2,0,-950,-1160,-1150,-1159
2026-09-20T05:42:20Z,CHAN,42320,42320164,1000,100,0,9,0,-880,-1160,-1124
2026-09-20T05:42:36Z,CHAN,42336,42336164,1000,100,0,4,0,-850,-1170,-1139
2026-09-20T05:43:09Z,CHANSUM,42310,42369,60,60000,6000,0,13,0,2,0,-850,-1170,-1160,-1160
2026-09-20T05:43:26Z,CHAN,42386,42386164,1000,100,0,6,0,-680,-1160,-1125
2026-09-20T05:44:09Z,CHANSUM,42370,42429,60,60000,6000,0,6,0,1,0,-680,-1160,-1160,-1160
2026-09-20T05:45:09Z,CHANSUM,42430,42489,60,60000,6000,0,0,0,0,0,-1130,-1160,-1160,-1160
2026-09-20T05:45:25Z,CHAN,42505,42505164,1000,100,0,9,0,-880,-1160,-1124
2026-09-20T05:45:48Z,CHAN,42528,42528164,1000,100,0,3,0,-1090,-1160,-1147
2026-09-20T05:46:09Z,CHANSUM,42490,42549,60,60000,6000,0,12,0,2,0,-880,-1160,-1160,-1160
2026-09-20T05:46:33Z,CHAN,42573,42573164,1000,100,0,6,0,-880,-1160,-1132
2026-09-20T05:46:34Z,CHAN,42574,42574164,1000,100,0,33,0,-880,-1160,-1062
2026-09-20T05:47:09Z,CHANSUM,42550,42609,60,60000,6000,0,39,0,2,0,-880,-1160,-1160,-1160
2026-09-20T05:47:35Z,CHAN,42635,42635164,1000,100,0,9,0,-880,-1160,-1124
2026-09-20T05:48:09Z,CHANSUM,42610,42669,60,60000,6000,0,9,0,1,0,-880,-1160,-1160,-1160
2026-09-20T05:48:33Z,CHAN,42693,42693164,1000,100,0,3,0,-1080,-1160,-1146
2026-09-20T05:49:09Z,CHANSUM,42670,42729,60,60000,6000,0,3,0,1,0,-1080,-1160,-1160,-1160
2026-09-20T05:50:09Z,CHANSUM,42730,42789,60,60000,6000,0,0,0,0,0,-1120,-1160,-1160,-1160
2026-09-20T05:50:37Z,CHAN,42817,42817164,1000,100,0,5,0,-1080,-1160,-1144
2026-09-20T05:51:09Z,CHANSUM,42790,42849,60,60000,6000,0,5,0,1,0,-1080,-1160,-1160,-1160
2026-09-20T05:51:34Z,CHAN,42874,42874164,1000,100,0,5,0,-1090,-1160,-1146
2026-09-20T05:52:09Z,CHANSUM,42850,42909,60,60000,6000,0,5,0,1,0,-1090,-1160,-1160,-1160
2026-09-20T05:53:09Z,CHANSUM,42910,42969,60,60000,6000,0,0,0,0,0,-1130,-1160,-1150,-1159
2026-09-20T05:53:11Z,CHAN,42971,42971164,1000,100,0,5,0,-1060,-1160,-1144
2026-09-20T05:53:16Z,CHAN,42976,42976164,1000,100,0,3,0,-1090,-1160,-1146
2026-09-20T05:53:17Z,CHAN,42977,42977164,1000,100,0,5,0,-970,-1160,-1141
2026-09-20T05:53:37Z,CHAN,42997,42997164,1000,100,0,1,0,-1030,-1160,-1146
2026-09-20T05:53:50Z,CHAN,43010,43010164,1000,100,0,9,0,-880,-1160,-1124
2026-09-20T05:53:55Z,CHAN,43015,43015164,1000,100,0,6,0,-880,-1160,-1132
2026-09-20T05:53:56Z,CHAN,43016,43016164,1000,100,0,32,0,-880,-1160,-1064
2026-09-20T05:54:07Z,CHAN,43027,43027164,1000,100,0,4,0,-1090,-1160,-1147
2026-09-20T05:54:09Z,CHANSUM,42970,43029,60,60000,6000,0,65,0,8,0,-880,-1160,-1160,-1160
2026-09-20T05:55:09Z,CHANSUM,43030,43089,60,60000,6000,0,0,0,0,0,-1120,-1160,-1160,-1160
2026-09-20T05:56:00Z,CHAN,43140,43140164,1000,100,0,9,0,-880,-1160,-1124
2026-09-20T05:56:09Z,CHANSUM,43090,43149,60,60000,6000,0,9,0,1,0,-880,-1160,-1160,-1160
2026-09-20T05:57:09Z,CHANSUM,43150,43209,60,60000,6000,0,0,0,0,0,-1120,-1160,-1150,-1159
2026-09-20T05:57:58Z,CHAN,43258,43258164,1000,100,0,1,0,-910,-1160,-1146
2026-09-20T05:58:09Z,CHANSUM,43210,43269,60,60000,6000,0,1,0,1,0,-910,-1160,-1160,-1160
2026-09-20T05:59:05Z,CHAN,43325,43325164,1000,100,0,9,0,-880,-1160,-1124
2026-09-20T05:59:09Z,CHANSUM,43270,43329,60,60000,6000,0,9,0,1,0,-880,-1160,-1160,-1160
2026-09-20T05:59:42Z,CHAN,43362,43362164,1000,100,0,5,0,-1080,-1160,-1145
2026-09-20T05:59:51Z,CHAN,43371,43371164,1000,100,0,4,0,-1090,-1160,-1146
2026-09-20T06:00:09Z,CHANSUM,43330,43389,60,60000,6000,0,9,0,2,0,-1080,-1160,-1160,-1160
2026-09-20T06:01:09Z,CHANSUM,43390,43449,60,60000,6000,0,0,0,0,0,-1120,-1160,-1160,-1160
2026-09-20T06:01:15Z,CHAN,43455,43455164,1000,100,0,9,0,-880,-1160,-1124
2026-09-20T06:02:09Z,CHANSUM,43450,43509,60,60000,6000,0,9,0,1,0,-880,-1160,-1160,-1160
2026-09-20T06:02:35Z,CHAN,43535,43535164,1000,100,0,5,0,-1000,-1160,-1142
2026-09-20T06:03:05Z,CHAN,43565,43565164,1000,100,0,3,0,-860,-1160,-1142
2026-09-20T06:03:09Z,CHANSUM,43510,43569,60,60000,6000,0,8,0,2,0,-860,-1160,-1160,-1160
2026-09-20T06:03:30Z,CHAN,43590,43590164,1000,100,0,1,0,-1100,-1160,-1147
2026-09-20T06:03:50Z,CHAN,43610,43610164,1000,100,0,4,0,-1080,-1160,-1146
2026-09-20T06:03:54Z,CHAN,43614,43614164,1000,100,0,8,0,-960,-1160,-1139
2026-09-20T06:04:00Z,CHAN,43620,43620164,1000,100,0,4,0,-1080,-1160,-1146
2026-09-20T06:04:09Z,CHANSUM,43570,43629,60,60000,6000,0,17,0,4,0,-960,-1160,-1160,-1160
2026-09-20T06:05:09Z,CHANSUM,43630,43689,60,60000,6000,0,0,0,0,0,-1130,-1160,-1160,-1160
2026-09-20T06:05:28Z,CHAN,43708,43708164,1000,100,0,6,0,-880,-1160,-1133
2026-09-20T06:05:29Z,CHAN,43709,43709164,1000,100,0,32,0,-880,-1160,-1065
2026-09-20T06:05:54Z,CHAN,43734,43734164,1000,100,0,28,0,-950,-1160,-1103
2026-09-20T06:05:55Z,CHAN,43735,43735164,1000,100,0,51,0,-960,-1160,-1078
2026-09-20T06:05:56Z,CHAN,43736,43736164,1000,100,0,14,0,-950,-1160,-1125
2026-09-20T06:06:09Z,CHANSUM,43690,43749,60,60000,6000,0,131,0,5,0,-880,-1160,-1160,-1160
2026-09-20T06:06:48Z,CHAN,43788,43788164,1000,100,0,5,0,-1070,-1160,-1145
2026-09-20T06:06:55Z,CHAN,43795,43795164,1000,100,0,14,0,-950,-1160,-1126
2026-09-20T06:06:56Z,CHAN,43796,43796164,1000,100,0,40,0,-950,-1160,-1091
2026-09-20T06:06:57Z,CHAN,43797,43797164,1000,100,0,10,0,-970,-1160,-1137
2026-09-20T06:07:05Z,CHAN,43805,43805164,1000,100,0,9,0,-960,-1160,-1138
2026-09-20T06:07:09Z,CHANSUM,43750,43809,60,60000,6000,0,78,0,5,0,-950,-1160,-1160,-1160
2026-09-20T06:07:50Z,CHAN,43850,43850164,1000,100,0,5,0,-1070,-1160,-1145
2026-09-20T06:08:09Z,CHANSUM,43810,43869,60,60000,6000,0,5,0,1,0,-1070,-1160,-1160,-1160
2026-09-20T06:08:49Z,CHAN,43909,43909164,1000,100,0,1,0,-920,-1160,-1146
2026-09-20T06:09:09Z,CHANSUM,43870,43929,60,60000,6000,0,1,0,1,0,-920,-1160,-1160,-1160
2026-09-20T06:10:09Z,CHANSUM,43930,43989,60,60000,6000,0,0,0,0,0,-1120,-1160,-1160,-1160
2026-09-20T06:11:09Z,CHANSUM,43990,44049,60,60000,6000,0,0,0,0,0,-1120,-1160,-1160,-1160
2026-09-20T06:11:55Z,CHAN,44095,44095164,1000,100,0,8,0,-1010,-1160,-1138
2026-09-20T06:12:09Z,CHANSUM,44050,44109,60,60000,6000,0,8,0,1,0,-1010,-1160,-1160,-1160
2026-09-20T06:12:38Z,CHAN,44138,44138164,1000,100,0,28,0,-950,-1150,-1082
2026-09-20T06:12:39Z,CHAN,44139,44139164,1000,100,0,41,0,-940,-1160,-1074
2026-09-20T06:12:40Z,CHAN,44140,44140164,1000,100,0,5,0,-950,-1160,-1139
2026-09-20T06:13:09Z,CHANSUM,44110,44169,60,60000,6000,0,74,0,3,0,-940,-1160,-1150,-1159
2026-09-20T06:13:24Z,CHAN,44184,44184164,1000,100,0,5,0,-1060,-1160,-1144
2026-09-20T06:14:09Z,CHANSUM,44170,44229,60,60000,6000,0,5,0,1,0,-1060,-1160,-1160,-1160
2026-09-20T06:14:21Z,CHAN,44241,44241164,1000,100,0,5,0,-900,-1160,-1137
2026-09-20T06:14:50Z,CHAN,44270,44270164,1000,100,0,9,0,-890,-1160,-1125
2026-09-20T06:15:09Z,CHANSUM,44230,44289,60,60000,6000,0,14,0,2,0,-890,-1160,-1160,-1160
2026-09-20T06:16:09Z,CHANSUM,44290,44349,60,60000,6000,0,0,0,0,0,-1130,-1160,-1160,-1160
2026-09-20T06:16:21Z,CHAN,44361,44361164,1000,100,0,2,0,-1090,-1160,-1147
2026-09-20T06:16:59Z,CHAN,44399,44399164,1000,100,0,5,0,-1090,-1160,-1145
2026-09-20T06:17:00Z,CHAN,44400,44400164,1000,100,0,9,0,-880,-1160,-1126
2026-09-20T06:17:09Z,CHANSUM,44350,44409,60,60000,6000,0,16,0,3,0,-880,-1160,-1150,-1159
2026-09-20T06:18:04Z,CHAN,44464,44464164,1000,100,0,5,0,-950,-1160,-1140
2026-09-20T06:18:09Z,CHANSUM,44410,44469,60,60000,6000,0,5,0,1,0,-950,-1160,-1160,-1160
2026-09-20T06:18:26Z,CHAN,44486,44486164,1000,100,0,2,0,-990,-1160,-1145
2026-09-20T06:19:09Z,CHANSUM,44470,44529,60,60000,6000,0,2,0,1,0,-990,-1160,-1160,-1160
2026-09-20T06:20:05Z,CHAN,44585,44585164,1000,100,0,9,0,-880,-1160,-1125
2026-09-20T06:20:07Z,CHAN,44587,44587164,1000,100,0,4,0,-1070,-1160,-1146
2026-09-20T06:20:09Z,CHANSUM,44530,44589,60,60000,6000,0,13,0,2,0,-880,-1170,-1160,-1160
2026-09-20T06:20:41Z,CHAN,44621,44621164,1000,100,0,1,0,-1100,-1160,-1146
2026-09-20T06:21:09Z,CHANSUM,44590,44649,60,60000,6000,0,1,0,1,0,-1100,-1160,-1160,-1160
2026-09-20T06:21:13Z,CHAN,44653,44653164,1000,100,0,6,0,-880,-1160,-1132
2026-09-20T06:21:14Z,CHAN,44654,44654164,1000,100,0,32,0,-880,-1160,-1063
2026-09-20T06:21:40Z,CHAN,44680,44680164,1000,100,0,4,0,-1060,-1160,-1146
2026-09-20T06:22:09Z,CHANSUM,44650,44709,60,60000,6000,0,42,0,3,0,-880,-1170,-1160,-1160
2026-09-20T06:22:15Z,CHAN,44715,44715164,1000,100,0,9,0,-880,-1160,-1124
2026-09-20T06:23:09Z,CHANSUM,44710,44769,60,60000,6000,0,9,0,1,0,-880,-1170,-1160,-1160
2026-09-20T06:23:11Z,CHAN,44771,44771164,1000,100,0,6,0,-880,-1160,-1132
2026-09-20T06:23:12Z,CHAN,44772,44772164,1000,100,0,32,0,-880,-1160,-1065
2026-09-20T06:23:13Z,CHAN,44773,44773164,1000,100,0,4,0,-1080,-1160,-1146
2026-09-20T06:23:41Z,CHAN,44801,44801164,1000,100,0,4,0,-1060,-1160,-1145
2026-09-20T06:24:09Z,CHANSUM,44770,44829,60,60000,6000,0,46,0,4,0,-880,-1170,-1160,-1160
2026-09-20T06:24:58Z,CHAN,44878,44878164,1000,100,0,14,0,-970,-1160,-1129
2026-09-20T06:24:59Z,CHAN,44879,44879164,1000,100,0,36,0,-970,-1160,-1102
2026-09-20T06:25:00Z,CHAN,44880,44880164,1000,100,0,14,0,-1010,-1160,-1132
2026-09-20T06:25:09Z,CHANSUM,44830,44889,60,60000,6000,0,64,0,3,0,-970,-1170,-1160,-1160
2026-09-20T06:25:17Z,CHAN,44897,44897164,1000,100,0,6,0,-880,-1160,-1132
2026-09-20T06:25:18Z,CHAN,44898,44898164,1000,100,0,32,0,-880,-1160,-1063
2026-09-20T06:26:09Z,CHANSUM,44890,44949,60,60000,6000,0,38,0,2,0,-880,-1160,-1160,-1160
2026-09-20T06:27:09Z,CHANSUM,44950,45009,60,60000,6000,0,0,0,0,0,-1120,-1160,-1160,-1160
2026-09-20T06:27:25Z,CHAN,45025,45025164,1000,100,0,2,0,-1100,-1160,-1146
2026-09-20T06:28:09Z,CHANSUM,45010,45069,60,60000,6000,0,2,0,1,0,-1100,-1160,-1160,-1160
2026-09-20T06:28:41Z,CHAN,45101,45101164,1000,100,0,2,0,-870,-1170,-1145
2026-09-20T06:28:51Z,CHAN,45111,45111164,1000,100,0,5,0,-850,-1160,-1134
2026-09-20T06:29:09Z,CHANSUM,45070,45129,60,60000,6000,0,7,0,2,0,-850,-1170,-1160,-1160
2026-09-20T06:29:37Z,CHAN,45157,45157164,1000,100,0,6,0,-890,-1160,-1132
2026-09-20T06:29:38Z,CHAN,45158,45158164,1000,100,0,32,0,-880,-1160,-1064
2026-09-20T06:30:01Z,CHAN,45181,45181164,1000,100,0,5,0,-1000,-1160,-1142
2026-09-20T06:30:09Z,CHANSUM,45130,45189,60,60000,6000,0,43,0,3,0,-880,-1170,-1160,-1160
2026-09-20T06:30:40Z,CHAN,45220,45220164,1000,100,0,7,0,-880,-1160,-1132
2026-09-20T06:30:41Z,CHAN,45221,45221164,1000,100,0,32,0,-880,-1160,-1065
2026-09-20T06:30:57Z,CHAN,45237,45237164,1000,100,0,5,0,-1070,-1160,-1144
2026-09-20T06:31:09Z,CHANSUM,45190,45249,60,60000,6000,0,44,0,3,0,-880,-1160,-1160,-1160
2026-09-20T06:32:09Z,CHANSUM,45250,45309,60,60000,6000,0,0,0,0,0,-1130,-1160,-1150,-1159
2026-09-20T06:32:48Z,CHAN,45348,45348164,1000,100,0,5,0,-1060,-1160,-1145
2026-09-20T06:33:09Z,CHANSUM,45310,45369,60,60000,6000,0,5,0,1,0,-1060,-1160,-1160,-1160
2026-09-20T06:33:48Z,CHAN,45408,45408164,1000,100,0,2,0,-900,-1160,-1145
2026-09-20T06:34:09Z,CHANSUM,45370,45429,60,60000,6000,0,2,0,1,0,-900,-1160,-1160,-1160
2026-09-20T06:34:43Z,CHAN,45463,45463164,1000,100,0,4,0,-1100,-1160,-1146
2026-09-20T06:35:09Z,CHANSUM,45430,45489,60,60000,6000,0,4,0,1,0,-1100,-1160,-1150,-1159
2026-09-20T06:35:50Z,CHAN,45530,45530164,1000,100,0,10,0,-880,-1160,-1121
2026-09-20T06:36:09Z,CHANSUM,45490,45549,60,60000,6000,0,10,0,1,0,-880,-1160,-1160,-1160
2026-09-20T06:37:09Z,CHANSUM,45550,45609,60,60000,6000,0,0,0,0,0,-1120,-1160,-1160,-1160
2026-09-20T06:37:51Z,CHAN,45651,45651164,1000,100,0,5,0,-1040,-1160,-1143
2026-09-20T06:38:00Z,CHAN,45660,45660164,1000,100,0,10,0,-880,-1160,-1123
2026-09-20T06:38:09Z,CHANSUM,45610,45669,60,60000,6000,0,15,0,2,0,-880,-1160,-1160,-1160
2026-09-20T06:38:34Z,CHAN,45694,45694164,1000,100,0,4,0,-1070,-1160,-1144
2026-09-20T06:38:49Z,CHAN,45709,45709164,1000,100,0,3,0,-970,-1160,-1144
2026-09-20T06:38:50Z,CHAN,45710,45710164,1000,100,0,1,0,-990,-1160,-1147
2026-09-20T06:39:03Z,CHAN,45723,45723164,1000,100,0,3,0,-980,-1160,-1143
2026-09-20T06:39:07Z,CHAN,45727,45727164,1000,100,0,4,0,-970,-1160,-1141
2026-09-20T06:39:09Z,CHANSUM,45670,45729,60,60000,6000,0,15,0,5,0,-970,-1160,-1160,-1160
2026-09-20T06:39:18Z,CHAN,45738,45738164,1000,100,0,5,0,-980,-1160,-1140
2026-09-20T06:39:51Z,CHAN,45771,45771164,1000,100,0,4,0,-1060,-1160,-1144
2026-09-20T06:40:09Z,CHANSUM,45730,45789,60,60000,6000,0,9,0,2,0,-980,-1160,-1150,-1159
2026-09-20T06:40:16Z,CHAN,45796,45796164,1000,100,0,3,0,-1060,-1160,-1146
2026-09-20T06:40:31Z,CHAN,45811,45811164,1000,100,0,1,0,-1100,-1160,-1148
2026-09-20T06:40:37Z,CHAN,45817,45817164,1000,100,0,3,0,-1080,-1160,-1146
2026-09-20T06:41:04Z,CHAN,45844,45844164,1000,100,0,3,0,-870,-1160,-1140
2026-09-20T06:41:05Z,CHAN,45845,45845164,1000,100,0,9,0,-880,-1160,-1124
2026-09-20T06:41:09Z,CHANSUM,45790,45849,60,60000,6000,0,19,0,5,0,-870,-1170,-1160,-1160
2026-09-20T06:41:15Z,CHAN,45855,45855164,1000,100,0,4,0,-1040,-1160,-1144
2026-09-20T06:41:26Z,CHAN,45866,45866164,1000,100,0,4,0,-970,-1160,-1142
2026-09-20T06:41:36Z,CHAN,45876,45876164,1000,100,0,3,0,-1020,-1160,-1145
2026-09-20T06:41:47Z,CHAN,45887,45887164,1000,100,0,1,0,-1080,-1160,-1148
2026-09-20T06:41:48Z,CHAN,45888,45888164,1000,100,0,3,0,-1080,-1160,-1146
2026-09-20T06:42:09Z,CHANSUM,45850,45909,60,60000,6000,0,15,0,5,0,-970,-1160,-1160,-1160
2026-09-20T06:42:13Z,CHAN,45913,45913164,1000,100,0,3,0,-910,-1160,-1142
2026-09-20T06:42:25Z,CHAN,45925,45925164,1000,100,0,3,0,-1040,-1160,-1146
2026-09-20T06:43:09Z,CHANSUM,45910,45969,60,60000,6000,0,6,0,2,0,-910,-1160,-1160,-1160
2026-09-20T06:43:15Z,CHAN,45975,45975164,1000,100,0,9,0,-880,-1160,-1125
2026-09-20T06:43:27Z,CHAN,45987,45987164,1000,100,0,1,0,-1100,-1160,-1146
2026-09-20T06:43:46Z,CHAN,46006,46006164,1000,100,0,4,0,-1040,-1160,-1144
2026-09-20T06:44:02Z,CHAN,46022,46022164,1000,100,0,1,0,-1050,-1160,-1147
2026-09-20T06:44:03Z,CHAN,46023,46023164,1000,100,0,1,0,-990,-1160,-1147
2026-09-20T06:44:09Z,CHANSUM,45970,46029,60,60000,6000,0,16,0,5,0,-880,-1160,-1160,-1160
2026-09-20T06:44:35Z,CHAN,46055,46055164,1000,100,0,5,0,-980,-1160,-1142
2026-09-20T06:45:09Z,CHANSUM,46030,46089,60,60000,6000,0,5,0,1,0,-980,-1160,-1160,-1160
2026-09-20T06:46:09Z,CHANSUM,46090,46149,60,60000,6000,0,0,0,0,0,-1120,-1170,-1160,-1160
2026-09-20T06:46:46Z,CHAN,46186,46186164,1000,100,0,4,0,-1090,-1160,-1146
2026-09-20T06:47:09Z,CHAN,46209,46209164,1000,100,0,4,0,-1060,-1160,-1146
2026-09-20T06:47:09Z,CHANSUM,46150,46209,60,60000,6000,0,8,0,2,0,-1060,-1160,-1160,-1160
2026-09-20T06:48:09Z,CHANSUM,46210,46269,60,60000,6000,0,0,0,0,0,-1130,-1160,-1160,-1160
2026-09-20T06:49:09Z,CHANSUM,46270,46329,60,60000,6000,0,0,0,0,0,-1130,-1160,-1160,-1160
2026-09-20T06:49:10Z,CHAN,46330,46330164,1000,100,0,2,0,-870,-1170,-1144
2026-09-20T06:49:26Z,CHAN,46346,46346164,1000,100,0,7,0,-880,-1160,-1130
2026-09-20T06:49:27Z,CHAN,46347,46347164,1000,100,0,31,0,-880,-1160,-1069
2026-09-20T06:49:30Z,CHAN,46350,46350164,1000,100,0,1,0,-1100,-1160,-1148
2026-09-20T06:49:31Z,CHAN,46351,46351164,1000,100,0,13,0,-980,-1160,-1132
2026-09-20T06:50:09Z,CHANSUM,46330,46389,60,60000,6000,0,54,0,5,0,-870,-1170,-1160,-1160
2026-09-20T06:51:09Z,CHANSUM,46390,46449,60,60000,6000,0,0,0,0,0,-1130,-1170,-1150,-1160
2026-09-20T06:51:12Z,CHAN,46452,46452164,1000,100,0,1,0,-1100,-1160,-1147
2026-09-20T06:51:32Z,CHAN,46472,46472164,1000,100,0,7,0,-880,-1160,-1130
2026-09-20T06:51:33Z,CHAN,46473,46473164,1000,100,0,31,0,-880,-1160,-1068
2026-09-20T06:52:09Z,CHANSUM,46450,46509,60,60000,6000,0,39,0,3,0,-880,-1160,-1160,-1160
2026-09-20T06:52:30Z,CHAN,46530,46530164,1000,100,0,5,0,-950,-1160,-1140
2026-09-20T06:52:39Z,CHAN,46539,46539164,1000,100,0,1,0,-1090,-1160,-1147
2026-09-20T06:52:40Z,CHAN,46540,46540164,1000,100,0,13,0,-950,-1160,-1129
2026-09-20T06:53:09Z,CHANSUM,46510,46569,60,60000,6000,0,19,0,3,0,-950,-1160,-1160,-1160
2026-09-20T06:53:47Z,CHAN,46607,46607164,1000,100,0,2,0,-1090,-1160,-1146
2026-09-20T06:53:48Z,CHAN,46608,46608164,1000,100,0,6,0,-960,-1160,-1140
2026-09-20T06:54:09Z,CHAN,46629,46629164,1000,100,0,5,0,-850,-1160,-1133
2026-09-20T06:54:09Z,CHANSUM,46570,46629,60,60000,6000,0,13,0,3,0,-850,-1160,-1160,-1160
2026-09-20T06:54:56Z,CHAN,46676,46676164,1000,100,0,5,0,-1040,-1160,-1144
2026-09-20T06:55:09Z,CHANSUM,46630,46689,60,60000,6000,0,5,0,1,0,-1040,-1170,-1150,-1160
2026-09-20T06:56:09Z,CHANSUM,46690,46749,60,60000,6000,0,0,0,0,0,-1130,-1160,-1160,-1160
2026-09-20T06:56:12Z,CHAN,46752,46752164,1000,100,0,1,0,-1100,-1160,-1146
2026-09-20T06:56:20Z,CHAN,46760,46760164,1000,100,0,5,0,-990,-1160,-1142
2026-09-20T06:57:09Z,CHANSUM,46750,46809,60,60000,6000,0,6,0,2,0,-990,-1160,-1160,-1160
2026-09-20T06:57:25Z,CHAN,46825,46825164,1000,100,0,5,0,-880,-1160,-1136
2026-09-20T06:58:04Z,CHAN,46864,46864164,1000,100,0,5,0,-1040,-1160,-1143
2026-09-20T06:58:09Z,CHANSUM,46810,46869,60,60000,6000,0,10,0,2,0,-880,-1170,-1160,-1160
2026-09-20T06:58:33Z,CHAN,46893,46893164,1000,100,0,5,0,-1080,-1160,-1145
2026-09-20T06:59:02Z,CHAN,46922,46922164,1000,100,0,8,0,-960,-1160,-1138
2026-09-20T06:59:09Z,CHANSUM,46870,46929,60,60000,6000,0,13,0,2,0,-960,-1160,-1160,-1160
2026-09-20T06:59:24Z,CHAN,46944,46944164,1000,100,0,2,0,-870,-1160,-1142
2026-09-20T06:59:46Z,CHAN,46966,46966164,1000,100,0,5,0,-1060,-1160,-1145
2026-09-20T06:59:48Z,CHAN,46968,46968164,1000,100,0,5,0,-980,-1160,-1140
2026-09-20T07:00:09Z,CHANSUM,46930,46989,60,60000,6000,0,12,0,3,0,-870,-1160,-1160,-1160
2026-09-20T07:01:02Z,CHAN,47042,47042164,1000,100,0,1,0,-900,-1160,-1146
2026-09-20T07:01:09Z,CHANSUM,46990,47049,60,60000,6000,0,1,0,1,0,-900,-1160,-1150,-1159
2026-09-20T07:02:08Z,CHAN,47108,47108164,1000,100,0,5,0,-1040,-1160,-1144
2026-09-20T07:02:09Z,CHANSUM,47050,47109,60,60000,6000,0,5,0,1,0,-1040,-1160,-1160,-1160
2026-09-20T07:02:11Z,CHAN,47111,47111164,1000,100,0,7,0,-890,-1160,-1130
2026-09-20T07:02:12Z,CHAN,47112,47112164,1000,100,0,31,0,-890,-1160,-1069
2026-09-20T07:03:09Z,CHANSUM,47110,47169,60,60000,6000,0,38,0,2,0,-890,-1160,-1160,-1160
2026-09-20T07:03:14Z,CHAN,47174,47174164,1000,100,0,2,0,-920,-1160,-1146
2026-09-20T07:04:02Z,CHAN,47222,47222164,1000,100,0,5,0,-900,-1160,-1137
2026-09-20T07:04:09Z,CHANSUM,47170,47229,60,60000,6000,0,7,0,2,0,-900,-1160,-1160,-1160
2026-09-20T07:04:31Z,CHAN,47251,47251164,1000,100,0,2,0,-900,-1160,-1143
2026-09-20T07:05:09Z,CHANSUM,47230,47289,60,60000,6000,0,2,0,1,0,-900,-1160,-1160,-1160
2026-09-20T07:06:09Z,CHANSUM,47290,47349,60,60000,6000,0,0,0,0,0,-1130,-1160,-1160,-1160
2026-09-20T07:07:09Z,CHANSUM,47350,47409,60,60000,6000,0,0,0,0,0,-1130,-1170,-1160,-1160
2026-09-20T07:07:16Z,CHAN,47416,47416164,1000,100,0,5,0,-970,-1160,-1139
2026-09-20T07:07:18Z,CHAN,47418,47418164,1000,100,0,7,0,-880,-1160,-1130
2026-09-20T07:07:19Z,CHAN,47419,47419164,1000,100,0,31,0,-880,-1160,-1067
2026-09-20T07:07:28Z,CHAN,47428,47428164,1000,100,0,2,0,-860,-1160,-1143
2026-09-20T07:08:09Z,CHANSUM,47410,47469,60,60000,6000,0,45,0,4,0,-860,-1160,-1160,-1160
2026-09-20T07:09:09Z,CHANSUM,47470,47529,60,60000,6000,0,0,0,0,0,-1130,-1170,-1160,-1160
2026-09-20T07:09:39Z,CHAN,47559,47559164,1000,100,0,1,0,-1020,-1160,-1147
2026-09-20T07:09:52Z,CHAN,47572,47572164,1000,100,0,5,0,-1070,-1160,-1145
2026-09-20T07:10:09Z,CHANSUM,47530,47589,60,60000,6000,0,6,0,2,0,-1020,-1160,-1160,-1160
2026-09-20T07:10:30Z,CHAN,47610,47610164,1000,100,0,9,0,-880,-1160,-1123
2026-09-20T07:11:09Z,CHANSUM,47590,47649,60,60000,6000,0,9,0,1,0,-880,-1160,-1160,-1160
2026-09-20T07:11:28Z,CHAN,47668,47668164,1000,100,0,4,0,-1090,-1160,-1145
2026-09-20T07:11:44Z,CHAN,47684,47684164,1000,100,0,5,0,-980,-1160,-1141
2026-09-20T07:12:09Z,CHANSUM,47650,47709,60,60000,6000,0,9,0,2,0,-980,-1160,-1150,-1159
2026-09-20T07:12:40Z,CHAN,47740,47740164,1000,100,0,9,0,-880,-1160,-1123
2026-09-20T07:13:09Z,CHANSUM,47710,47769,60,60000,6000,0,9,0,1,0,-880,-1160,-1160,-1160
2026-09-20T07:13:10Z,CHAN,47770,47770164,1000,100,0,1,0,-1060,-1160,-1148
2026-09-20T07:14:09Z,CHANSUM,47770,47829,60,60000,6000,0,1,0,1,0,-1060,-1160,-1160,-1160
2026-09-20T07:14:46Z,CHAN,47866,47866164,1000,100,0,2,0,-870,-1160,-1144
2026-09-20T07:15:09Z,CHANSUM,47830,47889,60,60000,6000,0,2,0,1,0,-870,-1160,-1160,-1160
2026-09-20T07:15:24Z,CHAN,47904,47904164,1000,100,0,5,0,-970,-1160,-1140
2026-09-20T07:15:42Z,CHAN,47922,47922164,1000,100,0,9,0,-880,-1160,-1125
2026-09-20T07:15:45Z,CHAN,47925,47925164,1000,100,0,9,0,-880,-1160,-1124
2026-09-20T07:15:50Z,CHAN,47930,47930164,1000,100,0,3,0,-1090,-1160,-1146
2026-09-20T07:16:09Z,CHANSUM,47890,47949,60,60000,6000,0,26,0,4,0,-880,-1160,-1160,-1160
2026-09-20T07:16:43Z,CHAN,47983,47983164,1000,100,0,5,0,-690,-1160,-1128
2026-09-20T07:17:09Z,CHANSUM,47950,48009,60,60000,6000,0,5,0,1,0,-690,-1160,-1160,-1160
2026-09-20T07:17:55Z,CHAN,48055,48055164,1000,100,0,9,0,-880,-1160,-1124
2026-09-20T07:18:09Z,CHANSUM,48010,48069,60,60000,6000,0,9,0,1,0,-880,-1170,-1160,-1160
2026-09-20T07:18:14Z,CHAN,48074,48074164,1000,100,0,5,0,-1040,-1160,-1144
2026-09-20T07:19:09Z,CHANSUM,48070,48129,60,60000,6000,0,5,0,1,0,-1040,-1170,-1160,-1160
2026-09-20T07:20:09Z,CHANSUM,48130,48189,60,60000,6000,0,0,0,0,0,-1120,-1160,-1160,-1160
2026-09-20T07:21:09Z,CHAN,48249,48249164,1000,100,0,5,0,-980,-1160,-1141
2026-09-20T07:21:09Z,CHANSUM,48190,48249,60,60000,6000,0,5,0,1,0,-980,-1160,-1160,-1160
2026-09-20T07:21:32Z,CHAN,48272,48272164,1000,100,0,7,0,-1040,-1160,-1143
2026-09-20T07:21:35Z,CHAN,48275,48275164,1000,100,0,3,0,-1100,-1160,-1145
2026-09-20T07:22:09Z,CHANSUM,48250,48309,60,60000,6000,0,10,0,2,0,-1040,-1160,-1160,-1160
2026-09-20T07:23:09Z,CHANSUM,48310,48369,60,60000,6000,0,0,0,0,0,-1130,-1160,-1160,-1160
2026-09-20T07:23:13Z,CHAN,48373,48373164,1000,100,0,3,0,-1090,-1160,-1146
2026-09-20T07:23:55Z,CHAN,48415,48415164,1000,100,0,5,0,-950,-1160,-1140
2026-09-20T07:24:09Z,CHANSUM,48370,48429,60,60000,6000,0,8,0,2,0,-950,-1160,-1160,-1160
2026-09-20T07:25:00Z,CHAN,48480,48480164,1000,100,0,2,0,-870,-1170,-1145
2026-09-20T07:25:09Z,CHAN,48489,48489164,1000,100,0,7,0,-880,-1160,-1129
2026-09-20T07:25:09Z,CHANSUM,48430,48489,60,60000,6000,0,9,0,2,0,-870,-1170,-1160,-1160
2026-09-20T07:25:10Z,CHAN,48490,48490164,1000,100,0,31,0,-880,-1160,-1067
2026-09-20T07:26:09Z,CHANSUM,48490,48549,60,60000,6000,0,31,0,1,0,-880,-1170,-1160,-1160
2026-09-20T07:26:39Z,CHAN,48579,48579164,1000,100,0,5,0,-920,-1160,-1138
2026-09-20T07:27:09Z,CHANSUM,48550,48609,60,60000,6000,0,5,0,1,0,-920,-1160,-1160,-1160
2026-09-20T07:28:09Z,CHANSUM,48610,48669,60,60000,6000,0,0,0,0,0,-1130,-1160,-1160,-1160
2026-09-20T07:29:09Z,CHANSUM,48670,48729,60,60000,6000,0,0,0,0,0,-1120,-1160,-1160,-1160
2026-09-20T07:30:09Z,CHANSUM,48730,48789,60,60000,6000,0,0,0,0,0,-1110,-1170,-1160,-1160
2026-09-20T07:30:27Z,CHAN,48807,48807164,1000,100,0,4,0,-1090,-1160,-1146
2026-09-20T07:31:09Z,CHANSUM,48790,48849,60,60000,6000,0,4,0,1,0,-1090,-1160,-1160,-1160
2026-09-20T07:31:30Z,CHAN,48870,48870164,1000,100,0,10,0,-880,-1160,-1123
2026-09-20T07:32:09Z,CHANSUM,48850,48909,60,60000,6000,0,10,0,1,0,-880,-1160,-1160,-1160
2026-09-20T07:33:09Z,CHANSUM,48910,48969,60,60000,6000,0,0,0,0,0,-1120,-1160,-1160,-1160
2026-09-20T07:33:40Z,CHAN,49000,49000164,1000,100,0,10,0,-880,-1160,-1123
2026-09-20T07:34:09Z,CHANSUM,48970,49029,60,60000,6000,0,10,0,1,0,-880,-1170,-1160,-1160
2026-09-20T07:35:09Z,CHANSUM,49030,49089,60,60000,6000,0,0,0,0,0,-1110,-1160,-1150,-1159
2026-09-20T07:35:15Z,CHAN,49095,49095164,1000,100,0,1,0,-1100,-1160,-1148
2026-09-20T07:35:47Z,CHAN,49127,49127164,1000,100,0,8,0,-880,-1160,-1128
2026-09-20T07:35:48Z,CHAN,49128,49128164,1000,100,0,31,0,-880,-1160,-1068
2026-09-20T07:36:09Z,CHANSUM,49090,49149,60,60000,6000,0,40,0,3,0,-880,-1160,-1160,-1160
2026-09-20T07:36:14Z,CHAN,49154,49154164,1000,100,0,2,0,-990,-1160,-1146
2026-09-20T07:36:20Z,CHAN,49160,49160164,1000,100,0,13,0,-980,-1160,-1131
2026-09-20T07:36:45Z,CHAN,49185,49185164,1000,100,0,9,0,-880,-1160,-1124
2026-09-20T07:37:08Z,CHAN,49208,49208164,1000,100,0,28,0,-950,-1160,-1103
2026-09-20T07:37:09Z,CHAN,49209,49209164,1000,100,0,36,0,-950,-1160,-1096
2026-09-20T07:37:09Z,CHANSUM,49150,49209,60,60000,6000,0,88,0,5,0,-880,-1160,-1160,-1160
2026-09-20T07:37:18Z,CHAN,49218,49218164,1000,100,0,5,0,-870,-1160,-1136
2026-09-20T07:38:09Z,CHANSUM,49210,49269,60,60000,6000,0,5,0,1,0,-870,-1170,-1160,-1160
2026-09-20T07:38:53Z,CHAN,49313,49313164,1000,100,0,4,0,-1070,-1160,-1145
2026-09-20T07:38:55Z,CHAN,49315,49315164,1000,100,0,9,0,-880,-1160,-1125
2026-09-20T07:39:09Z,CHANSUM,49270,49329,60,60000,6000,0,13,0,2,0,-880,-1170,-1160,-1160
2026-09-20T07:39:48Z,CHAN,49368,49368164,1000,100,0,2,0,-1060,-1160,-1146
2026-09-20T07:40:09Z,CHANSUM,49330,49389,60,60000,6000,0,2,0,1,0,-1060,-1160,-1160,-1160
2026-09-20T07:40:22Z,CHAN,49402,49402164,1000,100,0,1,0,-1040,-1160,-1147
2026-09-20T07:41:09Z,CHANSUM,49390,49449,60,60000,6000,0,1,0,1,0,-1040,-1170,-1160,-1160
2026-09-20T07:42:09Z,CHANSUM,49450,49509,60,60000,6000,0,0,0,0,0,-1110,-1160,-1160,-1160
2026-09-20T07:42:57Z,CHAN,49557,49557164,1000,100,0,5,0,-1080,-1160,-1146
2026-09-20T07:43:00Z,CHAN,49560,49560164,1000,100,0,3,0,-1040,-1160,-1145
2026-09-20T07:43:05Z,CHAN,49565,49565164,1000,100,0,1,0,-1100,-1160,-1146
2026-09-20T07:43:09Z,CHAN,49569,49569164,1000,100,0,3,0,-950,-1160,-1141
2026-09-20T07:43:09Z,CHANSUM,49510,49569,60,60000,6000,0,12,0,4,0,-950,-1160,-1150,-1159
2026-09-20T07:43:21Z,CHAN,49581,49581164,1000,100,0,3,0,-870,-1160,-1139
2026-09-20T07:44:06Z,CHAN,49626,49626164,1000,100,0,2,0,-1090,-1160,-1146
2026-09-20T07:44:09Z,CHANSUM,49570,49629,60,60000,6000,0,5,0,2,0,-870,-1160,-1160,-1160
2026-09-20T07:44:11Z,CHAN,49631,49631164,1000,100,0,4,0,-1040,-1160,-1145
2026-09-20T07:44:16Z,CHAN,49636,49636164,1000,100,0,1,0,-1100,-1160,-1146
2026-09-20T07:44:29Z,CHAN,49649,49649164,1000,100,0,3,0,-1060,-1160,-1146
2026-09-20T07:44:38Z,CHAN,49658,49658164,1000,100,0,4,0,-1050,-1160,-1145
2026-09-20T07:45:01Z,CHAN,49681,49681164,1000,100,0,4,0,-710,-1160,-1133
2026-09-20T07:45:08Z,CHAN,49688,49688164,1000,100,0,4,0,-1080,-1160,-1145
2026-09-20T07:45:09Z,CHANSUM,49630,49689,60,60000,6000,0,20,0,6,0,-710,-1160,-1160,-1160
2026-09-20T07:45:29Z,CHAN,49709,49709164,1000,100,0,1,0,-880,-1160,-1146
2026-09-20T07:45:31Z,CHAN,49711,49711164,1000,100,0,4,0,-1040,-1160,-1145
2026-09-20T07:45:36Z,CHAN,49716,49716164,1000,100,0,1,0,-1060,-1160,-1146
2026-09-20T07:45:37Z,CHAN,49717,49717164,1000,100,0,4,0,-1040,-1160,-1146
2026-09-20T07:45:53Z,CHAN,49733,49733164,1000,100,0,5,0,-850,-1160,-1133
2026-09-20T07:46:01Z,CHAN,49741,49741164,1000,100,0,3,0,-1040,-1160,-1146
2026-09-20T07:46:07Z,CHAN,49747,49747164,1000,100,0,3,0,-1080,-1160,-1146
2026-09-20T07:46:09Z,CHANSUM,49690,49749,60,60000,6000,0,21,0,7,0,-850,-1160,-1150,-1159
2026-09-20T07:46:34Z,CHAN,49774,49774164,1000,100,0,3,0,-1060,-1160,-1146
2026-09-20T07:46:46Z,CHAN,49786,49786164,1000,100,0,1,0,-1100,-1160,-1147
2026-09-20T07:46:59Z,CHAN,49799,49799164,1000,100,0,4,0,-1040,-1160,-1145
2026-09-20T07:47:09Z,CHAN,49809,49809164,1000,100,0,2,0,-1100,-1160,-1146
2026-09-20T07:47:09Z,CHANSUM,49750,49809,60,60000,6000,0,10,0,4,0,-1040,-1160,-1150,-1159
2026-09-20T07:47:14Z,CHAN,49814,49814164,1000,100,0,5,0,-980,-1160,-1140
2026-09-20T07:47:26Z,CHAN,49826,49826164,1000,100,0,3,0,-1060,-1160,-1146
2026-09-20T07:47:36Z,CHAN,49836,49836164,1000,100,0,4,0,-1070,-1160,-1145
2026-09-20T07:47:51Z,CHAN,49851,49851164,1000,100,0,3,0,-1060,-1160,-1146
2026-09-20T07:47:54Z,CHAN,49854,49854164,1000,100,0,4,0,-980,-1160,-1142
2026-09-20T07:48:07Z,CHAN,49867,49867164,1000,100,0,4,0,-1060,-1160,-1146
2026-09-20T07:48:09Z,CHANSUM,49810,49869,60,60000,6000,0,23,0,6,0,-980,-1160,-1160,-1160
2026-09-20T07:48:12Z,CHAN,49872,49872164,1000,100,0,3,0,-1050,-1160,-1146
2026-09-20T07:48:23Z,CHAN,49883,49883164,1000,100,0,2,0,-1100,-1160,-1146
2026-09-20T07:48:28Z,CHAN,49888,49888164,1000,100,0,3,0,-1090,-1160,-1147
2026-09-20T07:48:36Z,CHAN,49896,49896164,1000,100,0,4,0,-1080,-1160,-1145
2026-09-20T07:48:38Z,CHAN,49898,49898164,1000,100,0,3,0,-1070,-1160,-1146
2026-09-20T07:48:44Z,CHAN,49904,49904164,1000,100,0,4,0,-1060,-1160,-1146
2026-09-20T07:48:56Z,CHAN,49916,49916164,1000,100,0,4,0,-1060,-1160,-1145
2026-09-20T07:49:08Z,CHAN,49928,49928164,1000,100,0,3,0,-920,-1160,-1142
2026-09-20T07:49:09Z,CHAN,49929,49929164,1000,100,0,1,0,-960,-1160,-1146
2026-09-20T07:49:09Z,CHANSUM,49870,49929,60,60000,6000,0,27,0,9,0,-920,-1160,-1160,-1160
2026-09-20T07:49:43Z,CHAN,49963,49963164,1000,100,0,4,0,-1080,-1160,-1146
2026-09-20T07:50:08Z,CHAN,49988,49988164,1000,100,0,1,0,-1100,-1160,-1145
2026-09-20T07:50:09Z,CHANSUM,49930,49989,60,60000,6000,0,5,0,2,0,-1080,-1160,-1150,-1159
2026-09-20T07:50:17Z,CHAN,49997,49997164,1000,100,0,4,0,-1050,-1160,-1145
2026-09-20T07:50:22Z,CHAN,50002,50002164,1000,100,0,3,0,-870,-1160,-1140
2026-09-20T07:50:41Z,CHAN,50021,50021164,1000,100,0,4,0,-910,-1160,-1139
2026-09-20T07:51:09Z,CHANSUM,49990,50049,60,60000,6000,0,11,0,3,0,-870,-1160,-1160,-1160
2026-09-20T07:51:10Z,CHAN,50050,50050164,1000,100,0,4,0,-960,-1160,-1142
2026-09-20T07:51:43Z,CHAN,50083,50083164,1000,100,0,1,0,-1040,-1160,-1147
2026-09-20T07:51:44Z,CHAN,50084,50084164,1000,100,0,35,0,-950,-1160,-1098
2026-09-20T07:51:51Z,CHAN,50091,50091164,1000,100,0,2,0,-920,-1160,-1145
2026-09-20T07:51:52Z,CHAN,50092,50092164,1000,100,0,1,0,-930,-1160,-1146
2026-09-20T07:52:09Z,CHANSUM,50050,50109,60,60000,6000,0,43,0,5,0,-920,-1160,-1160,-1160
2026-09-20T07:52:12Z,CHAN,50112,50112164,1000,100,0,3,0,-1060,-1160,-1146
2026-09-20T07:52:19Z,CHAN,50119,50119164,1000,100,0,3,0,-1030,-1160,-1146
2026-09-20T07:52:25Z,CHAN,50125,50125164,1000,100,0,1,0,-1100,-1160,-1147
2026-09-20T07:52:30Z,CHAN,50130,50130164,1000,100,0,9,0,-880,-1160,-1125
2026-09-20T07:52:35Z,CHAN,50135,50135164,1000,100,0,10,0,-880,-1160,-1125
2026-09-20T07:52:36Z,CHAN,50136,50136164,1000,100,0,30,0,-880,-1160,-1069
2026-09-20T07:52:42Z,CHAN,50142,50142164,1000,100,0,2,0,-1090,-1160,-1146
2026-09-20T07:52:56Z,CHAN,50156,50156164,1000,100,0,3,0,-870,-1160,-1140
2026-09-20T07:52:57Z,CHAN,50157,50157164,1000,100,0,4,0,-1070,-1160,-1146
2026-09-20T07:53:04Z,CHAN,50164,50164164,1000,100,0,2,0,-1100,-1160,-1147
2026-09-20T07:53:09Z,CHANSUM,50110,50169,60,60000,6000,0,67,0,10,0,-870,-1160,-1160,-1160
2026-09-20T07:53:28Z,CHAN,50188,50188164,1000,100,0,3,0,-1080,-1160,-1145
2026-09-20T07:53:39Z,CHAN,50199,50199164,1000,100,0,4,0,-1070,-1160,-1146
2026-09-20T07:53:48Z,CHAN,50208,50208164,1000,100,0,2,0,-960,-1160,-1145
2026-09-20T07:53:49Z,CHAN,50209,50209164,1000,100,0,2,0,-950,-1160,-1144
2026-09-20T07:54:03Z,CHAN,50223,50223164,1000,100,0,4,0,-720,-1160,-1134
2026-09-20T07:54:09Z,CHANSUM,50170,50229,60,60000,6000,0,15,0,5,0,-720,-1160,-1150,-1159
2026-09-20T07:54:28Z,CHAN,50248,50248164,1000,100,0,3,0,-950,-1160,-1141
2026-09-20T07:54:39Z,CHAN,50259,50259164,1000,100,0,4,0,-1080,-1160,-1146
2026-09-20T07:54:40Z,CHAN,50260,50260164,1000,100,0,9,0,-900,-1160,-1126
2026-09-20T07:54:46Z,CHAN,50266,50266164,1000,100,0,5,0,-1060,-1160,-1145
2026-09-20T07:54:53Z,CHAN,50273,50273164,1000,100,0,4,0,-1050,-1160,-1144
2026-09-20T07:55:09Z,CHANSUM,50230,50289,60,60000,6000,0,25,0,5,0,-900,-1160,-1160,-1160
2026-09-20T07:55:13Z,CHAN,50293,50293164,1000,100,0,3,0,-1050,-1160,-1145
2026-09-20T07:55:29Z,CHAN,50309,50309164,1000,100,0,4,0,-940,-1160,-1141
2026-09-20T07:55:36Z,CHAN,50316,50316164,1000,100,0,4,0,-1040,-1160,-1145
2026-09-20T07:55:44Z,CHAN,50324,50324164,1000,100,0,8,0,-880,-1160,-1127
2026-09-20T07:55:45Z,CHAN,50325,50325164,1000,100,0,30,0,-880,-1160,-1069
2026-09-20T07:55:52Z,CHAN,50332,50332164,1000,100,0,2,0,-1090,-1160,-1147
2026-09-20T07:56:06Z,CHAN,50346,50346164,1000,100,0,3,0,-900,-1160,-1142
2026-09-20T07:56:09Z,CHANSUM,50290,50349,60,60000,6000,0,54,0,7,0,-880,-1160,-1160,-1160
2026-09-20T07:56:15Z,CHAN,50355,50355164,1000,100,0,4,0,-990,-1160,-1142
2026-09-20T07:56:42Z,CHAN,50382,50382164,1000,100,0,4,0,-1100,-1160,-1147
2026-09-20T07:56:45Z,CHAN,50385,50385164,1000,100,0,3,0,-950,-1160,-1144
2026-09-20T07:56:48Z,CHAN,50388,50388164,1000,100,0,4,0,-1080,-1160,-1146
2026-09-20T07:57:09Z,CHANSUM,50350,50409,60,60000,6000,0,15,0,4,0,-950,-1160,-1160,-1160
2026-09-20T07:57:18Z,CHAN,50418,50418164,1000,100,0,1,0,-1090,-1160,-1148
2026-09-20T07:57:28Z,CHAN,50428,50428164,1000,100,0,3,0,-1080,-1160,-1146
2026-09-20T07:57:37Z,CHAN,50437,50437164,1000,100,0,3,0,-1070,-1160,-1147
2026-09-20T07:57:42Z,CHAN,50442,50442164,1000,100,0,8,0,-890,-1160,-1127
2026-09-20T07:57:43Z,CHAN,50443,50443164,1000,100,0,30,0,-890,-1160,-1072
2026-09-20T07:57:45Z,CHAN,50445,50445164,1000,100,0,9,0,-890,-1160,-1125
2026-09-20T07:57:50Z,CHAN,50450,50450164,1000,100,0,4,0,-910,-1160,-1139
2026-09-20T07:58:09Z,CHANSUM,50410,50469,60,60000,6000,0,58,0,7,0,-890,-1160,-1160,-1160
2026-09-20T07:58:17Z,CHAN,50477,50477164,1000,100,0,10,0,-690,-1160,-1121
2026-09-20T07:58:29Z,CHAN,50489,50489164,1000,100,0,3,0,-1080,-1160,-1147
2026-09-20T07:58:54Z,CHAN,50514,50514164,1000,100,0,4,0,-1060,-1160,-1145
2026-09-20T07:59:09Z,CHANSUM,50470,50529,60,60000,6000,0,17,0,3,0,-690,-1160,-1160,-1160
2026-09-20T07:59:10Z,CHAN,50530,50530164,1000,100,0,6,0,-920,-1160,-1139
2026-09-20T07:59:17Z,CHAN,50537,50537164,1000,100,0,4,0,-1070,-1160,-1146
2026-09-20T07:59:24Z,CHAN,50544,50544164,1000,100,0,4,0,-1070,-1160,-1146
2026-09-20T07:59:26Z,CHAN,50546,50546164,1000,100,0,4,0,-1080,-1160,-1146
2026-09-20T07:59:40Z,CHAN,50560,50560164,1000,100,0,4,0,-980,-1160,-1142
2026-09-20T07:59:55Z,CHAN,50575,50575164,1000,100,0,9,0,-890,-1160,-1126
2026-09-20T07:59:56Z,CHAN,50576,50576164,1000,100,0,4,0,-1090,-1160,-1146
2026-09-20T08:00:02Z,CHAN,50582,50582164,1000,100,0,3,0,-1030,-1160,-1145
2026-09-20T08:00:09Z,CHANSUM,50530,50589,60,60000,6000,0,38,0,8,0,-890,-1160,-1160,-1160
2026-09-20T08:00:17Z,CHAN,50597,50597164,1000,100,0,24,0,-950,-1160,-1114
2026-09-20T08:00:18Z,CHAN,50598,50598164,1000,100,0,12,0,-950,-1160,-1128
2026-09-20T08:00:19Z,CHAN,50599,50599164,1000,100,0,3,0,-1090,-1160,-1147
2026-09-20T08:00:20Z,CHAN,50600,50600164,1000,100,0,11,0,-960,-1160,-1130
2026-09-20T08:00:25Z,CHAN,50605,50605164,1000,100,0,5,0,-1080,-1160,-1145
2026-09-20T08:00:32Z,CHAN,50612,50612164,1000,100,0,4,0,-1040,-1160,-1144
2026-09-20T08:01:09Z,CHANSUM,50590,50649,60,60000,6000,0,59,0,6,0,-950,-1160,-1160,-1160
2026-09-20T08:02:09Z,CHANSUM,50650,50709,60,60000,6000,0,0,0,0,0,-1120,-1160,-1160,-1160
2026-09-20T08:02:20Z,CHAN,50720,50720164,1000,100,0,6,0,-680,-1160,-1125
2026-09-20T08:03:09Z,CHANSUM,50710,50769,60,60000,6000,0,6,0,1,0,-680,-1160,-1160,-1160
2026-09-20T08:03:12Z,CHAN,50772,50772164,1000,100,0,1,0,-1100,-1160,-1147
2026-09-20T08:03:27Z,CHAN,50787,50787164,1000,100,0,2,0,-1090,-1160,-1147
2026-09-20T08:03:37Z,CHAN,50797,50797164,1000,100,0,5,0,-1070,-1160,-1144
2026-09-20T08:03:47Z,CHAN,50807,50807164,1000,100,0,4,0,-950,-1160,-1141
2026-09-20T08:04:09Z,CHANSUM,50770,50829,60,60000,6000,0,12,0,4,0,-950,-1160,-1160,-1160
2026-09-20T08:04:13Z,CHAN,50833,50833164,1000,100,0,4,0,-1090,-1160,-1146
2026-09-20T08:04:25Z,CHAN,50845,50845164,1000,100,0,4,0,-850,-1160,-1137
2026-09-20T08:04:33Z,CHAN,50853,50853164,1000,100,0,4,0,-1000,-1160,-1143
2026-09-20T08:04:51Z,CHAN,50871,50871164,1000,100,0,1,0,-1100,-1160,-1146
2026-09-20T08:05:09Z,CHANSUM,50830,50889,60,60000,6000,0,13,0,4,0,-850,-1160,-1160,-1160
2026-09-20T08:05:28Z,CHAN,50908,50908164,1000,100,0,2,0,-1100,-1160,-1147
2026-09-20T08:05:44Z,CHAN,50924,50924164,1000,100,0,5,0,-980,-1160,-1140
2026-09-20T08:05:46Z,CHAN,50926,50926164,1000,100,0,4,0,-1060,-1170,-1145
2026-09-20T08:05:57Z,CHAN,50937,50937164,1000,100,0,2,0,-870,-1160,-1144
2026-09-20T08:06:08Z,CHAN,50948,50948164,1000,100,0,4,0,-910,-1160,-1141
2026-09-20T08:06:09Z,CHANSUM,50890,50949,60,60000,6000,0,17,0,5,0,-870,-1170,-1160,-1160
2026-09-20T08:06:10Z,CHAN,50950,50950164,1000,100,0,9,0,-880,-1160,-1125
2026-09-20T08:06:13Z,CHAN,50953,50953164,1000,100,0,4,0,-1090,-1160,-1146
2026-09-20T08:06:28Z,CHAN,50968,50968164,1000,100,0,2,0,-1100,-1160,-1147
2026-09-20T08:06:31Z,CHAN,50971,50971164,1000,100,0,4,0,-1020,-1160,-1143
2026-09-20T08:06:35Z,CHAN,50975,50975164,1000,100,0,4,0,-1060,-1160,-1145
2026-09-20T08:06:47Z,CHAN,50987,50987164,1000,100,0,8,0,-950,-1160,-1140
2026-09-20T08:06:49Z,CHAN,50989,50989164,1000,100,0,4,0,-1040,-1160,-1144
2026-09-20T08:06:57Z,CHAN,50997,50997164,1000,100,0,5,0,-1090,-1160,-1146
2026-09-20T08:07:09Z,CHANSUM,50950,51009,60,60000,6000,0,40,0,8,0,-880,-1160,-1150,-1159
2026-09-20T08:07:31Z,CHAN,51031,51031164,1000,100,0,1,0,-1100,-1160,-1146
2026-09-20T08:07:43Z,CHAN,51043,51043164,1000,100,0,4,0,-1080,-1160,-1146
2026-09-20T08:07:47Z,CHAN,51047,51047164,1000,100,0,1,0,-940,-1160,-1146
2026-09-20T08:07:48Z,CHAN,51048,51048164,1000,100,0,3,0,-960,-1160,-1144
2026-09-20T08:08:09Z,CHANSUM,51010,51069,60,60000,6000,0,9,0,4,0,-940,-1170,-1160,-1160
2026-09-20T08:08:15Z,CHAN,51075,51075164,1000,100,0,13,0,-850,-1160,-1114
2026-09-20T08:08:20Z,CHAN,51080,51080164,1000,100,0,9,0,-880,-1160,-1125
2026-09-20T08:08:52Z,CHAN,51112,51112164,1000,100,0,3,0,-1050,-1160,-1146
2026-09-20T08:09:09Z,CHANSUM,51070,51129,60,60000,6000,0,25,0,3,0,-850,-1160,-1160,-1160
2026-09-20T08:09:28Z,CHAN,51148,51148164,1000,100,0,3,0,-970,-1160,-1143
2026-09-20T08:09:38Z,CHAN,51158,51158164,1000,100,0,3,0,-1020,-1160,-1144
2026-09-20T08:09:49Z,CHAN,51169,51169164,1000,100,0,3,0,-1070,-1160,-1147
2026-09-20T08:09:58Z,CHAN,51178,51178164,1000,100,0,2,0,-1100,-1160,-1147
2026-09-20T08:10:09Z,CHANSUM,51130,51189,60,60000,6000,0,11,0,4,0,-970,-1160,-1160,-1160
2026-09-20T08:10:29Z,CHAN,51209,51209164,1000,100,0,3,0,-950,-1160,-1143
2026-09-20T08:10:47Z,CHAN,51227,51227164,1000,100,0,4,0,-700,-1160,-1135
2026-09-20T08:11:09Z,CHANSUM,51190,51249,60,60000,6000,0,7,0,2,0,-700,-1160,-1160,-1160
2026-09-20T08:11:25Z,CHAN,51265,51265164,1000,100,0,9,0,-890,-1160,-1125
2026-09-20T08:11:40Z,CHAN,51280,51280164,1000,100,0,3,0,-1080,-1160,-1146
2026-09-20T08:11:50Z,CHAN,51290,51290164,1000,100,0,4,0,-1060,-1160,-1145
2026-09-20T08:12:00Z,CHAN,51300,51300164,1000,100,0,3,0,-1010,-1160,-1145
2026-09-20T08:12:09Z,CHANSUM,51250,51309,60,60000,6000,0,19,0,4,0,-890,-1160,-1160,-1160
2026-09-20T08:12:24Z,CHAN,51324,51324164,1000,100,0,1,0,-1100,-1160,-1147
2026-09-20T08:12:53Z,CHAN,51353,51353164,1000,100,0,3,0,-980,-1160,-1144
2026-09-20T08:13:09Z,CHANSUM,51310,51369,60,60000,6000,0,4,0,2,0,-980,-1160,-1160,-1160
2026-09-20T08:13:17Z,CHAN,51377,51377164,1000,100,0,3,0,-1040,-1160,-1145
2026-09-20T08:13:33Z,CHAN,51393,51393164,1000,100,0,4,0,-1020,-1160,-1143
2026-09-20T08:13:35Z,CHAN,51395,51395164,1000,100,0,9,0,-890,-1160,-1126
2026-09-20T08:13:42Z,CHAN,51402,51402164,1000,100,0,3,0,-1060,-1160,-1145
2026-09-20T08:13:55Z,CHAN,51415,51415164,1000,100,0,3,0,-950,-1160,-1143
2026-09-20T08:14:01Z,CHAN,51421,51421164,1000,100,0,3,0,-1010,-1160,-1145
2026-09-20T08:14:08Z,CHAN,51428,51428164,1000,100,0,3,0,-1090,-1160,-1147
2026-09-20T08:14:09Z,CHANSUM,51370,51429,60,60000,6000,0,28,0,7,0,-890,-1160,-1160,-1160
2026-09-20T08:14:19Z,CHAN,51439,51439164,1000,100,0,3,0,-1070,-1160,-1147
2026-09-20T08:15:09Z,CHANSUM,51430,51489,60,60000,6000,0,3,0,1,0,-1070,-1160,-1160,-1160
2026-09-20T08:15:34Z,CHAN,51514,51514164,1000,100,0,8,0,-890,-1160,-1127
2026-09-20T08:15:35Z,CHAN,51515,51515164,1000,100,0,30,0,-890,-1160,-1073
2026-09-20T08:16:06Z,CHAN,51546,51546164,1000,100,0,5,0,-1040,-1160,-1144
2026-09-20T08:16:09Z,CHANSUM,51490,51549,60,60000,6000,0,43,0,3,0,-890,-1160,-1160,-1160
2026-09-20T08:16:37Z,CHAN,51577,51577164,1000,100,0,8,0,-880,-1160,-1127
2026-09-20T08:16:38Z,CHAN,51578,51578164,1000,100,0,30,0,-880,-1160,-1071
2026-09-20T08:17:09Z,CHANSUM,51550,51609,60,60000,6000,0,38,0,2,0,-880,-1160,-1160,-1160
2026-09-20T08:17:47Z,CHAN,51647,51647164,1000,100,0,1,0,-920,-1160,-1146
2026-09-20T08:18:09Z,CHANSUM,51610,51669,60,60000,6000,0,1,0,1,0,-920,-1160,-1160,-1160
2026-09-20T08:18:37Z,CHAN,51697,51697164,1000,100,0,1,0,-980,-1160,-1146
2026-09-20T08:18:38Z,CHAN,51698,51698164,1000,100,0,3,0,-980,-1160,-1143
2026-09-20T08:19:09Z,CHANSUM,51670,51729,60,60000,6000,0,4,0,2,0,-980,-1160,-1160,-1160
2026-09-20T08:19:54Z,CHAN,51774,51774164,1000,100,0,9,0,-890,-1160,-1126
2026-09-20T08:19:55Z,CHAN,51775,51775164,1000,100,0,30,0,-890,-1160,-1073
2026-09-20T08:20:09Z,CHANSUM,51730,51789,60,60000,6000,0,39,0,2,0,-890,-1170,-1150,-1160
2026-09-20T08:21:07Z,CHAN,51847,51847164,1000,100,0,3,0,-1100,-1160,-1147
2026-09-20T08:21:09Z,CHANSUM,51790,51849,60,60000,6000,0,3,0,1,0,-1100,-1160,-1160,-1160
2026-09-20T08:21:19Z,CHAN,51859,51859164,1000,100,0,2,0,-880,-1170,-1143
2026-09-20T08:21:51Z,CHAN,51891,51891164,1000,100,0,3,0,-1090,-1160,-1146
2026-09-20T08:22:05Z,CHAN,51905,51905164,1000,100,0,4,0,-1060,-1160,-1145
2026-09-20T08:22:09Z,CHANSUM,51850,51909,60,60000,6000,0,9,0,3,0,-880,-1170,-1160,-1160
2026-09-20T08:22:46Z,CHAN,51946,51946164,1000,100,0,1,0,-990,-1160,-1147
2026-09-20T08:22:55Z,CHAN,51955,51955164,1000,100,0,9,0,-890,-1160,-1125
2026-09-20T08:22:56Z,CHAN,51956,51956164,1000,100,0,30,0,-890,-1160,-1072
2026-09-20T08:23:09Z,CHANSUM,51910,51969,60,60000,6000,0,40,0,3,0,-890,-1160,-1160,-1160
2026-09-20T08:24:09Z,CHAN,52029,52029164,1000,100,0,3,0,-1100,-1160,-1147
2026-09-20T08:24:09Z,CHANSUM,51970,52029,60,60000,6000,0,3,0,1,0,-1100,-1160,-1160,-1160
2026-09-20T08:24:14Z,CHAN,52034,52034164,1000,100,0,8,0,-970,-1160,-1139
2026-09-20T08:25:09Z,CHANSUM,52030,52089,60,60000,6000,0,8,0,1,0,-970,-1160,-1150,-1159
2026-09-20T08:25:49Z,CHAN,52129,52129164,1000,100,0,1,0,-1100,-1160,-1146
2026-09-20T08:26:09Z,CHANSUM,52090,52149,60,60000,6000,0,1,0,1,0,-1100,-1170,-1160,-1160
2026-09-20T08:26:26Z,CHAN,52166,52166164,1000,100,0,1,0,-960,-1160,-1147
2026-09-20T08:27:09Z,CHANSUM,52150,52209,60,60000,6000,0,1,0,1,0,-960,-1160,-1160,-1160
2026-09-20T08:27:10Z,CHAN,52210,52210164,1000,100,0,9,0,-880,-1160,-1126
2026-09-20T08:27:27Z,CHAN,52227,52227164,1000,100,0,2,0,-1090,-1160,-1146
2026-09-20T08:28:04Z,CHAN,52264,52264164,1000,100,0,13,0,-980,-1160,-1132
2026-09-20T08:28:05Z,CHAN,52265,52265164,1000,100,0,7,0,-970,-1160,-1141
2026-09-20T08:28:06Z,CHAN,52266,52266164,1000,100,0,6,0,-960,-1160,-1138
2026-09-20T08:28:09Z,CHANSUM,52210,52269,60,60000,6000,0,37,0,5,0,-880,-1160,-1150,-1159
2026-09-20T08:29:09Z,CHANSUM,52270,52329,60,60000,6000,0,0,0,0,0,-1130,-1170,-1160,-1160
2026-09-20T08:29:20Z,CHAN,52340,52340164,1000,100,0,9,0,-880,-1160,-1125
2026-09-20T08:30:09Z,CHANSUM,52330,52389,60,60000,6000,0,9,0,1,0,-880,-1160,-1160,-1160
2026-09-20T08:30:16Z,CHAN,52396,52396164,1000,100,0,2,0,-1040,-1160,-1146
2026-09-20T08:31:09Z,CHANSUM,52390,52449,60,60000,6000,0,2,0,1,0,-1040,-1160,-1160,-1160
2026-09-20T08:32:09Z,CHANSUM,52450,52509,60,60000,6000,0,0,0,0,0,-1110,-1160,-1160,-1160
2026-09-20T08:32:11Z,CHAN,52511,52511164,1000,100,0,1,0,-980,-1160,-1147
2026-09-20T08:32:25Z,CHAN,52525,52525164,1000,100,0,9,0,-880,-1160,-1125
2026-09-20T08:32:42Z,CHAN,52542,52542164,1000,100,0,2,0,-960,-1160,-1146
2026-09-20T08:33:09Z,CHANSUM,52510,52569,60,60000,6000,0,12,0,3,0,-880,-1160,-1160,-1160
2026-09-20T08:33:42Z,CHAN,52602,52602164,1000,100,0,13,0,-960,-1160,-1131
2026-09-20T08:34:09Z,CHANSUM,52570,52629,60,60000,6000,0,13,0,1,0,-960,-1160,-1160,-1160
2026-09-20T08:34:35Z,CHAN,52655,52655164,1000,100,0,9,0,-880,-1160,-1125
2026-09-20T08:34:49Z,CHAN,52669,52669164,1000,100,0,2,0,-1090,-1160,-1147
2026-09-20T08:35:07Z,CHAN,52687,52687164,1000,100,0,2,0,-1090,-1160,-1147
2026-09-20T08:35:09Z,CHANSUM,52630,52689,60,60000,6000,0,13,0,3,0,-880,-1160,-1160,-1160
2026-09-20T08:36:09Z,CHANSUM,52690,52749,60,60000,6000,0,0,0,0,0,-1110,-1160,-1160,-1160
2026-09-20T08:36:22Z,CHAN,52762,52762164,1000,100,0,1,0,-1100,-1160,-1148
2026-09-20T08:36:37Z,CHAN,52777,52777164,1000,100,0,3,0,-1070,-1160,-1146
2026-09-20T08:36:42Z,CHAN,52782,52782164,1000,100,0,3,0,-950,-1160,-1142
2026-09-20T08:36:45Z,CHAN,52785,52785164,1000,100,0,5,0,-1040,-1160,-1143
2026-09-20T08:37:09Z,CHANSUM,52750,52809,60,60000,6000,0,12,0,4,0,-950,-1170,-1160,-1160
2026-09-20T08:37:11Z,CHAN,52811,52811164,1000,100,0,3,0,-1050,-1160,-1146
2026-09-20T08:37:16Z,CHAN,52816,52816164,1000,100,0,4,0,-980,-1160,-1143
2026-09-20T08:38:09Z,CHANSUM,52810,52869,60,60000,6000,0,7,0,2,0,-980,-1170,-1150,-1160
2026-09-20T08:39:09Z,CHANSUM,52870,52929,60,60000,6000,0,0,0,0,0,-1120,-1160,-1160,-1160
2026-09-20T08:40:09Z,CHANSUM,52930,52989,60,60000,6000,0,0,0,0,0,-1130,-1160,-1160,-1160
2026-09-20T08:40:22Z,CHAN,53002,53002164,1000,100,0,5,0,-1090,-1160,-1146
2026-09-20T08:41:09Z,CHANSUM,52990,53049,60,60000,6000,0,5,0,1,0,-1090,-1160,-1160,-1160
2026-09-20T08:41:49Z,CHAN,53089,53089164,1000,100,0,9,0,-890,-1160,-1125
2026-09-20T08:41:50Z,CHAN,53090,53090164,1000,100,0,29,0,-890,-1160,-1073
2026-09-20T08:42:09Z,CHANSUM,53050,53109,60,60000,6000,0,38,0,2,0,-890,-1170,-1160,-1160
2026-09-20T08:42:29Z,CHAN,53129,53129164,1000,100,0,5,0,-1040,-1160,-1144
2026-09-20T08:43:09Z,CHANSUM,53110,53169,60,60000,6000,0,5,0,1,0,-1040,-1160,-1160,-1160
2026-09-20T08:44:09Z,CHANSUM,53170,53229,60,60000,6000,0,0,0,0,0,-1130,-1160,-1160,-1160
2026-09-20T08:44:35Z,CHAN,53255,53255164,1000,100,0,1,0,-1100,-1160,-1147
2026-09-20T08:45:09Z,CHANSUM,53230,53289,60,60000,6000,0,1,0,1,0,-1100,-1160,-1160,-1160
2026-09-20T08:46:09Z,CHANSUM,53290,53349,60,60000,6000,0,0,0,0,0,-1130,-1160,-1160,-1160
2026-09-20T08:46:55Z,CHAN,53395,53395164,1000,100,0,2,0,-920,-1160,-1144
2026-09-20T08:47:09Z,CHANSUM,53350,53409,60,60000,6000,0,2,0,1,0,-920,-1160,-1160,-1160
2026-09-20T08:48:09Z,CHANSUM,53410,53469,60,60000,6000,0,0,0,0,0,-1130,-1170,-1160,-1160
2026-09-20T08:48:10Z,CHAN,53470,53470164,1000,100,0,9,0,-880,-1160,-1124
2026-09-20T08:49:09Z,CHANSUM,53470,53529,60,60000,6000,0,9,0,1,0,-880,-1160,-1160,-1160
2026-09-20T08:49:38Z,CHAN,53558,53558164,1000,100,0,3,0,-1100,-1160,-1146
2026-09-20T08:50:09Z,CHANSUM,53530,53589,60,60000,6000,0,3,0,1,0,-1100,-1160,-1160,-1160
2026-09-20T08:50:20Z,CHAN,53600,53600164,1000,100,0,9,0,-880,-1160,-1125
2026-09-20T08:51:09Z,CHANSUM,53590,53649,60,60000,6000,0,9,0,1,0,-880,-1160,-1160,-1160
2026-09-20T08:51:41Z,CHAN,53681,53681164,1000,100,0,5,0,-860,-1160,-1134
2026-09-20T08:51:50Z,CHAN,53690,53690164,1000,100,0,5,0,-1000,-1160,-1142
2026-09-20T08:51:51Z,CHAN,53691,53691164,1000,100,0,1,0,-1100,-1160,-1147
2026-09-20T08:51:56Z,CHAN,53696,53696164,1000,100,0,4,0,-1060,-1160,-1146
2026-09-20T08:52:07Z,CHAN,53707,53707164,1000,100,0,3,0,-980,-1160,-1144
2026-09-20T08:52:09Z,CHANSUM,53650,53709,60,60000,6000,0,18,0,5,0,-860,-1170,-1160,-1160
2026-09-20T08:52:23Z,CHAN,53723,53723164,1000,100,0,4,0,-1090,-1160,-1147
2026-09-20T08:52:55Z,CHAN,53755,53755164,1000,100,0,3,0,-1060,-1160,-1146
2026-09-20T08:53:09Z,CHANSUM,53710,53769,60,60000,6000,0,7,0,2,0,-1060,-1170,-1160,-1160
2026-09-20T08:53:11Z,CHAN,53771,53771164,1000,100,0,4,0,-1060,-1160,-1145
2026-09-20T08:53:25Z,CHAN,53785,53785164,1000,100,0,9,0,-880,-1160,-1125
2026-09-20T08:53:31Z,CHAN,53791,53791164,1000,100,0,4,0,-690,-1160,-1132
2026-09-20T08:53:48Z,CHAN,53808,53808164,1000,100,0,3,0,-1060,-1160,-1145
2026-09-20T08:53:51Z,CHAN,53811,53811164,1000,100,0,5,0,-1000,-1160,-1142
2026-09-20T08:54:00Z,CHAN,53820,53820164,1000,100,0,3,0,-910,-1160,-1142
2026-09-20T08:54:01Z,CHAN,53821,53821164,1000,100,0,5,0,-1070,-1160,-1145
2026-09-20T08:54:09Z,CHANSUM,53770,53829,60,60000,6000,0,33,0,7,0,-690,-1160,-1160,-1160
2026-09-20T08:54:31Z,CHAN,53851,53851164,1000,100,0,3,0,-980,-1160,-1144
2026-09-20T08:54:34Z,CHAN,53854,53854164,1000,100,0,4,0,-1070,-1160,-1145
2026-09-20T08:54:58Z,CHAN,53878,53878164,1000,100,0,4,0,-950,-1160,-1141
2026-09-20T08:55:00Z,CHAN,53880,53880164,1000,100,0,3,0,-910,-1160,-1142
2026-09-20T08:55:09Z,CHANSUM,53830,53889,60,60000,6000,0,14,0,4,0,-910,-1160,-1150,-1159
2026-09-20T08:55:23Z,CHAN,53903,53903164,1000,100,0,4,0,-1020,-1160,-1143
2026-09-20T08:55:35Z,CHAN,53915,53915164,1000,100,0,9,0,-880,-1160,-1125
2026-09-20T08:56:07Z,CHAN,53947,53947164,1000,100,0,13,0,-950,-1160,-1130
2026-09-20T08:56:09Z,CHAN,53949,53949164,1000,100,0,5,0,-1040,-1170,-1143
2026-09-20T08:56:09Z,CHANSUM,53890,53949,60,60000,6000,0,31,0,4,0,-880,-1170,-1160,-1160
2026-09-20T08:56:13Z,CHAN,53953,53953164,1000,100,0,3,0,-970,-1160,-1144
2026-09-20T08:56:21Z,CHAN,53961,53961164,1000,100,0,4,0,-1060,-1160,-1145
2026-09-20T08:56:40Z,CHAN,53980,53980164,1000,100,0,2,0,-1100,-1160,-1147
2026-09-20T08:56:56Z,CHAN,53996,53996164,1000,100,0,3,0,-980,-1160,-1144
2026-09-20T08:57:09Z,CHANSUM,53950,54009,60,60000,6000,0,12,0,4,0,-970,-1160,-1150,-1159
2026-09-20T08:57:10Z,CHAN,54010,54010164,1000,100,0,3,0,-1070,-1160,-1146
2026-09-20T08:57:41Z,CHAN,54041,54041164,1000,100,0,4,0,-1060,-1160,-1145
2026-09-20T08:57:56Z,CHAN,54056,54056164,1000,100,0,3,0,-980,-1160,-1144
2026-09-20T08:58:00Z,CHAN,54060,54060164,1000,100,0,4,0,-1070,-1160,-1145
2026-09-20T08:58:09Z,CHANSUM,54010,54069,60,60000,6000,0,14,0,4,0,-980,-1160,-1160,-1160
2026-09-20T08:58:22Z,CHAN,54082,54082164,1000,100,0,2,0,-1060,-1160,-1147
2026-09-20T08:58:23Z,CHAN,54083,54083164,1000,100,0,1,0,-1060,-1160,-1147
2026-09-20T08:58:40Z,CHAN,54100,54100164,1000,100,0,3,0,-1060,-1160,-1147
2026-09-20T08:58:55Z,CHAN,54115,54115164,1000,100,0,9,0,-960,-1160,-1137
2026-09-20T08:58:56Z,CHAN,54116,54116164,1000,100,0,19,0,-940,-1160,-1116
2026-09-20T08:59:09Z,CHAN,54129,54129164,1000,100,0,3,0,-1040,-1160,-1146
2026-09-20T08:59:09Z,CHANSUM,54070,54129,60,60000,6000,0,37,0,6,0,-940,-1170,-1160,-1160
2026-09-20T08:59:19Z,CHAN,54139,54139164,1000,100,0,4,0,-900,-1160,-1139
2026-09-20T08:59:23Z,CHAN,54143,54143164,1000,100,0,1,0,-1100,-1160,-1147
2026-09-20T08:59:32Z,CHAN,54152,54152164,1000,100,0,4,0,-710,-1160,-1135
2026-09-20T08:59:46Z,CHAN,54166,54166164,1000,100,0,8,0,-1020,-1160,-1139
2026-09-20T09:00:09Z,CHANSUM,54130,54189,60,60000,6000,0,17,0,4,0,-710,-1160,-1160,-1160
2026-09-20T09:00:26Z,CHAN,54206,54206164,1000,100,0,5,0,-990,-1160,-1141
2026-09-20T09:01:09Z,CHANSUM,54190,54249,60,60000,6000,0,5,0,1,0,-990,-1160,-1160,-1160
2026-09-20T09:01:17Z,CHAN,54257,54257164,1000,100,0,5,0,-1020,-1160,-1142
2026-09-20T09:01:53Z,CHAN,54293,54293164,1000,100,0,1,0,-1100,-1160,-1147
2026-09-20T09:02:03Z,CHAN,54303,54303164,1000,100,0,4,0,-1060,-1160,-1145
2026-09-20T09:02:09Z,CHANSUM,54250,54309,60,60000,6000,0,10,0,3,0,-1020,-1160,-1160,-1160
2026-09-20T09:03:02Z,CHAN,54362,54362164,1000,100,0,5,0,-880,-1160,-1137
2026-09-20T09:03:09Z,CHANSUM,54310,54369,60,60000,6000,0,5,0,1,0,-880,-1160,-1160,-1160
2026-09-20T09:04:09Z,CHANSUM,54370,54429,60,60000,6000,0,0,0,0,0,-1130,-1160,-1160,-1160
2026-09-20T09:04:55Z,CHAN,54475,54475164,1000,100,0,10,0,-890,-1160,-1122
2026-09-20T09:04:56Z,CHAN,54476,54476164,1000,100,0,29,0,-890,-1160,-1074
2026-09-20T09:05:09Z,CHANSUM,54430,54489,60,60000,6000,0,39,0,2,0,-890,-1160,-1160,-1160
2026-09-20T09:06:09Z,CHANSUM,54490,54549,60,60000,6000,0,0,0,0,0,-1120,-1160,-1160,-1160
2026-09-20T09:07:09Z,CHANSUM,54550,54609,60,60000,6000,0,0,0,0,0,-1130,-1160,-1160,-1160
2026-09-20T09:07:10Z,CHAN,54610,54610164,1000,100,0,28,0,-950,-1160,-1104
2026-09-20T09:07:30Z,CHAN,54630,54630164,1000,100,0,1,0,-1080,-1160,-1148
2026-09-20T09:07:31Z,CHAN,54631,54631164,1000,100,0,1,0,-1000,-1160,-1147
2026-09-20T09:08:09Z,CHANSUM,54610,54669,60,60000,6000,0,30,0,3,0,-950,-1160,-1160,-1160
2026-09-20T09:08:17Z,CHAN,54677,54677164,1000,100,0,5,0,-1060,-1160,-1143
2026-09-20T09:09:09Z,CHANSUM,54670,54729,60,60000,6000,0,5,0,1,0,-1060,-1160,-1160,-1160
2026-09-20T09:09:10Z,CHAN,54730,54730164,1000,100,0,10,0,-890,-1160,-1123
2026-09-20T09:09:39Z,CHAN,54759,54759164,1000,100,0,2,0,-1090,-1160,-1147
2026-09-20T09:10:09Z,CHANSUM,54730,54789,60,60000,6000,0,12,0,2,0,-890,-1160,-1160,-1160
2026-09-20T09:11:09Z,CHANSUM,54790,54849,60,60000,6000,0,0,0,0,0,-1120,-1160,-1160,-1160
2026-09-20T09:11:17Z,CHAN,54857,54857164,1000,100,0,9,0,-880,-1160,-1124
2026-09-20T09:11:20Z,CHAN,54860,54860164,1000,100,0,9,0,-880,-1160,-1125
2026-09-20T09:11:21Z,CHAN,54861,54861164,1000,100,0,10,0,-880,-1160,-1122
2026-09-20T09:11:22Z,CHAN,54862,54862164,1000,100,0,29,0,-880,-1160,-1072
2026-09-20T09:11:49Z,CHAN,54889,54889164,1000,100,0,3,0,-1050,-1160,-1146
2026-09-20T09:11:50Z,CHAN,54890,54890164,1000,100,0,2,0,-1060,-1160,-1146
2026-09-20T09:12:09Z,CHANSUM,54850,54909,60,60000,6000,0,62,0,6,0,-880,-1160,-1160,-1160
2026-09-20T09:12:29Z,CHAN,54929,54929164,1000,100,0,1,0,-930,-1160,-1146
2026-09-20T09:13:09Z,CHANSUM,54910,54969,60,60000,6000,0,1,0,1,0,-930,-1160,-1160,-1160
2026-09-20T09:13:41Z,CHAN,55001,55001164,1000,100,0,3,0,-1050,-1160,-1145
2026-09-20T09:13:42Z,CHAN,55002,55002164,1000,100,0,2,0,-1050,-1160,-1147
2026-09-20T09:14:09Z,CHANSUM,54970,55029,60,60000,6000,0,5,0,2,0,-1050,-1160,-1160,-1160
2026-09-20T09:15:09Z,CHANSUM,55030,55089,60,60000,6000,0,0,0,0,0,-1130,-1160,-1160,-1160
2026-09-20T09:15:40Z,CHAN,55120,55120164,1000,100,0,3,0,-1090,-1160,-1146
2026-09-20T09:15:56Z,CHAN,55136,55136164,1000,100,0,8,0,-960,-1160,-1137
2026-09-20T09:16:09Z,CHANSUM,55090,55149,60,60000,6000,0,11,0,2,0,-960,-1160,-1160,-1160
2026-09-20T09:17:09Z,CHANSUM,55150,55209,60,60000,6000,0,0,0,0,0,-1130,-1160,-1160,-1160
2026-09-20T09:17:26Z,CHAN,55226,55226164,1000,100,0,2,0,-1100,-1160,-1148
2026-09-20T09:17:38Z,CHAN,55238,55238164,1000,100,0,2,0,-910,-1160,-1146
2026-09-20T09:18:09Z,CHANSUM,55210,55269,60,60000,6000,0,4,0,2,0,-910,-1170,-1160,-1160
2026-09-20T09:19:09Z,CHANSUM,55270,55329,60,60000,6000,0,0,0,0,0,-1110,-1160,-1160,-1160
2026-09-20T09:19:22Z,CHAN,55342,55342164,1000,100,0,3,0,-1070,-1160,-1147
2026-09-20T09:19:32Z,CHAN,55352,55352164,1000,100,0,4,0,-860,-1160,-1137
2026-09-20T09:19:44Z,CHAN,55364,55364164,1000,100,0,4,0,-1060,-1160,-1145
2026-09-20T09:20:09Z,CHANSUM,55330,55389,60,60000,6000,0,11,0,3,0,-860,-1160,-1160,-1160
2026-09-20T09:21:09Z,CHANSUM,55390,55449,60,60000,6000,0,0,0,0,0,-1110,-1160,-1160,-1160
2026-09-20T09:22:09Z,CHANSUM,55450,55509,60,60000,6000,0,0,0,0,0,-1130,-1160,-1160,-1160
2026-09-20T09:22:25Z,CHAN,55525,55525164,1000,100,0,1,0,-990,-1160,-1147
2026-09-20T09:22:26Z,CHAN,55526,55526164,1000,100,0,1,0,-1040,-1160,-1147
2026-09-20T09:22:45Z,CHAN,55545,55545164,1000,100,0,2,0,-880,-1160,-1145
2026-09-20T09:22:50Z,CHAN,55550,55550164,1000,100,0,9,0,-890,-1160,-1125
2026-09-20T09:23:09Z,CHANSUM,55510,55569,60,60000,6000,0,13,0,4,0,-880,-1160,-1150,-1159
2026-09-20T09:23:13Z,CHAN,55573,55573164,1000,100,0,5,0,-1070,-1160,-1144
2026-09-20T09:24:09Z,CHANSUM,55570,55629,60,60000,6000,0,5,0,1,0,-1070,-1160,-1160,-1160
2026-09-20T09:24:29Z,CHAN,55649,55649164,1000,100,0,5,0,-1060,-1160,-1144
2026-09-20T09:24:32Z,CHAN,55652,55652164,1000,100,0,3,0,-1100,-1160,-1147
2026-09-20T09:24:50Z,CHAN,55670,55670164,1000,100,0,9,0,-960,-1160,-1138
2026-09-20T09:25:00Z,CHAN,55680,55680164,1000,100,0,9,0,-890,-1160,-1125
2026-09-20T09:25:09Z,CHANSUM,55630,55689,60,60000,6000,0,26,0,4,0,-890,-1170,-1160,-1160
2026-09-20T09:26:09Z,CHANSUM,55690,55749,60,60000,6000,0,0,0,0,0,-1120,-1160,-1160,-1160
2026-09-20T09:27:09Z,CHANSUM,55750,55809,60,60000,6000,0,0,0,0,0,-1130,-1160,-1160,-1160
2026-09-20T09:27:53Z,CHAN,55853,55853164,1000,100,0,2,0,-1100,-1160,-1146
2026-09-20T09:28:05Z,CHAN,55865,55865164,1000,100,0,9,0,-880,-1160,-1125
2026-09-20T09:28:09Z,CHANSUM,55810,55869,60,60000,6000,0,11,0,2,0,-880,-1170,-1160,-1160
2026-09-20T09:28:36Z,CHAN,55896,55896164,1000,100,0,5,0,-1020,-1160,-1143
2026-09-20T09:29:09Z,CHANSUM,55870,55929,60,60000,6000,0,5,0,1,0,-1020,-1160,-1160,-1160
2026-09-20T09:30:09Z,CHANSUM,55930,55989,60,60000,6000,0,0,0,0,0,-1120,-1160,-1160,-1160
2026-09-20T09:30:15Z,CHAN,55995,55995164,1000,100,0,9,0,-880,-1160,-1124
2026-09-20T09:31:09Z,CHANSUM,55990,56049,60,60000,6000,0,9,0,1,0,-880,-1160,-1150,-1159
2026-09-20T09:31:59Z,CHAN,56099,56099164,1000,100,0,5,0,-1090,-1160,-1147
2026-09-20T09:32:09Z,CHANSUM,56050,56109,60,60000,6000,0,5,0,1,0,-1090,-1170,-1160,-1160
2026-09-20T09:32:28Z,CHAN,56128,56128164,1000,100,0,3,0,-1080,-1160,-1147
2026-09-20T09:32:29Z,CHAN,56129,56129164,1000,100,0,2,0,-1080,-1160,-1148
2026-09-20T09:33:00Z,CHAN,56160,56160164,1000,100,0,1,0,-970,-1160,-1146
2026-09-20T09:33:09Z,CHANSUM,56110,56169,60,60000,6000,0,6,0,3,0,-970,-1160,-1160,-1160
2026-09-20T09:34:09Z,CHANSUM,56170,56229,60,60000,6000,0,0,0,0,0,-1120,-1160,-1160,-1160
2026-09-20T09:35:05Z,CHAN,56285,56285164,1000,100,0,5,0,-1060,-1160,-1145
2026-09-20T09:35:09Z,CHAN,56289,56289164,1000,100,0,3,0,-970,-1160,-1144
2026-09-20T09:35:09Z,CHANSUM,56230,56289,60,60000,6000,0,8,0,2,0,-970,-1160,-1160,-1160
2026-09-20T09:35:10Z,CHAN,56290,56290164,1000,100,0,2,0,-980,-1160,-1145
2026-09-20T09:36:09Z,CHANSUM,56290,56349,60,60000,6000,0,2,0,1,0,-980,-1160,-1160,-1160
2026-09-20T09:37:09Z,CHANSUM,56350,56409,60,60000,6000,0,0,0,0,0,-1130,-1160,-1160,-1160
2026-09-20T09:37:20Z,CHAN,56420,56420164,1000,100,0,1,0,-920,-1160,-1147
2026-09-20T09:38:09Z,CHANSUM,56410,56469,60,60000,6000,0,1,0,1,0,-920,-1160,-1160,-1160
2026-09-20T09:38:10Z,CHAN,56470,56470164,1000,100,0,5,0,-1060,-1160,-1144
2026-09-20T09:39:09Z,CHANSUM,56470,56529,60,60000,6000,0,5,0,1,0,-1060,-1160,-1160,-1160
2026-09-20T09:40:09Z,CHANSUM,56530,56589,60,60000,6000,0,0,0,0,0,-1130,-1170,-1160,-1160
2026-09-20T09:40:52Z,CHAN,56632,56632164,1000,100,0,5,0,-980,-1160,-1141
2026-09-20T09:41:09Z,CHANSUM,56590,56649,60,60000,6000,0,5,0,1,0,-980,-1160,-1160,-1160
2026-09-20T09:41:23Z,CHAN,56663,56663164,1000,100,0,9,0,-960,-1160,-1138
2026-09-20T09:41:41Z,CHAN,56681,56681164,1000,100,0,5,0,-980,-1160,-1140
2026-09-20T09:41:42Z,CHAN,56682,56682164,1000,100,0,5,0,-1060,-1160,-1144
2026-09-20T09:42:09Z,CHANSUM,56650,56709,60,60000,6000,0,19,0,3,0,-960,-1160,-1160,-1160
2026-09-20T09:42:49Z,CHAN,56749,56749164,1000,100,0,1,0,-1100,-1160,-1147
2026-09-20T09:42:56Z,CHAN,56756,56756164,1000,100,0,5,0,-980,-1160,-1140
2026-09-20T09:43:09Z,CHANSUM,56710,56769,60,60000,6000,0,6,0,2,0,-980,-1160,-1160,-1160
2026-09-20T09:43:14Z,CHAN,56774,56774164,1000,100,0,2,0,-880,-1160,-1145
2026-09-20T09:43:50Z,CHAN,56810,56810164,1000,100,0,9,0,-880,-1160,-1125
2026-09-20T09:43:59Z,CHAN,56819,56819164,1000,100,0,4,0,-1090,-1160,-1146
2026-09-20T09:44:03Z,CHAN,56823,56823164,1000,100,0,3,0,-1060,-1160,-1146
2026-09-20T09:44:09Z,CHANSUM,56770,56829,60,60000,6000,0,18,0,4,0,-880,-1160,-1160,-1160
2026-09-20T09:44:13Z,CHAN,56833,56833164,1000,100,0,3,0,-1070,-1160,-1147
2026-09-20T09:44:18Z,CHAN,56838,56838164,1000,100,0,3,0,-1060,-1160,-1147
2026-09-20T09:44:23Z,CHAN,56843,56843164,1000,100,0,4,0,-1040,-1160,-1143
2026-09-20T09:44:30Z,CHAN,56850,56850164,1000,100,0,4,0,-1060,-1160,-1145
2026-09-20T09:44:36Z,CHAN,56856,56856164,1000,100,0,3,0,-1020,-1160,-1145
2026-09-20T09:45:09Z,CHANSUM,56830,56889,60,60000,6000,0,17,0,5,0,-1020,-1160,-1150,-1159
2026-09-20T09:45:11Z,CHAN,56891,56891164,1000,100,0,1,0,-1100,-1160,-1147
2026-09-20T09:46:00Z,CHAN,56940,56940164,1000,100,0,9,0,-890,-1160,-1125
2026-09-20T09:46:02Z,CHAN,56942,56942164,1000,100,0,3,0,-1060,-1160,-1146
2026-09-20T09:46:09Z,CHANSUM,56890,56949,60,60000,6000,0,13,0,3,0,-890,-1170,-1160,-1160
2026-09-20T09:46:14Z,CHAN,56954,56954164,1000,100,0,2,0,-1090,-1160,-1147
2026-09-20T09:46:24Z,CHAN,56964,56964164,1000,100,0,4,0,-710,-1160,-1133
2026-09-20T09:46:29Z,CHAN,56969,56969164,1000,100,0,4,0,-980,-1160,-1143
2026-09-20T09:46:33Z,CHAN,56973,56973164,1000,100,0,3,0,-1070,-1160,-1147
2026-09-20T09:46:55Z,CHAN,56995,56995164,1000,100,0,2,0,-1100,-1160,-1146
2026-09-20T09:46:56Z,CHAN,56996,56996164,1000,100,0,3,0,-1060,-1160,-1146
2026-09-20T09:47:08Z,CHAN,57008,57008164,1000,100,0,2,0,-1090,-1160,-1147
2026-09-20T09:47:09Z,CHANSUM,56950,57009,60,60000,6000,0,20,0,7,0,-710,-1160,-1160,-1160
2026-09-20T09:47:37Z,CHAN,57037,57037164,1000,100,0,4,0,-1020,-1160,-1144
2026-09-20T09:47:41Z,CHAN,57041,57041164,1000,100,0,4,0,-1030,-1160,-1144
2026-09-20T09:48:00Z,CHAN,57060,57060164,1000,100,0,4,0,-1090,-1160,-1145
2026-09-20T09:48:09Z,CHANSUM,57010,57069,60,60000,6000,0,12,0,3,0,-1020,-1160,-1160,-1160
2026-09-20T09:48:16Z,CHAN,57076,57076164,1000,100,0,3,0,-1020,-1160,-1145
2026-09-20T09:48:21Z,CHAN,57081,57081164,1000,100,0,1,0,-1080,-1160,-1147
2026-09-20T09:49:01Z,CHAN,57121,57121164,1000,100,0,4,0,-1050,-1160,-1145
2026-09-20T09:49:02Z,CHAN,57122,57122164,1000,100,0,10,0,-880,-1160,-1123
2026-09-20T09:49:03Z,CHAN,57123,57123164,1000,100,0,28,0,-880,-1160,-1075
2026-09-20T09:49:04Z,CHAN,57124,57124164,1000,100,0,5,0,-870,-1160,-1138
2026-09-20T09:49:05Z,CHAN,57125,57125164,1000,100,0,13,0,-880,-1160,-1120
2026-09-20T09:49:09Z,CHANSUM,57070,57129,60,60000,6000,0,64,0,7,0,-870,-1160,-1160,-1160
2026-09-20T09:49:22Z,CHAN,57142,57142164,1000,100,0,4,0,-880,-1160,-1138
2026-09-20T09:49:24Z,CHAN,57144,57144164,1000,100,0,3,0,-1040,-1160,-1147
2026-09-20T09:49:26Z,CHAN,57146,57146164,1000,100,0,2,0,-1100,-1160,-1146
2026-09-20T09:49:34Z,CHAN,57154,57154164,1000,100,0,3,0,-1070,-1160,-1147
2026-09-20T09:49:57Z,CHAN,57177,57177164,1000,100,0,3,0,-1060,-1160,-1145
2026-09-20T09:50:04Z,CHAN,57184,57184164,1000,100,0,3,0,-1070,-1160,-1145
2026-09-20T09:50:09Z,CHANSUM,57130,57189,60,60000,6000,0,18,0,6,0,-880,-1160,-1160,-1160
2026-09-20T09:50:14Z,CHAN,57194,57194164,1000,100,0,4,0,-1060,-1160,-1146
2026-09-20T09:50:23Z,CHAN,57203,57203164,1000,100,0,8,0,-970,-1160,-1138
2026-09-20T09:50:31Z,CHAN,57211,57211164,1000,100,0,2,0,-1100,-1160,-1147
2026-09-20T09:50:52Z,CHAN,57232,57232164,1000,100,0,3,0,-1080,-1160,-1146
2026-09-20T09:50:57Z,CHAN,57237,57237164,1000,100,0,3,0,-1060,-1160,-1146
2026-09-20T09:51:09Z,CHANSUM,57190,57249,60,60000,6000,0,20,0,5,0,-970,-1160,-1160,-1160
2026-09-20T09:51:15Z,CHAN,57255,57255164,1000,100,0,9,0,-880,-1160,-1125
2026-09-20T09:51:56Z,CHAN,57296,57296164,1000,100,0,4,0,-1050,-1160,-1145
2026-09-20T09:52:07Z,CHAN,57307,57307164,1000,100,0,4,0,-940,-1160,-1143
2026-09-20T09:52:09Z,CHANSUM,57250,57309,60,60000,6000,0,17,0,3,0,-880,-1160,-1160,-1160
2026-09-20T09:52:15Z,CHAN,57315,57315164,1000,100,0,4,0,-1060,-1160,-1146
2026-09-20T09:52:19Z,CHAN,57319,57319164,1000,100,0,4,0,-1000,-1160,-1144
2026-09-20T09:52:21Z,CHAN,57321,57321164,1000,100,0,4,0,-1050,-1160,-1145
2026-09-20T09:53:09Z,CHANSUM,57310,57369,60,60000,6000,0,12,0,3,0,-1000,-1160,-1150,-1159
2026-09-20T09:53:28Z,CHAN,57388,57388164,1000,100,0,2,0,-860,-1160,-1143
2026-09-20T09:54:09Z,CHANSUM,57370,57429,60,60000,6000,0,2,0,1,0,-860,-1160,-1160,-1160
2026-09-20T09:55:01Z,CHAN,57481,57481164,1000,100,0,3,0,-1080,-1160,-1147
2026-09-20T09:55:09Z,CHANSUM,57430,57489,60,60000,6000,0,3,0,1,0,-1080,-1160,-1160,-1160
2026-09-20T09:56:09Z,CHANSUM,57490,57549,60,60000,6000,0,0,0,0,0,-1130,-1160,-1160,-1160
2026-09-20T09:56:55Z,CHAN,57595,57595164,1000,100,0,5,0,-950,-1160,-1140
2026-09-20T09:57:09Z,CHANSUM,57550,57609,60,60000,6000,0,5,0,1,0,-950,-1170,-1160,-1160
2026-09-20T09:57:19Z,CHAN,57619,57619164,1000,100,0,4,0,-1070,-1160,-1145
2026-09-20T09:57:20Z,CHAN,57620,57620164,1000,100,0,1,0,-1070,-1160,-1146
2026-09-20T09:58:09Z,CHANSUM,57610,57669,60,60000,6000,0,5,0,2,0,-1070,-1160,-1160,-1160
2026-09-20T09:58:27Z,CHAN,57687,57687164,1000,100,0,5,0,-1060,-1160,-1144
2026-09-20T09:58:32Z,CHAN,57692,57692164,1000,100,0,5,0,-940,-1160,-1138
2026-09-20T09:59:09Z,CHANSUM,57670,57729,60,60000,6000,0,10,0,2,0,-940,-1160,-1160,-1160
2026-09-20T10:00:09Z,CHAN,57789,57789164,1000,100,0,5,0,-980,-1160,-1141
2026-09-20T10:00:09Z,CHANSUM,57730,57789,60,60000,6000,0,5,0,1,0,-980,-1160,-1160,-1160
2026-09-20T10:01:09Z,CHANSUM,57790,57849,60,60000,6000,0,0,0,0,0,-1130,-1170,-1160,-1160
2026-09-20T10:02:09Z,CHANSUM,57850,57909,60,60000,6000,0,0,0,0,0,-1120,-1160,-1160,-1160
2026-09-20T10:03:09Z,CHANSUM,57910,57969,60,60000,6000,0,0,0,0,0,-1120,-1170,-1160,-1160
2026-09-20T10:03:52Z,CHAN,58012,58012164,1000,100,0,11,0,-890,-1160,-1121
2026-09-20T10:03:53Z,CHAN,58013,58013164,1000,100,0,28,0,-890,-1160,-1079
2026-09-20T10:03:54Z,CHAN,58014,58014164,1000,100,0,4,0,-860,-1160,-1140
2026-09-20T10:04:09Z,CHANSUM,57970,58029,60,60000,6000,0,43,0,3,0,-860,-1170,-1160,-1160
2026-09-20T10:04:10Z,CHAN,58030,58030164,1000,100,0,5,0,-1060,-1160,-1145
2026-09-20T10:04:29Z,CHAN,58049,58049164,1000,100,0,5,0,-1060,-1160,-1145
2026-09-20T10:04:50Z,CHAN,58070,58070164,1000,100,0,9,0,-890,-1160,-1126
2026-09-20T10:05:09Z,CHANSUM,58030,58089,60,60000,6000,0,19,0,3,0,-890,-1160,-1160,-1160
2026-09-20T10:05:45Z,CHAN,58125,58125164,1000,100,0,5,0,-1060,-1160,-1145
2026-09-20T10:06:09Z,CHANSUM,58090,58149,60,60000,6000,0,5,0,1,0,-1060,-1170,-1160,-1160
2026-09-20T10:06:52Z,CHAN,58192,58192164,1000,100,0,5,0,-1070,-1160,-1144
2026-09-20T10:07:00Z,CHAN,58200,58200164,1000,100,0,14,0,-890,-1160,-1122
2026-09-20T10:07:09Z,CHANSUM,58150,58209,60,60000,6000,0,19,0,2,0,-890,-1160,-1160,-1160
2026-09-20T10:08:09Z,CHANSUM,58210,58269,60,60000,6000,0,0,0,0,0,-1120,-1160,-1160,-1160
2026-09-20T10:09:09Z,CHANSUM,58270,58329,60,60000,6000,0,0,0,0,0,-1120,-1160,-1150,-1159
2026-09-20T10:10:05Z,CHAN,58385,58385164,1000,100,0,9,0,-890,-1160,-1126
2026-09-20T10:10:09Z,CHANSUM,58330,58389,60,60000,6000,0,9,0,1,0,-890,-1170,-1160,-1160
2026-09-20T10:10:17Z,CHAN,58397,58397164,1000,100,0,14,0,-970,-1160,-1129
2026-09-20T10:11:09Z,CHANSUM,58390,58449,60,60000,6000,0,14,0,1,0,-970,-1160,-1160,-1160
2026-09-20T10:12:09Z,CHANSUM,58450,58509,60,60000,6000,0,0,0,0,0,-1130,-1160,-1160,-1160
2026-09-20T10:12:15Z,CHAN,58515,58515164,1000,100,0,9,0,-900,-1160,-1126
2026-09-20T10:12:50Z,CHAN,58550,58550164,1000,100,0,4,0,-920,-1160,-1139
2026-09-20T10:12:51Z,CHAN,58551,58551164,1000,100,0,1,0,-920,-1160,-1146
2026-09-20T10:13:09Z,CHANSUM,58510,58569,60,60000,6000,0,14,0,3,0,-900,-1160,-1160,-1160
2026-09-20T10:13:37Z,CHAN,58597,58597164,1000,100,0,2,0,-910,-1160,-1144
2026-09-20T10:13:57Z,CHAN,58617,58617164,1000,100,0,1,0,-900,-1160,-1145
2026-09-20T10:14:09Z,CHAN,58629,58629164,1000,100,0,2,0,-1100,-1160,-1147
2026-09-20T10:14:09Z,CHANSUM,58570,58629,60,60000,6000,0,5,0,3,0,-900,-1160,-1160,-1160
2026-09-20T10:14:36Z,CHAN,58656,58656164,1000,100,0,5,0,-1090,-1160,-1146
2026-09-20T10:14:49Z,CHAN,58669,58669164,1000,100,0,5,0,-860,-1160,-1134
2026-09-20T10:15:09Z,CHANSUM,58630,58689,60,60000,6000,0,10,0,2,0,-860,-1160,-1160,-1160
2026-09-20T10:15:43Z,CHAN,58723,58723164,1000,100,0,5,0,-1060,-1160,-1145
2026-09-20T10:16:09Z,CHANSUM,58690,58749,60,60000,6000,0,5,0,1,0,-1060,-1160,-1160,-1160
2026-09-20T10:17:09Z,CHANSUM,58750,58809,60,60000,6000,0,0,0,0,0,-1120,-1170,-1150,-1159
2026-09-20T10:17:26Z,CHAN,58826,58826164,1000,100,0,5,0,-1080,-1160,-1146
2026-09-20T10:18:09Z,CHANSUM,58810,58869,60,60000,6000,0,5,0,1,0,-1080,-1160,-1160,-1160
2026-09-20T10:19:09Z,CHANSUM,58870,58929,60,60000,6000,0,0,0,0,0,-1110,-1160,-1160,-1160
2026-09-20T10:19:24Z,CHAN,58944,58944164,1000,100,0,3,0,-980,-1160,-1144
2026-09-20T10:19:25Z,CHAN,58945,58945164,1000,100,0,1,0,-1000,-1160,-1147
2026-09-20T10:19:35Z,CHAN,58955,58955164,1000,100,0,4,0,-900,-1160,-1139
2026-09-20T10:19:50Z,CHAN,58970,58970164,1000,100,0,1,0,-1100,-1160,-1147
2026-09-20T10:20:09Z,CHANSUM,58930,58989,60,60000,6000,0,9,0,4,0,-900,-1160,-1160,-1160
2026-09-20T10:20:10Z,CHAN,58990,58990164,1000,100,0,3,0,-1090,-1160,-1146
2026-09-20T10:20:15Z,CHAN,58995,58995164,1000,100,0,2,0,-1100,-1160,-1146
2026-09-20T10:20:33Z,CHAN,59013,59013164,1000,100,0,2,0,-1090,-1160,-1146
2026-09-20T10:20:38Z,CHAN,59018,59018164,1000,100,0,3,0,-1060,-1160,-1146
2026-09-20T10:20:45Z,CHAN,59025,59025164,1000,100,0,4,0,-1020,-1160,-1145
2026-09-20T10:20:56Z,CHAN,59036,59036164,1000,100,0,1,0,-1100,-1160,-1147
2026-09-20T10:20:57Z,CHAN,59037,59037164,1000,100,0,1,0,-1100,-1160,-1147
2026-09-20T10:21:09Z,CHANSUM,58990,59049,60,60000,6000,0,16,0,7,0,-1020,-1160,-1160,-1160
2026-09-20T10:21:13Z,CHAN,59053,59053164,1000,100,0,12,0,-1060,-1160,-1140
2026-09-20T10:21:18Z,CHAN,59058,59058164,1000,100,0,1,0,-1100,-1160,-1147
2026-09-20T10:21:26Z,CHAN,59066,59066164,1000,100,0,7,0,-1070,-1160,-1144
2026-09-20T10:21:27Z,CHAN,59067,59067164,1000,100,0,1,0,-1090,-1160,-1149
2026-09-20T10:21:37Z,CHAN,59077,59077164,1000,100,0,3,0,-1040,-1160,-1146
2026-09-20T10:22:06Z,CHAN,59106,59106164,1000,100,0,4,0,-1040,-1160,-1144
2026-09-20T10:22:09Z,CHANSUM,59050,59109,60,60000,6000,0,28,0,6,0,-1040,-1160,-1160,-1160
2026-09-20T10:22:16Z,CHAN,59116,59116164,1000,100,0,3,0,-1070,-1160,-1147
2026-09-20T10:22:48Z,CHAN,59148,59148164,1000,100,0,7,0,-1070,-1160,-1144
2026-09-20T10:22:54Z,CHAN,59154,59154164,1000,100,0,1,0,-1100,-1160,-1148
2026-09-20T10:23:09Z,CHANSUM,59110,59169,60,60000,6000,0,11,0,3,0,-1070,-1160,-1150,-1159
2026-09-20T10:23:10Z,CHAN,59170,59170164,1000,100,0,1,0,-1100,-1160,-1147
2026-09-20T10:23:11Z,CHAN,59171,59171164,1000,100,0,1,0,-1090,-1160,-1148
2026-09-20T10:23:34Z,CHAN,59194,59194164,1000,100,0,2,0,-1090,-1160,-1147
2026-09-20T10:23:35Z,CHAN,59195,59195164,1000,100,0,1,0,-1090,-1160,-1148
2026-09-20T10:23:42Z,CHAN,59202,59202164,1000,100,0,1,0,-1100,-1160,-1148
2026-09-20T10:23:45Z,CHAN,59205,59205164,1000,100,0,9,0,-900,-1160,-1127
2026-09-20T10:23:49Z,CHAN,59209,59209164,1000,100,0,3,0,-940,-1160,-1143
2026-09-20T10:24:00Z,CHAN,59220,59220164,1000,100,0,5,0,-1060,-1160,-1145
2026-09-20T10:24:04Z,CHAN,59224,59224164,1000,100,0,9,0,-870,-1160,-1131
2026-09-20T10:24:09Z,CHANSUM,59170,59229,60,60000,6000,0,32,0,9,0,-870,-1170,-1160,-1160
2026-09-20T10:24:18Z,CHAN,59238,59238164,1000,100,0,1,0,-1100,-1160,-1147
2026-09-20T10:24:39Z,CHAN,59259,59259164,1000,100,0,3,0,-1060,-1160,-1146
2026-09-20T10:24:56Z,CHAN,59276,59276164,1000,100,0,2,0,-1100,-1160,-1147
2026-09-20T10:25:02Z,CHAN,59282,59282164,1000,100,0,4,0,-1060,-1160,-1145
2026-09-20T10:25:09Z,CHANSUM,59230,59289,60,60000,6000,0,10,0,4,0,-1060,-1160,-1160,-1160
2026-09-20T10:25:16Z,CHAN,59296,59296164,1000,100,0,3,0,-1060,-1160,-1146
2026-09-20T10:25:26Z,CHAN,59306,59306164,1000,100,0,1,0,-870,-1160,-1145
2026-09-20T10:25:27Z,CHAN,59307,59307164,1000,100,0,3,0,-860,-1160,-1140
2026-09-20T10:25:38Z,CHAN,59318,59318164,1000,100,0,4,0,-1060,-1160,-1147
2026-09-20T10:25:47Z,CHAN,59327,59327164,1000,100,0,3,0,-1060,-1160,-1147
2026-09-20T10:25:55Z,CHAN,59335,59335164,1000,100,0,9,0,-900,-1160,-1126
2026-09-20T10:26:09Z,CHANSUM,59290,59349,60,60000,6000,0,23,0,6,0,-860,-1160,-1160,-1160
2026-09-20T10:26:10Z,CHAN,59350,59350164,1000,100,0,3,0,-1080,-1160,-1147
2026-09-20T10:26:13Z,CHAN,59353,59353164,1000,100,0,4,0,-980,-1160,-1142
2026-09-20T10:26:30Z,CHAN,59370,59370164,1000,100,0,3,0,-980,-1160,-1144
2026-09-20T10:26:39Z,CHAN,59379,59379164,1000,100,0,3,0,-1090,-1160,-1146
2026-09-20T10:26:49Z,CHAN,59389,59389164,1000,100,0,6,0,-960,-1160,-1137
2026-09-20T10:27:05Z,CHAN,59405,59405164,1000,100,0,3,0,-880,-1160,-1141
2026-09-20T10:27:09Z,CHANSUM,59350,59409,60,60000,6000,0,22,0,6,0,-880,-1160,-1160,-1160
2026-09-20T10:27:16Z,CHAN,59416,59416164,1000,100,0,3,0,-950,-1160,-1143
2026-09-20T10:27:20Z,CHAN,59420,59420164,1000,100,0,1,0,-1100,-1160,-1147
2026-09-20T10:27:53Z,CHAN,59453,59453164,1000,100,0,4,0,-860,-1160,-1137
2026-09-20T10:28:03Z,CHAN,59463,59463164,1000,100,0,5,0,-1070,-1160,-1146
2026-09-20T10:28:09Z,CHANSUM,59410,59469,60,60000,6000,0,13,0,4,0,-860,-1160,-1160,-1160
2026-09-20T10:28:11Z,CHAN,59471,59471164,1000,100,0,3,0,-1070,-1160,-1146
2026-09-20T10:28:12Z,CHAN,59472,59472164,1000,100,0,3,0,-1080,-1160,-1147
2026-09-20T10:28:24Z,CHAN,59484,59484164,1000,100,0,6,0,-1050,-1170,-1144
2026-09-20T10:28:34Z,CHAN,59494,59494164,1000,100,0,1,0,-1090,-1160,-1148
2026-09-20T10:29:09Z,CHANSUM,59470,59529,60,60000,6000,0,13,0,4,0,-1050,-1170,-1160,-1160
2026-09-20T10:29:19Z,CHAN,59539,59539164,1000,100,0,1,0,-1010,-1160,-1145
2026-09-20T10:29:30Z,CHAN,59550,59550164,1000,100,0,5,0,-1060,-1160,-1146
2026-09-20T10:29:39Z,CHAN,59559,59559164,1000,100,0,3,0,-1100,-1160,-1147
2026-09-20T10:29:40Z,CHAN,59560,59560164,1000,100,0,1,0,-1100,-1160,-1147
2026-09-20T10:29:53Z,CHAN,59573,59573164,1000,100,0,4,0,-850,-1160,-1137
2026-09-20T10:29:58Z,CHAN,59578,59578164,1000,100,0,3,0,-1100,-1160,-1146
2026-09-20T10:30:00Z,CHAN,59580,59580164,1000,100,0,5,0,-860,-1160,-1135
2026-09-20T10:30:09Z,CHANSUM,59530,59589,60,60000,6000,0,22,0,7,0,-850,-1170,-1160,-1160
2026-09-20T10:30:58Z,CHAN,59638,59638164,1000,100,0,3,0,-1060,-1160,-1146
2026-09-20T10:31:09Z,CHANSUM,59590,59649,60,60000,6000,0,3,0,1,0,-1060,-1160,-1160,-1160
2026-09-20T10:31:40Z,CHAN,59680,59680164,1000,100,0,4,0,-1050,-1160,-1144
2026-09-20T10:31:54Z,CHAN,59694,59694164,1000,100,0,4,0,-860,-1160,-1137
2026-09-20T10:32:04Z,CHAN,59704,59704164,1000,100,0,4,0,-1060,-1160,-1145
2026-09-20T10:32:09Z,CHANSUM,59650,59709,60,60000,6000,0,12,0,3,0,-860,-1170,-1160,-1160
2026-09-20T10:32:16Z,CHAN,59716,59716164,1000,100,0,4,0,-950,-1160,-1143
2026-09-20T10:32:25Z,CHAN,59725,59725164,1000,100,0,4,0,-1060,-1160,-1146
2026-09-20T10:32:36Z,CHAN,59736,59736164,1000,100,0,4,0,-1080,-1160,-1146
2026-09-20T10:33:07Z,CHAN,59767,59767164,1000,100,0,3,0,-880,-1160,-1141
2026-09-20T10:33:09Z,CHAN,59769,59769164,1000,100,0,4,0,-700,-1160,-1132
2026-09-20T10:33:09Z,CHANSUM,59710,59769,60,60000,6000,0,19,0,5,0,-700,-1160,-1160,-1160
2026-09-20T10:33:19Z,CHAN,59779,59779164,1000,100,0,1,0,-1100,-1160,-1148
2026-09-20T10:33:27Z,CHAN,59787,59787164,1000,100,0,4,0,-980,-1160,-1143
2026-09-20T10:33:56Z,CHAN,59816,59816164,1000,100,0,1,0,-1100,-1160,-1147
2026-09-20T10:34:07Z,CHAN,59827,59827164,1000,100,0,4,0,-870,-1160,-1138
2026-09-20T10:34:09Z,CHANSUM,59770,59829,60,60000,6000,0,10,0,4,0,-870,-1160,-1150,-1159
2026-09-20T10:34:22Z,CHAN,59842,59842164,1000,100,0,4,0,-1020,-1160,-1144
2026-09-20T10:34:26Z,CHAN,59846,59846164,1000,100,0,2,0,-940,-1160,-1145
2026-09-20T10:34:47Z,CHAN,59867,59867164,1000,100,0,1,0,-1100,-1160,-1147
2026-09-20T10:35:09Z,CHANSUM,59830,59889,60,60000,6000,0,7,0,3,0,-940,-1160,-1160,-1160
2026-09-20T10:35:22Z,CHAN,59902,59902164,1000,100,0,3,0,-1020,-1160,-1143
2026-09-20T10:35:45Z,CHAN,59925,59925164,1000,100,0,3,0,-1090,-1160,-1147
2026-09-20T10:36:09Z,CHANSUM,59890,59949,60,60000,6000,0,6,0,2,0,-1020,-1170,-1160,-1160
2026-09-20T10:36:33Z,CHAN,59973,59973164,1000,100,0,3,0,-1080,-1160,-1145
2026-09-20T10:37:00Z,CHAN,60000,60000164,1000,100,0,1,0,-1060,-1160,-1148
2026-09-20T10:37:09Z,CHANSUM,59950,60009,60,60000,6000,0,4,0,2,0,-1060,-1160,-1160,-1160
2026-09-20T10:38:00Z,CHAN,60060,60060164,1000,100,0,2,0,-1100,-1160,-1146
2026-09-20T10:38:09Z,CHANSUM,60010,60069,60,60000,6000,0,2,0,1,0,-1100,-1160,-1160,-1160
2026-09-20T10:39:09Z,CHANSUM,60070,60129,60,60000,6000,0,0,0,0,0,-1130,-1160,-1160,-1160
2026-09-20T10:39:30Z,CHAN,60150,60150164,1000,100,0,10,0,-910,-1160,-1127
2026-09-20T10:39:50Z,CHAN,60170,60170164,1000,100,0,5,0,-890,-1160,-1136
2026-09-20T10:40:09Z,CHANSUM,60130,60189,60,60000,6000,0,15,0,2,0,-890,-1170,-1160,-1160
2026-09-20T10:40:15Z,CHAN,60195,60195164,1000,100,0,5,0,-1000,-1160,-1141
2026-09-20T10:41:09Z,CHANSUM,60190,60249,60,60000,6000,0,5,0,1,0,-1000,-1160,-1160,-1160
2026-09-20T10:41:40Z,CHAN,60280,60280164,1000,100,0,9,0,-910,-1160,-1127
2026-09-20T10:42:09Z,CHANSUM,60250,60309,60,60000,6000,0,9,0,1,0,-910,-1160,-1160,-1160
2026-09-20T10:42:22Z,CHAN,60322,60322164,1000,100,0,5,0,-1040,-1160,-1144
2026-09-20T10:43:09Z,CHANSUM,60310,60369,60,60000,6000,0,5,0,1,0,-1040,-1160,-1160,-1160
2026-09-20T10:44:03Z,CHAN,60423,60423164,1000,100,0,5,0,-1070,-1160,-1145
2026-09-20T10:44:09Z,CHANSUM,60370,60429,60,60000,6000,0,5,0,1,0,-1070,-1160,-1160,-1160
2026-09-20T10:44:40Z,CHAN,60460,60460164,1000,100,0,1,0,-890,-1160,-1146
2026-09-20T10:44:41Z,CHAN,60461,60461164,1000,100,0,16,0,-950,-1160,-1114
2026-09-20T10:44:42Z,CHAN,60462,60462164,1000,100,0,36,0,-950,-1160,-1076
2026-09-20T10:44:43Z,CHAN,60463,60463164,1000,100,0,14,0,-960,-1160,-1120
2026-09-20T10:44:45Z,CHAN,60465,60465164,1000,100,0,9,0,-910,-1160,-1127
2026-09-20T10:45:09Z,CHANSUM,60430,60489,60,60000,6000,0,76,0,5,0,-890,-1160,-1160,-1160
2026-09-20T10:46:09Z,CHANSUM,60490,60549,60,60000,6000,0,0,0,0,0,-1130,-1160,-1160,-1160
2026-09-20T10:46:55Z,CHAN,60595,60595164,1000,100,0,9,0,-910,-1160,-1127
2026-09-20T10:46:56Z,CHAN,60596,60596164,1000,100,0,2,0,-940,-1160,-1146
2026-09-20T10:47:04Z,CHAN,60604,60604164,1000,100,0,5,0,-1040,-1160,-1144
2026-09-20T10:47:09Z,CHANSUM,60550,60609,60,60000,6000,0,16,0,3,0,-910,-1160,-1160,-1160
2026-09-20T10:48:04Z,CHAN,60664,60664164,1000,100,0,5,0,-1040,-1160,-1144
2026-09-20T10:48:09Z,CHANSUM,60610,60669,60,60000,6000,0,5,0,1,0,-1040,-1170,-1150,-1160
2026-09-20T10:48:52Z,CHAN,60712,60712164,1000,100,0,5,0,-980,-1160,-1141
2026-09-20T10:48:54Z,CHAN,60714,60714164,1000,100,0,12,0,-900,-1160,-1119
2026-09-20T10:48:55Z,CHAN,60715,60715164,1000,100,0,26,0,-900,-1160,-1085
2026-09-20T10:48:56Z,CHAN,60716,60716164,1000,100,0,4,0,-870,-1160,-1140
2026-09-20T10:49:09Z,CHANSUM,60670,60729,60,60000,6000,0,47,0,4,0,-870,-1160,-1160,-1160
2026-09-20T10:49:46Z,CHAN,60766,60766164,1000,100,0,8,0,-1020,-1160,-1138
2026-09-20T10:49:47Z,CHAN,60767,60767164,1000,100,0,20,0,-870,-1160,-1118
2026-09-20T10:50:09Z,CHANSUM,60730,60789,60,60000,6000,0,28,0,2,0,-870,-1160,-1160,-1160
2026-09-20T10:50:43Z,CHAN,60823,60823164,1000,100,0,5,0,-1020,-1160,-1142
2026-09-20T10:51:09Z,CHANSUM,60790,60849,60,60000,6000,0,5,0,1,0,-1020,-1160,-1160,-1160
2026-09-20T10:51:34Z,CHAN,60874,60874164,1000,100,0,2,0,-1060,-1160,-1146
2026-09-20T10:51:54Z,CHAN,60894,60894164,1000,100,0,1,0,-940,-1160,-1147
2026-09-20T10:52:04Z,CHAN,60904,60904164,1000,100,0,4,0,-1100,-1160,-1145
2026-09-20T10:52:09Z,CHANSUM,60850,60909,60,60000,6000,0,7,0,3,0,-940,-1160,-1160,-1160
2026-09-20T10:53:09Z,CHANSUM,60910,60969,60,60000,6000,0,0,0,0,0,-1130,-1160,-1160,-1160
2026-09-20T10:53:21Z,CHAN,60981,60981164,1000,100,0,1,0,-1100,-1160,-1148
2026-09-20T10:54:02Z,CHAN,61022,61022164,1000,100,0,4,0,-1090,-1160,-1146
2026-09-20T10:54:09Z,CHANSUM,60970,61029,60,60000,6000,0,5,0,2,0,-1090,-1160,-1160,-1160
2026-09-20T10:55:09Z,CHANSUM,61030,61089,60,60000,6000,0,0,0,0,0,-1130,-1160,-1160,-1160
2026-09-20T10:55:18Z,CHAN,61098,61098164,1000,100,0,4,0,-1090,-1160,-1145
2026-09-20T10:56:09Z,CHANSUM,61090,61149,60,60000,6000,0,4,0,1,0,-1090,-1160,-1160,-1160
2026-09-20T10:56:53Z,CHAN,61193,61193164,1000,100,0,2,0,-910,-1160,-1145
2026-09-20T10:57:09Z,CHANSUM,61150,61209,60,60000,6000,0,2,0,1,0,-910,-1160,-1160,-1160
2026-09-20T10:57:13Z,CHAN,61213,61213164,1000,100,0,5,0,-1040,-1160,-1143
2026-09-20T10:58:02Z,CHAN,61262,61262164,1000,100,0,5,0,-1080,-1170,-1146
2026-09-20T10:58:09Z,CHANSUM,61210,61269,60,60000,6000,0,10,0,2,0,-1040,-1170,-1160,-1160
2026-09-20T10:59:09Z,CHANSUM,61270,61329,60,60000,6000,0,0,0,0,0,-1130,-1160,-1160,-1160
2026-09-20T11:00:00Z,CHAN,61380,61380164,1000,100,0,1,0,-1100,-1160,-1147
2026-09-20T11:00:09Z,CHANSUM,61330,61389,60,60000,6000,0,1,0,1,0,-1100,-1160,-1160,-1160
2026-09-20T11:00:29Z,CHAN,61409,61409164,1000,100,0,5,0,-1020,-1170,-1142
2026-09-20T11:00:30Z,CHAN,61410,61410164,1000,100,0,9,0,-900,-1160,-1126
2026-09-20T11:01:09Z,CHANSUM,61390,61449,60,60000,6000,0,14,0,2,0,-900,-1170,-1160,-1160
2026-09-20T11:02:09Z,CHANSUM,61450,61509,60,60000,6000,0,0,0,0,0,-1110,-1160,-1160,-1160
2026-09-20T11:02:11Z,CHAN,61511,61511164,1000,100,0,5,0,-1050,-1160,-1144
2026-09-20T11:02:40Z,CHAN,61540,61540164,1000,100,0,9,0,-900,-1160,-1127
2026-09-20T11:03:03Z,CHAN,61563,61563164,1000,100,0,5,0,-980,-1160,-1141
2026-09-20T11:03:09Z,CHANSUM,61510,61569,60,60000,6000,0,19,0,3,0,-900,-1160,-1160,-1160
2026-09-20T11:03:36Z,CHAN,61596,61596164,1000,100,0,5,0,-1060,-1160,-1143
2026-09-20T11:03:46Z,CHAN,61606,61606164,1000,100,0,2,0,-1060,-1160,-1147
2026-09-20T11:03:47Z,CHAN,61607,61607164,1000,100,0,1,0,-1060,-1160,-1148
2026-09-20T11:04:09Z,CHANSUM,61570,61629,60,60000,6000,0,8,0,3,0,-1060,-1160,-1160,-1160
2026-09-20T11:04:23Z,CHAN,61643,61643164,1000,100,0,1,0,-1100,-1160,-1147
2026-09-20T11:04:33Z,CHAN,61653,61653164,1000,100,0,4,0,-980,-1160,-1143
2026-09-20T11:04:48Z,CHAN,61668,61668164,1000,100,0,1,0,-1100,-1160,-1147
2026-09-20T11:05:09Z,CHAN,61689,61689164,1000,100,0,1,0,-1010,-1160,-1147
2026-09-20T11:05:09Z,CHANSUM,61630,61689,60,60000,6000,0,7,0,4,0,-980,-1160,-1160,-1160
2026-09-20T11:05:10Z,CHAN,61690,61690164,1000,100,0,4,0,-1060,-1160,-1145
2026-09-20T11:05:13Z,CHAN,61693,61693164,1000,100,0,3,0,-870,-1160,-1140
2026-09-20T11:05:14Z,CHAN,61694,61694164,1000,100,0,5,0,-710,-1160,-1129
2026-09-20T11:05:31Z,CHAN,61711,61711164,1000,100,0,6,0,-1060,-1160,-1144
2026-09-20T11:05:38Z,CHAN,61718,61718164,1000,100,0,4,0,-980,-1160,-1140
2026-09-20T11:05:40Z,CHAN,61720,61720164,1000,100,0,6,0,-880,-1160,-1134
2026-09-20T11:05:45Z,CHAN,61725,61725164,1000,100,0,9,0,-890,-1160,-1125
2026-09-20T11:06:09Z,CHANSUM,61690,61749,60,60000,6000,0,37,0,7,0,-710,-1160,-1160,-1160
2026-09-20T11:06:18Z,CHAN,61758,61758164,1000,100,0,4,0,-1070,-1160,-1145
2026-09-20T11:06:23Z,CHAN,61763,61763164,1000,100,0,3,0,-960,-1160,-1143
2026-09-20T11:06:39Z,CHAN,61779,61779164,1000,100,0,1,0,-1100,-1160,-1146
2026-09-20T11:06:43Z,CHAN,61783,61783164,1000,100,0,4,0,-900,-1170,-1139
2026-09-20T11:06:50Z,CHAN,61790,61790164,1000,100,0,1,0,-1090,-1160,-1147
2026-09-20T11:06:51Z,CHAN,61791,61791164,1000,100,0,5,0,-950,-1160,-1139
2026-09-20T11:07:09Z,CHANSUM,61750,61809,60,60000,6000,0,18,0,6,0,-900,-1170,-1160,-1160
2026-09-20T11:07:17Z,CHAN,61817,61817164,1000,100,0,5,0,-1090,-1160,-1146
2026-09-20T11:07:19Z,CHAN,61819,61819164,1000,100,0,5,0,-1090,-1160,-1147
2026-09-20T11:07:55Z,CHAN,61855,61855164,1000,100,0,9,0,-890,-1160,-1126
2026-09-20T11:08:09Z,CHANSUM,61810,61869,60,60000,6000,0,19,0,3,0,-890,-1160,-1160,-1160
2026-09-20T11:08:54Z,CHAN,61914,61914164,1000,100,0,3,0,-1090,-1160,-1146
2026-09-20T11:09:09Z,CHANSUM,61870,61929,60,60000,6000,0,3,0,1,0,-1090,-1160,-1160,-1160
2026-09-20T11:10:09Z,CHANSUM,61930,61989,60,60000,6000,0,0,0,0,0,-1120,-1160,-1160,-1160
2026-09-20T11:10:16Z,CHAN,61996,61996164,1000,100,0,1,0,-910,-1160,-1146
2026-09-20T11:11:09Z,CHANSUM,61990,62049,60,60000,6000,0,1,0,1,0,-910,-1160,-1150,-1159
2026-09-20T11:11:10Z,CHAN,62050,62050164,1000,100,0,5,0,-980,-1160,-1141
2026-09-20T11:12:09Z,CHANSUM,62050,62109,60,60000,6000,0,5,0,1,0,-980,-1160,-1150,-1159
2026-09-20T11:12:11Z,CHAN,62111,62111164,1000,100,0,5,0,-980,-1160,-1140
2026-09-20T11:12:30Z,CHAN,62130,62130164,1000,100,0,5,0,-970,-1160,-1141
2026-09-20T11:12:53Z,CHAN,62153,62153164,1000,100,0,9,0,-1010,-1160,-1140
2026-09-20T11:13:09Z,CHANSUM,62110,62169,60,60000,6000,0,19,0,3,0,-970,-1160,-1160,-1160
2026-09-20T11:14:09Z,CHANSUM,62170,62229,60,60000,6000,0,0,0,0,0,-1120,-1170,-1160,-1160
2026-09-20T11:14:29Z,CHAN,62249,62249164,1000,100,0,10,0,-960,-1160,-1137
2026-09-20T11:15:09Z,CHANSUM,62230,62289,60,60000,6000,0,10,0,1,0,-960,-1160,-1160,-1160
2026-09-20T11:15:23Z,CHAN,62303,62303164,1000,100,0,2,0,-890,-1160,-1144
2026-09-20T11:16:09Z,CHANSUM,62290,62349,60,60000,6000,0,2,0,1,0,-890,-1160,-1160,-1160
2026-09-20T11:16:46Z,CHAN,62386,62386164,1000,100,0,1,0,-1050,-1160,-1148
2026-09-20T11:17:00Z,CHAN,62400,62400164,1000,100,0,5,0,-940,-1160,-1140
2026-09-20T11:17:09Z,CHANSUM,62350,62409,60,60000,6000,0,6,0,2,0,-940,-1160,-1160,-1160
2026-09-20T11:17:11Z,CHAN,62411,62411164,1000,100,0,1,0,-1090,-1160,-1147
2026-09-20T11:17:12Z,CHAN,62412,62412164,1000,100,0,13,0,-950,-1160,-1129
2026-09-20T11:17:50Z,CHAN,62450,62450164,1000,100,0,5,0,-880,-1160,-1135
2026-09-20T11:18:09Z,CHANSUM,62410,62469,60,60000,6000,0,19,0,3,0,-880,-1160,-1160,-1160
2026-09-20T11:19:09Z,CHANSUM,62470,62529,60,60000,6000,0,0,0,0,0,-1130,-1160,-1160,-1160
2026-09-20T11:19:58Z,CHAN,62578,62578164,1000,100,0,4,0,-1080,-1160,-1146
2026-09-20T11:20:09Z,CHANSUM,62530,62589,60,60000,6000,0,4,0,1,0,-1080,-1160,-1160,-1160
2026-09-20T11:20:54Z,CHAN,62634,62634164,1000,100,0,5,0,-690,-1160,-1128
2026-09-20T11:21:09Z,CHANSUM,62590,62649,60,60000,6000,0,5,0,1,0,-690,-1160,-1160,-1160
2026-09-20T11:21:30Z,CHAN,62670,62670164,1000,100,0,9,0,-880,-1170,-1125
2026-09-20T11:21:32Z,CHAN,62672,62672164,1000,100,0,4,0,-950,-1160,-1140
2026-09-20T11:22:09Z,CHANSUM,62650,62709,60,60000,6000,0,13,0,2,0,-880,-1170,-1160,-1160
2026-09-20T11:22:55Z,CHAN,62755,62755164,1000,100,0,5,0,-700,-1160,-1129
2026-09-20T11:23:09Z,CHANSUM,62710,62769,60,60000,6000,0,5,0,1,0,-700,-1160,-1160,-1160
2026-09-20T11:23:40Z,CHAN,62800,62800164,1000,100,0,9,0,-880,-1160,-1124
2026-09-20T11:24:09Z,CHANSUM,62770,62829,60,60000,6000,0,9,0,1,0,-880,-1160,-1160,-1160
2026-09-20T11:25:09Z,CHANSUM,62830,62889,60,60000,6000,0,0,0,0,0,-1120,-1160,-1160,-1160
2026-09-20T11:26:09Z,CHANSUM,62890,62949,60,60000,6000,0,0,0,0,0,-1130,-1160,-1160,-1160
2026-09-20T11:26:29Z,CHAN,62969,62969164,1000,100,0,5,0,-1060,-1160,-1145
2026-09-20T11:26:45Z,CHAN,62985,62985164,1000,100,0,9,0,-880,-1160,-1125
2026-09-20T11:27:09Z,CHANSUM,62950,63009,60,60000,6000,0,14,0,2,0,-880,-1170,-1160,-1160
2026-09-20T11:27:25Z,CHAN,63025,63025164,1000,100,0,3,0,-1090,-1160,-1147
2026-09-20T11:28:09Z,CHANSUM,63010,63069,60,60000,6000,0,3,0,1,0,-1090,-1160,-1160,-1160
2026-09-20T11:28:41Z,CHAN,63101,63101164,1000,100,0,4,0,-1070,-1160,-1146
2026-09-20T11:28:55Z,CHAN,63115,63115164,1000,100,0,9,0,-880,-1160,-1124
2026-09-20T11:29:04Z,CHAN,63124,63124164,1000,100,0,4,0,-1030,-1160,-1144
2026-09-20T11:29:09Z,CHANSUM,63070,63129,60,60000,6000,0,17,0,3,0,-880,-1160,-1160,-1160
2026-09-20T11:29:13Z,CHAN,63133,63133164,1000,100,0,1,0,-1090,-1160,-1147
2026-09-20T11:29:16Z,CHAN,63136,63136164,1000,100,0,5,0,-1070,-1160,-1145
2026-09-20T11:29:18Z,CHAN,63138,63138164,1000,100,0,4,0,-1070,-1160,-1145
2026-09-20T11:29:34Z,CHAN,63154,63154164,1000,100,0,3,0,-1060,-1160,-1146
2026-09-20T11:29:45Z,CHAN,63165,63165164,1000,100,0,4,0,-1080,-1160,-1146
2026-09-20T11:29:55Z,CHAN,63175,63175164,1000,100,0,2,0,-1090,-1160,-1147
2026-09-20T11:30:09Z,CHANSUM,63130,63189,60,60000,6000,0,19,0,6,0,-1060,-1170,-1160,-1160
2026-09-20T11:30:35Z,CHAN,63215,63215164,1000,100,0,4,0,-1040,-1160,-1145
2026-09-20T11:31:01Z,CHAN,63241,63241164,1000,100,0,4,0,-1040,-1160,-1145
2026-09-20T11:31:09Z,CHANSUM,63190,63249,60,60000,6000,0,8,0,2,0,-1040,-1160,-1160,-1160
2026-09-20T11:31:15Z,CHAN,63255,63255164,1000,100,0,4,0,-1060,-1160,-1145
2026-09-20T11:31:57Z,CHAN,63297,63297164,1000,100,0,4,0,-1060,-1160,-1145
2026-09-20T11:32:04Z,CHAN,63304,63304164,1000,100,0,4,0,-1070,-1160,-1145
2026-09-20T11:32:09Z,CHANSUM,63250,63309,60,60000,6000,0,12,0,3,0,-1060,-1160,-1160,-1160
2026-09-20T11:32:19Z,CHAN,63319,63319164,1000,100,0,3,0,-1070,-1160,-1146
2026-09-20T11:32:25Z,CHAN,63325,63325164,1000,100,0,4,0,-1050,-1160,-1144
2026-09-20T11:32:29Z,CHAN,63329,63329164,1000,100,0,5,0,-1080,-1160,-1145
2026-09-20T11:33:09Z,CHANSUM,63310,63369,60,60000,6000,0,12,0,3,0,-1050,-1160,-1160,-1160
2026-09-20T11:34:09Z,CHANSUM,63370,63429,60,60000,6000,0,0,0,0,0,-1130,-1160,-1160,-1160
2026-09-20T11:34:54Z,CHAN,63474,63474164,1000,100,0,3,0,-1090,-1160,-1146
2026-09-20T11:35:09Z,CHANSUM,63430,63489,60,60000,6000,0,3,0,1,0,-1090,-1160,-1160,-1160
2026-09-20T11:35:10Z,CHAN,63490,63490164,1000,100,0,9,0,-880,-1160,-1125
2026-09-20T11:35:24Z,CHAN,63504,63504164,1000,100,0,5,0,-1090,-1160,-1145
2026-09-20T11:35:52Z,CHAN,63532,63532164,1000,100,0,3,0,-1010,-1160,-1144
2026-09-20T11:36:09Z,CHANSUM,63490,63549,60,60000,6000,0,17,0,3,0,-880,-1160,-1160,-1160
2026-09-20T11:37:09Z,CHANSUM,63550,63609,60,60000,6000,0,0,0,0,0,-1120,-1160,-1150,-1159
2026-09-20T11:37:20Z,CHAN,63620,63620164,1000,100,0,9,0,-880,-1160,-1124
2026-09-20T11:38:07Z,CHAN,63667,63667164,1000,100,0,5,0,-1070,-1160,-1146
2026-09-20T11:38:09Z,CHANSUM,63610,63669,60,60000,6000,0,14,0,2,0,-880,-1170,-1160,-1160
2026-09-20T11:38:47Z,CHAN,63707,63707164,1000,100,0,3,0,-1090,-1160,-1147
2026-09-20T11:38:48Z,CHAN,63708,63708164,1000,100,0,5,0,-970,-1160,-1142
2026-09-20T11:38:55Z,CHAN,63715,63715164,1000,100,0,3,0,-1080,-1160,-1144
2026-09-20T11:39:02Z,CHAN,63722,63722164,1000,100,0,3,0,-1010,-1160,-1145
2026-09-20T11:39:09Z,CHANSUM,63670,63729,60,60000,6000,0,14,0,4,0,-970,-1170,-1160,-1160
2026-09-20T11:39:14Z,CHAN,63734,63734164,1000,100,0,1,0,-1100,-1160,-1147
2026-09-20T11:39:38Z,CHAN,63758,63758164,1000,100,0,3,0,-1070,-1160,-1146
2026-09-20T11:39:52Z,CHAN,63772,63772164,1000,100,0,6,0,-1070,-1160,-1144
2026-09-20T11:40:09Z,CHANSUM,63730,63789,60,60000,6000,0,10,0,3,0,-1070,-1160,-1160,-1160
2026-09-20T11:40:25Z,CHAN,63805,63805164,1000,100,0,9,0,-880,-1160,-1124
2026-09-20T11:40:59Z,CHAN,63839,63839164,1000,100,0,1,0,-1000,-1160,-1147
2026-09-20T11:41:09Z,CHAN,63849,63849164,1000,100,0,5,0,-1070,-1160,-1145
2026-09-20T11:41:09Z,CHANSUM,63790,63849,60,60000,6000,0,15,0,3,0,-880,-1160,-1160,-1160
2026-09-20T11:41:38Z,CHAN,63878,63878164,1000,100,0,1,0,-930,-1160,-1146
2026-09-20T11:42:09Z,CHANSUM,63850,63909,60,60000,6000,0,1,0,1,0,-930,-1160,-1160,-1160
2026-09-20T11:42:35Z,CHAN,63935,63935164,1000,100,0,9,0,-870,-1160,-1124
2026-09-20T11:42:44Z,CHAN,63944,63944164,1000,100,0,13,0,-970,-1160,-1131
2026-09-20T11:42:50Z,CHAN,63950,63950164,1000,100,0,5,0,-950,-1160,-1139
2026-09-20T11:43:09Z,CHANSUM,63910,63969,60,60000,6000,0,27,0,3,0,-870,-1160,-1160,-1160
2026-09-20T11:43:11Z,CHAN,63971,63971164,1000,100,0,5,0,-1070,-1160,-1145
2026-09-20T11:43:55Z,CHAN,64015,64015164,1000,100,0,5,0,-860,-1170,-1135
2026-09-20T11:44:09Z,CHANSUM,63970,64029,60,60000,6000,0,10,0,2,0,-860,-1170,-1160,-1160
2026-09-20T11:45:09Z,CHANSUM,64030,64089,60,60000,6000,0,0,0,0,0,-1130,-1160,-1160,-1160
2026-09-20T11:45:31Z,CHAN,64111,64111164,1000,100,0,4,0,-1060,-1160,-1145
2026-09-20T11:45:52Z,CHAN,64132,64132164,1000,100,0,2,0,-1070,-1160,-1147
2026-09-20T11:45:53Z,CHAN,64133,64133164,1000,100,0,1,0,-1070,-1160,-1148
2026-09-20T11:46:06Z,CHAN,64146,64146164,1000,100,0,3,0,-1040,-1160,-1145
2026-09-20T11:46:09Z,CHANSUM,64090,64149,60,60000,6000,0,10,0,4,0,-1040,-1160,-1160,-1160
2026-09-20T11:46:24Z,CHAN,64164,64164164,1000,100,0,2,0,-1090,-1160,-1146
2026-09-20T11:46:31Z,CHAN,64171,64171164,1000,100,0,1,0,-1070,-1160,-1147
2026-09-20T11:46:32Z,CHAN,64172,64172164,1000,100,0,2,0,-1070,-1160,-1147
2026-09-20T11:46:36Z,CHAN,64176,64176164,1000,100,0,3,0,-720,-1160,-1136
2026-09-20T11:46:52Z,CHAN,64192,64192164,1000,100,0,2,0,-1070,-1160,-1146
2026-09-20T11:47:09Z,CHANSUM,64150,64209,60,60000,6000,0,10,0,5,0,-720,-1160,-1160,-1160
2026-09-20T11:47:20Z,CHAN,64220,64220164,1000,100,0,1,0,-1100,-1160,-1147
2026-09-20T11:47:48Z,CHAN,64248,64248164,1000,100,0,3,0,-1050,-1160,-1145
2026-09-20T11:47:54Z,CHAN,64254,64254164,1000,100,0,8,0,-940,-1160,-1135
2026-09-20T11:47:57Z,CHAN,64257,64257164,1000,100,0,1,0,-1100,-1160,-1148
2026-09-20T11:47:58Z,CHAN,64258,64258164,1000,100,0,4,0,-1060,-1160,-1145
2026-09-20T11:48:09Z,CHANSUM,64210,64269,60,60000,6000,0,17,0,5,0,-940,-1160,-1160,-1160
2026-09-20T11:48:22Z,CHAN,64282,64282164,1000,100,0,5,0,-1060,-1160,-1145
2026-09-20T11:48:34Z,CHAN,64294,64294164,1000,100,0,5,0,-1080,-1160,-1145
2026-09-20T11:48:40Z,CHAN,64300,64300164,1000,100,0,3,0,-1080,-1160,-1147
2026-09-20T11:49:09Z,CHANSUM,64270,64329,60,60000,6000,0,13,0,3,0,-1060,-1160,-1150,-1159
2026-09-20T11:49:16Z,CHAN,64336,64336164,1000,100,0,3,0,-1030,-1160,-1145
2026-09-20T11:49:30Z,CHAN,64350,64350164,1000,100,0,3,0,-1080,-1160,-1146
2026-09-20T11:49:32Z,CHAN,64352,64352164,1000,100,0,5,0,-990,-1160,-1144
2026-09-20T11:49:47Z,CHAN,64367,64367164,1000,100,0,5,0,-1040,-1160,-1143
2026-09-20T11:49:53Z,CHAN,64373,64373164,1000,100,0,3,0,-1060,-1160,-1146
2026-09-20T11:50:00Z,CHAN,64380,64380164,1000,100,0,1,0,-1100,-1160,-1148
2026-09-20T11:50:06Z,CHAN,64386,64386164,1000,100,0,3,0,-900,-1160,-1141
2026-09-20T11:50:08Z,CHAN,64388,64388164,1000,100,0,2,0,-1100,-1160,-1147
2026-09-20T11:50:09Z,CHANSUM,64330,64389,60,60000,6000,0,25,0,8,0,-900,-1160,-1160,-1160
2026-09-20T11:50:13Z,CHAN,64393,64393164,1000,100,0,3,0,-1050,-1160,-1145
2026-09-20T11:50:27Z,CHAN,64407,64407164,1000,100,0,3,0,-1070,-1160,-1146
2026-09-20T11:50:35Z,CHAN,64415,64415164,1000,100,0,3,0,-880,-1160,-1141
2026-09-20T11:50:47Z,CHAN,64427,64427164,1000,100,0,5,0,-1040,-1160,-1144
2026-09-20T11:51:09Z,CHANSUM,64390,64449,60,60000,6000,0,14,0,4,0,-880,-1160,-1160,-1160
2026-09-20T11:51:14Z,CHAN,64454,64454164,1000,100,0,2,0,-890,-1160,-1144
2026-09-20T11:51:33Z,CHAN,64473,64473164,1000,100,0,8,0,-980,-1160,-1139
2026-09-20T11:52:09Z,CHANSUM,64450,64509,60,60000,6000,0,10,0,2,0,-890,-1160,-1160,-1160
2026-09-20T11:53:09Z,CHANSUM,64510,64569,60,60000,6000,0,0,0,0,0,-1120,-1160,-1160,-1160
2026-09-20T11:53:50Z,CHAN,64610,64610164,1000,100,0,5,0,-1060,-1160,-1144
2026-09-20T11:53:56Z,CHAN,64616,64616164,1000,100,0,4,0,-860,-1160,-1138
2026-09-20T11:54:09Z,CHANSUM,64570,64629,60,60000,6000,0,9,0,2,0,-860,-1160,-1160,-1160
2026-09-20T11:54:23Z,CHAN,64643,64643164,1000,100,0,3,0,-1020,-1160,-1145
2026-09-20T11:54:30Z,CHAN,64650,64650164,1000,100,0,4,0,-870,-1160,-1140
2026-09-20T11:55:01Z,CHAN,64681,64681164,1000,100,0,2,0,-1100,-1160,-1147
2026-09-20T11:55:09Z,CHANSUM,64630,64689,60,60000,6000,0,9,0,3,0,-870,-1160,-1150,-1159
2026-09-20T11:55:10Z,CHAN,64690,64690164,1000,100,0,4,0,-700,-1160,-1134
2026-09-20T11:55:26Z,CHAN,64706,64706164,1000,100,0,6,0,-1070,-1160,-1145
2026-09-20T11:55:27Z,CHAN,64707,64707164,1000,100,0,2,0,-1060,-1160,-1147
2026-09-20T11:55:49Z,CHAN,64729,64729164,1000,100,0,5,0,-1050,-1160,-1144
2026-09-20T11:56:09Z,CHANSUM,64690,64749,60,60000,6000,0,17,0,4,0,-700,-1170,-1160,-1160
2026-09-20T11:56:10Z,CHAN,64750,64750164,1000,100,0,9,0,-880,-1160,-1125
2026-09-20T11:56:12Z,CHAN,64752,64752164,1000,100,0,3,0,-980,-1160,-1144
2026-09-20T11:56:13Z,CHAN,64753,64753164,1000,100,0,3,0,-850,-1160,-1141
2026-09-20T11:56:21Z,CHAN,64761,64761164,1000,100,0,4,0,-1020,-1160,-1144
2026-09-20T11:56:33Z,CHAN,64773,64773164,1000,100,0,1,0,-940,-1160,-1147
2026-09-20T11:56:47Z,CHAN,64787,64787164,1000,100,0,3,0,-990,-1160,-1144
2026-09-20T11:56:57Z,CHAN,64797,64797164,1000,100,0,5,0,-1040,-1160,-1144
2026-09-20T11:57:01Z,CHAN,64801,64801164,1000,100,0,3,0,-950,-1160,-1142
2026-09-20T11:57:09Z,CHANSUM,64750,64809,60,60000,6000,0,31,0,8,0,-850,-1160,-1160,-1160
2026-09-20T11:57:27Z,CHAN,64827,64827164,1000,100,0,2,0,-1100,-1160,-1147
2026-09-20T11:57:31Z,CHAN,64831,64831164,1000,100,0,3,0,-1070,-1160,-1146
2026-09-20T11:57:57Z,CHAN,64857,64857164,1000,100,0,3,0,-1080,-1160,-1146
2026-09-20T11:58:02Z,CHAN,64862,64862164,1000,100,0,3,0,-950,-1160,-1142
2026-09-20T11:58:09Z,CHANSUM,64810,64869,60,60000,6000,0,11,0,4,0,-950,-1160,-1160,-1160
2026-09-20T11:58:20Z,CHAN,64880,64880164,1000,100,0,9,0,-880,-1160,-1124
2026-09-20T11:58:28Z,CHAN,64888,64888164,1000,100,0,3,0,-1090,-1160,-1147
2026-09-20T11:58:30Z,CHAN,64890,64890164,1000,100,0,3,0,-1050,-1160,-1146
2026-09-20T11:58:32Z,CHAN,64892,64892164,1000,100,0,3,0,-1060,-1160,-1146
2026-09-20T11:58:55Z,CHAN,64915,64915164,1000,100,0,3,0,-1100,-1160,-1146
2026-09-20T11:58:57Z,CHAN,64917,64917164,1000,100,0,2,0,-1040,-1160,-1147
2026-09-20T11:58:58Z,CHAN,64918,64918164,1000,100,0,2,0,-1060,-1160,-1146
2026-09-20T11:59:02Z,CHAN,64922,64922164,1000,100,0,3,0,-950,-1160,-1143
2026-09-20T11:59:09Z,CHANSUM,64870,64929,60,60000,6000,0,28,0,8,0,-880,-1160,-1160,-1160
2026-09-20T11:59:20Z,CHAN,64940,64940164,1000,100,0,5,0,-880,-1160,-1136
2026-09-20T12:00:00Z,CHAN,64980,64980164,1000,100,0,3,0,-990,-1160,-1143
2026-09-20T12:00:03Z,CHAN,64983,64983164,1000,100,0,5,0,-1030,-1160,-1143
2026-09-20T12:00:09Z,CHANSUM,64930,64989,60,60000,6000,0,13,0,3,0,-880,-1160,-1160,-1160
2026-09-20T12:00:13Z,CHAN,64993,64993164,1000,100,0,3,0,-980,-1160,-1143
2026-09-20T12:00:15Z,CHAN,64995,64995164,1000,100,0,3,0,-1090,-1160,-1147
2026-09-20T12:00:36Z,CHAN,65016,65016164,1000,100,0,3,0,-950,-1160,-1143
2026-09-20T12:00:40Z,CHAN,65020,65020164,1000,100,0,3,0,-850,-1160,-1139
2026-09-20T12:00:57Z,CHAN,65037,65037164,1000,100,0,3,0,-1080,-1160,-1147
2026-09-20T12:01:09Z,CHANSUM,64990,65049,60,60000,6000,0,15,0,5,0,-850,-1170,-1160,-1160
2026-09-20T12:01:11Z,CHAN,65051,65051164,1000,100,0,3,0,-1060,-1160,-1147
2026-09-20T12:01:25Z,CHAN,65065,65065164,1000,100,0,9,0,-870,-1160,-1123
2026-09-20T12:01:27Z,CHAN,65067,65067164,1000,100,0,3,0,-1060,-1160,-1145
2026-09-20T12:01:28Z,CHAN,65068,65068164,1000,100,0,2,0,-880,-1170,-1145
2026-09-20T12:01:44Z,CHAN,65084,65084164,1000,100,0,3,0,-910,-1160,-1143
2026-09-20T12:02:09Z,CHANSUM,65050,65109,60,60000,6000,0,20,0,5,0,-870,-1170,-1160,-1160
2026-09-20T12:02:49Z,CHAN,65149,65149164,1000,100,0,3,0,-1000,-1160,-1144
2026-09-20T12:03:09Z,CHANSUM,65110,65169,60,60000,6000,0,3,0,1,0,-1000,-1160,-1160,-1160
2026-09-20T12:03:35Z,CHAN,65195,65195164,1000,100,0,9,0,-870,-1160,-1123
2026-09-20T12:04:09Z,CHANSUM,65170,65229,60,60000,6000,0,9,0,1,0,-870,-1170,-1160,-1160
2026-09-20T12:05:09Z,CHANSUM,65230,65289,60,60000,6000,0,0,0,0,0,-1130,-1160,-1160,-1160
2026-09-20T12:06:09Z,CHANSUM,65290,65349,60,60000,6000,0,0,0,0,0,-1130,-1160,-1160,-1160
2026-09-20T12:06:35Z,CHAN,65375,65375164,1000,100,0,2,0,-920,-1160,-1145
2026-09-20T12:06:51Z,CHAN,65391,65391164,1000,100,0,5,0,-980,-1160,-1142
2026-09-20T12:07:09Z,CHANSUM,65350,65409,60,60000,6000,0,7,0,2,0,-920,-1170,-1160,-1160
2026-09-20T12:07:29Z,CHAN,65429,65429164,1000,100,0,9,0,-620,-1160,-1119
2026-09-20T12:08:09Z,CHANSUM,65410,65469,60,60000,6000,0,9,0,1,0,-620,-1160,-1160,-1160
2026-09-20T12:08:29Z,CHAN,65489,65489164,1000,100,0,5,0,-710,-1160,-1131
2026-09-20T12:09:09Z,CHANSUM,65470,65529,60,60000,6000,0,5,0,1,0,-710,-1160,-1160,-1160
2026-09-20T12:10:09Z,CHANSUM,65530,65589,60,60000,6000,0,0,0,0,0,-1130,-1170,-1160,-1160
2026-09-20T12:10:34Z,CHAN,65614,65614164,1000,100,0,1,0,-1100,-1160,-1147
2026-09-20T12:10:39Z,CHAN,65619,65619164,1000,100,0,3,0,-990,-1160,-1144
2026-09-20T12:10:45Z,CHAN,65625,65625164,1000,100,0,1,0,-1100,-1160,-1147
2026-09-20T12:10:51Z,CHAN,65631,65631164,1000,100,0,3,0,-1070,-1160,-1147
2026-09-20T12:11:00Z,CHAN,65640,65640164,1000,100,0,1,0,-1100,-1160,-1147
2026-09-20T12:11:09Z,CHANSUM,65590,65649,60,60000,6000,0,9,0,5,0,-990,-1160,-1160,-1160
2026-09-20T12:11:11Z,CHAN,65651,65651164,1000,100,0,3,0,-1060,-1160,-1147
2026-09-20T12:11:28Z,CHAN,65668,65668164,1000,100,0,3,0,-1000,-1160,-1144
2026-09-20T12:11:38Z,CHAN,65678,65678164,1000,100,0,3,0,-1070,-1160,-1147
2026-09-20T12:11:43Z,CHAN,65683,65683164,1000,100,0,2,0,-870,-1160,-1144
2026-09-20T12:11:54Z,CHAN,65694,65694164,1000,100,0,7,0,-860,-1160,-1136
2026-09-20T12:12:02Z,CHAN,65702,65702164,1000,100,0,3,0,-1100,-1160,-1146
2026-09-20T12:12:07Z,CHAN,65707,65707164,1000,100,0,3,0,-1090,-1160,-1148
2026-09-20T12:12:09Z,CHANSUM,65650,65709,60,60000,6000,0,24,0,7,0,-860,-1160,-1150,-1159
2026-09-20T12:12:23Z,CHAN,65723,65723164,1000,100,0,3,0,-1100,-1160,-1147
2026-09-20T12:12:43Z,CHAN,65743,65743164,1000,100,0,3,0,-1070,-1160,-1146
2026-09-20T12:13:09Z,CHANSUM,65710,65769,60,60000,6000,0,6,0,2,0,-1070,-1160,-1160,-1160
2026-09-20T12:13:36Z,CHAN,65796,65796164,1000,100,0,3,0,-1060,-1160,-1145
2026-09-20T12:14:03Z,CHAN,65823,65823164,1000,100,0,3,0,-890,-1160,-1141
2026-09-20T12:14:09Z,CHANSUM,65770,65829,60,60000,6000,0,6,0,2,0,-890,-1170,-1160,-1160
2026-09-20T12:14:12Z,CHAN,65832,65832164,1000,100,0,3,0,-1060,-1160,-1145
2026-09-20T12:14:23Z,CHAN,65843,65843164,1000,100,0,5,0,-890,-1160,-1140
2026-09-20T12:14:30Z,CHAN,65850,65850164,1000,100,0,3,0,-1050,-1160,-1146
2026-09-20T12:14:37Z,CHAN,65857,65857164,1000,100,0,6,0,-1070,-1160,-1145
2026-09-20T12:14:57Z,CHAN,65877,65877164,1000,100,0,3,0,-980,-1160,-1143
2026-09-20T12:15:09Z,CHANSUM,65830,65889,60,60000,6000,0,20,0,5,0,-890,-1160,-1160,-1160
2026-09-20T12:15:14Z,CHAN,65894,65894164,1000,100,0,3,0,-1060,-1160,-1147
2026-09-20T12:15:30Z,CHAN,65910,65910164,1000,100,0,3,0,-1060,-1160,-1145
2026-09-20T12:15:32Z,CHAN,65912,65912164,1000,100,0,5,0,-870,-1160,-1136
2026-09-20T12:15:45Z,CHAN,65925,65925164,1000,100,0,3,0,-1030,-1160,-1145
2026-09-20T12:15:51Z,CHAN,65931,65931164,1000,100,0,3,0,-1080,-1160,-1147
2026-09-20T12:15:53Z,CHAN,65933,65933164,1000,100,0,3,0,-980,-1160,-1143
2026-09-20T12:16:01Z,CHAN,65941,65941164,1000,100,0,5,0,-1050,-1160,-1144
2026-09-20T12:16:09Z,CHANSUM,65890,65949,60,60000,6000,0,25,0,7,0,-870,-1160,-1160,-1160
2026-09-20T12:16:40Z,CHAN,65980,65980164,1000,100,0,3,0,-980,-1160,-1142
2026-09-20T12:16:43Z,CHAN,65983,65983164,1000,100,0,3,0,-950,-1160,-1143
2026-09-20T12:16:50Z,CHAN,65990,65990164,1000,100,0,1,0,-900,-1170,-1146
2026-09-20T12:16:55Z,CHAN,65995,65995164,1000,100,0,3,0,-860,-1160,-1141
2026-09-20T12:17:06Z,CHAN,66006,66006164,1000,100,0,2,0,-1100,-1160,-1147
2026-09-20T12:17:09Z,CHANSUM,65950,66009,60,60000,6000,0,12,0,5,0,-860,-1170,-1160,-1160
2026-09-20T12:17:10Z,CHAN,66010,66010164,1000,100,0,9,0,-880,-1160,-1125
2026-09-20T12:17:17Z,CHAN,66017,66017164,1000,100,0,5,0,-970,-1160,-1140
2026-09-20T12:17:21Z,CHAN,66021,66021164,1000,100,0,3,0,-860,-1160,-1139
2026-09-20T12:17:47Z,CHAN,66047,66047164,1000,100,0,1,0,-1100,-1160,-1147
2026-09-20T12:17:53Z,CHAN,66053,66053164,1000,100,0,3,0,-980,-1160,-1143
2026-09-20T12:18:09Z,CHANSUM,66010,66069,60,60000,6000,0,21,0,5,0,-860,-1160,-1160,-1160
2026-09-20T12:18:14Z,CHAN,66074,66074164,1000,100,0,3,0,-1060,-1160,-1146
2026-09-20T12:18:29Z,CHAN,66089,66089164,1000,100,0,5,0,-1080,-1160,-1145
2026-09-20T12:18:37Z,CHAN,66097,66097164,1000,100,0,3,0,-1070,-1160,-1147
2026-09-20T12:19:09Z,CHANSUM,66070,66129,60,60000,6000,0,11,0,3,0,-1060,-1170,-1150,-1159
2026-09-20T12:19:12Z,CHAN,66132,66132164,1000,100,0,3,0,-1050,-1160,-1145
2026-09-20T12:19:20Z,CHAN,66140,66140164,1000,100,0,9,0,-880,-1160,-1125
2026-09-20T12:19:24Z,CHAN,66144,66144164,1000,100,0,3,0,-920,-1160,-1142
2026-09-20T12:19:35Z,CHAN,66155,66155164,1000,100,0,3,0,-1030,-1160,-1146
2026-09-20T12:19:52Z,CHAN,66172,66172164,1000,100,0,3,0,-1070,-1160,-1146
2026-09-20T12:20:01Z,CHAN,66181,66181164,1000,100,0,1,0,-1100,-1160,-1147
2026-09-20T12:20:09Z,CHANSUM,66130,66189,60,60000,6000,0,22,0,6,0,-880,-1160,-1160,-1160
2026-09-20T12:20:12Z,CHAN,66192,66192164,1000,100,0,2,0,-1090,-1160,-1147
2026-09-20T12:20:25Z,CHAN,66205,66205164,1000,100,0,4,0,-1070,-1160,-1145
2026-09-20T12:20:34Z,CHAN,66214,66214164,1000,100,0,3,0,-980,-1160,-1143
2026-09-20T12:20:46Z,CHAN,66226,66226164,1000,100,0,5,0,-710,-1160,-1132
2026-09-20T12:20:58Z,CHAN,66238,66238164,1000,100,0,3,0,-950,-1160,-1143
2026-09-20T12:21:09Z,CHANSUM,66190,66249,60,60000,6000,0,17,0,5,0,-710,-1160,-1160,-1160
2026-09-20T12:21:43Z,CHAN,66283,66283164,1000,100,0,1,0,-1100,-1160,-1147
2026-09-20T12:21:48Z,CHAN,66288,66288164,1000,100,0,4,0,-1070,-1160,-1146
2026-09-20T12:21:51Z,CHAN,66291,66291164,1000,100,0,3,0,-1090,-1160,-1147
2026-09-20T12:21:55Z,CHAN,66295,66295164,1000,100,0,8,0,-1070,-1160,-1143
2026-09-20T12:21:57Z,CHAN,66297,66297164,1000,100,0,3,0,-880,-1160,-1144
2026-09-20T12:22:09Z,CHANSUM,66250,66309,60,60000,6000,0,19,0,5,0,-880,-1160,-1160,-1160
2026-09-20T12:22:25Z,CHAN,66325,66325164,1000,100,0,9,0,-880,-1160,-1124
2026-09-20T12:22:30Z,CHAN,66330,66330164,1000,100,0,3,0,-1020,-1160,-1145
2026-09-20T12:22:54Z,CHAN,66354,66354164,1000,100,0,3,0,-1070,-1160,-1145
2026-09-20T12:23:09Z,CHANSUM,66310,66369,60,60000,6000,0,15,0,3,0,-880,-1160,-1160,-1160
2026-09-20T12:23:30Z,CHAN,66390,66390164,1000,100,0,3,0,-1020,-1160,-1144
2026-09-20T12:23:39Z,CHAN,66399,66399164,1000,100,0,3,0,-1070,-1160,-1146
2026-09-20T12:23:51Z,CHAN,66411,66411164,1000,100,0,3,0,-1090,-1160,-1147
2026-09-20T12:24:09Z,CHANSUM,66370,66429,60,60000,6000,0,9,0,3,0,-1020,-1160,-1160,-1160
2026-09-20T12:24:28Z,CHAN,66448,66448164,1000,100,0,3,0,-1020,-1160,-1144
2026-09-20T12:24:35Z,CHAN,66455,66455164,1000,100,0,9,0,-880,-1160,-1126
2026-09-20T12:24:43Z,CHAN,66463,66463164,1000,100,0,3,0,-1050,-1160,-1146
2026-09-20T12:25:08Z,CHAN,66488,66488164,1000,100,0,2,0,-1100,-1160,-1147
2026-09-20T12:25:09Z,CHANSUM,66430,66489,60,60000,6000,0,17,0,4,0,-880,-1160,-1160,-1160
2026-09-20T12:25:20Z,CHAN,66500,66500164,1000,100,0,5,0,-1070,-1160,-1144
2026-09-20T12:25:42Z,CHAN,66522,66522164,1000,100,0,1,0,-1090,-1160,-1147
2026-09-20T12:25:44Z,CHAN,66524,66524164,1000,100,0,1,0,-1100,-1160,-1148
2026-09-20T12:25:48Z,CHAN,66528,66528164,1000,100,0,4,0,-1080,-1160,-1146
2026-09-20T12:25:50Z,CHAN,66530,66530164,1000,100,0,3,0,-1060,-1160,-1146
2026-09-20T12:25:53Z,CHAN,66533,66533164,1000,100,0,3,0,-880,-1160,-1140
2026-09-20T12:25:59Z,CHAN,66539,66539164,1000,100,0,3,0,-970,-1160,-1142
2026-09-20T12:26:09Z,CHANSUM,66490,66549,60,60000,6000,0,20,0,7,0,-880,-1160,-1160,-1160
2026-09-20T12:26:10Z,CHAN,66550,66550164,1000,100,0,2,0,-1100,-1160,-1147
2026-09-20T12:26:27Z,CHAN,66567,66567164,1000,100,0,3,0,-1050,-1160,-1146
2026-09-20T12:26:33Z,CHAN,66573,66573164,1000,100,0,3,0,-1100,-1160,-1146
2026-09-20T12:26:58Z,CHAN,66598,66598164,1000,100,0,4,0,-1080,-1160,-1146
2026-09-20T12:27:09Z,CHANSUM,66550,66609,60,60000,6000,0,12,0,4,0,-1050,-1160,-1160,-1160
2026-09-20T12:27:16Z,CHAN,66616,66616164,1000,100,0,3,0,-880,-1160,-1141
2026-09-20T12:27:31Z,CHAN,66631,66631164,1000,100,0,3,0,-1000,-1160,-1145
2026-09-20T12:27:46Z,CHAN,66646,66646164,1000,100,0,9,0,-1060,-1160,-1142
2026-09-20T12:27:49Z,CHAN,66649,66649164,1000,100,0,5,0,-1080,-1160,-1146
2026-09-20T12:27:54Z,CHAN,66654,66654164,1000,100,0,3,0,-1050,-1160,-1146
2026-09-20T12:27:58Z,CHAN,66658,66658164,1000,100,0,3,0,-1080,-1160,-1145
2026-09-20T12:28:09Z,CHAN,66669,66669164,1000,100,0,3,0,-1020,-1160,-1145
2026-09-20T12:28:09Z,CHANSUM,66610,66669,60,60000,6000,0,29,0,7,0,-880,-1160,-1160,-1160
2026-09-20T12:28:25Z,CHAN,66685,66685164,1000,100,0,4,0,-900,-1160,-1138
2026-09-20T12:28:28Z,CHAN,66688,66688164,1000,100,0,8,0,-950,-1160,-1137
2026-09-20T12:28:35Z,CHAN,66695,66695164,1000,100,0,3,0,-880,-1160,-1142
2026-09-20T12:28:48Z,CHAN,66708,66708164,1000,100,0,4,0,-1030,-1160,-1144
2026-09-20T12:28:57Z,CHAN,66717,66717164,1000,100,0,5,0,-1040,-1160,-1144
2026-09-20T12:29:09Z,CHANSUM,66670,66729,60,60000,6000,0,24,0,5,0,-880,-1160,-1150,-1159
2026-09-20T12:29:19Z,CHAN,66739,66739164,1000,100,0,1,0,-1100,-1160,-1147
2026-09-20T12:29:38Z,CHAN,66758,66758164,1000,100,0,3,0,-860,-1160,-1140
2026-09-20T12:29:45Z,CHAN,66765,66765164,1000,100,0,2,0,-1100,-1160,-1146
2026-09-20T12:29:47Z,CHAN,66767,66767164,1000,100,0,3,0,-910,-1160,-1142
2026-09-20T12:29:57Z,CHAN,66777,66777164,1000,100,0,5,0,-1070,-1160,-1145
2026-09-20T12:30:01Z,CHAN,66781,66781164,1000,100,0,4,0,-1090,-1160,-1146
2026-09-20T12:30:04Z,CHAN,66784,66784164,1000,100,0,3,0,-860,-1160,-1139
2026-09-20T12:30:08Z,CHAN,66788,66788164,1000,100,0,5,0,-860,-1160,-1134
2026-09-20T12:30:09Z,CHANSUM,66730,66789,60,60000,6000,0,26,0,8,0,-860,-1170,-1160,-1160
2026-09-20T12:30:12Z,CHAN,66792,66792164,1000,100,0,4,0,-1060,-1160,-1145
2026-09-20T12:30:26Z,CHAN,66806,66806164,1000,100,0,9,0,-640,-1160,-1116
2026-09-20T12:31:09Z,CHANSUM,66790,66849,60,60000,6000,0,13,0,2,0,-640,-1160,-1160,-1160
2026-09-20T12:31:10Z,CHAN,66850,66850164,1000,100,0,4,0,-1020,-1160,-1144
2026-09-20T12:31:20Z,CHAN,66860,66860164,1000,100,0,4,0,-980,-1160,-1142
2026-09-20T12:31:36Z,CHAN,66876,66876164,1000,100,0,4,0,-1070,-1160,-1145
2026-09-20T12:31:55Z,CHAN,66895,66895164,1000,100,0,4,0,-880,-1160,-1139
2026-09-20T12:32:09Z,CHANSUM,66850,66909,60,60000,6000,0,16,0,4,0,-880,-1160,-1160,-1160
2026-09-20T12:32:34Z,CHAN,66934,66934164,1000,100,0,1,0,-1100,-1160,-1146
2026-09-20T12:32:41Z,CHAN,66941,66941164,1000,100,0,3,0,-1100,-1160,-1147
2026-09-20T12:33:09Z,CHANSUM,66910,66969,60,60000,6000,0,4,0,2,0,-1100,-1160,-1150,-1159
2026-09-20T12:34:09Z,CHANSUM,66970,67029,60,60000,6000,0,0,0,0,0,-1120,-1160,-1160,-1160
2026-09-20T12:35:09Z,CHANSUM,67030,67089,60,60000,6000,0,0,0,0,0,-1130,-1160,-1160,-1160
2026-09-20T12:36:00Z,CHAN,67140,67140164,1000,100,0,1,0,-1010,-1160,-1147
2026-09-20T12:36:09Z,CHANSUM,67090,67149,60,60000,6000,0,1,0,1,0,-1010,-1160,-1160,-1160
2026-09-20T12:36:40Z,CHAN,67180,67180164,1000,100,0,3,0,-950,-1160,-1143
2026-09-20T12:36:48Z,CHAN,67188,67188164,1000,100,0,1,0,-1100,-1160,-1147
2026-09-20T12:36:53Z,CHAN,67193,67193164,1000,100,0,5,0,-1040,-1160,-1144
2026-09-20T12:36:57Z,CHAN,67197,67197164,1000,100,0,8,0,-1040,-1160,-1141
2026-09-20T12:37:09Z,CHANSUM,67150,67209,60,60000,6000,0,17,0,4,0,-950,-1160,-1160,-1160
2026-09-20T12:37:29Z,CHAN,67229,67229164,1000,100,0,1,0,-1040,-1160,-1148
2026-09-20T12:37:48Z,CHAN,67248,67248164,1000,100,0,1,0,-1100,-1160,-1147
2026-09-20T12:37:56Z,CHAN,67256,67256164,1000,100,0,3,0,-880,-1160,-1140
2026-09-20T12:38:09Z,CHANSUM,67210,67269,60,60000,6000,0,5,0,3,0,-880,-1160,-1160,-1160
2026-09-20T12:38:11Z,CHAN,67271,67271164,1000,100,0,7,0,-1020,-1160,-1140
2026-09-20T12:38:12Z,CHAN,67272,67272164,1000,100,0,1,0,-1030,-1160,-1147
2026-09-20T12:38:24Z,CHAN,67284,67284164,1000,100,0,2,0,-900,-1160,-1143
2026-09-20T12:38:36Z,CHAN,67296,67296164,1000,100,0,3,0,-1060,-1160,-1146
2026-09-20T12:38:37Z,CHAN,67297,67297164,1000,100,0,3,0,-1060,-1160,-1146
2026-09-20T12:39:04Z,CHAN,67324,67324164,1000,100,0,2,0,-1100,-1160,-1146
2026-09-20T12:39:09Z,CHANSUM,67270,67329,60,60000,6000,0,18,0,6,0,-900,-1160,-1160,-1160
2026-09-20T12:39:46Z,CHAN,67366,67366164,1000,100,0,1,0,-1100,-1160,-1147
2026-09-20T12:39:53Z,CHAN,67373,67373164,1000,100,0,6,0,-690,-1160,-1130
2026-09-20T12:40:09Z,CHAN,67389,67389164,1000,100,0,5,0,-1020,-1160,-1142
2026-09-20T12:40:09Z,CHANSUM,67330,67389,60,60000,6000,0,12,0,3,0,-690,-1160,-1160,-1160
2026-09-20T12:40:42Z,CHAN,67422,67422164,1000,100,0,5,0,-860,-1160,-1134
2026-09-20T12:40:52Z,CHAN,67432,67432164,1000,100,0,4,0,-1000,-1160,-1144
2026-09-20T12:40:58Z,CHAN,67438,67438164,1000,100,0,4,0,-700,-1160,-1134
2026-09-20T12:41:09Z,CHANSUM,67390,67449,60,60000,6000,0,13,0,3,0,-700,-1160,-1160,-1160
2026-09-20T12:41:47Z,CHAN,67487,67487164,1000,100,0,3,0,-920,-1160,-1141
2026-09-20T12:42:09Z,CHANSUM,67450,67509,60,60000,6000,0,3,0,1,0,-920,-1160,-1160,-1160
2026-09-20T12:42:15Z,CHAN,67515,67515164,1000,100,0,3,0,-1060,-1160,-1146
2026-09-20T12:42:28Z,CHAN,67528,67528164,1000,100,0,3,0,-1100,-1160,-1145
2026-09-20T12:43:02Z,CHAN,67562,67562164,1000,100,0,3,0,-1080,-1160,-1146
2026-09-20T12:43:07Z,CHAN,67567,67567164,1000,100,0,3,0,-950,-1160,-1143
2026-09-20T12:43:09Z,CHANSUM,67510,67569,60,60000,6000,0,12,0,4,0,-950,-1160,-1160,-1160
2026-09-20T12:43:12Z,CHAN,67572,67572164,1000,100,0,3,0,-1030,-1160,-1145
2026-09-20T12:43:19Z,CHAN,67579,67579164,1000,100,0,5,0,-1090,-1160,-1146
2026-09-20T12:43:25Z,CHAN,67585,67585164,1000,100,0,2,0,-1090,-1160,-1147
2026-09-20T12:43:39Z,CHAN,67599,67599164,1000,100,0,3,0,-1040,-1160,-1146
2026-09-20T12:43:44Z,CHAN,67604,67604164,1000,100,0,3,0,-860,-1160,-1141
2026-09-20T12:44:09Z,CHAN,67629,67629164,1000,100,0,3,0,-1040,-1160,-1144
2026-09-20T12:44:09Z,CHANSUM,67570,67629,60,60000,6000,0,19,0,6,0,-860,-1160,-1160,-1160
2026-09-20T12:44:40Z,CHAN,67660,67660164,1000,100,0,3,0,-970,-1160,-1143
2026-09-20T12:45:09Z,CHANSUM,67630,67689,60,60000,6000,0,3,0,1,0,-970,-1170,-1160,-1160
2026-09-20T12:45:13Z,CHAN,67693,67693164,1000,100,0,3,0,-1030,-1160,-1145
2026-09-20T12:45:27Z,CHAN,67707,67707164,1000,100,0,3,0,-1080,-1160,-1146
2026-09-20T12:45:49Z,CHAN,67729,67729164,1000,100,0,4,0,-980,-1160,-1142
2026-09-20T12:45:59Z,CHAN,67739,67739164,1000,100,0,1,0,-1100,-1160,-1147
2026-09-20T12:46:01Z,CHAN,67741,67741164,1000,100,0,4,0,-1090,-1160,-1145
2026-09-20T12:46:06Z,CHAN,67746,67746164,1000,100,0,4,0,-1040,-1160,-1145
2026-09-20T12:46:09Z,CHANSUM,67690,67749,60,60000,6000,0,19,0,6,0,-980,-1160,-1160,-1160
2026-09-20T12:46:43Z,CHAN,67783,67783164,1000,100,0,3,0,-1070,-1160,-1146
2026-09-20T12:47:09Z,CHAN,67809,67809164,1000,100,0,14,0,-960,-1160,-1130
2026-09-20T12:47:09Z,CHANSUM,67750,67809,60,60000,6000,0,17,0,2,0,-960,-1160,-1160,-1160
2026-09-20T12:47:41Z,CHAN,67841,67841164,1000,100,0,4,0,-1050,-1160,-1145
2026-09-20T12:47:44Z,CHAN,67844,67844164,1000,100,0,3,0,-1070,-1160,-1146
2026-09-20T12:47:54Z,CHAN,67854,67854164,1000,100,0,1,0,-880,-1160,-1145
2026-09-20T12:47:55Z,CHAN,67855,67855164,1000,100,0,3,0,-850,-1160,-1140
2026-09-20T12:48:01Z,CHAN,67861,67861164,1000,100,0,1,0,-1100,-1160,-1148
2026-09-20T12:48:09Z,CHANSUM,67810,67869,60,60000,6000,0,12,0,5,0,-850,-1160,-1160,-1160
2026-09-20T12:48:16Z,CHAN,67876,67876164,1000,100,0,3,0,-1070,-1160,-1146
2026-09-20T12:48:43Z,CHAN,67903,67903164,1000,100,0,4,0,-1060,-1160,-1145
2026-09-20T12:49:00Z,CHAN,67920,67920164,1000,100,0,5,0,-710,-1160,-1132
2026-09-20T12:49:03Z,CHAN,67923,67923164,1000,100,0,3,0,-1040,-1160,-1146
2026-09-20T12:49:09Z,CHANSUM,67870,67929,60,60000,6000,0,15,0,4,0,-710,-1160,-1160,-1160
2026-09-20T12:49:11Z,CHAN,67931,67931164,1000,100,0,4,0,-1050,-1160,-1145
2026-09-20T12:49:27Z,CHAN,67947,67947164,1000,100,0,1,0,-1100,-1160,-1147
2026-09-20T12:49:34Z,CHAN,67954,67954164,1000,100,0,2,0,-1090,-1160,-1146
2026-09-20T12:49:46Z,CHAN,67966,67966164,1000,100,0,4,0,-870,-1160,-1138
2026-09-20T12:49:47Z,CHAN,67967,67967164,1000,100,0,2,0,-1100,-1160,-1147
2026-09-20T12:49:55Z,CHAN,67975,67975164,1000,100,0,11,0,-990,-1160,-1137
2026-09-20T12:50:08Z,CHAN,67988,67988164,1000,100,0,1,0,-1100,-1160,-1147
2026-09-20T12:50:09Z,CHANSUM,67930,67989,60,60000,6000,0,25,0,7,0,-870,-1160,-1160,-1160
2026-09-20T12:50:17Z,CHAN,67997,67997164,1000,100,0,2,0,-1100,-1160,-1147
2026-09-20T12:50:24Z,CHAN,68004,68004164,1000,100,0,2,0,-1100,-1160,-1147
2026-09-20T12:50:32Z,CHAN,68012,68012164,1000,100,0,3,0,-1070,-1160,-1147
2026-09-20T12:50:40Z,CHAN,68020,68020164,1000,100,0,4,0,-1090,-1160,-1145
2026-09-20T12:50:42Z,CHAN,68022,68022164,1000,100,0,4,0,-1060,-1160,-1146
2026-09-20T12:50:51Z,CHAN,68031,68031164,1000,100,0,3,0,-1100,-1160,-1146
2026-09-20T12:50:56Z,CHAN,68036,68036164,1000,100,0,4,0,-900,-1160,-1138
2026-09-20T12:51:06Z,CHAN,68046,68046164,1000,100,0,4,0,-1040,-1160,-1144
2026-09-20T12:51:09Z,CHANSUM,67990,68049,60,60000,6000,0,26,0,8,0,-900,-1170,-1160,-1160
2026-09-20T12:51:16Z,CHAN,68056,68056164,1000,100,0,1,0,-1100,-1160,-1147
2026-09-20T12:51:25Z,CHAN,68065,68065164,1000,100,0,4,0,-1060,-1160,-1145
2026-09-20T12:51:40Z,CHAN,68080,68080164,1000,100,0,3,0,-1060,-1160,-1145
2026-09-20T12:51:43Z,CHAN,68083,68083164,1000,100,0,3,0,-1070,-1160,-1145
2026-09-20T12:51:50Z,CHAN,68090,68090164,1000,100,0,9,0,-880,-1160,-1124
2026-09-20T12:51:59Z,CHAN,68099,68099164,1000,100,0,4,0,-990,-1160,-1142
2026-09-20T12:52:08Z,CHAN,68108,68108164,1000,100,0,3,0,-940,-1160,-1143
2026-09-20T12:52:09Z,CHANSUM,68050,68109,60,60000,6000,0,27,0,7,0,-880,-1160,-1160,-1160
2026-09-20T12:52:21Z,CHAN,68121,68121164,1000,100,0,3,0,-860,-1160,-1139
2026-09-20T12:52:43Z,CHAN,68143,68143164,1000,100,0,3,0,-950,-1160,-1143
2026-09-20T12:52:56Z,CHAN,68156,68156164,1000,100,0,4,0,-910,-1160,-1140
2026-09-20T12:53:09Z,CHANSUM,68110,68169,60,60000,6000,0,10,0,3,0,-860,-1160,-1160,-1160
2026-09-20T12:53:21Z,CHAN,68181,68181164,1000,100,0,3,0,-1090,-1160,-1146
2026-09-20T12:53:35Z,CHAN,68195,68195164,1000,100,0,3,0,-960,-1160,-1143
2026-09-20T12:54:00Z,CHAN,68220,68220164,1000,100,0,9,0,-880,-1160,-1125
2026-09-20T12:54:04Z,CHAN,68224,68224164,1000,100,0,3,0,-1060,-1160,-1146
2026-09-20T12:54:09Z,CHANSUM,68170,68229,60,60000,6000,0,18,0,4,0,-880,-1160,-1160,-1160
2026-09-20T12:54:18Z,CHAN,68238,68238164,1000,100,0,3,0,-1080,-1160,-1146
2026-09-20T12:54:30Z,CHAN,68250,68250164,1000,100,0,3,0,-1060,-1160,-1146
2026-09-20T12:54:49Z,CHAN,68269,68269164,1000,100,0,1,0,-1100,-1160,-1148
2026-09-20T12:54:56Z,CHAN,68276,68276164,1000,100,0,3,0,-880,-1160,-1140
2026-09-20T12:54:59Z,CHAN,68279,68279164,1000,100,0,3,0,-880,-1160,-1141
2026-09-20T12:55:09Z,CHANSUM,68230,68289,60,60000,6000,0,13,0,5,0,-880,-1160,-1160,-1160
2026-09-20T12:55:22Z,CHAN,68302,68302164,1000,100,0,3,0,-1090,-1160,-1146
2026-09-20T12:55:32Z,CHAN,68312,68312164,1000,100,0,4,0,-1070,-1150,-1145
2026-09-20T12:55:34Z,CHAN,68314,68314164,1000,100,0,5,0,-1050,-1160,-1144
2026-09-20T12:56:02Z,CHAN,68342,68342164,1000,100,0,3,0,-1090,-1160,-1147
2026-09-20T12:56:06Z,CHAN,68346,68346164,1000,100,0,3,0,-1080,-1160,-1146
2026-09-20T12:56:09Z,CHANSUM,68290,68349,60,60000,6000,0,18,0,5,0,-1050,-1160,-1150,-1159
2026-09-20T12:56:21Z,CHAN,68361,68361164,1000,100,0,3,0,-980,-1160,-1144
2026-09-20T12:56:30Z,CHAN,68370,68370164,1000,100,0,3,0,-1070,-1160,-1145
2026-09-20T12:56:58Z,CHAN,68398,68398164,1000,100,0,3,0,-1040,-1160,-1146
2026-09-20T12:57:05Z,CHAN,68405,68405164,1000,100,0,9,0,-870,-1160,-1123
2026-09-20T12:57:09Z,CHANSUM,68350,68409,60,60000,6000,0,18,0,4,0,-870,-1160,-1150,-1159
2026-09-20T12:57:18Z,CHAN,68418,68418164,1000,100,0,3,0,-850,-1160,-1140
2026-09-20T12:57:33Z,CHAN,68433,68433164,1000,100,0,3,0,-1090,-1160,-1147
2026-09-20T12:57:38Z,CHAN,68438,68438164,1000,100,0,3,0,-1060,-1160,-1146
2026-09-20T12:57:48Z,CHAN,68448,68448164,1000,100,0,3,0,-1070,-1160,-1145
2026-09-20T12:57:59Z,CHAN,68459,68459164,1000,100,0,3,0,-740,-1160,-1136
2026-09-20T12:58:06Z,CHAN,68466,68466164,1000,100,0,2,0,-960,-1160,-1145
2026-09-20T12:58:07Z,CHAN,68467,68467164,1000,100,0,1,0,-950,-1160,-1147
2026-09-20T12:58:09Z,CHANSUM,68410,68469,60,60000,6000,0,18,0,7,0,-740,-1160,-1160,-1160
2026-09-20T12:58:11Z,CHAN,68471,68471164,1000,100,0,1,0,-1090,-1160,-1147
2026-09-20T12:58:31Z,CHAN,68491,68491164,1000,100,0,9,0,-960,-1160,-1137
2026-09-20T12:58:51Z,CHAN,68511,68511164,1000,100,0,3,0,-1020,-1160,-1145
2026-09-20T12:58:53Z,CHAN,68513,68513164,1000,100,0,3,0,-1000,-1160,-1143
2026-09-20T12:59:05Z,CHAN,68525,68525164,1000,100,0,4,0,-980,-1160,-1144
2026-09-20T12:59:09Z,CHANSUM,68470,68529,60,60000,6000,0,20,0,5,0,-960,-1160,-1160,-1160
2026-09-20T12:59:15Z,CHAN,68535,68535164,1000,100,0,9,0,-870,-1150,-1123
2026-09-20T12:59:41Z,CHAN,68561,68561164,1000,100,0,4,0,-940,-1160,-1141
2026-09-20T12:59:51Z,CHAN,68571,68571164,1000,100,0,3,0,-1020,-1160,-1146
2026-09-20T13:00:09Z,CHANSUM,68530,68589,60,60000,6000,0,16,0,3,0,-870,-1160,-1150,-1159
2026-09-20T13:00:28Z,CHAN,68608,68608164,1000,100,0,4,0,-910,-1160,-1140
2026-09-20T13:00:33Z,CHAN,68613,68613164,1000,100,0,4,0,-1070,-1160,-1146
2026-09-20T13:01:04Z,CHAN,68644,68644164,1000,100,0,7,0,-980,-1160,-1142
2026-09-20T13:01:09Z,CHANSUM,68590,68649,60,60000,6000,0,15,0,3,0,-910,-1160,-1150,-1159
2026-09-20T13:01:39Z,CHAN,68679,68679164,1000,100,0,4,0,-1050,-1160,-1145
2026-09-20T13:01:53Z,CHAN,68693,68693164,1000,100,0,3,0,-1070,-1160,-1144
2026-09-20T13:02:02Z,CHAN,68702,68702164,1000,100,0,3,0,-1080,-1160,-1146
2026-09-20T13:02:09Z,CHANSUM,68650,68709,60,60000,6000,0,10,0,3,0,-1050,-1170,-1160,-1160
2026-09-20T13:02:42Z,CHAN,68742,68742164,1000,100,0,4,0,-910,-1160,-1141
2026-09-20T13:02:51Z,CHAN,68751,68751164,1000,100,0,4,0,-1020,-1160,-1144
2026-09-20T13:03:09Z,CHANSUM,68710,68769,60,60000,6000,0,8,0,2,0,-910,-1160,-1160,-1160
2026-09-20T13:03:48Z,CHAN,68808,68808164,1000,100,0,5,0,-1050,-1160,-1144
2026-09-20T13:03:52Z,CHAN,68812,68812164,1000,100,0,5,0,-1060,-1160,-1144
2026-09-20T13:04:06Z,CHAN,68826,68826164,1000,100,0,2,0,-1070,-1160,-1147
2026-09-20T13:04:09Z,CHANSUM,68770,68829,60,60000,6000,0,12,0,3,0,-1050,-1160,-1160,-1160
2026-09-20T13:04:21Z,CHAN,68841,68841164,1000,100,0,3,0,-1090,-1160,-1147
2026-09-20T13:05:05Z,CHAN,68885,68885164,1000,100,0,3,0,-1000,-1170,-1146
2026-09-20T13:05:09Z,CHANSUM,68830,68889,60,60000,6000,0,6,0,2,0,-1000,-1170,-1160,-1160
2026-09-20T13:05:41Z,CHAN,68921,68921164,1000,100,0,1,0,-900,-1170,-1146
2026-09-20T13:05:54Z,CHAN,68934,68934164,1000,100,0,5,0,-1050,-1160,-1144
2026-09-20T13:06:09Z,CHANSUM,68890,68949,60,60000,6000,0,6,0,2,0,-900,-1170,-1150,-1160
2026-09-20T13:06:17Z,CHAN,68957,68957164,1000,100,0,3,0,-1080,-1160,-1146
2026-09-20T13:06:30Z,CHAN,68970,68970164,1000,100,0,3,0,-1070,-1160,-1145
2026-09-20T13:06:45Z,CHAN,68985,68985164,1000,100,0,1,0,-1100,-1160,-1147
2026-09-20T13:07:01Z,CHAN,69001,69001164,1000,100,0,5,0,-860,-1160,-1134
2026-09-20T13:07:08Z,CHAN,69008,69008164,1000,100,0,4,0,-1000,-1160,-1144
2026-09-20T13:07:09Z,CHANSUM,68950,69009,60,60000,6000,0,16,0,5,0,-860,-1160,-1160,-1160
2026-09-20T13:07:11Z,CHAN,69011,69011164,1000,100,0,1,0,-1010,-1160,-1147
2026-09-20T13:07:17Z,CHAN,69017,69017164,1000,100,0,3,0,-1070,-1150,-1145
2026-09-20T13:07:55Z,CHAN,69055,69055164,1000,100,0,4,0,-1040,-1160,-1144
2026-09-20T13:08:08Z,CHAN,69068,69068164,1000,100,0,3,0,-1090,-1160,-1145
2026-09-20T13:08:09Z,CHANSUM,69010,69069,60,60000,6000,0,11,0,4,0,-1010,-1160,-1150,-1159
2026-09-20T13:08:51Z,CHAN,69111,69111164,1000,100,0,5,0,-1060,-1160,-1144
2026-09-20T13:09:09Z,CHANSUM,69070,69129,60,60000,6000,0,5,0,1,0,-1060,-1160,-1160,-1160
2026-09-20T13:09:47Z,CHAN,69167,69167164,1000,100,0,5,0,-1080,-1160,-1145
2026-09-20T13:10:01Z,CHAN,69181,69181164,1000,100,0,4,0,-1040,-1160,-1145
2026-09-20T13:10:03Z,CHAN,69183,69183164,1000,100,0,3,0,-1070,-1160,-1147
2026-09-20T13:10:07Z,CHAN,69187,69187164,1000,100,0,4,0,-980,-1160,-1142
2026-09-20T13:10:09Z,CHANSUM,69130,69189,60,60000,6000,0,16,0,4,0,-980,-1160,-1160,-1160
2026-09-20T13:10:18Z,CHAN,69198,69198164,1000,100,0,3,0,-1070,-1160,-1146
2026-09-20T13:10:24Z,CHAN,69204,69204164,1000,100,0,5,0,-1090,-1160,-1146
2026-09-20T13:10:29Z,CHAN,69209,69209164,1000,100,0,5,0,-960,-1160,-1140
2026-09-20T13:10:32Z,CHAN,69212,69212164,1000,100,0,2,0,-1060,-1160,-1146
2026-09-20T13:10:33Z,CHAN,69213,69213164,1000,100,0,2,0,-1060,-1160,-1148
2026-09-20T13:10:34Z,CHAN,69214,69214164,1000,100,0,3,0,-1060,-1160,-1145
2026-09-20T13:10:37Z,CHAN,69217,69217164,1000,100,0,4,0,-1040,-1160,-1145
2026-09-20T13:11:09Z,CHANSUM,69190,69249,60,60000,6000,0,24,0,7,0,-960,-1160,-1160,-1160
2026-09-20T13:11:44Z,CHAN,69284,69284164,1000,100,0,10,0,-950,-1170,-1132
2026-09-20T13:12:09Z,CHANSUM,69250,69309,60,60000,6000,0,10,0,1,0,-950,-1170,-1160,-1160
2026-09-20T13:12:45Z,CHAN,69345,69345164,1000,100,0,4,0,-700,-1160,-1134
2026-09-20T13:12:50Z,CHAN,69350,69350164,1000,100,0,9,0,-870,-1160,-1123
2026-09-20T13:13:08Z,CHAN,69368,69368164,1000,100,0,2,0,-990,-1160,-1145
2026-09-20T13:13:09Z,CHAN,69369,69369164,1000,100,0,1,0,-980,-1160,-1146
2026-09-20T13:13:09Z,CHANSUM,69310,69369,60,60000,6000,0,16,0,4,0,-700,-1160,-1160,-1160
2026-09-20T13:13:27Z,CHAN,69387,69387164,1000,100,0,3,0,-940,-1160,-1142
2026-09-20T13:13:38Z,CHAN,69398,69398164,1000,100,0,4,0,-1050,-1160,-1146
2026-09-20T13:13:49Z,CHAN,69409,69409164,1000,100,0,3,0,-1080,-1160,-1146
2026-09-20T13:14:03Z,CHAN,69423,69423164,1000,100,0,3,0,-1070,-1160,-1146
2026-09-20T13:14:09Z,CHANSUM,69370,69429,60,60000,6000,0,13,0,4,0,-940,-1170,-1160,-1160
2026-09-20T13:14:18Z,CHAN,69438,69438164,1000,100,0,4,0,-1070,-1160,-1146
2026-09-20T13:14:44Z,CHAN,69464,69464164,1000,100,0,5,0,-1090,-1160,-1146
2026-09-20T13:15:00Z,CHAN,69480,69480164,1000,100,0,9,0,-870,-1160,-1123
2026-09-20T13:15:04Z,CHAN,69484,69484164,1000,100,0,3,0,-980,-1160,-1144
2026-09-20T13:15:09Z,CHANSUM,69430,69489,60,60000,6000,0,21,0,4,0,-870,-1160,-1160,-1160
2026-09-20T13:15:12Z,CHAN,69492,69492164,1000,100,0,2,0,-870,-1160,-1145
2026-09-20T13:15:25Z,CHAN,69505,69505164,1000,100,0,3,0,-980,-1160,-1143
2026-09-20T13:15:53Z,CHAN,69533,69533164,1000,100,0,2,0,-1090,-1160,-1145
2026-09-20T13:15:54Z,CHAN,69534,69534164,1000,100,0,4,0,-930,-1160,-1142
2026-09-20T13:16:02Z,CHAN,69542,69542164,1000,100,0,4,0,-1040,-1160,-1145
2026-09-20T13:16:09Z,CHANSUM,69490,69549,60,60000,6000,0,15,0,5,0,-870,-1160,-1160,-1160
2026-09-20T13:16:17Z,CHAN,69557,69557164,1000,100,0,3,0,-1060,-1160,-1146
2026-09-20T13:16:22Z,CHAN,69562,69562164,1000,100,0,4,0,-860,-1160,-1137
2026-09-20T13:16:28Z,CHAN,69568,69568164,1000,100,0,3,0,-940,-1160,-1143
2026-09-20T13:16:36Z,CHAN,69576,69576164,1000,100,0,3,0,-1100,-1160,-1146
2026-09-20T13:16:39Z,CHAN,69579,69579164,1000,100,0,3,0,-1070,-1160,-1146
2026-09-20T13:16:58Z,CHAN,69598,69598164,1000,100,0,1,0,-1070,-1160,-1148
2026-09-20T13:17:03Z,CHAN,69603,69603164,1000,100,0,9,0,-1060,-1160,-1140
2026-09-20T13:17:09Z,CHANSUM,69550,69609,60,60000,6000,0,26,0,7,0,-860,-1160,-1150,-1159
2026-09-20T13:17:23Z,CHAN,69623,69623164,1000,100,0,5,0,-880,-1160,-1136
2026-09-20T13:17:58Z,CHAN,69658,69658164,1000,100,0,5,0,-1060,-1160,-1145
2026-09-20T13:18:01Z,CHAN,69661,69661164,1000,100,0,8,0,-850,-1160,-1128
2026-09-20T13:18:05Z,CHAN,69665,69665164,1000,100,0,9,0,-870,-1160,-1123
2026-09-20T13:18:09Z,CHANSUM,69610,69669,60,60000,6000,0,27,0,4,0,-850,-1160,-1150,-1159
2026-09-20T13:18:30Z,CHAN,69690,69690164,1000,100,0,2,0,-900,-1160,-1145
2026-09-20T13:18:36Z,CHAN,69696,69696164,1000,100,0,1,0,-1100,-1160,-1148
2026-09-20T13:18:45Z,CHAN,69705,69705164,1000,100,0,3,0,-950,-1160,-1143
2026-09-20T13:19:02Z,CHAN,69722,69722164,1000,100,0,5,0,-1090,-1160,-1145
2026-09-20T13:19:05Z,CHAN,69725,69725164,1000,100,0,3,0,-1070,-1160,-1146
2026-09-20T13:19:09Z,CHANSUM,69670,69729,60,60000,6000,0,14,0,5,0,-900,-1170,-1160,-1160
2026-09-20T13:19:11Z,CHAN,69731,69731164,1000,100,0,3,0,-960,-1160,-1142
2026-09-20T13:19:12Z,CHAN,69732,69732164,1000,100,0,3,0,-1070,-1160,-1145
2026-09-20T13:19:28Z,CHAN,69748,69748164,1000,100,0,3,0,-980,-1160,-1143
2026-09-20T13:19:31Z,CHAN,69751,69751164,1000,100,0,3,0,-1080,-1160,-1145
2026-09-20T13:19:35Z,CHAN,69755,69755164,1000,100,0,5,0,-1060,-1160,-1144
2026-09-20T13:19:40Z,CHAN,69760,69760164,1000,100,0,3,0,-1050,-1160,-1146
2026-09-20T13:19:57Z,CHAN,69777,69777164,1000,100,0,3,0,-1000,-1160,-1144
2026-09-20T13:20:09Z,CHAN,69789,69789164,1000,100,0,3,0,-1050,-1160,-1146
2026-09-20T13:20:09Z,CHANSUM,69730,69789,60,60000,6000,0,26,0,8,0,-960,-1160,-1160,-1160
2026-09-20T13:20:15Z,CHAN,69795,69795164,1000,100,0,9,0,-880,-1160,-1124
2026-09-20T13:20:19Z,CHAN,69799,69799164,1000,100,0,5,0,-900,-1160,-1141
2026-09-20T13:20:23Z,CHAN,69803,69803164,1000,100,0,3,0,-860,-1160,-1139
2026-09-20T13:20:28Z,CHAN,69808,69808164,1000,100,0,1,0,-1100,-1160,-1147
2026-09-20T13:20:37Z,CHAN,69817,69817164,1000,100,0,2,0,-1090,-1160,-1146
2026-09-20T13:20:45Z,CHAN,69825,69825164,1000,100,0,3,0,-950,-1160,-1142
2026-09-20T13:20:56Z,CHAN,69836,69836164,1000,100,0,1,0,-1100,-1160,-1146
2026-09-20T13:21:04Z,CHAN,69844,69844164,1000,100,0,5,0,-1060,-1160,-1144
2026-09-20T13:21:09Z,CHANSUM,69790,69849,60,60000,6000,0,29,0,8,0,-860,-1160,-1160,-1160
2026-09-20T13:21:17Z,CHAN,69857,69857164,1000,100,0,3,0,-1020,-1160,-1144
2026-09-20T13:21:22Z,CHAN,69862,69862164,1000,100,0,3,0,-980,-1160,-1144
2026-09-20T13:21:36Z,CHAN,69876,69876164,1000,100,0,3,0,-1050,-1160,-1146
2026-09-20T13:22:09Z,CHANSUM,69850,69909,60,60000,6000,0,9,0,3,0,-980,-1160,-1160,-1160
2026-09-20T13:22:54Z,CHAN,69954,69954164,1000,100,0,1,0,-870,-1160,-1145
2026-09-20T13:22:55Z,CHAN,69955,69955164,1000,100,0,1,0,-920,-1160,-1146
2026-09-20T13:23:05Z,CHAN,69965,69965164,1000,100,0,5,0,-1060,-1160,-1143
2026-09-20T13:23:09Z,CHANSUM,69910,69969,60,60000,6000,0,7,0,3,0,-870,-1160,-1160,-1160
2026-09-20T13:23:11Z,CHAN,69971,69971164,1000,100,0,1,0,-1070,-1170,-1147
2026-09-20T13:24:09Z,CHANSUM,69970,70029,60,60000,6000,0,1,0,1,0,-1070,-1170,-1160,-1160
2026-09-20T13:24:40Z,CHAN,70060,70060164,1000,100,0,1,0,-880,-1160,-1146
2026-09-20T13:24:41Z,CHAN,70061,70061164,1000,100,0,3,0,-920,-1160,-1142
2026-09-20T13:25:09Z,CHANSUM,70030,70089,60,60000,6000,0,4,0,2,0,-880,-1160,-1160,-1160
2026-09-20T13:25:22Z,CHAN,70102,70102164,1000,100,0,9,0,-390,-1160,-1118
2026-09-20T13:26:02Z,CHAN,70142,70142164,1000,100,0,4,0,-1100,-1160,-1146
2026-09-20T13:26:09Z,CHANSUM,70090,70149,60,60000,6000,0,13,0,2,0,-390,-1160,-1160,-1160
2026-09-20T13:26:19Z,CHAN,70159,70159164,1000,100,0,3,0,-890,-1170,-1144
2026-09-20T13:26:20Z,CHAN,70160,70160164,1000,100,0,3,0,-890,-1160,-1143
2026-09-20T13:26:31Z,CHAN,70171,70171164,1000,100,0,3,0,-880,-1160,-1141
2026-09-20T13:26:34Z,CHAN,70174,70174164,1000,100,0,4,0,-700,-1160,-1131
2026-09-20T13:27:05Z,CHAN,70205,70205164,1000,100,0,3,0,-1050,-1160,-1145
2026-09-20T13:27:09Z,CHANSUM,70150,70209,60,60000,6000,0,16,0,5,0,-700,-1170,-1160,-1160
2026-09-20T13:27:12Z,CHAN,70212,70212164,1000,100,0,5,0,-1040,-1160,-1144
2026-09-20T13:27:31Z,CHAN,70231,70231164,1000,100,0,3,0,-880,-1160,-1139
2026-09-20T13:27:38Z,CHAN,70238,70238164,1000,100,0,4,0,-1090,-1160,-1145
2026-09-20T13:27:46Z,CHAN,70246,70246164,1000,100,0,5,0,-1030,-1160,-1143
2026-09-20T13:27:49Z,CHAN,70249,70249164,1000,100,0,3,0,-1070,-1160,-1146
2026-09-20T13:27:50Z,CHAN,70250,70250164,1000,100,0,4,0,-1030,-1160,-1143
2026-09-20T13:27:54Z,CHAN,70254,70254164,1000,100,0,3,0,-1090,-1160,-1146
2026-09-20T13:28:03Z,CHAN,70263,70263164,1000,100,0,3,0,-1050,-1160,-1146
2026-09-20T13:28:09Z,CHANSUM,70210,70269,60,60000,6000,0,30,0,8,0,-880,-1160,-1160,-1160
2026-09-20T13:28:15Z,CHAN,70275,70275164,1000,100,0,4,0,-970,-1160,-1142
2026-09-20T13:28:29Z,CHAN,70289,70289164,1000,100,0,3,0,-1060,-1160,-1146
2026-09-20T13:28:42Z,CHAN,70302,70302164,1000,100,0,3,0,-900,-1160,-1142
2026-09-20T13:28:43Z,CHAN,70303,70303164,1000,100,0,1,0,-1050,-1160,-1147
2026-09-20T13:28:53Z,CHAN,70313,70313164,1000,100,0,3,0,-860,-1160,-1139
2026-09-20T13:29:03Z,CHAN,70323,70323164,1000,100,0,4,0,-900,-1160,-1139
2026-09-20T13:29:07Z,CHAN,70327,70327164,1000,100,0,3,0,-1100,-1160,-1147
2026-09-20T13:29:09Z,CHANSUM,70270,70329,60,60000,6000,0,21,0,7,0,-860,-1160,-1160,-1160
2026-09-20T13:29:27Z,CHAN,70347,70347164,1000,100,0,3,0,-1070,-1160,-1147
2026-09-20T13:29:43Z,CHAN,70363,70363164,1000,100,0,4,0,-1060,-1160,-1146
2026-09-20T13:29:46Z,CHAN,70366,70366164,1000,100,0,1,0,-1100,-1160,-1147
2026-09-20T13:30:09Z,CHANSUM,70330,70389,60,60000,6000,0,8,0,3,0,-1060,-1160,-1160,-1160
2026-09-20T13:30:24Z,CHAN,70404,70404164,1000,100,0,5,0,-860,-1160,-1134
2026-09-20T13:31:09Z,CHANSUM,70390,70449,60,60000,6000,0,5,0,1,0,-860,-1160,-1160,-1160
2026-09-20T13:32:09Z,CHANSUM,70450,70509,60,60000,6000,0,0,0,0,0,-1110,-1160,-1160,-1160
2026-09-20T13:33:09Z,CHANSUM,70510,70569,60,60000,6000,0,0,0,0,0,-1130,-1160,-1160,-1160
2026-09-20T13:33:14Z,CHAN,70574,70574164,1000,100,0,3,0,-1100,-1160,-1147
2026-09-20T13:33:17Z,CHAN,70577,70577164,1000,100,0,1,0,-990,-1160,-1146
2026-09-20T13:33:18Z,CHAN,70578,70578164,1000,100,0,1,0,-1050,-1160,-1148
2026-09-20T13:33:50Z,CHAN,70610,70610164,1000,100,0,9,0,-870,-1160,-1123
2026-09-20T13:33:55Z,CHAN,70615,70615164,1000,100,0,22,0,-770,-1160,-1088
2026-09-20T13:33:56Z,CHAN,70616,70616164,1000,100,0,23,0,-870,-1160,-1085
2026-09-20T13:34:09Z,CHANSUM,70570,70629,60,60000,6000,0,59,0,6,0,-770,-1160,-1160,-1160
2026-09-20T13:34:55Z,CHAN,70675,70675164,1000,100,0,2,0,-890,-1160,-1144
2026-09-20T13:35:00Z,CHAN,70680,70680164,1000,100,0,2,0,-930,-1160,-1145
2026-09-20T13:35:05Z,CHAN,70685,70685164,1000,100,0,2,0,-880,-1160,-1144
2026-09-20T13:35:09Z,CHANSUM,70630,70689,60,60000,6000,0,6,0,3,0,-880,-1160,-1160,-1160
2026-09-20T13:35:14Z,CHAN,70694,70694164,1000,100,0,5,0,-1060,-1160,-1144
2026-09-20T13:35:26Z,CHAN,70706,70706164,1000,100,0,2,0,-900,-1160,-1143
2026-09-20T13:35:38Z,CHAN,70718,70718164,1000,100,0,1,0,-930,-1160,-1146
2026-09-20T13:35:49Z,CHAN,70729,70729164,1000,100,0,5,0,-1050,-1160,-1144
2026-09-20T13:36:00Z,CHAN,70740,70740164,1000,100,0,9,0,-860,-1160,-1122
2026-09-20T13:36:09Z,CHANSUM,70690,70749,60,60000,6000,0,22,0,5,0,-860,-1160,-1150,-1159
2026-09-20T13:37:09Z,CHANSUM,70750,70809,60,60000,6000,0,0,0,0,0,-1130,-1160,-1150,-1159
2026-09-20T13:38:09Z,CHANSUM,70810,70869,60,60000,6000,0,0,0,0,0,-1110,-1160,-1160,-1160
2026-09-20T13:39:05Z,CHAN,70925,70925164,1000,100,0,9,0,-870,-1160,-1123
2026-09-20T13:39:09Z,CHANSUM,70870,70929,60,60000,6000,0,9,0,1,0,-870,-1160,-1160,-1160
2026-09-20T13:39:24Z,CHAN,70944,70944164,1000,100,0,4,0,-1060,-1160,-1144
2026-09-20T13:40:09Z,CHANSUM,70930,70989,60,60000,6000,0,4,0,1,0,-1060,-1160,-1160,-1160
2026-09-20T13:40:21Z,CHAN,71001,71001164,1000,100,0,1,0,-1090,-1160,-1147
2026-09-20T13:40:35Z,CHAN,71015,71015164,1000,100,0,3,0,-900,-1160,-1143
2026-09-20T13:40:36Z,CHAN,71016,71016164,1000,100,0,2,0,-890,-1160,-1145
2026-09-20T13:40:50Z,CHAN,71030,71030164,1000,100,0,2,0,-1090,-1160,-1146
2026-09-20T13:40:57Z,CHAN,71037,71037164,1000,100,0,3,0,-1060,-1160,-1145
2026-09-20T13:40:58Z,CHAN,71038,71038164,1000,100,0,2,0,-1090,-1160,-1146
2026-09-20T13:41:09Z,CHANSUM,70990,71049,60,60000,6000,0,13,0,6,0,-890,-1160,-1160,-1160
2026-09-20T13:41:15Z,CHAN,71055,71055164,1000,100,0,9,0,-860,-1160,-1124
2026-09-20T13:41:16Z,CHAN,71056,71056164,1000,100,0,3,0,-1030,-1160,-1145
2026-09-20T13:41:29Z,CHAN,71069,71069164,1000,100,0,3,0,-1100,-1160,-1146
2026-09-20T13:41:54Z,CHAN,71094,71094164,1000,100,0,4,0,-1020,-1160,-1144
2026-09-20T13:42:09Z,CHANSUM,71050,71109,60,60000,6000,0,19,0,4,0,-860,-1170,-1160,-1160
2026-09-20T13:42:12Z,CHAN,71112,71112164,1000,100,0,4,0,-1070,-1160,-1146
2026-09-20T13:42:14Z,CHAN,71114,71114164,1000,100,0,14,0,-950,-1160,-1119
2026-09-20T13:42:15Z,CHAN,71115,71115164,1000,100,0,47,0,-950,-1160,-1068
2026-09-20T13:42:16Z,CHAN,71116,71116164,1000,100,0,4,0,-950,-1160,-1140
2026-09-20T13:42:30Z,CHAN,71130,71130164,1000,100,0,3,0,-1080,-1160,-1146
2026-09-20T13:42:35Z,CHAN,71135,71135164,1000,100,0,1,0,-1100,-1160,-1147
2026-09-20T13:42:52Z,CHAN,71152,71152164,1000,100,0,3,0,-1060,-1160,-1146
2026-09-20T13:43:09Z,CHANSUM,71110,71169,60,60000,6000,0,76,0,7,0,-950,-1160,-1160,-1160
2026-09-20T13:43:12Z,CHAN,71172,71172164,1000,100,0,3,0,-880,-1170,-1143
2026-09-20T13:43:25Z,CHAN,71185,71185164,1000,100,0,5,0,-1060,-1160,-1144
2026-09-20T13:43:36Z,CHAN,71196,71196164,1000,100,0,1,0,-1100,-1160,-1148
2026-09-20T13:43:37Z,CHAN,71197,71197164,1000,100,0,2,0,-890,-1160,-1145
2026-09-20T13:43:39Z,CHAN,71199,71199164,1000,100,0,1,0,-1030,-1160,-1147
2026-09-20T13:43:42Z,CHAN,71202,71202164,1000,100,0,3,0,-1060,-1160,-1146
2026-09-20T13:43:53Z,CHAN,71213,71213164,1000,100,0,4,0,-1060,-1160,-1146
2026-09-20T13:44:07Z,CHAN,71227,71227164,1000,100,0,3,0,-1090,-1160,-1146
2026-09-20T13:44:09Z,CHANSUM,71170,71229,60,60000,6000,0,22,0,8,0,-880,-1170,-1160,-1160
2026-09-20T13:44:34Z,CHAN,71254,71254164,1000,100,0,1,0,-1100,-1160,-1147
2026-09-20T13:44:43Z,CHAN,71263,71263164,1000,100,0,3,0,-1030,-1160,-1145
2026-09-20T13:45:03Z,CHAN,71283,71283164,1000,100,0,1,0,-1090,-1160,-1147
2026-09-20T13:45:05Z,CHAN,71285,71285164,1000,100,0,7,0,-1070,-1160,-1144
2026-09-20T13:45:09Z,CHANSUM,71230,71289,60,60000,6000,0,12,0,4,0,-1030,-1170,-1160,-1160
2026-09-20T13:45:20Z,CHAN,71300,71300164,1000,100,0,3,0,-1070,-1160,-1145
2026-09-20T13:45:23Z,CHAN,71303,71303164,1000,100,0,3,0,-1080,-1160,-1147
2026-09-20T13:45:33Z,CHAN,71313,71313164,1000,100,0,3,0,-1040,-1160,-1146
2026-09-20T13:45:40Z,CHAN,71320,71320164,1000,100,0,3,0,-1040,-1160,-1146
2026-09-20T13:45:53Z,CHAN,71333,71333164,1000,100,0,2,0,-1100,-1160,-1146
2026-09-20T13:46:09Z,CHANSUM,71290,71349,60,60000,6000,0,14,0,5,0,-1040,-1160,-1160,-1160
2026-09-20T13:46:11Z,CHAN,71351,71351164,1000,100,0,3,0,-960,-1160,-1143
2026-09-20T13:46:13Z,CHAN,71353,71353164,1000,100,0,1,0,-1090,-1160,-1147
2026-09-20T13:46:24Z,CHAN,71364,71364164,1000,100,0,3,0,-1090,-1160,-1147
2026-09-20T13:46:32Z,CHAN,71372,71372164,1000,100,0,1,0,-1100,-1160,-1146
2026-09-20T13:46:35Z,CHAN,71375,71375164,1000,100,0,3,0,-1060,-1160,-1145
2026-09-20T13:46:45Z,CHAN,71385,71385164,1000,100,0,3,0,-980,-1160,-1143
2026-09-20T13:46:54Z,CHAN,71394,71394164,1000,100,0,1,0,-1100,-1160,-1147
2026-09-20T13:47:02Z,CHAN,71402,71402164,1000,100,0,1,0,-1100,-1160,-1146
2026-09-20T13:47:06Z,CHAN,71406,71406164,1000,100,0,6,0,-1080,-1160,-1143
2026-09-20T13:47:09Z,CHANSUM,71350,71409,60,60000,6000,0,22,0,9,0,-960,-1160,-1160,-1160
2026-09-20T13:47:30Z,CHAN,71430,71430164,1000,100,0,10,0,-870,-1160,-1122
2026-09-20T13:48:09Z,CHANSUM,71410,71469,60,60000,6000,0,10,0,1,0,-870,-1160,-1160,-1160
2026-09-20T13:48:42Z,CHAN,71502,71502164,1000,100,0,3,0,-1090,-1160,-1146
2026-09-20T13:49:09Z,CHANSUM,71470,71529,60,60000,6000,0,3,0,1,0,-1090,-1160,-1160,-1160
2026-09-20T13:49:33Z,CHAN,71553,71553164,1000,100,0,5,0,-980,-1160,-1139
2026-09-20T13:49:40Z,CHAN,71560,71560164,1000,100,0,10,0,-870,-1160,-1121
2026-09-20T13:50:06Z,CHAN,71586,71586164,1000,100,0,1,0,-1070,-1160,-1148
2026-09-20T13:50:09Z,CHANSUM,71530,71589,60,60000,6000,0,16,0,3,0,-870,-1160,-1160,-1160
2026-09-20T13:50:20Z,CHAN,71600,71600164,1000,100,0,1,0,-880,-1160,-1145
2026-09-20T13:50:21Z,CHAN,71601,71601164,1000,100,0,2,0,-960,-1160,-1146
2026-09-20T13:50:32Z,CHAN,71612,71612164,1000,100,0,1,0,-1050,-1160,-1146
2026-09-20T13:50:33Z,CHAN,71613,71613164,1000,100,0,1,0,-1090,-1160,-1147
2026-09-20T13:50:34Z,CHAN,71614,71614164,1000,100,0,1,0,-1030,-1160,-1147
2026-09-20T13:50:59Z,CHAN,71639,71639164,1000,100,0,4,0,-1040,-1160,-1144
2026-09-20T13:51:00Z,CHAN,71640,71640164,1000,100,0,5,0,-950,-1160,-1139
2026-09-20T13:51:09Z,CHANSUM,71590,71649,60,60000,6000,0,15,0,7,0,-880,-1160,-1160,-1160
2026-09-20T13:51:13Z,CHAN,71653,71653164,1000,100,0,1,0,-1100,-1160,-1147
2026-09-20T13:51:30Z,CHAN,71670,71670164,1000,100,0,3,0,-1090,-1160,-1147
2026-09-20T13:51:49Z,CHAN,71689,71689164,1000,100,0,2,0,-1100,-1160,-1145
2026-09-20T13:52:09Z,CHANSUM,71650,71709,60,60000,6000,0,6,0,3,0,-1090,-1160,-1150,-1159
2026-09-20T13:52:11Z,CHAN,71711,71711164,1000,100,0,2,0,-1100,-1160,-1146
2026-09-20T13:52:45Z,CHAN,71745,71745164,1000,100,0,10,0,-870,-1160,-1121
2026-09-20T13:52:56Z,CHAN,71756,71756164,1000,100,0,3,0,-1100,-1160,-1147
2026-09-20T13:53:09Z,CHANSUM,71710,71769,60,60000,6000,0,15,0,3,0,-870,-1160,-1150,-1159
2026-09-20T13:53:12Z,CHAN,71772,71772164,1000,100,0,4,0,-920,-1160,-1139
2026-09-20T13:53:36Z,CHAN,71796,71796164,1000,100,0,4,0,-1010,-1160,-1143
2026-09-20T13:53:44Z,CHAN,71804,71804164,1000,100,0,4,0,-1090,-1160,-1146
2026-09-20T13:54:09Z,CHANSUM,71770,71829,60,60000,6000,0,12,0,3,0,-920,-1160,-1160,-1160
2026-09-20T13:54:12Z,CHAN,71832,71832164,1000,100,0,4,0,-920,-1160,-1140
2026-09-20T13:54:29Z,CHAN,71849,71849164,1000,100,0,4,0,-990,-1160,-1142
2026-09-20T13:54:55Z,CHAN,71875,71875164,1000,100,0,9,0,-860,-1160,-1123
2026-09-20T13:54:58Z,CHAN,71878,71878164,1000,100,0,4,0,-1090,-1160,-1146
2026-09-20T13:55:05Z,CHAN,71885,71885164,1000,100,0,4,0,-970,-1160,-1142
2026-09-20T13:55:09Z,CHAN,71889,71889164,1000,100,0,1,0,-880,-1160,-1146
2026-09-20T13:55:09Z,CHANSUM,71830,71889,60,60000,6000,0,26,0,6,0,-860,-1160,-1160,-1160
2026-09-20T13:55:19Z,CHAN,71899,71899164,1000,100,0,4,0,-1070,-1160,-1145
2026-09-20T13:55:21Z,CHAN,71901,71901164,1000,100,0,4,0,-880,-1160,-1138
2026-09-20T13:55:33Z,CHAN,71913,71913164,1000,100,0,4,0,-1010,-1160,-1143
2026-09-20T13:55:59Z,CHAN,71939,71939164,1000,100,0,4,0,-1030,-1160,-1144
2026-09-20T13:56:09Z,CHANSUM,71890,71949,60,60000,6000,0,16,0,4,0,-880,-1160,-1160,-1160
2026-09-20T13:57:09Z,CHAN,72009,72009164,1000,100,0,3,0,-1100,-1160,-1143
2026-09-20T13:57:09Z,CHANSUM,71950,72009,60,60000,6000,0,3,0,1,0,-1100,-1160,-1150,-1159
2026-09-20T13:57:39Z,CHAN,72039,72039164,1000,100,0,3,0,-880,-1160,-1141
2026-09-20T13:57:41Z,CHAN,72041,72041164,1000,100,0,4,0,-1070,-1160,-1145
2026-09-20T13:57:43Z,CHAN,72043,72043164,1000,100,0,3,0,-990,-1160,-1144
2026-09-20T13:57:50Z,CHAN,72050,72050164,1000,100,0,2,0,-1100,-1160,-1146
2026-09-20T13:57:52Z,CHAN,72052,72052164,1000,100,0,3,0,-1070,-1160,-1146
2026-09-20T13:58:05Z,CHAN,72065,72065164,1000,100,0,4,0,-970,-1160,-1142
2026-09-20T13:58:09Z,CHANSUM,72010,72069,60,60000,6000,0,19,0,6,0,-880,-1160,-1160,-1160
2026-09-20T13:58:10Z,CHAN,72070,72070164,1000,100,0,3,0,-1070,-1160,-1145
2026-09-20T13:58:19Z,CHAN,72079,72079164,1000,100,0,4,0,-1070,-1160,-1145
2026-09-20T13:58:44Z,CHAN,72104,72104164,1000,100,0,4,0,-1090,-1160,-1147
2026-09-20T13:58:49Z,CHAN,72109,72109164,1000,100,0,3,0,-910,-1160,-1141
2026-09-20T13:58:58Z,CHAN,72118,72118164,1000,100,0,2,0,-1090,-1160,-1146
2026-09-20T13:59:00Z,CHAN,72120,72120164,1000,100,0,3,0,-1040,-1160,-1145
2026-09-20T13:59:09Z,CHANSUM,72070,72129,60,60000,6000,0,19,0,6,0,-910,-1160,-1160,-1160
2026-09-20T13:59:10Z,CHAN,72130,72130164,1000,100,0,6,0,-850,-1160,-1135
2026-09-20T13:59:11Z,CHAN,72131,72131164,1000,100,0,1,0,-1100,-1160,-1149
2026-09-20T13:59:18Z,CHAN,72138,72138164,1000,100,0,4,0,-1000,-1160,-1143
2026-09-20T13:59:23Z,CHAN,72143,72143164,1000,100,0,5,0,-990,-1160,-1140
2026-09-20T13:59:31Z,CHAN,72151,72151164,1000,100,0,4,0,-1080,-1160,-1146
2026-09-20T13:59:40Z,CHAN,72160,72160164,1000,100,0,5,0,-1070,-1160,-1144
2026-09-20T13:59:55Z,CHAN,72175,72175164,1000,100,0,4,0,-1050,-1160,-1145
2026-09-20T14:00:09Z,CHANSUM,72130,72189,60,60000,6000,0,29,0,7,0,-850,-1160,-1160,-1160
2026-09-20T14:00:11Z,CHAN,72191,72191164,1000,100,0,5,0,-1040,-1160,-1143
2026-09-20T14:00:16Z,CHAN,72196,72196164,1000,100,0,2,0,-940,-1160,-1146
2026-09-20T14:00:21Z,CHAN,72201,72201164,1000,100,0,5,0,-720,-1160,-1132
2026-09-20T14:00:30Z,CHAN,72210,72210164,1000,100,0,4,0,-990,-1160,-1142
2026-09-20T14:00:57Z,CHAN,72237,72237164,1000,100,0,2,0,-1100,-1160,-1147
2026-09-20T14:01:01Z,CHAN,72241,72241164,1000,100,0,3,0,-1030,-1160,-1144
2026-09-20T14:01:04Z,CHAN,72244,72244164,1000,100,0,4,0,-1030,-1160,-1143
2026-09-20T14:01:09Z,CHANSUM,72190,72249,60,60000,6000,0,25,0,7,0,-720,-1160,-1150,-1159
2026-09-20T14:01:19Z,CHAN,72259,72259164,1000,100,0,3,0,-880,-1160,-1140
2026-09-20T14:01:34Z,CHAN,72274,72274164,1000,100,0,3,0,-1010,-1160,-1144
2026-09-20T14:01:44Z,CHAN,72284,72284164,1000,100,0,4,0,-860,-1160,-1137
2026-09-20T14:01:49Z,CHAN,72289,72289164,1000,100,0,1,0,-1080,-1160,-1146
2026-09-20T14:02:09Z,CHANSUM,72250,72309,60,60000,6000,0,11,0,4,0,-860,-1160,-1160,-1160
2026-09-20T14:02:10Z,CHAN,72310,72310164,1000,100,0,1,0,-910,-1170,-1146
2026-09-20T14:02:11Z,CHAN,72311,72311164,1000,100,0,2,0,-890,-1160,-1143
2026-09-20T14:02:12Z,CHAN,72312,72312164,1000,100,0,2,0,-890,-1160,-1144
2026-09-20T14:02:16Z,CHAN,72316,72316164,1000,100,0,1,0,-1010,-1160,-1147
2026-09-20T14:02:31Z,CHAN,72331,72331164,1000,100,0,5,0,-1080,-1160,-1145
2026-09-20T14:03:09Z,CHANSUM,72310,72369,60,60000,6000,0,11,0,5,0,-890,-1170,-1150,-1160
2026-09-20T14:03:45Z,CHAN,72405,72405164,1000,100,0,2,0,-890,-1160,-1144
2026-09-20T14:04:09Z,CHANSUM,72370,72429,60,60000,6000,0,2,0,1,0,-890,-1170,-1160,-1160
2026-09-20T14:05:09Z,CHANSUM,72430,72489,60,60000,6000,0,0,0,0,0,-1120,-1160,-1150,-1159
2026-09-20T14:06:09Z,CHANSUM,72490,72549,60,60000,6000,0,0,0,0,0,-1110,-1170,-1150,-1160
2026-09-20T14:06:15Z,CHAN,72555,72555164,1000,100,0,4,0,-1040,-1160,-1144
2026-09-20T14:06:24Z,CHAN,72564,72564164,1000,100,0,4,0,-1060,-1160,-1145
2026-09-20T14:06:44Z,CHAN,72584,72584164,1000,100,0,2,0,-880,-1160,-1143
2026-09-20T14:07:09Z,CHANSUM,72550,72609,60,60000,6000,0,10,0,3,0,-880,-1160,-1160,-1160
2026-09-20T14:07:54Z,CHAN,72654,72654164,1000,100,0,3,0,-1060,-1160,-1145
2026-09-20T14:07:57Z,CHAN,72657,72657164,1000,100,0,4,0,-970,-1160,-1142
2026-09-20T14:08:05Z,CHAN,72665,72665164,1000,100,0,4,0,-1060,-1160,-1145
2026-09-20T14:08:09Z,CHANSUM,72610,72669,60,60000,6000,0,11,0,3,0,-970,-1160,-1160,-1160
2026-09-20T14:08:11Z,CHAN,72671,72671164,1000,100,0,1,0,-1070,-1160,-1147
2026-09-20T14:08:12Z,CHAN,72672,72672164,1000,100,0,7,0,-1060,-1160,-1143
2026-09-20T14:08:30Z,CHAN,72690,72690164,1000,100,0,9,0,-860,-1160,-1123
2026-09-20T14:08:56Z,CHAN,72716,72716164,1000,100,0,4,0,-1030,-1160,-1144
2026-09-20T14:09:09Z,CHANSUM,72670,72729,60,60000,6000,0,21,0,4,0,-860,-1160,-1150,-1159
2026-09-20T14:09:12Z,CHAN,72732,72732164,1000,100,0,3,0,-880,-1160,-1143
2026-09-20T14:09:13Z,CHAN,72733,72733164,1000,100,0,1,0,-980,-1160,-1146
2026-09-20T14:09:16Z,CHAN,72736,72736164,1000,100,0,4,0,-690,-1160,-1133
2026-09-20T14:09:19Z,CHAN,72739,72739164,1000,100,0,1,0,-1000,-1160,-1147
2026-09-20T14:09:29Z,CHAN,72749,72749164,1000,100,0,4,0,-1020,-1160,-1144
2026-09-20T14:09:30Z,CHAN,72750,72750164,1000,100,0,1,0,-1100,-1160,-1147
2026-09-20T14:09:33Z,CHAN,72753,72753164,1000,100,0,4,0,-1070,-1160,-1145
2026-09-20T14:09:54Z,CHAN,72774,72774164,1000,100,0,5,0,-860,-1160,-1134
2026-09-20T14:10:09Z,CHANSUM,72730,72789,60,60000,6000,0,23,0,8,0,-690,-1160,-1160,-1160
2026-09-20T14:10:40Z,CHAN,72820,72820164,1000,100,0,9,0,-860,-1160,-1122
2026-09-20T14:11:09Z,CHANSUM,72790,72849,60,60000,6000,0,9,0,1,0,-860,-1160,-1160,-1160
2026-09-20T14:11:51Z,CHAN,72891,72891164,1000,100,0,5,0,-1030,-1160,-1142
2026-09-20T14:12:09Z,CHANSUM,72850,72909,60,60000,6000,0,5,0,1,0,-1030,-1160,-1150,-1159
2026-09-20T14:12:19Z,CHAN,72919,72919164,1000,100,0,1,0,-1060,-1160,-1148
2026-09-20T14:12:20Z,CHAN,72920,72920164,1000,100,0,2,0,-890,-1170,-1143
2026-09-20T14:12:33Z,CHAN,72933,72933164,1000,100,0,3,0,-970,-1170,-1145
2026-09-20T14:13:09Z,CHANSUM,72910,72969,60,60000,6000,0,6,0,3,0,-890,-1170,-1150,-1160
2026-09-20T14:13:45Z,CHAN,73005,73005164,1000,100,0,9,0,-880,-1160,-1124
2026-09-20T14:13:48Z,CHAN,73008,73008164,1000,100,0,5,0,-1040,-1160,-1144
2026-09-20T14:14:09Z,CHAN,73029,73029164,1000,100,0,2,0,-1010,-1160,-1147
2026-09-20T14:14:09Z,CHANSUM,72970,73029,60,60000,6000,0,16,0,3,0,-880,-1160,-1160,-1160
2026-09-20T14:14:11Z,CHAN,73031,73031164,1000,100,0,1,0,-1090,-1160,-1147
2026-09-20T14:14:16Z,CHAN,73036,73036164,1000,100,0,1,0,-1100,-1160,-1148
2026-09-20T14:14:17Z,CHAN,73037,73037164,1000,100,0,1,0,-960,-1170,-1147
2026-09-20T14:14:45Z,CHAN,73065,73065164,1000,100,0,3,0,-1100,-1160,-1147
2026-09-20T14:15:09Z,CHANSUM,73030,73089,60,60000,6000,0,6,0,4,0,-960,-1170,-1160,-1160
2026-09-20T14:15:48Z,CHAN,73128,73128164,1000,100,0,2,0,-890,-1160,-1144
2026-09-20T14:15:55Z,CHAN,73135,73135164,1000,100,0,9,0,-870,-1160,-1123
2026-09-20T14:16:09Z,CHANSUM,73090,73149,60,60000,6000,0,11,0,2,0,-870,-1170,-1160,-1160
2026-09-20T14:17:09Z,CHANSUM,73150,73209,60,60000,6000,0,0,0,0,0,-1120,-1160,-1160,-1160
2026-09-20T14:18:09Z,CHANSUM,73210,73269,60,60000,6000,0,0,0,0,0,-1130,-1160,-1160,-1160
2026-09-20T14:18:16Z,CHAN,73276,73276164,1000,100,0,1,0,-1060,-1160,-1147
2026-09-20T14:18:55Z,CHAN,73315,73315164,1000,100,0,5,0,-1060,-1160,-1144
2026-09-20T14:19:09Z,CHANSUM,73270,73329,60,60000,6000,0,6,0,2,0,-1060,-1160,-1160,-1160
2026-09-20T14:19:17Z,CHAN,73337,73337164,1000,100,0,1,0,-1100,-1160,-1146
2026-09-20T14:19:34Z,CHAN,73354,73354164,1000,100,0,3,0,-1080,-1160,-1146
2026-09-20T14:19:47Z,CHAN,73367,73367164,1000,100,0,3,0,-1080,-1160,-1146
2026-09-20T14:19:48Z,CHAN,73368,73368164,1000,100,0,2,0,-1050,-1170,-1147
2026-09-20T14:20:09Z,CHANSUM,73330,73389,60,60000,6000,0,9,0,4,0,-1050,-1170,-1160,-1160
2026-09-20T14:20:20Z,CHAN,73400,73400164,1000,100,0,4,0,-1080,-1160,-1145
2026-09-20T14:21:09Z,CHANSUM,73390,73449,60,60000,6000,0,4,0,1,0,-1080,-1160,-1160,-1160
2026-09-20T14:22:09Z,CHANSUM,73450,73509,60,60000,6000,0,0,0,0,0,-1110,-1160,-1160,-1160
2026-09-20T14:23:09Z,CHANSUM,73510,73569,60,60000,6000,0,0,0,0,0,-1120,-1160,-1160,-1160
2026-09-20T14:23:37Z,CHAN,73597,73597164,1000,100,0,4,0,-1080,-1160,-1147
2026-09-20T14:24:09Z,CHANSUM,73570,73629,60,60000,6000,0,4,0,1,0,-1080,-1170,-1160,-1160
2026-09-20T14:24:46Z,CHAN,73666,73666164,1000,100,0,1,0,-930,-1160,-1146
2026-09-20T14:25:09Z,CHANSUM,73630,73689,60,60000,6000,0,1,0,1,0,-930,-1160,-1160,-1160
2026-09-20T14:26:09Z,CHANSUM,73690,73749,60,60000,6000,0,0,0,0,0,-1130,-1160,-1160,-1160
2026-09-20T14:27:09Z,CHANSUM,73750,73809,60,60000,6000,0,0,0,0,0,-1130,-1160,-1160,-1160
2026-09-20T14:28:09Z,CHANSUM,73810,73869,60,60000,6000,0,0,0,0,0,-1130,-1160,-1160,-1160
2026-09-20T14:29:09Z,CHANSUM,73870,73929,60,60000,6000,0,0,0,0,0,-1130,-1160,-1160,-1160
2026-09-20T14:29:25Z,CHAN,73945,73945164,1000,100,0,1,0,-1070,-1160,-1146
2026-09-20T14:29:30Z,CHAN,73950,73950164,1000,100,0,9,0,-860,-1160,-1122
2026-09-20T14:30:09Z,CHANSUM,73930,73989,60,60000,6000,0,10,0,2,0,-860,-1160,-1160,-1160
2026-09-20T14:30:14Z,CHAN,73994,73994164,1000,100,0,2,0,-930,-1160,-1144
2026-09-20T14:31:09Z,CHANSUM,73990,74049,60,60000,6000,0,2,0,1,0,-930,-1160,-1160,-1160
2026-09-20T14:31:11Z,CHAN,74051,74051164,1000,100,0,3,0,-1090,-1160,-1147
2026-09-20T14:31:40Z,CHAN,74080,74080164,1000,100,0,9,0,-860,-1160,-1123
2026-09-20T14:32:09Z,CHANSUM,74050,74109,60,60000,6000,0,12,0,2,0,-860,-1160,-1160,-1160
2026-09-20T14:32:47Z,CHAN,74147,74147164,1000,100,0,13,0,-960,-1160,-1129
2026-09-20T14:32:59Z,CHAN,74159,74159164,1000,100,0,5,0,-1060,-1160,-1143
2026-09-20T14:33:09Z,CHANSUM,74110,74169,60,60000,6000,0,18,0,2,0,-960,-1160,-1160,-1160
2026-09-20T14:33:11Z,CHAN,74171,74171164,1000,100,0,3,0,-990,-1160,-1144
2026-09-20T14:33:21Z,CHAN,74181,74181164,1000,100,0,5,0,-1080,-1160,-1145
2026-09-20T14:34:09Z,CHANSUM,74170,74229,60,60000,6000,0,8,0,2,0,-990,-1160,-1160,-1160
2026-09-20T14:34:36Z,CHAN,74256,74256164,1000,100,0,5,0,-940,-1160,-1139
2026-09-20T14:34:45Z,CHAN,74265,74265164,1000,100,0,9,0,-860,-1160,-1122
2026-09-20T14:35:09Z,CHANSUM,74230,74289,60,60000,6000,0,14,0,2,0,-860,-1160,-1160,-1160
2026-09-20T14:36:09Z,CHANSUM,74290,74349,60,60000,6000,0,0,0,0,0,-1130,-1160,-1160,-1160
2026-09-20T14:36:19Z,CHAN,74359,74359164,1000,100,0,5,0,-920,-1160,-1138
2026-09-20T14:36:55Z,CHAN,74395,74395164,1000,100,0,10,0,-860,-1160,-1121
2026-09-20T14:37:09Z,CHANSUM,74350,74409,60,60000,6000,0,15,0,2,0,-860,-1170,-1150,-1159
2026-09-20T14:38:09Z,CHANSUM,74410,74469,60,60000,6000,0,0,0,0,0,-1130,-1160,-1160,-1160
2026-09-20T14:38:20Z,CHAN,74480,74480164,1000,100,0,5,0,-1060,-1160,-1144
2026-09-20T14:38:39Z,CHAN,74499,74499164,1000,100,0,5,0,-960,-1160,-1140
2026-09-20T14:38:40Z,CHAN,74500,74500164,1000,100,0,5,0,-960,-1160,-1138
2026-09-20T14:39:09Z,CHANSUM,74470,74529,60,60000,6000,0,15,0,3,0,-960,-1170,-1150,-1160
2026-09-20T14:39:18Z,CHAN,74538,74538164,1000,100,0,5,0,-860,-1160,-1133
2026-09-20T14:40:09Z,CHANSUM,74530,74589,60,60000,6000,0,5,0,1,0,-860,-1160,-1160,-1160
2026-09-20T14:41:09Z,CHANSUM,74590,74649,60,60000,6000,0,0,0,0,0,-1120,-1160,-1150,-1159
2026-09-20T14:41:55Z,CHAN,74695,74695164,1000,100,0,4,0,-920,-1160,-1144
2026-09-20T14:41:56Z,CHAN,74696,74696164,1000,100,0,2,0,-920,-1160,-1145
2026-09-20T14:42:09Z,CHANSUM,74650,74709,60,60000,6000,0,6,0,2,0,-920,-1160,-1160,-1160
2026-09-20T14:42:41Z,CHAN,74741,74741164,1000,100,0,5,0,-1080,-1160,-1145
2026-09-20T14:43:09Z,CHANSUM,74710,74769,60,60000,6000,0,5,0,1,0,-1080,-1160,-1160,-1160
2026-09-20T14:44:09Z,CHANSUM,74770,74829,60,60000,6000,0,0,0,0,0,-1130,-1160,-1160,-1160
2026-09-20T14:44:23Z,CHAN,74843,74843164,1000,100,0,8,0,-970,-1160,-1139
2026-09-20T14:44:58Z,CHAN,74878,74878164,1000,100,0,1,0,-1070,-1160,-1147
2026-09-20T14:45:00Z,CHAN,74880,74880164,1000,100,0,1,0,-980,-1170,-1146
2026-09-20T14:45:09Z,CHANSUM,74830,74889,60,60000,6000,0,10,0,3,0,-970,-1170,-1160,-1160
2026-09-20T14:46:09Z,CHANSUM,74890,74949,60,60000,6000,0,0,0,0,0,-1120,-1160,-1160,-1160
2026-09-20T14:46:30Z,CHAN,74970,74970164,1000,100,0,5,0,-1020,-1160,-1142
2026-09-20T14:46:31Z,CHAN,74971,74971164,1000,100,0,2,0,-930,-1170,-1145
2026-09-20T14:47:09Z,CHANSUM,74950,75009,60,60000,6000,0,7,0,2,0,-930,-1170,-1150,-1160
2026-09-20T14:47:39Z,CHAN,75039,75039164,1000,100,0,5,0,-1050,-1160,-1145
2026-09-20T14:48:09Z,CHANSUM,75010,75069,60,60000,6000,0,5,0,1,0,-1050,-1160,-1160,-1160
2026-09-20T14:49:09Z,CHANSUM,75070,75129,60,60000,6000,0,0,0,0,0,-1110,-1160,-1150,-1159
2026-09-20T14:50:09Z,CHANSUM,75130,75189,60,60000,6000,0,0,0,0,0,-1110,-1160,-1160,-1160
2026-09-20T14:50:30Z,CHAN,75210,75210164,1000,100,0,10,0,-850,-1160,-1121
2026-09-20T14:50:55Z,CHAN,75235,75235164,1000,100,0,3,0,-1040,-1160,-1146
2026-09-20T14:50:56Z,CHAN,75236,75236164,1000,100,0,2,0,-990,-1160,-1145
2026-09-20T14:50:57Z,CHAN,75237,75237164,1000,100,0,1,0,-1070,-1160,-1146
2026-09-20T14:51:09Z,CHANSUM,75190,75249,60,60000,6000,0,16,0,4,0,-850,-1160,-1160,-1160
2026-09-20T14:51:16Z,CHAN,75256,75256164,1000,100,0,4,0,-920,-1160,-1143
2026-09-20T14:51:17Z,CHAN,75257,75257164,1000,100,0,2,0,-900,-1160,-1144
2026-09-20T14:51:24Z,CHAN,75264,75264164,1000,100,0,5,0,-950,-1160,-1139
2026-09-20T14:52:09Z,CHANSUM,75250,75309,60,60000,6000,0,11,0,3,0,-900,-1160,-1160,-1160
2026-09-20T14:52:34Z,CHAN,75334,75334164,1000,100,0,2,0,-900,-1160,-1145
2026-09-20T14:52:40Z,CHAN,75340,75340164,1000,100,0,10,0,-860,-1160,-1122
2026-09-20T14:52:58Z,CHAN,75358,75358164,1000,100,0,3,0,-1090,-1160,-1147
2026-09-20T14:53:09Z,CHANSUM,75310,75369,60,60000,6000,0,15,0,3,0,-860,-1160,-1160,-1160
2026-09-20T14:53:15Z,CHAN,75375,75375164,1000,100,0,5,0,-1060,-1160,-1145
2026-09-20T14:53:28Z,CHAN,75388,75388164,1000,100,0,4,0,-1090,-1160,-1146
2026-09-20T14:54:09Z,CHANSUM,75370,75429,60,60000,6000,0,9,0,2,0,-1060,-1170,-1160,-1160
2026-09-20T14:55:09Z,CHANSUM,75430,75489,60,60000,6000,0,0,0,0,0,-1130,-1170,-1160,-1160
2026-09-20T14:55:50Z,CHAN,75530,75530164,1000,100,0,2,0,-950,-1160,-1146
2026-09-20T14:55:55Z,CHAN,75535,75535164,1000,100,0,5,0,-1040,-1160,-1143
2026-09-20T14:56:09Z,CHANSUM,75490,75549,60,60000,6000,0,7,0,2,0,-950,-1160,-1160,-1160
2026-09-20T14:56:21Z,CHAN,75561,75561164,1000,100,0,1,0,-1100,-1160,-1147
2026-09-20T14:56:37Z,CHAN,75577,75577164,1000,100,0,1,0,-1100,-1160,-1146
2026-09-20T14:56:38Z,CHAN,75578,75578164,1000,100,0,5,0,-1030,-1160,-1142
2026-09-20T14:57:09Z,CHANSUM,75550,75609,60,60000,6000,0,7,0,3,0,-1030,-1160,-1160,-1160
2026-09-20T14:57:50Z,CHAN,75650,75650164,1000,100,0,1,0,-1100,-1160,-1146
2026-09-20T14:58:09Z,CHANSUM,75610,75669,60,60000,6000,0,1,0,1,0,-1100,-1170,-1160,-1160
2026-09-20T14:58:13Z,CHAN,75673,75673164,1000,100,0,3,0,-910,-1160,-1142
2026-09-20T14:58:20Z,CHAN,75680,75680164,1000,100,0,4,0,-1090,-1160,-1147
2026-09-20T14:58:34Z,CHAN,75694,75694164,1000,100,0,4,0,-1060,-1160,-1147
2026-09-20T14:58:39Z,CHAN,75699,75699164,1000,100,0,5,0,-1020,-1160,-1143
2026-09-20T14:58:41Z,CHAN,75701,75701164,1000,100,0,3,0,-1070,-1160,-1146
2026-09-20T14:58:44Z,CHAN,75704,75704164,1000,100,0,3,0,-1050,-1160,-1145
2026-09-20T14:58:59Z,CHAN,75719,75719164,1000,100,0,4,0,-1010,-1160,-1143
2026-09-20T14:59:09Z,CHANSUM,75670,75729,60,60000,6000,0,26,0,7,0,-910,-1160,-1160,-1160
2026-09-20T14:59:16Z,CHAN,75736,75736164,1000,100,0,1,0,-1070,-1160,-1148
2026-09-20T14:59:17Z,CHAN,75737,75737164,1000,100,0,2,0,-1070,-1160,-1146
2026-09-20T14:59:43Z,CHAN,75763,75763164,1000,100,0,3,0,-890,-1160,-1141
2026-09-20T14:59:45Z,CHAN,75765,75765164,1000,100,0,5,0,-710,-1160,-1130
2026-09-20T14:59:57Z,CHAN,75777,75777164,1000,100,0,5,0,-1070,-1160,-1145
2026-09-20T15:00:03Z,CHAN,75783,75783164,1000,100,0,4,0,-990,-1160,-1144
2026-09-20T15:00:05Z,CHAN,75785,75785164,1000,100,0,3,0,-860,-1160,-1140
2026-09-20T15:00:09Z,CHANSUM,75730,75789,60,60000,6000,0,23,0,7,0,-710,-1170,-1160,-1160
2026-09-20T15:00:19Z,CHAN,75799,75799164,1000,100,0,3,0,-1100,-1160,-1147
2026-09-20T15:00:27Z,CHAN,75807,75807164,1000,100,0,2,0,-940,-1160,-1144
2026-09-20T15:00:28Z,CHAN,75808,75808164,1000,100,0,2,0,-960,-1160,-1144
2026-09-20T15:01:02Z,CHAN,75842,75842164,1000,100,0,6,0,-1080,-1160,-1144
2026-09-20T15:01:09Z,CHANSUM,75790,75849,60,60000,6000,0,13,0,4,0,-940,-1160,-1160,-1160
2026-09-20T15:01:25Z,CHAN,75865,75865164,1000,100,0,3,0,-1060,-1160,-1146
2026-09-20T15:01:35Z,CHAN,75875,75875164,1000,100,0,3,0,-930,-1160,-1143
2026-09-20T15:02:09Z,CHANSUM,75850,75909,60,60000,6000,0,6,0,2,0,-930,-1160,-1160,-1160
2026-09-20T15:02:10Z,CHAN,75910,75910164,1000,100,0,5,0,-1090,-1160,-1145
2026-09-20T15:02:45Z,CHAN,75945,75945164,1000,100,0,2,0,-910,-1160,-1143
2026-09-20T15:02:48Z,CHAN,75948,75948164,1000,100,0,1,0,-1100,-1160,-1148
2026-09-20T15:03:09Z,CHANSUM,75910,75969,60,60000,6000,0,8,0,3,0,-910,-1160,-1160,-1160
2026-09-20T15:04:09Z,CHANSUM,75970,76029,60,60000,6000,0,0,0,0,0,-1110,-1160,-1150,-1159
2026-09-20T15:04:10Z,CHAN,76030,76030164,1000,100,0,9,0,-860,-1160,-1122
2026-09-20T15:04:11Z,CHAN,76031,76031164,1000,100,0,14,0,-960,-1160,-1130
2026-09-20T15:05:09Z,CHANSUM,76030,76089,60,60000,6000,0,23,0,2,0,-860,-1160,-1160,-1160
2026-09-20T15:06:09Z,CHANSUM,76090,76149,60,60000,6000,0,0,0,0,0,-1130,-1160,-1160,-1160
2026-09-20T15:06:20Z,CHAN,76160,76160164,1000,100,0,9,0,-860,-1160,-1123
2026-09-20T15:06:32Z,CHAN,76172,76172164,1000,100,0,5,0,-1060,-1160,-1144
2026-09-20T15:07:03Z,CHAN,76203,76203164,1000,100,0,4,0,-1070,-1160,-1145
2026-09-20T15:07:09Z,CHANSUM,76150,76209,60,60000,6000,0,18,0,3,0,-860,-1160,-1160,-1160
2026-09-20T15:07:47Z,CHAN,76247,76247164,1000,100,0,2,0,-870,-1160,-1144
2026-09-20T15:08:05Z,CHAN,76265,76265164,1000,100,0,4,0,-1030,-1160,-1144
2026-09-20T15:08:09Z,CHANSUM,76210,76269,60,60000,6000,0,6,0,2,0,-870,-1160,-1150,-1159
2026-09-20T15:09:09Z,CHANSUM,76270,76329,60,60000,6000,0,0,0,0,0,-1110,-1160,-1150,-1159
2026-09-20T15:09:25Z,CHAN,76345,76345164,1000,100,0,9,0,-860,-1160,-1122
2026-09-20T15:09:49Z,CHAN,76369,76369164,1000,100,0,4,0,-1080,-1160,-1145
2026-09-20T15:10:02Z,CHAN,76382,76382164,1000,100,0,4,0,-920,-1170,-1141
2026-09-20T15:10:09Z,CHANSUM,76330,76389,60,60000,6000,0,17,0,3,0,-860,-1170,-1160,-1160
2026-09-20T15:11:09Z,CHANSUM,76390,76449,60,60000,6000,0,0,0,0,0,-1120,-1160,-1150,-1159
2026-09-20T15:11:30Z,CHAN,76470,76470164,1000,100,0,2,0,-1070,-1160,-1145
2026-09-20T15:11:31Z,CHAN,76471,76471164,1000,100,0,4,0,-1090,-1160,-1146
2026-09-20T15:11:34Z,CHAN,76474,76474164,1000,100,0,1,0,-990,-1160,-1147
2026-09-20T15:11:35Z,CHAN,76475,76475164,1000,100,0,12,0,-860,-1160,-1120
2026-09-20T15:12:09Z,CHANSUM,76450,76509,60,60000,6000,0,19,0,4,0,-860,-1170,-1160,-1160
2026-09-20T15:12:47Z,CHAN,76547,76547164,1000,100,0,4,0,-1060,-1160,-1144
2026-09-20T15:13:09Z,CHANSUM,76510,76569,60,60000,6000,0,4,0,1,0,-1060,-1160,-1160,-1160
2026-09-20T15:13:31Z,CHAN,76591,76591164,1000,100,0,3,0,-1100,-1160,-1145
2026-09-20T15:13:38Z,CHAN,76598,76598164,1000,100,0,5,0,-1060,-1160,-1145
2026-09-20T15:14:09Z,CHANSUM,76570,76629,60,60000,6000,0,8,0,2,0,-1060,-1160,-1160,-1160
2026-09-20T15:15:02Z,CHAN,76682,76682164,1000,100,0,1,0,-960,-1160,-1145
2026-09-20T15:15:09Z,CHANSUM,76630,76689,60,60000,6000,0,1,0,1,0,-960,-1160,-1160,-1160
2026-09-20T15:15:16Z,CHAN,76696,76696164,1000,100,0,4,0,-1070,-1160,-1145
2026-09-20T15:16:09Z,CHANSUM,76690,76749,60,60000,6000,0,4,0,1,0,-1070,-1160,-1160,-1160
2026-09-20T15:17:09Z,CHANSUM,76750,76809,60,60000,6000,0,0,0,0,0,-1130,-1160,-1160,-1160
2026-09-20T15:18:09Z,CHANSUM,76810,76869,60,60000,6000,0,0,0,0,0,-1120,-1160,-1160,-1160
2026-09-20T15:18:53Z,CHAN,76913,76913164,1000,100,0,4,0,-1090,-1160,-1146
2026-09-20T15:18:57Z,CHAN,76917,76917164,1000,100,0,24,0,-820,-1160,-1084
2026-09-20T15:18:58Z,CHAN,76918,76918164,1000,100,0,21,0,-870,-1160,-1090
2026-09-20T15:19:03Z,CHAN,76923,76923164,1000,100,0,6,0,-720,-1160,-1125
2026-09-20T15:19:09Z,CHAN,76929,76929164,1000,100,0,3,0,-1090,-1160,-1147
2026-09-20T15:19:09Z,CHANSUM,76870,76929,60,60000,6000,0,58,0,5,0,-720,-1160,-1160,-1160
2026-09-20T15:19:13Z,CHAN,76933,76933164,1000,100,0,5,0,-1040,-1160,-1144
2026-09-20T15:19:29Z,CHAN,76949,76949164,1000,100,0,3,0,-1060,-1160,-1145
2026-09-20T15:19:42Z,CHAN,76962,76962164,1000,100,0,4,0,-1080,-1160,-1145
2026-09-20T15:19:56Z,CHAN,76976,76976164,1000,100,0,3,0,-1060,-1160,-1146
2026-09-20T15:20:06Z,CHAN,76986,76986164,1000,100,0,3,0,-1080,-1160,-1145
2026-09-20T15:20:09Z,CHANSUM,76930,76989,60,60000,6000,0,18,0,5,0,-1040,-1170,-1160,-1160
2026-09-20T15:20:21Z,CHAN,77001,77001164,1000,100,0,6,0,-1050,-1160,-1143
2026-09-20T15:20:22Z,CHAN,77002,77002164,1000,100,0,1,0,-1070,-1160,-1147
2026-09-20T15:20:38Z,CHAN,77018,77018164,1000,100,0,3,0,-920,-1160,-1142
2026-09-20T15:20:56Z,CHAN,77036,77036164,1000,100,0,4,0,-1080,-1160,-1146
2026-09-20T15:21:09Z,CHANSUM,76990,77049,60,60000,6000,0,14,0,4,0,-920,-1160,-1160,-1160
2026-09-20T15:21:10Z,CHAN,77050,77050164,1000,100,0,3,0,-1090,-1160,-1147
2026-09-20T15:21:19Z,CHAN,77059,77059164,1000,100,0,3,0,-1060,-1160,-1145
2026-09-20T15:21:20Z,CHAN,77060,77060164,1000,100,0,1,0,-1070,-1160,-1148
2026-09-20T15:21:21Z,CHAN,77061,77061164,1000,100,0,3,0,-1080,-1160,-1146
2026-09-20T15:21:27Z,CHAN,77067,77067164,1000,100,0,3,0,-1070,-1160,-1147
2026-09-20T15:21:34Z,CHAN,77074,77074164,1000,100,0,5,0,-910,-1160,-1137
2026-09-20T15:21:43Z,CHAN,77083,77083164,1000,100,0,3,0,-1090,-1160,-1147
2026-09-20T15:22:09Z,CHANSUM,77050,77109,60,60000,6000,0,21,0,7,0,-910,-1160,-1160,-1160
2026-09-20T15:22:17Z,CHAN,77117,77117164,1000,100,0,3,0,-1090,-1160,-1147
2026-09-20T15:22:23Z,CHAN,77123,77123164,1000,100,0,1,0,-1100,-1160,-1147
2026-09-20T15:22:26Z,CHAN,77126,77126164,1000,100,0,5,0,-870,-1160,-1134
2026-09-20T15:22:44Z,CHAN,77144,77144164,1000,100,0,3,0,-1010,-1160,-1145
2026-09-20T15:22:49Z,CHAN,77149,77149164,1000,100,0,3,0,-1050,-1160,-1145
2026-09-20T15:23:00Z,CHAN,77160,77160164,1000,100,0,3,0,-1040,-1160,-1145
2026-09-20T15:23:09Z,CHANSUM,77110,77169,60,60000,6000,0,18,0,6,0,-870,-1160,-1160,-1160
2026-09-20T15:23:48Z,CHAN,77208,77208164,1000,100,0,4,0,-1040,-1160,-1143
2026-09-20T15:24:09Z,CHANSUM,77170,77229,60,60000,6000,0,4,0,1,0,-1040,-1160,-1160,-1160
2026-09-20T15:24:23Z,CHAN,77243,77243164,1000,100,0,1,0,-1100,-1160,-1147
2026-09-20T15:24:44Z,CHAN,77264,77264164,1000,100,0,3,0,-1010,-1160,-1145
2026-09-20T15:24:50Z,CHAN,77270,77270164,1000,100,0,4,0,-690,-1160,-1134
2026-09-20T15:25:04Z,CHAN,77284,77284164,1000,100,0,3,0,-1020,-1160,-1145
2026-09-20T15:25:09Z,CHANSUM,77230,77289,60,60000,6000,0,11,0,4,0,-690,-1160,-1160,-1160
2026-09-20T15:25:10Z,CHAN,77290,77290164,1000,100,0,9,0,-870,-1160,-1122
2026-09-20T15:25:17Z,CHAN,77297,77297164,1000,100,0,1,0,-980,-1160,-1146
2026-09-20T15:25:34Z,CHAN,77314,77314164,1000,100,0,14,0,-970,-1160,-1130
2026-09-20T15:26:09Z,CHANSUM,77290,77349,60,60000,6000,0,24,0,3,0,-870,-1160,-1160,-1160
2026-09-20T15:26:50Z,CHAN,77390,77390164,1000,100,0,5,0,-980,-1160,-1140
2026-09-20T15:27:09Z,CHANSUM,77350,77409,60,60000,6000,0,5,0,1,0,-980,-1160,-1150,-1159
2026-09-20T15:27:20Z,CHAN,77420,77420164,1000,100,0,9,0,-870,-1160,-1123
2026-09-20T15:27:21Z,CHAN,77421,77421164,1000,100,0,17,0,-870,-1160,-1102
2026-09-20T15:27:22Z,CHAN,77422,77422164,1000,100,0,21,0,-870,-1160,-1091
2026-09-20T15:28:09Z,CHANSUM,77410,77469,60,60000,6000,0,47,0,3,0,-870,-1160,-1150,-1159
2026-09-20T15:29:09Z,CHANSUM,77470,77529,60,60000,6000,0,0,0,0,0,-1130,-1160,-1150,-1159
2026-09-20T15:30:09Z,CHANSUM,77530,77589,60,60000,6000,0,0,0,0,0,-1110,-1160,-1160,-1160
2026-09-20T15:30:25Z,CHAN,77605,77605164,1000,100,0,9,0,-860,-1160,-1122
2026-09-20T15:30:29Z,CHAN,77609,77609164,1000,100,0,4,0,-1070,-1160,-1145
2026-09-20T15:31:09Z,CHANSUM,77590,77649,60,60000,6000,0,13,0,2,0,-860,-1160,-1160,-1160
2026-09-20T15:31:25Z,CHAN,77665,77665164,1000,100,0,17,0,-870,-1160,-1101
2026-09-20T15:31:26Z,CHAN,77666,77666164,1000,100,0,21,0,-870,-1160,-1090
2026-09-20T15:32:02Z,CHAN,77702,77702164,1000,100,0,2,0,-1090,-1160,-1146
2026-09-20T15:32:09Z,CHANSUM,77650,77709,60,60000,6000,0,40,0,3,0,-870,-1160,-1160,-1160
2026-09-20T15:32:26Z,CHAN,77726,77726164,1000,100,0,13,0,-960,-1170,-1130
2026-09-20T15:32:35Z,CHAN,77735,77735164,1000,100,0,9,0,-860,-1160,-1122
2026-09-20T15:33:09Z,CHANSUM,77710,77769,60,60000,6000,0,22,0,2,0,-860,-1170,-1160,-1160
2026-09-20T15:34:09Z,CHANSUM,77770,77829,60,60000,6000,0,0,0,0,0,-1110,-1160,-1160,-1160
2026-09-20T15:35:09Z,CHANSUM,77830,77889,60,60000,6000,0,0,0,0,0,-1120,-1160,-1160,-1160
2026-09-20T15:36:01Z,CHAN,77941,77941164,1000,100,0,5,0,-860,-1160,-1135
2026-09-20T15:36:09Z,CHANSUM,77890,77949,60,60000,6000,0,5,0,1,0,-860,-1160,-1150,-1159
2026-09-20T15:37:01Z,CHAN,78001,78001164,1000,100,0,2,0,-1100,-1160,-1147
2026-09-20T15:37:09Z,CHANSUM,77950,78009,60,60000,6000,0,2,0,1,0,-1100,-1160,-1160,-1160
2026-09-20T15:37:55Z,CHAN,78055,78055164,1000,100,0,1,0,-1100,-1160,-1146
2026-09-20T15:38:09Z,CHANSUM,78010,78069,60,60000,6000,0,1,0,1,0,-1100,-1160,-1160,-1160
2026-09-20T15:39:09Z,CHANSUM,78070,78129,60,60000,6000,0,0,0,0,0,-1130,-1160,-1160,-1160
2026-09-20T15:40:09Z,CHANSUM,78130,78189,60,60000,6000,0,0,0,0,0,-1130,-1170,-1150,-1160
2026-09-20T15:40:24Z,CHAN,78204,78204164,1000,100,0,22,0,-950,-1160,-1110
2026-09-20T15:40:25Z,CHAN,78205,78205164,1000,100,0,10,0,-950,-1160,-1130
2026-09-20T15:40:39Z,CHAN,78219,78219164,1000,100,0,2,0,-940,-1160,-1146
2026-09-20T15:41:06Z,CHAN,78246,78246164,1000,100,0,14,0,-950,-1160,-1121
2026-09-20T15:41:07Z,CHAN,78247,78247164,1000,100,0,52,0,-950,-1160,-1052
2026-09-20T15:41:08Z,CHAN,78248,78248164,1000,100,0,7,0,-950,-1160,-1131
2026-09-20T15:41:09Z,CHANSUM,78190,78249,60,60000,6000,0,107,0,6,0,-940,-1160,-1160,-1160
2026-09-20T15:42:09Z,CHANSUM,78250,78309,60,60000,6000,0,0,0,0,0,-1130,-1160,-1160,-1160
2026-09-20T15:42:51Z,CHAN,78351,78351164,1000,100,0,10,0,-1050,-1160,-1140
2026-09-20T15:43:09Z,CHANSUM,78310,78369,60,60000,6000,0,10,0,1,0,-1050,-1160,-1150,-1159
2026-09-20T15:44:09Z,CHANSUM,78370,78429,60,60000,6000,0,0,0,0,0,-1110,-1160,-1150,-1159
2026-09-20T15:44:28Z,CHAN,78448,78448164,1000,100,0,19,0,-950,-1160,-1117
2026-09-20T15:44:29Z,CHAN,78449,78449164,1000,100,0,33,0,-940,-1150,-1097
2026-09-20T15:45:09Z,CHANSUM,78430,78489,60,60000,6000,0,52,0,2,0,-940,-1160,-1150,-1159
2026-09-20T15:45:46Z,CHAN,78526,78526164,1000,100,0,2,0,-1050,-1160,-1146
2026-09-20T15:46:09Z,CHANSUM,78490,78549,60,60000,6000,0,2,0,1,0,-1050,-1160,-1160,-1160
2026-09-20T15:46:10Z,CHAN,78550,78550164,1000,100,0,9,0,-860,-1160,-1122
2026-09-20T15:46:22Z,CHAN,78562,78562164,1000,100,0,1,0,-940,-1160,-1146
2026-09-20T15:47:06Z,CHAN,78606,78606164,1000,100,0,5,0,-950,-1160,-1140
2026-09-20T15:47:09Z,CHANSUM,78550,78609,60,60000,6000,0,15,0,3,0,-860,-1160,-1160,-1160
2026-09-20T15:48:07Z,CHAN,78667,78667164,1000,100,0,5,0,-950,-1160,-1141
2026-09-20T15:48:09Z,CHANSUM,78610,78669,60,60000,6000,0,5,0,1,0,-950,-1160,-1160,-1160
2026-09-20T15:48:20Z,CHAN,78680,78680164,1000,100,0,10,0,-860,-1160,-1122
2026-09-20T15:49:09Z,CHANSUM,78670,78729,60,60000,6000,0,10,0,1,0,-860,-1160,-1160,-1160
2026-09-20T15:50:09Z,CHANSUM,78730,78789,60,60000,6000,0,0,0,0,0,-1120,-1170,-1160,-1160
2026-09-20T15:50:39Z,CHAN,78819,78819164,1000,100,0,1,0,-1100,-1160,-1146
2026-09-20T15:50:53Z,CHAN,78833,78833164,1000,100,0,2,0,-930,-1160,-1144
2026-09-20T15:51:09Z,CHANSUM,78790,78849,60,60000,6000,0,3,0,2,0,-930,-1160,-1160,-1160
2026-09-20T15:51:20Z,CHAN,78860,78860164,1000,100,0,1,0,-880,-1170,-1145
2026-09-20T15:51:25Z,CHAN,78865,78865164,1000,100,0,10,0,-870,-1160,-1122
2026-09-20T15:51:46Z,CHAN,78886,78886164,1000,100,0,5,0,-990,-1160,-1142
2026-09-20T15:52:09Z,CHANSUM,78850,78909,60,60000,6000,0,16,0,3,0,-870,-1170,-1160,-1160
2026-09-20T15:52:19Z,CHAN,78919,78919164,1000,100,0,1,0,-1100,-1160,-1145
2026-09-20T15:52:34Z,CHAN,78934,78934164,1000,100,0,3,0,-1090,-1160,-1145
2026-09-20T15:53:09Z,CHANSUM,78910,78969,60,60000,6000,0,4,0,2,0,-1090,-1160,-1150,-1159
2026-09-20T15:53:19Z,CHAN,78979,78979164,1000,100,0,2,0,-970,-1160,-1145
2026-09-20T15:53:35Z,CHAN,78995,78995164,1000,100,0,9,0,-860,-1160,-1122
2026-09-20T15:53:44Z,CHAN,79004,79004164,1000,100,0,4,0,-1020,-1160,-1144
2026-09-20T15:54:09Z,CHANSUM,78970,79029,60,60000,6000,0,15,0,3,0,-860,-1170,-1150,-1160
2026-09-20T15:54:59Z,CHAN,79079,79079164,1000,100,0,4,0,-1080,-1160,-1144
2026-09-20T15:55:09Z,CHANSUM,79030,79089,60,60000,6000,0,4,0,1,0,-1080,-1160,-1160,-1160
2026-09-20T15:55:32Z,CHAN,79112,79112164,1000,100,0,6,0,-690,-1160,-1127
2026-09-20T15:55:58Z,CHAN,79138,79138164,1000,100,0,1,0,-1020,-1160,-1146
2026-09-20T15:56:09Z,CHANSUM,79090,79149,60,60000,6000,0,7,0,2,0,-690,-1160,-1160,-1160
2026-09-20T15:57:09Z,CHANSUM,79150,79209,60,60000,6000,0,0,0,0,0,-1120,-1160,-1150,-1159
2026-09-20T15:58:09Z,CHANSUM,79210,79269,60,60000,6000,0,0,0,0,0,-1110,-1160,-1160,-1160
2026-09-20T15:58:52Z,CHAN,79312,79312164,1000,100,0,4,0,-990,-1160,-1143
2026-09-20T15:59:09Z,CHANSUM,79270,79329,60,60000,6000,0,4,0,1,0,-990,-1160,-1160,-1160
2026-09-20T15:59:35Z,CHAN,79355,79355164,1000,100,0,6,0,-730,-1160,-1130
2026-09-20T16:00:09Z,CHANSUM,79330,79389,60,60000,6000,0,6,0,1,0,-730,-1160,-1160,-1160
2026-09-20T16:00:10Z,CHAN,79390,79390164,1000,100,0,2,0,-1070,-1160,-1148
2026-09-20T16:00:35Z,CHAN,79415,79415164,1000,100,0,2,0,-970,-1160,-1146
2026-09-20T16:00:37Z,CHAN,79417,79417164,1000,100,0,6,0,-710,-1160,-1128
2026-09-20T16:00:38Z,CHAN,79418,79418164,1000,100,0,2,0,-920,-1160,-1145
2026-09-20T16:00:42Z,CHAN,79422,79422164,1000,100,0,2,0,-930,-1160,-1145
2026-09-20T16:01:09Z,CHAN,79449,79449164,1000,100,0,9,0,-980,-1160,-1135
2026-09-20T16:01:09Z,CHANSUM,79390,79449,60,60000,6000,0,23,0,6,0,-710,-1160,-1160,-1160
2026-09-20T16:01:10Z,CHAN,79450,79450164,1000,100,0,1,0,-1080,-1160,-1147
2026-09-20T16:01:33Z,CHAN,79473,79473164,1000,100,0,1,0,-1100,-1160,-1148
2026-09-20T16:01:43Z,CHAN,79483,79483164,1000,100,0,8,0,-970,-1160,-1139
2026-09-20T16:02:09Z,CHANSUM,79450,79509,60,60000,6000,0,10,0,3,0,-970,-1160,-1160,-1160
2026-09-20T16:03:09Z,CHANSUM,79510,79569,60,60000,6000,0,0,0,0,0,-1120,-1160,-1150,-1159
2026-09-20T16:03:11Z,CHAN,79571,79571164,1000,100,0,1,0,-1100,-1160,-1147
2026-09-20T16:03:32Z,CHAN,79592,79592164,1000,100,0,3,0,-970,-1160,-1144
2026-09-20T16:04:09Z,CHANSUM,79570,79629,60,60000,6000,0,4,0,2,0,-970,-1160,-1150,-1159
2026-09-20T16:05:05Z,CHAN,79685,79685164,1000,100,0,9,0,-870,-1160,-1123
2026-09-20T16:05:09Z,CHANSUM,79630,79689,60,60000,6000,0,9,0,1,0,-870,-1160,-1150,-1159
2026-09-20T16:05:11Z,CHAN,79691,79691164,1000,100,0,1,0,-1070,-1160,-1147
2026-09-20T16:05:50Z,CHAN,79730,79730164,1000,100,0,5,0,-1080,-1160,-1145
2026-09-20T16:06:09Z,CHANSUM,79690,79749,60,60000,6000,0,6,0,2,0,-1070,-1160,-1160,-1160
2026-09-20T16:07:03Z,CHAN,79803,79803164,1000,100,0,1,0,-1060,-1170,-1148
2026-09-20T16:07:09Z,CHANSUM,79750,79809,60,60000,6000,0,1,0,1,0,-1060,-1170,-1150,-1159
2026-09-20T16:07:15Z,CHAN,79815,79815164,1000,100,0,9,0,-860,-1160,-1122
2026-09-20T16:07:43Z,CHAN,79843,79843164,1000,100,0,5,0,-1050,-1160,-1144
2026-09-20T16:08:09Z,CHANSUM,79810,79869,60,60000,6000,0,14,0,2,0,-860,-1170,-1160,-1160
2026-09-20T16:08:19Z,CHAN,79879,79879164,1000,100,0,4,0,-1090,-1160,-1146
2026-09-20T16:08:34Z,CHAN,79894,79894164,1000,100,0,4,0,-1090,-1160,-1147
2026-09-20T16:08:46Z,CHAN,79906,79906164,1000,100,0,3,0,-1070,-1160,-1146
2026-09-20T16:08:55Z,CHAN,79915,79915164,1000,100,0,4,0,-1040,-1160,-1143
2026-09-20T16:09:09Z,CHANSUM,79870,79929,60,60000,6000,0,15,0,4,0,-1040,-1160,-1160,-1160
2026-09-20T16:09:19Z,CHAN,79939,79939164,1000,100,0,4,0,-1090,-1160,-1145
2026-09-20T16:09:31Z,CHAN,79951,79951164,1000,100,0,1,0,-1080,-1160,-1147
2026-09-20T16:09:32Z,CHAN,79952,79952164,1000,100,0,3,0,-1060,-1160,-1146
2026-09-20T16:09:45Z,CHAN,79965,79965164,1000,100,0,3,0,-1050,-1160,-1145
2026-09-20T16:09:50Z,CHAN,79970,79970164,1000,100,0,2,0,-840,-1160,-1144
2026-09-20T16:09:55Z,CHAN,79975,79975164,1000,100,0,5,0,-1030,-1160,-1142
2026-09-20T16:10:09Z,CHANSUM,79930,79989,60,60000,6000,0,18,0,6,0,-840,-1160,-1160,-1160
2026-09-20T16:10:15Z,CHAN,79995,79995164,1000,100,0,3,0,-1050,-1160,-1145
2026-09-20T16:10:25Z,CHAN,80005,80005164,1000,100,0,4,0,-1040,-1160,-1144
2026-09-20T16:10:35Z,CHAN,80015,80015164,1000,100,0,4,0,-1090,-1160,-1145
2026-09-20T16:10:57Z,CHAN,80037,80037164,1000,100,0,4,0,-970,-1150,-1140
2026-09-20T16:11:08Z,CHAN,80048,80048164,1000,100,0,3,0,-1090,-1160,-1146
2026-09-20T16:11:09Z,CHANSUM,79990,80049,60,60000,6000,0,18,0,5,0,-970,-1160,-1150,-1159
2026-09-20T16:11:15Z,CHAN,80055,80055164,1000,100,0,5,0,-910,-1160,-1138
2026-09-20T16:11:23Z,CHAN,80063,80063164,1000,100,0,4,0,-1090,-1160,-1145
2026-09-20T16:11:39Z,CHAN,80079,80079164,1000,100,0,4,0,-990,-1160,-1143
2026-09-20T16:11:46Z,CHAN,80086,80086164,1000,100,0,4,0,-1050,-1160,-1144
2026-09-20T16:12:09Z,CHANSUM,80050,80109,60,60000,6000,0,17,0,4,0,-910,-1160,-1160,-1160
2026-09-20T16:12:16Z,CHAN,80116,80116164,1000,100,0,5,0,-680,-1160,-1129
2026-09-20T16:12:23Z,CHAN,80123,80123164,1000,100,0,4,0,-960,-1160,-1142
2026-09-20T16:12:37Z,CHAN,80137,80137164,1000,100,0,5,0,-1060,-1160,-1144
2026-09-20T16:12:39Z,CHAN,80139,80139164,1000,100,0,4,0,-990,-1160,-1142
2026-09-20T16:13:09Z,CHANSUM,80110,80169,60,60000,6000,0,18,0,4,0,-680,-1160,-1160,-1160
2026-09-20T16:14:09Z,CHANSUM,80170,80229,60,60000,6000,0,0,0,0,0,-1110,-1160,-1150,-1159
2026-09-20T16:15:09Z,CHANSUM,80230,80289,60,60000,6000,0,0,0,0,0,-1120,-1170,-1160,-1160
2026-09-20T16:15:29Z,CHAN,80309,80309164,1000,100,0,3,0,-930,-1160,-1144
2026-09-20T16:16:09Z,CHANSUM,80290,80349,60,60000,6000,0,3,0,1,0,-930,-1160,-1160,-1160
2026-09-20T16:16:45Z,CHAN,80385,80385164,1000,100,0,3,0,-1080,-1160,-1146
2026-09-20T16:16:50Z,CHAN,80390,80390164,1000,100,0,4,0,-960,-1160,-1142
2026-09-20T16:17:09Z,CHANSUM,80350,80409,60,60000,6000,0,7,0,2,0,-960,-1160,-1160,-1160
2026-09-20T16:17:40Z,CHAN,80440,80440164,1000,100,0,8,0,-870,-1160,-1131
2026-09-20T16:18:03Z,CHAN,80463,80463164,1000,100,0,3,0,-1030,-1160,-1145
2026-09-20T16:18:09Z,CHANSUM,80410,80469,60,60000,6000,0,11,0,2,0,-870,-1160,-1150,-1159
2026-09-20T16:18:15Z,CHAN,80475,80475164,1000,100,0,2,0,-1100,-1160,-1146
2026-09-20T16:18:19Z,CHAN,80479,80479164,1000,100,0,3,0,-1040,-1160,-1145
2026-09-20T16:18:44Z,CHAN,80504,80504164,1000,100,0,4,0,-1070,-1160,-1144
2026-09-20T16:18:46Z,CHAN,80506,80506164,1000,100,0,2,0,-1090,-1160,-1146
2026-09-20T16:18:47Z,CHAN,80507,80507164,1000,100,0,1,0,-1090,-1160,-1148
2026-09-20T16:19:03Z,CHAN,80523,80523164,1000,100,0,4,0,-1090,-1160,-1145
2026-09-20T16:19:09Z,CHANSUM,80470,80529,60,60000,6000,0,16,0,6,0,-1040,-1170,-1150,-1159
2026-09-20T16:19:18Z,CHAN,80538,80538164,1000,100,0,3,0,-1050,-1160,-1145
2026-09-20T16:19:32Z,CHAN,80552,80552164,1000,100,0,9,0,-1040,-1160,-1139
2026-09-20T16:19:42Z,CHAN,80562,80562164,1000,100,0,4,0,-1040,-1160,-1144
2026-09-20T16:19:46Z,CHAN,80566,80566164,1000,100,0,1,0,-1090,-1160,-1148
2026-09-20T16:19:47Z,CHAN,80567,80567164,1000,100,0,3,0,-1090,-1160,-1146
2026-09-20T16:19:51Z,CHAN,80571,80571164,1000,100,0,1,0,-1060,-1160,-1147
2026-09-20T16:20:01Z,CHAN,80581,80581164,1000,100,0,4,0,-990,-1160,-1142
2026-09-20T16:20:09Z,CHAN,80589,80589164,1000,100,0,4,0,-1060,-1160,-1145
2026-09-20T16:20:09Z,CHANSUM,80530,80589,60,60000,6000,0,29,0,8,0,-990,-1160,-1160,-1160
2026-09-20T16:20:21Z,CHAN,80601,80601164,1000,100,0,1,0,-1100,-1160,-1148
2026-09-20T16:20:31Z,CHAN,80611,80611164,1000,100,0,3,0,-1030,-1160,-1144
2026-09-20T16:20:35Z,CHAN,80615,80615164,1000,100,0,5,0,-960,-1160,-1139
2026-09-20T16:20:45Z,CHAN,80625,80625164,1000,100,0,3,0,-1060,-1160,-1145
2026-09-20T16:20:50Z,CHAN,80630,80630164,1000,100,0,9,0,-860,-1160,-1121
2026-09-20T16:20:52Z,CHAN,80632,80632164,1000,100,0,4,0,-1020,-1160,-1143
2026-09-20T16:21:08Z,CHAN,80648,80648164,1000,100,0,3,0,-910,-1160,-1141
2026-09-20T16:21:09Z,CHANSUM,80590,80649,60,60000,6000,0,28,0,7,0,-860,-1160,-1150,-1159
2026-09-20T16:21:13Z,CHAN,80653,80653164,1000,100,0,4,0,-1090,-1160,-1145
2026-09-20T16:21:22Z,CHAN,80662,80662164,1000,100,0,4,0,-1060,-1150,-1144
2026-09-20T16:21:37Z,CHAN,80677,80677164,1000,100,0,3,0,-890,-1160,-1141
2026-09-20T16:21:59Z,CHAN,80699,80699164,1000,100,0,2,0,-1090,-1160,-1147
2026-09-20T16:22:00Z,CHAN,80700,80700164,1000,100,0,1,0,-1100,-1160,-1148
2026-09-20T16:22:09Z,CHANSUM,80650,80709,60,60000,6000,0,14,0,5,0,-890,-1160,-1150,-1159
2026-09-20T16:22:52Z,CHAN,80752,80752164,1000,100,0,3,0,-1000,-1160,-1144
2026-09-20T16:23:00Z,CHAN,80760,80760164,1000,100,0,9,0,-870,-1160,-1123
2026-09-20T16:23:09Z,CHANSUM,80710,80769,60,60000,6000,0,12,0,2,0,-870,-1160,-1160,-1160
2026-09-20T16:23:15Z,CHAN,80775,80775164,1000,100,0,3,0,-1080,-1160,-1146
2026-09-20T16:23:24Z,CHAN,80784,80784164,1000,100,0,4,0,-980,-1160,-1142
2026-09-20T16:23:28Z,CHAN,80788,80788164,1000,100,0,6,0,-1060,-1160,-1142
2026-09-20T16:23:33Z,CHAN,80793,80793164,1000,100,0,4,0,-1090,-1160,-1147
2026-09-20T16:23:42Z,CHAN,80802,80802164,1000,100,0,5,0,-880,-1160,-1136
2026-09-20T16:23:43Z,CHAN,80803,80803164,1000,100,0,4,0,-700,-1160,-1131
2026-09-20T16:23:59Z,CHAN,80819,80819164,1000,100,0,4,0,-700,-1160,-1131
2026-09-20T16:24:09Z,CHANSUM,80770,80829,60,60000,6000,0,30,0,7,0,-700,-1160,-1160,-1160
2026-09-20T16:24:13Z,CHAN,80833,80833164,1000,100,0,2,0,-1090,-1160,-1145
2026-09-20T16:24:49Z,CHAN,80869,80869164,1000,100,0,1,0,-1100,-1160,-1146
2026-09-20T16:24:58Z,CHAN,80878,80878164,1000,100,0,1,0,-700,-1160,-1144
2026-09-20T16:24:59Z,CHAN,80879,80879164,1000,100,0,3,0,-740,-1160,-1138
2026-09-20T16:25:06Z,CHAN,80886,80886164,1000,100,0,3,0,-960,-1160,-1143
2026-09-20T16:25:09Z,CHANSUM,80830,80889,60,60000,6000,0,10,0,5,0,-700,-1160,-1150,-1159
2026-09-20T16:25:19Z,CHAN,80899,80899164,1000,100,0,3,0,-1090,-1160,-1146
2026-09-20T16:25:31Z,CHAN,80911,80911164,1000,100,0,1,0,-1100,-1160,-1147
2026-09-20T16:26:05Z,CHAN,80945,80945164,1000,100,0,9,0,-860,-1160,-1122
2026-09-20T16:26:09Z,CHANSUM,80890,80949,60,60000,6000,0,13,0,3,0,-860,-1160,-1150,-1159
2026-09-20T16:26:10Z,CHAN,80950,80950164,1000,100,0,3,0,-1060,-1160,-1145
2026-09-20T16:26:47Z,CHAN,80987,80987164,1000,100,0,5,0,-1010,-1160,-1141
2026-09-20T16:27:09Z,CHANSUM,80950,81009,60,60000,6000,0,8,0,2,0,-1010,-1160,-1160,-1160
2026-09-20T16:27:11Z,CHAN,81011,81011164,1000,100,0,3,0,-1080,-1160,-1145
2026-09-20T16:27:20Z,CHAN,81020,81020164,1000,100,0,4,0,-1040,-1160,-1144
2026-09-20T16:27:24Z,CHAN,81024,81024164,1000,100,0,4,0,-1050,-1160,-1144
2026-09-20T16:27:33Z,CHAN,81033,81033164,1000,100,0,1,0,-980,-1150,-1146
2026-09-20T16:27:35Z,CHAN,81035,81035164,1000,100,0,3,0,-1040,-1160,-1145
2026-09-20T16:27:42Z,CHAN,81042,81042164,1000,100,0,4,0,-880,-1160,-1137
2026-09-20T16:27:47Z,CHAN,81047,81047164,1000,100,0,4,0,-1010,-1160,-1144
2026-09-20T16:27:56Z,CHAN,81056,81056164,1000,100,0,1,0,-1060,-1160,-1148
2026-09-20T16:28:04Z,CHAN,81064,81064164,1000,100,0,4,0,-860,-1160,-1137
2026-09-20T16:28:09Z,CHANSUM,81010,81069,60,60000,6000,0,28,0,9,0,-860,-1160,-1150,-1159
2026-09-20T16:28:15Z,CHAN,81075,81075164,1000,100,0,10,0,-860,-1160,-1121
2026-09-20T16:28:31Z,CHAN,81091,81091164,1000,100,0,1,0,-1080,-1160,-1147
2026-09-20T16:28:42Z,CHAN,81102,81102164,1000,100,0,3,0,-880,-1160,-1139
2026-09-20T16:29:06Z,CHAN,81126,81126164,1000,100,0,3,0,-1060,-1160,-1146
2026-09-20T16:29:09Z,CHANSUM,81070,81129,60,60000,6000,0,17,0,4,0,-860,-1160,-1160,-1160
2026-09-20T16:29:12Z,CHAN,81132,81132164,1000,100,0,4,0,-1080,-1160,-1146
2026-09-20T16:29:21Z,CHAN,81141,81141164,1000,100,0,1,0,-860,-1160,-1145
2026-09-20T16:29:33Z,CHAN,81153,81153164,1000,100,0,2,0,-1100,-1160,-1146
2026-09-20T16:29:41Z,CHAN,81161,81161164,1000,100,0,5,0,-710,-1160,-1134
2026-09-20T16:29:43Z,CHAN,81163,81163164,1000,100,0,1,0,-1100,-1160,-1148
2026-09-20T16:29:47Z,CHAN,81167,81167164,1000,100,0,3,0,-1080,-1160,-1146
2026-09-20T16:30:03Z,CHAN,81183,81183164,1000,100,0,3,0,-1090,-1160,-1146
2026-09-20T16:30:09Z,CHANSUM,81130,81189,60,60000,6000,0,19,0,7,0,-710,-1160,-1160,-1160
2026-09-20T16:30:26Z,CHAN,81206,81206164,1000,100,0,4,0,-860,-1160,-1137
2026-09-20T16:30:51Z,CHAN,81231,81231164,1000,100,0,2,0,-920,-1160,-1145
2026-09-20T16:31:07Z,CHAN,81247,81247164,1000,100,0,3,0,-1080,-1160,-1145
2026-09-20T16:31:09Z,CHANSUM,81190,81249,60,60000,6000,0,9,0,3,0,-860,-1160,-1150,-1159
2026-09-20T16:31:13Z,CHAN,81253,81253164,1000,100,0,3,0,-920,-1160,-1142
2026-09-20T16:31:34Z,CHAN,81274,81274164,1000,100,0,3,0,-1090,-1160,-1145
2026-09-20T16:32:06Z,CHAN,81306,81306164,1000,100,0,4,0,-1060,-1160,-1145
2026-09-20T16:32:09Z,CHANSUM,81250,81309,60,60000,6000,0,10,0,3,0,-920,-1160,-1150,-1159
2026-09-20T16:32:18Z,CHAN,81318,81318164,1000,100,0,1,0,-1100,-1160,-1146
2026-09-20T16:32:32Z,CHAN,81332,81332164,1000,100,0,3,0,-1060,-1160,-1144
2026-09-20T16:32:44Z,CHAN,81344,81344164,1000,100,0,3,0,-1050,-1160,-1145
2026-09-20T16:33:00Z,CHAN,81360,81360164,1000,100,0,4,0,-1060,-1160,-1144
2026-09-20T16:33:09Z,CHANSUM,81310,81369,60,60000,6000,0,11,0,4,0,-1050,-1160,-1160,-1160
2026-09-20T16:33:24Z,CHAN,81384,81384164,1000,100,0,1,0,-1100,-1160,-1146
2026-09-20T16:33:33Z,CHAN,81393,81393164,1000,100,0,1,0,-1100,-1160,-1146
2026-09-20T16:34:02Z,CHAN,81422,81422164,1000,100,0,5,0,-880,-1160,-1136
2026-09-20T16:34:05Z,CHAN,81425,81425164,1000,100,0,10,0,-870,-1160,-1128
2026-09-20T16:34:09Z,CHANSUM,81370,81429,60,60000,6000,0,17,0,4,0,-870,-1160,-1150,-1159
2026-09-20T16:34:17Z,CHAN,81437,81437164,1000,100,0,1,0,-1080,-1160,-1147
2026-09-20T16:34:54Z,CHAN,81474,81474164,1000,100,0,3,0,-1090,-1160,-1146
2026-09-20T16:34:57Z,CHAN,81477,81477164,1000,100,0,2,0,-1070,-1160,-1146
2026-09-20T16:35:03Z,CHAN,81483,81483164,1000,100,0,3,0,-1080,-1160,-1145
2026-09-20T16:35:09Z,CHANSUM,81430,81489,60,60000,6000,0,9,0,4,0,-1070,-1160,-1150,-1159
2026-09-20T16:35:17Z,CHAN,81497,81497164,1000,100,0,3,0,-1080,-1160,-1145
2026-09-20T16:35:41Z,CHAN,81521,81521164,1000,100,0,4,0,-1040,-1160,-1145
2026-09-20T16:35:50Z,CHAN,81530,81530164,1000,100,0,3,0,-1060,-1160,-1145
2026-09-20T16:36:00Z,CHAN,81540,81540164,1000,100,0,5,0,-1010,-1160,-1141
2026-09-20T16:36:02Z,CHAN,81542,81542164,1000,100,0,1,0,-1080,-1160,-1147
2026-09-20T16:36:09Z,CHANSUM,81490,81549,60,60000,6000,0,16,0,5,0,-1010,-1160,-1150,-1159
2026-09-20T16:36:34Z,CHAN,81574,81574164,1000,100,0,2,0,-1100,-1160,-1146
2026-09-20T16:36:35Z,CHAN,81575,81575164,1000,100,0,1,0,-1060,-1160,-1147
2026-09-20T16:36:54Z,CHAN,81594,81594164,1000,100,0,1,0,-1070,-1160,-1147
2026-09-20T16:36:55Z,CHAN,81595,81595164,1000,100,0,3,0,-1090,-1160,-1147
2026-09-20T16:37:09Z,CHANSUM,81550,81609,60,60000,6000,0,7,0,4,0,-1060,-1160,-1160,-1160
2026-09-20T16:37:30Z,CHAN,81630,81630164,1000,100,0,3,0,-900,-1160,-1141
2026-09-20T16:37:37Z,CHAN,81637,81637164,1000,100,0,3,0,-1050,-1160,-1145
2026-09-20T16:37:43Z,CHAN,81643,81643164,1000,100,0,3,0,-940,-1160,-1142
2026-09-20T16:37:50Z,CHAN,81650,81650164,1000,100,0,4,0,-940,-1160,-1141
2026-09-20T16:38:02Z,CHAN,81662,81662164,1000,100,0,5,0,-1010,-1160,-1143
2026-09-20T16:38:09Z,CHANSUM,81610,81669,60,60000,6000,0,18,0,5,0,-900,-1160,-1150,-1159
2026-09-20T16:39:09Z,CHANSUM,81670,81729,60,60000,6000,0,0,0,0,0,-1130,-1160,-1160,-1160
2026-09-20T16:39:16Z,CHAN,81736,81736164,1000,100,0,4,0,-1080,-1160,-1145
2026-09-20T16:40:09Z,CHANSUM,81730,81789,60,60000,6000,0,4,0,1,0,-1080,-1160,-1160,-1160
2026-09-20T16:40:44Z,CHAN,81824,81824164,1000,100,0,5,0,-1080,-1160,-1144
2026-09-20T16:41:09Z,CHANSUM,81790,81849,60,60000,6000,0,5,0,1,0,-1080,-1160,-1160,-1160
2026-09-20T16:41:50Z,CHAN,81890,81890164,1000,100,0,9,0,-870,-1160,-1122
2026-09-20T16:42:09Z,CHANSUM,81850,81909,60,60000,6000,0,9,0,1,0,-870,-1160,-1160,-1160
2026-09-20T16:43:09Z,CHANSUM,81910,81969,60,60000,6000,0,0,0,0,0,-1120,-1160,-1150,-1159
2026-09-20T16:43:49Z,CHAN,82009,82009164,1000,100,0,1,0,-1100,-1160,-1147
2026-09-20T16:44:00Z,CHAN,82020,82020164,1000,100,0,9,0,-870,-1160,-1122
2026-09-20T16:44:09Z,CHANSUM,81970,82029,60,60000,6000,0,10,0,2,0,-870,-1160,-1150,-1159
2026-09-20T16:45:09Z,CHANSUM,82030,82089,60,60000,6000,0,0,0,0,0,-1130,-1160,-1150,-1159
2026-09-20T16:45:48Z,CHAN,82128,82128164,1000,100,0,3,0,-1090,-1160,-1146
2026-09-20T16:45:49Z,CHAN,82129,82129164,1000,100,0,2,0,-1100,-1160,-1148
2026-09-20T16:46:09Z,CHANSUM,82090,82149,60,60000,6000,0,5,0,2,0,-1090,-1160,-1160,-1160
2026-09-20T16:46:13Z,CHAN,82153,82153164,1000,100,0,2,0,-1070,-1160,-1146
2026-09-20T16:47:04Z,CHAN,82204,82204164,1000,100,0,5,0,-930,-1160,-1138
2026-09-20T16:47:05Z,CHAN,82205,82205164,1000,100,0,9,0,-860,-1160,-1122
2026-09-20T16:47:09Z,CHANSUM,82150,82209,60,60000,6000,0,16,0,3,0,-860,-1160,-1160,-1160
2026-09-20T16:48:01Z,CHAN,82261,82261164,1000,100,0,3,0,-870,-1160,-1140
2026-09-20T16:48:02Z,CHAN,82262,82262164,1000,100,0,2,0,-870,-1160,-1143
2026-09-20T16:48:09Z,CHANSUM,82210,82269,60,60000,6000,0,5,0,2,0,-870,-1160,-1150,-1159
2026-09-20T16:48:59Z,CHAN,82319,82319164,1000,100,0,5,0,-970,-1160,-1139
2026-09-20T16:49:09Z,CHANSUM,82270,82329,60,60000,6000,0,5,0,1,0,-970,-1160,-1160,-1160
2026-09-20T16:49:15Z,CHAN,82335,82335164,1000,100,0,9,0,-860,-1160,-1122
2026-09-20T16:49:26Z,CHAN,82346,82346164,1000,100,0,14,0,-950,-1160,-1126
2026-09-20T16:49:27Z,CHAN,82347,82347164,1000,100,0,51,0,-960,-1170,-1082
2026-09-20T16:49:28Z,CHAN,82348,82348164,1000,100,0,39,0,-950,-1160,-1089
2026-09-20T16:49:29Z,CHAN,82349,82349164,1000,100,0,34,0,-950,-1160,-1096
2026-09-20T16:49:30Z,CHAN,82350,82350164,1000,100,0,16,0,-950,-1160,-1120
2026-09-20T16:49:33Z,CHAN,82353,82353164,1000,100,0,8,0,-970,-1160,-1135
2026-09-20T16:49:34Z,CHAN,82354,82354164,1000,100,0,60,0,-950,-1160,-1055
2026-09-20T16:49:35Z,CHAN,82355,82355164,1000,100,0,4,0,-1000,-1160,-1142
2026-09-20T16:50:02Z,CHAN,82382,82382164,1000,100,0,28,0,-960,-1160,-1111
2026-09-20T16:50:03Z,CHAN,82383,82383164,1000,100,0,28,0,-950,-1160,-1102
2026-09-20T16:50:09Z,CHANSUM,82330,82389,60,60000,6000,0,291,0,11,0,-860,-1170,-1150,-1159
2026-09-20T16:50:28Z,CHAN,82408,82408164,1000,100,0,5,0,-1040,-1160,-1142
2026-09-20T16:50:29Z,CHAN,82409,82409164,1000,100,0,19,0,-950,-1160,-1117
2026-09-20T16:50:30Z,CHAN,82410,82410164,1000,100,0,31,0,-950,-1160,-1099
2026-09-20T16:50:31Z,CHAN,82411,82411164,1000,100,0,14,0,-980,-1160,-1128
2026-09-20T16:51:09Z,CHANSUM,82390,82449,60,60000,6000,0,69,0,4,0,-950,-1160,-1160,-1160
2026-09-20T16:51:33Z,CHAN,82473,82473164,1000,100,0,18,0,-980,-1160,-1120
2026-09-20T16:51:34Z,CHAN,82474,82474164,1000,100,0,47,0,-950,-1160,-1070
2026-09-20T16:52:07Z,CHAN,82507,82507164,1000,100,0,3,0,-1040,-1160,-1144
2026-09-20T16:52:08Z,CHAN,82508,82508164,1000,100,0,33,0,-950,-1160,-1099
2026-09-20T16:52:09Z,CHANSUM,82450,82509,60,60000,6000,0,101,0,4,0,-950,-1160,-1160,-1160
2026-09-20T16:53:09Z,CHANSUM,82510,82569,60,60000,6000,0,0,0,0,0,-1120,-1160,-1160,-1160
2026-09-20T16:53:37Z,CHAN,82597,82597164,1000,100,0,1,0,-1050,-1160,-1146
2026-09-20T16:53:38Z,CHAN,82598,82598164,1000,100,0,3,0,-1030,-1160,-1144
2026-09-20T16:53:57Z,CHAN,82617,82617164,1000,100,0,2,0,-1100,-1160,-1146
2026-09-20T16:54:09Z,CHANSUM,82570,82629,60,60000,6000,0,6,0,3,0,-1030,-1160,-1160,-1160
2026-09-20T16:54:42Z,CHAN,82662,82662164,1000,100,0,3,0,-1060,-1160,-1144
2026-09-20T16:54:45Z,CHAN,82665,82665164,1000,100,0,4,0,-1090,-1160,-1146
2026-09-20T16:54:53Z,CHAN,82673,82673164,1000,100,0,2,0,-1100,-1160,-1146
2026-09-20T16:55:04Z,CHAN,82684,82684164,1000,100,0,4,0,-1030,-1160,-1143
2026-09-20T16:55:06Z,CHAN,82686,82686164,1000,100,0,4,0,-980,-1160,-1141
2026-09-20T16:55:09Z,CHANSUM,82630,82689,60,60000,6000,0,17,0,5,0,-980,-1160,-1160,-1160
2026-09-20T16:55:29Z,CHAN,82709,82709164,1000,100,0,8,0,-1010,-1160,-1138
2026-09-20T16:55:35Z,CHAN,82715,82715164,1000,100,0,4,0,-1040,-1160,-1143
2026-09-20T16:55:45Z,CHAN,82725,82725164,1000,100,0,3,0,-1090,-1160,-1146
2026-09-20T16:55:53Z,CHAN,82733,82733164,1000,100,0,5,0,-1070,-1160,-1143
2026-09-20T16:56:09Z,CHANSUM,82690,82749,60,60000,6000,0,20,0,4,0,-1010,-1160,-1150,-1159
2026-09-20T16:56:29Z,CHAN,82769,82769164,1000,100,0,4,0,-910,-1160,-1139
2026-09-20T16:56:34Z,CHAN,82774,82774164,1000,100,0,8,0,-1010,-1160,-1137
2026-09-20T16:57:09Z,CHANSUM,82750,82809,60,60000,6000,0,12,0,2,0,-910,-1170,-1150,-1160
2026-09-20T16:57:42Z,CHAN,82842,82842164,1000,100,0,3,0,-1090,-1160,-1146
2026-09-20T16:57:43Z,CHAN,82843,82843164,1000,100,0,2,0,-1100,-1160,-1147
2026-09-20T16:58:09Z,CHANSUM,82810,82869,60,60000,6000,0,5,0,2,0,-1090,-1160,-1160,-1160
2026-09-20T16:58:52Z,CHAN,82912,82912164,1000,100,0,3,0,-920,-1160,-1142
2026-09-20T16:58:53Z,CHAN,82913,82913164,1000,100,0,2,0,-930,-1160,-1144
2026-09-20T16:59:09Z,CHANSUM,82870,82929,60,60000,6000,0,5,0,2,0,-920,-1160,-1150,-1159
2026-09-20T17:00:09Z,CHANSUM,82930,82989,60,60000,6000,0,0,0,0,0,-1120,-1160,-1160,-1160
2026-09-20T17:01:09Z,CHANSUM,82990,83049,60,60000,6000,0,0,0,0,0,-1120,-1160,-1150,-1159
2026-09-20T17:01:33Z,CHAN,83073,83073164,1000,100,0,7,0,-1000,-1160,-1138
2026-09-20T17:01:53Z,CHAN,83093,83093164,1000,100,0,4,0,-1060,-1160,-1145
2026-09-20T17:02:09Z,CHANSUM,83050,83109,60,60000,6000,0,11,0,2,0,-1000,-1160,-1160,-1160
2026-09-20T17:02:20Z,CHAN,83120,83120164,1000,100,0,9,0,-980,-1160,-1138
2026-09-20T17:02:50Z,CHAN,83150,83150164,1000,100,0,9,0,-860,-1160,-1123
2026-09-20T17:03:09Z,CHANSUM,83110,83169,60,60000,6000,0,18,0,2,0,-860,-1160,-1160,-1160
2026-09-20T17:03:27Z,CHAN,83187,83187164,1000,100,0,4,0,-930,-1160,-1140
2026-09-20T17:03:42Z,CHAN,83202,83202164,1000,100,0,4,0,-1090,-1160,-1146
2026-09-20T17:03:57Z,CHAN,83217,83217164,1000,100,0,3,0,-860,-1160,-1140
2026-09-20T17:04:09Z,CHANSUM,83170,83229,60,60000,6000,0,11,0,3,0,-860,-1160,-1160,-1160
2026-09-20T17:04:14Z,CHAN,83234,83234164,1000,100,0,3,0,-1060,-1160,-1146
2026-09-20T17:04:17Z,CHAN,83237,83237164,1000,100,0,3,0,-1020,-1160,-1144
2026-09-20T17:04:30Z,CHAN,83250,83250164,1000,100,0,4,0,-1030,-1160,-1144
2026-09-20T17:05:00Z,CHAN,83280,83280164,1000,100,0,9,0,-860,-1160,-1122
2026-09-20T17:05:03Z,CHAN,83283,83283164,1000,100,0,6,0,-1040,-1160,-1143
2026-09-20T17:05:09Z,CHANSUM,83230,83289,60,60000,6000,0,25,0,5,0,-860,-1160,-1160,-1160
2026-09-20T17:05:18Z,CHAN,83298,83298164,1000,100,0,4,0,-1010,-1160,-1143
2026-09-20T17:05:23Z,CHAN,83303,83303164,1000,100,0,4,0,-870,-1160,-1137
2026-09-20T17:05:31Z,CHAN,83311,83311164,1000,100,0,3,0,-1090,-1160,-1146
2026-09-20T17:06:09Z,CHANSUM,83290,83349,60,60000,6000,0,11,0,3,0,-870,-1160,-1160,-1160
2026-09-20T17:06:31Z,CHAN,83371,83371164,1000,100,0,3,0,-1090,-1160,-1147
2026-09-20T17:06:40Z,CHAN,83380,83380164,1000,100,0,32,0,-950,-1160,-1100
2026-09-20T17:06:41Z,CHAN,83381,83381164,1000,100,0,40,0,-950,-1160,-1097
2026-09-20T17:06:58Z,CHAN,83398,83398164,1000,100,0,2,0,-1090,-1160,-1147
2026-09-20T17:06:59Z,CHAN,83399,83399164,1000,100,0,1,0,-1100,-1160,-1148
2026-09-20T17:07:06Z,CHAN,83406,83406164,1000,100,0,3,0,-1090,-1160,-1146
2026-09-20T17:07:09Z,CHANSUM,83350,83409,60,60000,6000,0,81,0,6,0,-950,-1160,-1160,-1160
2026-09-20T17:07:36Z,CHAN,83436,83436164,1000,100,0,4,0,-890,-1160,-1140
2026-09-20T17:08:05Z,CHAN,83465,83465164,1000,100,0,9,0,-860,-1160,-1123
2026-09-20T17:08:08Z,CHAN,83468,83468164,1000,100,0,2,0,-1100,-1160,-1146
2026-09-20T17:08:09Z,CHANSUM,83410,83469,60,60000,6000,0,15,0,3,0,-860,-1160,-1160,-1160
2026-09-20T17:08:10Z,CHAN,83470,83470164,1000,100,0,5,0,-1060,-1160,-1144
2026-09-20T17:08:29Z,CHAN,83489,83489164,1000,100,0,2,0,-1100,-1160,-1147
2026-09-20T17:09:09Z,CHANSUM,83470,83529,60,60000,6000,0,7,0,2,0,-1060,-1160,-1160,-1160
2026-09-20T17:09:20Z,CHAN,83540,83540164,1000,100,0,3,0,-990,-1160,-1144
2026-09-20T17:09:24Z,CHAN,83544,83544164,1000,100,0,4,0,-1090,-1160,-1145
2026-09-20T17:09:32Z,CHAN,83552,83552164,1000,100,0,6,0,-960,-1170,-1140
2026-09-20T17:10:09Z,CHANSUM,83530,83589,60,60000,6000,0,13,0,3,0,-960,-1170,-1150,-1160
2026-09-20T17:10:10Z,CHAN,83590,83590164,1000,100,0,3,0,-880,-1160,-1141
2026-09-20T17:10:15Z,CHAN,83595,83595164,1000,100,0,9,0,-860,-1160,-1122
2026-09-20T17:10:20Z,CHAN,83600,83600164,1000,100,0,14,0,-950,-1160,-1126
2026-09-20T17:10:21Z,CHAN,83601,83601164,1000,100,0,73,0,-950,-1160,-1058
2026-09-20T17:10:22Z,CHAN,83602,83602164,1000,100,0,55,0,-950,-1150,-1078
2026-09-20T17:10:23Z,CHAN,83603,83603164,1000,100,0,69,0,-940,-1160,-1051
2026-09-20T17:10:24Z,CHAN,83604,83604164,1000,100,0,5,0,-1060,-1160,-1143
2026-09-20T17:10:57Z,CHAN,83637,83637164,1000,100,0,4,0,-1070,-1160,-1146
2026-09-20T17:11:09Z,CHANSUM,83590,83649,60,60000,6000,0,232,0,8,0,-860,-1160,-1150,-1159
2026-09-20T17:11:14Z,CHAN,83654,83654164,1000,100,0,6,0,-940,-1160,-1137
2026-09-20T17:11:15Z,CHAN,83655,83655164,1000,100,0,2,0,-970,-1160,-1145
2026-09-20T17:11:17Z,CHAN,83657,83657164,1000,100,0,4,0,-1040,-1160,-1144
2026-09-20T17:11:28Z,CHAN,83668,83668164,1000,100,0,3,0,-1090,-1160,-1147
2026-09-20T17:11:52Z,CHAN,83692,83692164,1000,100,0,4,0,-1090,-1160,-1146
2026-09-20T17:12:09Z,CHANSUM,83650,83709,60,60000,6000,0,19,0,5,0,-940,-1160,-1150,-1159
2026-09-20T17:12:44Z,CHAN,83744,83744164,1000,100,0,1,0,-1090,-1160,-1148
2026-09-20T17:13:09Z,CHANSUM,83710,83769,60,60000,6000,0,1,0,1,0,-1090,-1170,-1160,-1160
2026-09-20T17:14:09Z,CHANSUM,83770,83829,60,60000,6000,0,0,0,0,0,-1110,-1160,-1160,-1160
2026-09-20T17:15:09Z,CHANSUM,83830,83889,60,60000,6000,0,0,0,0,0,-1120,-1160,-1150,-1159
2026-09-20T17:15:25Z,CHAN,83905,83905164,1000,100,0,5,0,-950,-1160,-1139
2026-09-20T17:16:09Z,CHANSUM,83890,83949,60,60000,6000,0,5,0,1,0,-950,-1160,-1160,-1160
2026-09-20T17:16:30Z,CHAN,83970,83970164,1000,100,0,9,0,-870,-1160,-1123
2026-09-20T17:17:09Z,CHANSUM,83950,84009,60,60000,6000,0,9,0,1,0,-870,-1160,-1160,-1160
2026-09-20T17:18:09Z,CHANSUM,84010,84069,60,60000,6000,0,0,0,0,0,-1130,-1160,-1160,-1160
2026-09-20T17:18:40Z,CHAN,84100,84100164,1000,100,0,9,0,-870,-1160,-1123
2026-09-20T17:19:00Z,CHAN,84120,84120164,1000,100,0,1,0,-1100,-1160,-1148
2026-09-20T17:19:09Z,CHANSUM,84070,84129,60,60000,6000,0,10,0,2,0,-870,-1160,-1150,-1159
2026-09-20T17:19:35Z,CHAN,84155,84155164,1000,100,0,4,0,-1020,-1160,-1143
2026-09-20T17:20:09Z,CHANSUM,84130,84189,60,60000,6000,0,4,0,1,0,-1020,-1160,-1160,-1160
2026-09-20T17:21:09Z,CHANSUM,84190,84249,60,60000,6000,0,0,0,0,0,-1110,-1160,-1160,-1160
2026-09-20T17:21:45Z,CHAN,84285,84285164,1000,100,0,9,0,-870,-1160,-1123
2026-09-20T17:21:57Z,CHAN,84297,84297164,1000,100,0,3,0,-1070,-1160,-1146
2026-09-20T17:22:09Z,CHANSUM,84250,84309,60,60000,6000,0,12,0,2,0,-870,-1160,-1160,-1160
2026-09-20T17:22:13Z,CHAN,84313,84313164,1000,100,0,3,0,-1000,-1160,-1143
2026-09-20T17:22:16Z,CHAN,84316,84316164,1000,100,0,3,0,-1080,-1160,-1146
2026-09-20T17:22:26Z,CHAN,84326,84326164,1000,100,0,13,0,-920,-1160,-1123
2026-09-20T17:23:09Z,CHANSUM,84310,84369,60,60000,6000,0,19,0,3,0,-920,-1160,-1160,-1160
2026-09-20T17:23:23Z,CHAN,84383,84383164,1000,100,0,4,0,-1040,-1160,-1144
2026-09-20T17:23:42Z,CHAN,84402,84402164,1000,100,0,2,0,-1090,-1160,-1147
2026-09-20T17:23:55Z,CHAN,84415,84415164,1000,100,0,9,0,-870,-1160,-1123
2026-09-20T17:24:02Z,CHAN,84422,84422164,1000,100,0,3,0,-1050,-1160,-1146
2026-09-20T17:24:09Z,CHANSUM,84370,84429,60,60000,6000,0,18,0,4,0,-870,-1160,-1160,-1160
2026-09-20T17:24:17Z,CHAN,84437,84437164,1000,100,0,3,0,-1030,-1160,-1144
2026-09-20T17:24:42Z,CHAN,84462,84462164,1000,100,0,7,0,-900,-1160,-1136
2026-09-20T17:24:53Z,CHAN,84473,84473164,1000,100,0,3,0,-1080,-1160,-1146
2026-09-20T17:25:03Z,CHAN,84483,84483164,1000,100,0,3,0,-1080,-1160,-1145
2026-09-20T17:25:09Z,CHANSUM,84430,84489,60,60000,6000,0,16,0,4,0,-900,-1160,-1160,-1160
2026-09-20T17:25:15Z,CHAN,84495,84495164,1000,100,0,3,0,-1100,-1160,-1146
2026-09-20T17:25:18Z,CHAN,84498,84498164,1000,100,0,4,0,-1000,-1160,-1142
2026-09-20T17:25:35Z,CHAN,84515,84515164,1000,100,0,3,0,-1070,-1160,-1146
2026-09-20T17:25:50Z,CHAN,84530,84530164,1000,100,0,3,0,-1060,-1160,-1146
2026-09-20T17:25:58Z,CHAN,84538,84538164,1000,100,0,3,0,-1070,-1160,-1145
2026-09-20T17:26:09Z,CHANSUM,84490,84549,60,60000,6000,0,16,0,5,0,-1000,-1160,-1160,-1160
2026-09-20T17:26:24Z,CHAN,84564,84564164,1000,100,0,4,0,-920,-1160,-1140
2026-09-20T17:27:09Z,CHANSUM,84550,84609,60,60000,6000,0,4,0,1,0,-920,-1160,-1160,-1160
2026-09-20T17:27:11Z,CHAN,84611,84611164,1000,100,0,1,0,-1040,-1170,-1146
2026-09-20T17:27:39Z,CHAN,84639,84639164,1000,100,0,3,0,-1100,-1160,-1146
2026-09-20T17:27:42Z,CHAN,84642,84642164,1000,100,0,2,0,-1090,-1160,-1146
2026-09-20T17:27:59Z,CHAN,84659,84659164,1000,100,0,7,0,-1060,-1160,-1142
2026-09-20T17:28:06Z,CHAN,84666,84666164,1000,100,0,3,0,-1040,-1160,-1145
2026-09-20T17:28:09Z,CHANSUM,84610,84669,60,60000,6000,0,16,0,5,0,-1040,-1170,-1150,-1160
2026-09-20T17:28:19Z,CHAN,84679,84679164,1000,100,0,8,0,-1060,-1160,-1143
2026-09-20T17:28:45Z,CHAN,84705,84705164,1000,100,0,3,0,-1090,-1160,-1146
2026-09-20T17:29:09Z,CHANSUM,84670,84729,60,60000,6000,0,11,0,2,0,-1060,-1170,-1150,-1160
2026-09-20T17:30:09Z,CHANSUM,84730,84789,60,60000,6000,0,0,0,0,0,-1130,-1170,-1160,-1160
2026-09-20T17:30:14Z,CHAN,84794,84794164,1000,100,0,18,0,-940,-1160,-1123
2026-09-20T17:30:15Z,CHAN,84795,84795164,1000,100,0,55,0,-960,-1160,-1075
2026-09-20T17:30:16Z,CHAN,84796,84796164,1000,100,0,20,0,-950,-1160,-1116
2026-09-20T17:30:18Z,CHAN,84798,84798164,1000,100,0,21,0,-950,-1160,-1114
2026-09-20T17:30:19Z,CHAN,84799,84799164,1000,100,0,30,0,-950,-1160,-1099
2026-09-20T17:30:20Z,CHAN,84800,84800164,1000,100,0,19,0,-940,-1160,-1120
2026-09-20T17:30:24Z,CHAN,84804,84804164,1000,100,0,17,0,-950,-1160,-1123
2026-09-20T17:30:25Z,CHAN,84805,84805164,1000,100,0,49,0,-960,-1160,-1074
2026-09-20T17:30:26Z,CHAN,84806,84806164,1000,100,0,32,0,-950,-1160,-1106
2026-09-20T17:30:27Z,CHAN,84807,84807164,1000,100,0,58,0,-940,-1160,-1058
2026-09-20T17:30:50Z,CHAN,84830,84830164,1000,100,0,36,0,-950,-1160,-1095
2026-09-20T17:30:51Z,CHAN,84831,84831164,1000,100,0,20,0,-950,-1160,-1114
2026-09-20T17:31:09Z,CHANSUM,84790,84849,60,60000,6000,0,375,0,12,0,-940,-1160,-1160,-1160
2026-09-20T17:31:19Z,CHAN,84859,84859164,1000,100,0,30,0,-950,-1160,-1098
2026-09-20T17:31:20Z,CHAN,84860,84860164,1000,100,0,37,0,-940,-1160,-1091
2026-09-20T17:31:26Z,CHAN,84866,84866164,1000,100,0,32,0,-950,-1160,-1092
2026-09-20T17:31:27Z,CHAN,84867,84867164,1000,100,0,45,0,-940,-1160,-1077
2026-09-20T17:31:36Z,CHAN,84876,84876164,1000,100,0,1,0,-1100,-1160,-1148
2026-09-20T17:31:57Z,CHAN,84897,84897164,1000,100,0,5,0,-920,-1160,-1139
2026-09-20T17:32:09Z,CHANSUM,84850,84909,60,60000,6000,0,150,0,6,0,-920,-1160,-1160,-1160
2026-09-20T17:32:46Z,CHAN,84946,84946164,1000,100,0,5,0,-1060,-1160,-1145
2026-09-20T17:33:09Z,CHANSUM,84910,84969,60,60000,6000,0,5,0,1,0,-1060,-1160,-1160,-1160
2026-09-20T17:34:09Z,CHANSUM,84970,85029,60,60000,6000,0,0,0,0,0,-1130,-1170,-1150,-1160
2026-09-20T17:34:22Z,CHAN,85042,85042164,1000,100,0,5,0,-1060,-1160,-1144
2026-09-20T17:35:09Z,CHANSUM,85030,85089,60,60000,6000,0,5,0,1,0,-1060,-1160,-1150,-1159
2026-09-20T17:35:13Z,CHAN,85093,85093164,1000,100,0,5,0,-1090,-1160,-1146
2026-09-20T17:36:09Z,CHANSUM,85090,85149,60,60000,6000,0,5,0,1,0,-1090,-1160,-1160,-1160
2026-09-20T17:36:20Z,CHAN,85160,85160164,1000,100,0,8,0,-1010,-1160,-1138
2026-09-20T17:36:27Z,CHAN,85167,85167164,1000,100,0,8,0,-1000,-1160,-1137
2026-09-20T17:36:34Z,CHAN,85174,85174164,1000,100,0,10,0,-1010,-1160,-1138
2026-09-20T17:37:09Z,CHANSUM,85150,85209,60,60000,6000,0,26,0,3,0,-1000,-1160,-1160,-1160
2026-09-20T17:37:26Z,CHAN,85226,85226164,1000,100,0,1,0,-1060,-1160,-1146
2026-09-20T17:37:30Z,CHAN,85230,85230164,1000,100,0,9,0,-870,-1160,-1123
2026-09-20T17:38:02Z,CHAN,85262,85262164,1000,100,0,5,0,-970,-1160,-1140
2026-09-20T17:38:09Z,CHANSUM,85210,85269,60,60000,6000,0,15,0,3,0,-870,-1160,-1160,-1160
2026-09-20T17:39:09Z,CHANSUM,85270,85329,60,60000,6000,0,0,0,0,0,-1120,-1160,-1160,-1160
2026-09-20T17:39:40Z,CHAN,85360,85360164,1000,100,0,9,0,-870,-1160,-1124
2026-09-20T17:40:09Z,CHANSUM,85330,85389,60,60000,6000,0,9,0,1,0,-870,-1160,-1150,-1159
2026-09-20T17:41:09Z,CHANSUM,85390,85449,60,60000,6000,0,0,0,0,0,-1130,-1160,-1160,-1160
2026-09-20T17:42:09Z,CHANSUM,85450,85509,60,60000,6000,0,0,0,0,0,-1120,-1160,-1160,-1160
2026-09-20T17:42:45Z,CHAN,85545,85545164,1000,100,0,9,0,-880,-1160,-1123
2026-09-20T17:42:46Z,CHAN,85546,85546164,1000,100,0,1,0,-1100,-1160,-1146
2026-09-20T17:43:09Z,CHANSUM,85510,85569,60,60000,6000,0,10,0,2,0,-880,-1160,-1160,-1160
2026-09-20T17:43:16Z,CHAN,85576,85576164,1000,100,0,4,0,-1080,-1160,-1146
2026-09-20T17:43:37Z,CHAN,85597,85597164,1000,100,0,3,0,-1070,-1160,-1146
2026-09-20T17:43:41Z,CHAN,85601,85601164,1000,100,0,4,0,-1060,-1160,-1145
2026-09-20T17:43:44Z,CHAN,85604,85604164,1000,100,0,3,0,-1070,-1160,-1146
2026-09-20T17:43:56Z,CHAN,85616,85616164,1000,100,0,4,0,-910,-1160,-1140
2026-09-20T17:44:06Z,CHAN,85626,85626164,1000,100,0,5,0,-970,-1160,-1140
2026-09-20T17:44:09Z,CHANSUM,85570,85629,60,60000,6000,0,23,0,6,0,-910,-1160,-1160,-1160
2026-09-20T17:44:37Z,CHAN,85657,85657164,1000,100,0,4,0,-1060,-1160,-1146
2026-09-20T17:44:52Z,CHAN,85672,85672164,1000,100,0,4,0,-870,-1160,-1138
2026-09-20T17:44:55Z,CHAN,85675,85675164,1000,100,0,9,0,-870,-1160,-1123
2026-09-20T17:44:57Z,CHAN,85677,85677164,1000,100,0,1,0,-1060,-1160,-1147
2026-09-20T17:44:58Z,CHAN,85678,85678164,1000,100,0,2,0,-1020,-1160,-1146
2026-09-20T17:45:09Z,CHANSUM,85630,85689,60,60000,6000,0,20,0,5,0,-870,-1160,-1150,-1159
2026-09-20T17:45:10Z,CHAN,85690,85690164,1000,100,0,3,0,-1090,-1160,-1146
2026-09-20T17:45:22Z,CHAN,85702,85702164,1000,100,0,3,0,-1090,-1160,-1147
2026-09-20T17:45:37Z,CHAN,85717,85717164,1000,100,0,2,0,-1080,-1160,-1146
2026-09-20T17:45:42Z,CHAN,85722,85722164,1000,100,0,4,0,-1060,-1160,-1144
2026-09-20T17:45:45Z,CHAN,85725,85725164,1000,100,0,3,0,-1070,-1160,-1146
2026-09-20T17:45:47Z,CHAN,85727,85727164,1000,100,0,2,0,-980,-1160,-1145
2026-09-20T17:45:48Z,CHAN,85728,85728164,1000,100,0,1,0,-980,-1160,-1146
2026-09-20T17:45:57Z,CHAN,85737,85737164,1000,100,0,1,0,-1100,-1160,-1147
2026-09-20T17:45:58Z,CHAN,85738,85738164,1000,100,0,5,0,-890,-1160,-1136
2026-09-20T17:46:00Z,CHAN,85740,85740164,1000,100,0,4,0,-1020,-1160,-1143
2026-09-20T17:46:09Z,CHANSUM,85690,85749,60,60000,6000,0,28,0,10,0,-890,-1160,-1160,-1160
2026-09-20T17:46:11Z,CHAN,85751,85751164,1000,100,0,3,0,-1090,-1160,-1146
2026-09-20T17:46:15Z,CHAN,85755,85755164,1000,100,0,4,0,-1090,-1160,-1146
2026-09-20T17:46:30Z,CHAN,85770,85770164,1000,100,0,3,0,-1000,-1160,-1143
2026-09-20T17:46:43Z,CHAN,85783,85783164,1000,100,0,4,0,-1060,-1160,-1145
2026-09-20T17:46:56Z,CHAN,85796,85796164,1000,100,0,4,0,-940,-1160,-1141
2026-09-20T17:47:09Z,CHANSUM,85750,85809,60,60000,6000,0,18,0,5,0,-940,-1160,-1160,-1160
2026-09-20T17:47:10Z,CHAN,85810,85810164,1000,100,0,3,0,-1090,-1160,-1146
2026-09-20T17:47:12Z,CHAN,85812,85812164,1000,100,0,3,0,-1010,-1160,-1144
2026-09-20T17:47:39Z,CHAN,85839,85839164,1000,100,0,2,0,-1100,-1160,-1146
2026-09-20T17:47:41Z,CHAN,85841,85841164,1000,100,0,2,0,-980,-1160,-1146
2026-09-20T17:47:53Z,CHAN,85853,85853164,1000,100,0,4,0,-870,-1160,-1137
2026-09-20T17:48:07Z,CHAN,85867,85867164,1000,100,0,8,0,-980,-1160,-1140
2026-09-20T17:48:08Z,CHAN,85868,85868164,1000,100,0,3,0,-1080,-1160,-1146
2026-09-20T17:48:09Z,CHANSUM,85810,85869,60,60000,6000,0,25,0,7,0,-870,-1160,-1150,-1159
2026-09-20T17:48:14Z,CHAN,85874,85874164,1000,100,0,46,0,-950,-1160,-1074
2026-09-20T17:48:15Z,CHAN,85875,85875164,1000,100,0,18,0,-940,-1160,-1118
2026-09-20T17:48:23Z,CHAN,85883,85883164,1000,100,0,29,0,-950,-1160,-1100
2026-09-20T17:48:24Z,CHAN,85884,85884164,1000,100,0,41,0,-960,-1160,-1088
2026-09-20T17:48:25Z,CHAN,85885,85885164,1000,100,0,45,0,-950,-1160,-1080
2026-09-20T17:48:29Z,CHAN,85889,85889164,1000,100,0,16,0,-950,-1160,-1123
2026-09-20T17:48:30Z,CHAN,85890,85890164,1000,100,0,41,0,-920,-1160,-1074
2026-09-20T17:48:34Z,CHAN,85894,85894164,1000,100,0,3,0,-1080,-1160,-1145
2026-09-20T17:48:42Z,CHAN,85902,85902164,1000,100,0,4,0,-1090,-1160,-1146
2026-09-20T17:49:04Z,CHAN,85924,85924164,1000,100,0,39,0,-950,-1160,-1087
2026-09-20T17:49:05Z,CHAN,85925,85925164,1000,100,0,17,0,-950,-1160,-1121
2026-09-20T17:49:09Z,CHANSUM,85870,85929,60,60000,6000,0,299,0,11,0,-920,-1160,-1160,-1160
2026-09-20T17:49:14Z,CHAN,85934,85934164,1000,100,0,61,0,-950,-1150,-1048
2026-09-20T17:49:15Z,CHAN,85935,85935164,1000,100,0,3,0,-970,-1160,-1143
2026-09-20T17:49:24Z,CHAN,85944,85944164,1000,100,0,28,0,-970,-1160,-1104
2026-09-20T17:49:25Z,CHAN,85945,85945164,1000,100,0,36,0,-950,-1160,-1092
2026-09-20T17:49:37Z,CHAN,85957,85957164,1000,100,0,4,0,-1060,-1160,-1145
2026-09-20T17:50:00Z,CHAN,85980,85980164,1000,100,0,1,0,-1090,-1160,-1147
2026-09-20T17:50:09Z,CHANSUM,85930,85989,60,60000,6000,0,133,0,6,0,-950,-1160,-1150,-1159
2026-09-20T17:50:16Z,CHAN,85996,85996164,1000,100,0,4,0,-1090,-1160,-1146
2026-09-20T17:50:23Z,CHAN,86003,86003164,1000,100,0,3,0,-1090,-1160,-1146
2026-09-20T17:51:09Z,CHANSUM,85990,86049,60,60000,6000,0,7,0,2,0,-1090,-1160,-1160,-1160
2026-09-20T17:52:09Z,CHANSUM,86050,86109,60,60000,6000,0,0,0,0,0,-1120,-1160,-1160,-1160
2026-09-20T17:53:09Z,CHANSUM,86110,86169,60,60000,6000,0,0,0,0,0,-1110,-1160,-1160,-1160
2026-09-20T17:53:21Z,CHAN,86181,86181164,1000,100,0,2,0,-1100,-1160,-1146
2026-09-20T17:53:22Z,CHAN,86182,86182164,1000,100,0,1,0,-1100,-1160,-1147
2026-09-20T17:53:59Z,CHAN,86219,86219164,1000,100,0,5,0,-1020,-1160,-1142
2026-09-20T17:54:09Z,CHANSUM,86170,86229,60,60000,6000,0,8,0,3,0,-1020,-1160,-1160,-1160
2026-09-20T17:54:15Z,CHAN,86235,86235164,1000,100,0,21,0,-850,-1160,-1086
2026-09-20T17:54:16Z,CHAN,86236,86236164,1000,100,0,17,0,-850,-1160,-1098
2026-09-20T17:54:24Z,CHAN,86244,86244164,1000,100,0,4,0,-1030,-1160,-1144
2026-09-20T17:54:25Z,CHAN,86245,86245164,1000,100,0,4,0,-1030,-1160,-1144
2026-09-20T17:55:09Z,CHANSUM,86230,86289,60,60000,6000,0,46,0,4,0,-850,-1160,-1150,-1159
2026-09-20T17:55:20Z,CHAN,86300,86300164,1000,100,0,5,0,-1040,-1160,-1143
2026-09-20T17:56:09Z,CHANSUM,86290,86349,60,60000,6000,0,5,0,1,0,-1040,-1160,-1160,-1160
2026-09-20T17:56:47Z,CHAN,86387,86387164,1000,100,0,5,0,-1070,-1160,-1144
# M25 capture closed 2026-09-20T17:56:59Z
