# M25 capture opened 2026-09-19T17:56:58Z port=/dev/cu.usbserial-0001 baud=115200
2026-09-19T17:56:58Z,#PORT-OPEN
2026-09-19T17:56:58Z,#RESET
2026-09-19T17:56:58Z,ESP-ROM:esp32s3-20210327
2026-09-19T17:56:58Z,Build:Mar 27 2021
2026-09-19T17:56:58Z,rst:0x1 (POWERON),boot:0x9 (SPI_FAST_FLASH_BOOT)
2026-09-19T17:56:58Z,SPIWP:0xee
2026-09-19T17:56:58Z,mode:DIO, clock div:1
2026-09-19T17:56:58Z,load:0x3fce3808,len:0x4bc
2026-09-19T17:56:58Z,load:0x403c9700,len:0xbd8
2026-09-19T17:56:58Z,load:0x403cc700,len:0x2a0c
2026-09-19T17:56:58Z,entry 0x403c98d0
2026-09-19T17:56:58Z,LRAN chan-capture - listen-only channel sampler, never transmits (35c8471)
2026-09-19T17:56:59Z,Board: heltec_wifi_lora_32_V3
2026-09-19T17:56:59Z,MAC: 44:1b:f6:f9:70:14
2026-09-19T17:56:59Z,capture: sampling 917400000 Hz (default)
2026-09-19T17:56:59Z,PHY: 917.4 MHz, SF9, BW 125 kHz, CR 4/5, receive only
2026-09-19T17:56:59Z,CHAN-BOOT,35c8471,917400000,9,1250,1000,-1100,10
2026-09-19T17:56:59Z,radio: up, receiving
2026-09-19T17:57:09Z,CHANSUM,0,9,10,10000,999,1,0,0,0,0,-1130,-1160,-1160,-1160
2026-09-19T17:57:46Z,CHAN,46,46186,1000,100,0,5,0,-1040,-1160,-1143
2026-09-19T17:58:09Z,CHANSUM,10,69,60,60000,6000,0,5,0,1,0,-1040,-1160,-1150,-1159
2026-09-19T17:58:47Z,CHAN,107,107186,1000,100,0,1,0,-660,-1160,-1141
2026-09-19T17:59:09Z,CHANSUM,70,129,60,60000,6000,0,1,0,1,0,-660,-1160,-1150,-1159
2026-09-19T17:59:56Z,CHAN,176,176186,1000,100,0,4,0,-940,-1160,-1138
2026-09-19T18:00:09Z,CHANSUM,130,189,60,60000,6000,0,4,0,1,0,-940,-1160,-1150,-1159
2026-09-19T18:00:57Z,CHAN,237,237186,1000,100,0,1,0,-670,-1160,-1143
2026-09-19T18:00:59Z,CHAN,239,239186,1000,100,0,5,0,-990,-1160,-1140
2026-09-19T18:01:09Z,CHANSUM,190,249,60,60000,6000,0,6,0,2,0,-670,-1160,-1150,-1159
2026-09-19T18:02:09Z,CHANSUM,250,309,60,60000,6000,0,0,0,0,0,-1130,-1160,-1150,-1159
2026-09-19T18:03:09Z,CHANSUM,310,369,60,60000,6000,0,0,0,0,0,-1130,-1160,-1150,-1159
2026-09-19T18:04:09Z,CHANSUM,370,429,60,60000,6000,0,0,0,0,0,-1110,-1160,-1150,-1159
2026-09-19T18:05:09Z,CHANSUM,430,489,60,60000,6000,0,0,0,0,0,-1120,-1160,-1150,-1159
2026-09-19T18:05:19Z,CHAN,499,499186,1000,100,0,1,0,-670,-1160,-1142
2026-09-19T18:06:09Z,CHANSUM,490,549,60,60000,6000,0,1,0,1,0,-670,-1170,-1150,-1159
2026-09-19T18:07:09Z,CHANSUM,550,609,60,60000,6000,0,0,0,0,0,-1120,-1160,-1150,-1159
2026-09-19T18:07:29Z,CHAN,629,629186,1000,100,0,1,0,-660,-1160,-1142
2026-09-19T18:08:03Z,CHAN,663,663186,1000,100,0,2,0,-1090,-1160,-1145
2026-09-19T18:08:09Z,CHANSUM,610,669,60,60000,6000,0,3,0,2,0,-660,-1160,-1150,-1159
2026-09-19T18:09:03Z,CHAN,723,723186,1000,100,0,8,0,-960,-1160,-1137
2026-09-19T18:09:09Z,CHANSUM,670,729,60,60000,6000,0,8,0,1,0,-960,-1170,-1150,-1160
2026-09-19T18:10:09Z,CHANSUM,730,789,60,60000,6000,0,0,0,0,0,-1120,-1160,-1150,-1159
2026-09-19T18:11:09Z,CHANSUM,790,849,60,60000,6000,0,0,0,0,0,-1130,-1160,-1150,-1159
2026-09-19T18:11:51Z,CHAN,891,891186,1000,100,0,1,0,-670,-1160,-1142
2026-09-19T18:12:09Z,CHANSUM,850,909,60,60000,6000,0,1,0,1,0,-670,-1170,-1150,-1159
2026-09-19T18:12:42Z,CHAN,942,942186,1000,100,0,2,0,-1090,-1170,-1146
2026-09-19T18:12:57Z,CHAN,957,957186,1000,100,0,2,0,-1050,-1160,-1146
2026-09-19T18:12:58Z,CHAN,958,958186,1000,100,0,1,0,-1030,-1160,-1144
2026-09-19T18:12:59Z,CHAN,959,959186,1000,100,0,2,0,-1080,-1160,-1145
2026-09-19T18:13:02Z,CHAN,962,962186,1000,100,0,36,0,-940,-1160,-1084
2026-09-19T18:13:03Z,CHAN,963,963186,1000,100,0,65,0,-940,-1150,-1039
2026-09-19T18:13:04Z,CHAN,964,964186,1000,100,0,11,0,-940,-1160,-1127
2026-09-19T18:13:05Z,CHAN,965,965186,1000,100,0,1,0,-1080,-1160,-1146
2026-09-19T18:13:09Z,CHAN,969,969186,1000,100,0,1,0,-1100,-1160,-1146
2026-09-19T18:13:09Z,CHANSUM,910,969,60,60000,6000,0,121,0,9,0,-940,-1170,-1150,-1159
2026-09-19T18:13:12Z,CHAN,972,972186,1000,100,0,3,0,-1090,-1160,-1146
2026-09-19T18:13:13Z,CHAN,973,973186,1000,100,0,5,0,-1100,-1160,-1144
2026-09-19T18:13:19Z,CHAN,979,979186,1000,100,0,1,0,-1100,-1160,-1145
2026-09-19T18:13:20Z,CHAN,980,980186,1000,100,0,2,0,-1080,-1160,-1145
2026-09-19T18:13:37Z,CHAN,997,997186,1000,100,0,1,0,-1080,-1160,-1145
2026-09-19T18:13:39Z,CHAN,999,999186,1000,100,0,1,0,-1080,-1160,-1146
2026-09-19T18:13:47Z,CHAN,1007,1007186,1000,100,0,4,0,-1070,-1160,-1145
2026-09-19T18:14:02Z,CHAN,1022,1022186,1000,100,0,1,0,-670,-1160,-1141
2026-09-19T18:14:08Z,CHAN,1028,1028186,1000,100,0,52,0,-940,-1150,-1048
2026-09-19T18:14:09Z,CHAN,1029,1029186,1000,100,0,12,0,-940,-1160,-1124
2026-09-19T18:14:09Z,CHANSUM,970,1029,60,60000,6000,0,82,0,10,0,-670,-1170,-1150,-1159
2026-09-19T18:14:12Z,CHAN,1032,1032186,1000,100,0,1,0,-1100,-1160,-1146
2026-09-19T18:14:13Z,CHAN,1033,1033186,1000,100,0,2,0,-1100,-1160,-1146
2026-09-19T18:15:07Z,CHAN,1087,1087186,1000,100,0,1,0,-1100,-1160,-1147
2026-09-19T18:15:09Z,CHANSUM,1030,1089,60,60000,6000,0,4,0,3,0,-1100,-1170,-1150,-1160
2026-09-19T18:15:17Z,CHAN,1097,1097186,1000,100,0,1,0,-1100,-1160,-1147
2026-09-19T18:16:09Z,CHANSUM,1090,1149,60,60000,6000,0,1,0,1,0,-1100,-1170,-1150,-1159
2026-09-19T18:16:12Z,CHAN,1152,1152186,1000,100,0,1,0,-1080,-1160,-1146
2026-09-19T18:16:49Z,CHAN,1189,1189186,1000,100,0,22,0,-940,-1160,-1105
2026-09-19T18:16:50Z,CHAN,1190,1190186,1000,100,0,32,0,-950,-1160,-1091
2026-09-19T18:17:09Z,CHAN,1209,1209186,1000,100,0,22,0,-950,-1160,-1106
2026-09-19T18:17:09Z,CHANSUM,1150,1209,60,60000,6000,0,77,0,4,0,-940,-1170,-1150,-1159
2026-09-19T18:17:10Z,CHAN,1210,1210186,1000,100,0,45,0,-950,-1150,-1066
2026-09-19T18:17:11Z,CHAN,1211,1211186,1000,100,0,19,0,-940,-1160,-1111
2026-09-19T18:17:16Z,CHAN,1216,1216186,1000,100,0,1,0,-1060,-1160,-1146
2026-09-19T18:18:03Z,CHAN,1263,1263186,1000,100,0,28,0,-940,-1160,-1116
2026-09-19T18:18:09Z,CHANSUM,1210,1269,60,60000,6000,0,93,0,4,0,-940,-1160,-1150,-1159
2026-09-19T18:18:23Z,CHAN,1283,1283186,1000,100,0,1,0,-670,-1150,-1142
2026-09-19T18:19:00Z,CHAN,1320,1320186,1000,100,0,1,0,-1100,-1160,-1145
2026-09-19T18:19:09Z,CHAN,1329,1329186,1000,100,0,8,0,-960,-1160,-1131
2026-09-19T18:19:09Z,CHANSUM,1270,1329,60,60000,6000,0,10,0,3,0,-670,-1160,-1150,-1159
2026-09-19T18:19:35Z,CHAN,1355,1355186,1000,100,0,5,0,-670,-1160,-1136
2026-09-19T18:20:09Z,CHANSUM,1330,1389,60,60000,6000,0,5,0,1,0,-670,-1160,-1150,-1159
2026-09-19T18:20:34Z,CHAN,1414,1414186,1000,100,0,1,0,-680,-1160,-1142
2026-09-19T18:20:53Z,CHAN,1433,1433186,1000,100,0,2,0,-1100,-1160,-1145
2026-09-19T18:21:02Z,CHAN,1442,1442186,1000,100,0,4,0,-1000,-1160,-1141
2026-09-19T18:21:09Z,CHANSUM,1390,1449,60,60000,6000,0,7,0,3,0,-680,-1160,-1150,-1159
2026-09-19T18:21:12Z,CHAN,1452,1452186,1000,100,0,45,0,-940,-1150,-1074
2026-09-19T18:21:13Z,CHAN,1453,1453186,1000,100,0,27,0,-950,-1160,-1100
2026-09-19T18:21:18Z,CHAN,1458,1458186,1000,100,0,3,0,-1060,-1160,-1145
2026-09-19T18:21:27Z,CHAN,1467,1467186,1000,100,0,1,0,-1100,-1160,-1142
2026-09-19T18:21:37Z,CHAN,1477,1477186,1000,100,0,3,0,-1040,-1160,-1143
2026-09-19T18:22:09Z,CHANSUM,1450,1509,60,60000,6000,0,79,0,5,0,-940,-1160,-1150,-1159
2026-09-19T18:22:26Z,CHAN,1526,1526186,1000,100,0,2,0,-960,-1160,-1144
2026-09-19T18:22:44Z,CHAN,1544,1544186,1000,100,0,2,0,-830,-1160,-1142
2026-09-19T18:23:05Z,CHAN,1565,1565186,1000,100,0,2,0,-1100,-1160,-1146
2026-09-19T18:23:09Z,CHANSUM,1510,1569,60,60000,6000,0,6,0,3,0,-830,-1160,-1150,-1159
2026-09-19T18:23:50Z,CHAN,1610,1610186,1000,100,0,1,0,-1100,-1160,-1147
2026-09-19T18:23:51Z,CHAN,1611,1611186,1000,100,0,2,0,-1100,-1160,-1146
2026-09-19T18:24:05Z,CHAN,1625,1625186,1000,100,0,2,0,-1100,-1160,-1146
2026-09-19T18:24:09Z,CHANSUM,1570,1629,60,60000,6000,0,5,0,3,0,-1100,-1160,-1150,-1159
2026-09-19T18:24:15Z,CHAN,1635,1635186,1000,100,0,3,0,-970,-1170,-1142
2026-09-19T18:24:37Z,CHAN,1657,1657186,1000,100,0,3,0,-1060,-1160,-1145
2026-09-19T18:24:55Z,CHAN,1675,1675186,1000,100,0,1,0,-680,-1160,-1143
2026-09-19T18:25:09Z,CHANSUM,1630,1689,60,60000,6000,0,7,0,3,0,-680,-1170,-1150,-1159
2026-09-19T18:25:45Z,CHAN,1725,1725186,1000,100,0,5,0,-960,-1160,-1140
2026-09-19T18:26:09Z,CHANSUM,1690,1749,60,60000,6000,0,5,0,1,0,-960,-1170,-1150,-1159
2026-09-19T18:26:57Z,CHAN,1797,1797186,1000,100,0,62,0,-930,-1160,-1045
2026-09-19T18:26:58Z,CHAN,1798,1798186,1000,100,0,44,0,-930,-1160,-1064
2026-09-19T18:26:59Z,CHAN,1799,1799186,1000,100,0,49,0,-940,-1160,-1070
2026-09-19T18:27:00Z,CHAN,1800,1800186,1000,100,0,57,0,-940,-1160,-1041
2026-09-19T18:27:02Z,CHAN,1802,1802186,1000,100,0,58,0,-930,-1160,-1056
2026-09-19T18:27:03Z,CHAN,1803,1803186,1000,100,0,49,0,-940,-1160,-1055
2026-09-19T18:27:06Z,CHAN,1806,1806186,1000,100,0,1,0,-680,-1160,-1142
2026-09-19T18:27:09Z,CHANSUM,1750,1809,60,60000,6000,0,320,0,7,0,-680,-1160,-1150,-1159
2026-09-19T18:27:49Z,CHAN,1849,1849186,1000,100,0,5,0,-1060,-1160,-1143
2026-09-19T18:27:56Z,CHAN,1856,1856186,1000,100,0,34,0,-910,-1160,-1090
2026-09-19T18:27:57Z,CHAN,1857,1857186,1000,100,0,69,0,-910,-1150,-1022
2026-09-19T18:27:58Z,CHAN,1858,1858186,1000,100,0,3,0,-930,-1160,-1141
2026-09-19T18:28:09Z,CHANSUM,1810,1869,60,60000,6000,0,111,0,4,0,-910,-1160,-1150,-1159
2026-09-19T18:29:09Z,CHANSUM,1870,1929,60,60000,6000,0,0,0,0,0,-1130,-1160,-1150,-1159
2026-09-19T18:29:16Z,CHAN,1936,1936186,1000,100,0,1,0,-1070,-1160,-1146
2026-09-19T18:29:28Z,CHAN,1948,1948186,1000,100,0,5,0,-710,-1160,-1127
2026-09-19T18:30:09Z,CHANSUM,1930,1989,60,60000,6000,0,6,0,2,0,-710,-1160,-1150,-1159
2026-09-19T18:31:00Z,CHAN,2040,2040186,1000,100,0,1,0,-1100,-1160,-1145
2026-09-19T18:31:09Z,CHANSUM,1990,2049,60,60000,6000,0,1,0,1,0,-1100,-1160,-1160,-1160
2026-09-19T18:31:27Z,CHAN,2067,2067186,1000,100,0,1,0,-670,-1160,-1143
2026-09-19T18:32:09Z,CHANSUM,2050,2109,60,60000,6000,0,1,0,1,0,-670,-1160,-1150,-1159
2026-09-19T18:32:34Z,CHAN,2134,2134186,1000,100,0,2,0,-1100,-1150,-1145
2026-09-19T18:33:09Z,CHANSUM,2110,2169,60,60000,6000,0,2,0,1,0,-1100,-1160,-1150,-1159
2026-09-19T18:33:10Z,CHAN,2170,2170186,1000,100,0,4,0,-960,-1160,-1140
2026-09-19T18:33:38Z,CHAN,2198,2198186,1000,100,0,4,0,-670,-1160,-1140
2026-09-19T18:33:56Z,CHAN,2216,2216186,1000,100,0,1,0,-1100,-1160,-1144
2026-09-19T18:34:04Z,CHAN,2224,2224186,1000,100,0,4,0,-1070,-1160,-1144
2026-09-19T18:34:09Z,CHANSUM,2170,2229,60,60000,6000,0,13,0,4,0,-670,-1160,-1150,-1159
2026-09-19T18:34:20Z,CHAN,2240,2240186,1000,100,0,3,0,-1100,-1160,-1146
2026-09-19T18:35:09Z,CHANSUM,2230,2289,60,60000,6000,0,3,0,1,0,-1100,-1160,-1150,-1159
2026-09-19T18:35:10Z,CHAN,2290,2290186,1000,100,0,5,0,-1060,-1160,-1143
2026-09-19T18:35:42Z,CHAN,2322,2322186,1000,100,0,3,0,-1100,-1160,-1145
2026-09-19T18:35:48Z,CHAN,2328,2328186,1000,100,0,1,0,-990,-1150,-1145
2026-09-19T18:36:09Z,CHANSUM,2290,2349,60,60000,6000,0,9,0,3,0,-990,-1160,-1150,-1159
2026-09-19T18:37:09Z,CHANSUM,2350,2409,60,60000,6000,0,0,0,0,0,-1130,-1160,-1150,-1159
2026-09-19T18:37:59Z,CHAN,2459,2459186,1000,100,0,1,0,-650,-1160,-1142
2026-09-19T18:38:09Z,CHANSUM,2410,2469,60,60000,6000,0,1,0,1,0,-650,-1160,-1150,-1159
2026-09-19T18:38:28Z,CHAN,2488,2488186,1000,100,0,4,0,-960,-1160,-1139
2026-09-19T18:39:09Z,CHANSUM,2470,2529,60,60000,6000,0,4,0,1,0,-960,-1160,-1150,-1159
2026-09-19T18:39:44Z,CHAN,2564,2564186,1000,100,0,3,0,-980,-1160,-1142
2026-09-19T18:40:09Z,CHANSUM,2530,2589,60,60000,6000,0,3,0,1,0,-980,-1160,-1150,-1159
2026-09-19T18:40:10Z,CHAN,2590,2590186,1000,100,0,1,0,-710,-1160,-1142
2026-09-19T18:41:09Z,CHANSUM,2590,2649,60,60000,6000,0,1,0,1,0,-710,-1160,-1150,-1159
2026-09-19T18:42:09Z,CHANSUM,2650,2709,60,60000,6000,0,0,0,0,0,-1130,-1160,-1150,-1159
2026-09-19T18:42:20Z,CHAN,2720,2720186,1000,100,0,1,0,-760,-1160,-1142
2026-09-19T18:43:06Z,CHAN,2766,2766186,1000,100,0,5,0,-940,-1160,-1137
2026-09-19T18:43:09Z,CHANSUM,2710,2769,60,60000,6000,0,6,0,2,0,-760,-1160,-1150,-1159
2026-09-19T18:44:09Z,CHANSUM,2770,2829,60,60000,6000,0,0,0,0,0,-1130,-1160,-1150,-1159
2026-09-19T18:44:31Z,CHAN,2851,2851186,1000,100,0,1,0,-670,-1160,-1142
2026-09-19T18:44:40Z,CHAN,2860,2860186,1000,100,0,5,0,-700,-1160,-1128
2026-09-19T18:45:09Z,CHANSUM,2830,2889,60,60000,6000,0,6,0,2,0,-670,-1160,-1150,-1159
2026-09-19T18:45:15Z,CHAN,2895,2895186,1000,100,0,4,0,-1090,-1160,-1145
2026-09-19T18:45:29Z,CHAN,2909,2909186,1000,100,0,1,0,-1040,-1160,-1146
2026-09-19T18:46:09Z,CHANSUM,2890,2949,60,60000,6000,0,5,0,2,0,-1040,-1160,-1150,-1159
2026-09-19T18:46:24Z,CHAN,2964,2964186,1000,100,0,4,0,-890,-1160,-1137
2026-09-19T18:46:42Z,CHAN,2982,2982186,1000,100,0,1,0,-670,-1160,-1142
2026-09-19T18:47:09Z,CHANSUM,2950,3009,60,60000,6000,0,5,0,2,0,-670,-1160,-1150,-1159
2026-09-19T18:47:42Z,CHAN,3042,3042186,1000,100,0,1,0,-1070,-1160,-1146
2026-09-19T18:48:04Z,CHAN,3064,3064186,1000,100,0,5,0,-1050,-1160,-1143
2026-09-19T18:48:09Z,CHANSUM,3010,3069,60,60000,6000,0,6,0,2,0,-1050,-1160,-1160,-1160
2026-09-19T18:48:53Z,CHAN,3113,3113186,1000,100,0,1,0,-690,-1160,-1142
2026-09-19T18:49:09Z,CHANSUM,3070,3129,60,60000,6000,0,1,0,1,0,-690,-1160,-1150,-1159
2026-09-19T18:50:09Z,CHANSUM,3130,3189,60,60000,6000,0,0,0,0,0,-1120,-1160,-1150,-1159
2026-09-19T18:50:18Z,CHAN,3198,3198186,1000,100,0,4,0,-960,-1160,-1139
2026-09-19T18:51:03Z,CHAN,3243,3243186,1000,100,0,1,0,-660,-1160,-1142
2026-09-19T18:51:09Z,CHANSUM,3190,3249,60,60000,6000,0,5,0,2,0,-660,-1160,-1150,-1159
2026-09-19T18:51:36Z,CHAN,3276,3276186,1000,100,0,5,0,-1000,-1160,-1141
2026-09-19T18:52:09Z,CHANSUM,3250,3309,60,60000,6000,0,5,0,1,0,-1000,-1160,-1160,-1160
2026-09-19T18:53:09Z,CHANSUM,3310,3369,60,60000,6000,0,0,0,0,0,-1130,-1160,-1150,-1159
2026-09-19T18:53:14Z,CHAN,3374,3374186,1000,100,0,1,0,-670,-1160,-1143
2026-09-19T18:53:24Z,CHAN,3384,3384186,1000,100,0,1,0,-1100,-1160,-1145
2026-09-19T18:54:09Z,CHANSUM,3370,3429,60,60000,6000,0,2,0,2,0,-670,-1160,-1150,-1159
2026-09-19T18:55:09Z,CHANSUM,3430,3489,60,60000,6000,0,0,0,0,0,-1130,-1160,-1150,-1159
2026-09-19T18:55:25Z,CHAN,3505,3505186,1000,100,0,2,0,-670,-1160,-1141
2026-09-19T18:56:08Z,CHAN,3548,3548186,1000,100,0,3,0,-940,-1160,-1141
2026-09-19T18:56:09Z,CHANSUM,3490,3549,60,60000,6000,0,5,0,2,0,-670,-1160,-1150,-1159
2026-09-19T18:57:09Z,CHANSUM,3550,3609,60,60000,6000,0,0,0,0,0,-1110,-1160,-1150,-1159
2026-09-19T18:57:23Z,CHAN,3623,3623186,1000,100,0,4,0,-700,-1160,-1132
2026-09-19T18:57:35Z,CHAN,3635,3635186,1000,100,0,1,0,-670,-1160,-1142
2026-09-19T18:58:09Z,CHANSUM,3610,3669,60,60000,6000,0,5,0,2,0,-670,-1160,-1150,-1159
2026-09-19T18:58:13Z,CHAN,3673,3673186,1000,100,0,3,0,-970,-1150,-1142
2026-09-19T18:58:30Z,CHAN,3690,3690186,1000,100,0,5,0,-1040,-1160,-1142
2026-09-19T18:58:45Z,CHAN,3705,3705186,1000,100,0,2,0,-1100,-1160,-1145
2026-09-19T18:59:09Z,CHANSUM,3670,3729,60,60000,6000,0,10,0,3,0,-970,-1160,-1150,-1159
2026-09-19T18:59:46Z,CHAN,3766,3766186,1000,100,0,1,0,-660,-1160,-1142
2026-09-19T18:59:49Z,CHAN,3769,3769186,1000,100,0,2,0,-1100,-1160,-1147
2026-09-19T18:59:50Z,CHAN,3770,3770186,1000,100,0,2,0,-1090,-1160,-1146
2026-09-19T19:00:03Z,CHAN,3783,3783186,1000,100,0,3,0,-1050,-1160,-1145
2026-09-19T19:00:09Z,CHANSUM,3730,3789,60,60000,6000,0,8,0,4,0,-660,-1160,-1160,-1160
2026-09-19T19:01:09Z,CHANSUM,3790,3849,60,60000,6000,0,0,0,0,0,-1120,-1160,-1150,-1159
2026-09-19T19:01:30Z,CHAN,3870,3870186,1000,100,0,1,0,-1100,-1160,-1144
2026-09-19T19:02:09Z,CHANSUM,3850,3909,60,60000,6000,0,1,0,1,0,-1100,-1160,-1150,-1159
2026-09-19T19:03:09Z,CHANSUM,3910,3969,60,60000,6000,0,0,0,0,0,-1120,-1160,-1150,-1159
2026-09-19T19:03:21Z,CHAN,3981,3981186,1000,100,0,5,0,-940,-1160,-1138
2026-09-19T19:03:44Z,CHAN,4004,4004186,1000,100,0,1,0,-990,-1160,-1146
2026-09-19T19:03:45Z,CHAN,4005,4005186,1000,100,0,2,0,-970,-1160,-1143
2026-09-19T19:04:05Z,CHAN,4025,4025186,1000,100,0,4,0,-1090,-1160,-1143
2026-09-19T19:04:07Z,CHAN,4027,4027186,1000,100,0,1,0,-660,-1160,-1142
2026-09-19T19:04:09Z,CHANSUM,3970,4029,60,60000,6000,0,13,0,5,0,-660,-1160,-1150,-1159
2026-09-19T19:04:30Z,CHAN,4050,4050186,1000,100,0,2,0,-1000,-1160,-1145
2026-09-19T19:05:09Z,CHANSUM,4030,4089,60,60000,6000,0,2,0,1,0,-1000,-1160,-1160,-1160
2026-09-19T19:05:34Z,CHAN,4114,4114186,1000,100,0,3,0,-1050,-1160,-1144
2026-09-19T19:05:35Z,CHAN,4115,4115186,1000,100,0,1,0,-1060,-1160,-1147
2026-09-19T19:05:59Z,CHAN,4139,4139186,1000,100,0,4,0,-1050,-1160,-1144
2026-09-19T19:06:09Z,CHANSUM,4090,4149,60,60000,6000,0,8,0,3,0,-1050,-1170,-1150,-1159
2026-09-19T19:06:14Z,CHAN,4154,4154186,1000,100,0,9,0,-950,-1160,-1129
2026-09-19T19:06:18Z,CHAN,4158,4158186,1000,100,0,1,0,-660,-1160,-1141
2026-09-19T19:06:41Z,CHAN,4181,4181186,1000,100,0,5,0,-710,-1160,-1130
2026-09-19T19:07:09Z,CHANSUM,4150,4209,60,60000,6000,0,15,0,3,0,-660,-1160,-1150,-1159
2026-09-19T19:07:17Z,CHAN,4217,4217186,1000,100,0,4,0,-1090,-1160,-1145
2026-09-19T19:07:33Z,CHAN,4233,4233186,1000,100,0,3,0,-1000,-1160,-1143
2026-09-19T19:07:39Z,CHAN,4239,4239186,1000,100,0,4,0,-890,-1160,-1137
2026-09-19T19:08:09Z,CHANSUM,4210,4269,60,60000,6000,0,11,0,3,0,-890,-1170,-1150,-1159
2026-09-19T19:08:20Z,CHAN,4280,4280186,1000,100,0,3,0,-1040,-1160,-1145
2026-09-19T19:08:24Z,CHAN,4284,4284186,1000,100,0,3,0,-890,-1160,-1140
2026-09-19T19:08:26Z,CHAN,4286,4286186,1000,100,0,5,0,-720,-1160,-1133
2026-09-19T19:09:09Z,CHANSUM,4270,4329,60,60000,6000,0,11,0,3,0,-720,-1160,-1150,-1159
2026-09-19T19:09:31Z,CHAN,4351,4351186,1000,100,0,1,0,-1100,-1160,-1147
2026-09-19T19:09:32Z,CHAN,4352,4352186,1000,100,0,2,0,-1090,-1150,-1145
2026-09-19T19:10:09Z,CHANSUM,4330,4389,60,60000,6000,0,3,0,2,0,-1090,-1160,-1150,-1159
2026-09-19T19:10:17Z,CHAN,4397,4397186,1000,100,0,5,0,-980,-1150,-1138
2026-09-19T19:10:32Z,CHAN,4412,4412186,1000,100,0,2,0,-1080,-1160,-1145
2026-09-19T19:10:39Z,CHAN,4419,4419186,1000,100,0,1,0,-670,-1160,-1142
2026-09-19T19:11:09Z,CHANSUM,4390,4449,60,60000,6000,0,8,0,3,0,-670,-1160,-1150,-1159
2026-09-19T19:11:16Z,CHAN,4456,4456186,1000,100,0,1,0,-1100,-1160,-1146
2026-09-19T19:12:06Z,CHAN,4506,4506186,1000,100,0,1,0,-1100,-1160,-1146
2026-09-19T19:12:09Z,CHANSUM,4450,4509,60,60000,6000,0,2,0,2,0,-1100,-1160,-1150,-1159
2026-09-19T19:12:18Z,CHAN,4518,4518186,1000,100,0,3,0,-1000,-1160,-1143
2026-09-19T19:12:50Z,CHAN,4550,4550186,1000,100,0,1,0,-670,-1160,-1143
2026-09-19T19:13:09Z,CHANSUM,4510,4569,60,60000,6000,0,4,0,2,0,-670,-1160,-1150,-1159
2026-09-19T19:13:33Z,CHAN,4593,4593186,1000,100,0,3,0,-1090,-1160,-1145
2026-09-19T19:14:01Z,CHAN,4621,4621186,1000,100,0,6,0,-720,-1160,-1125
2026-09-19T19:14:09Z,CHANSUM,4570,4629,60,60000,6000,0,9,0,2,0,-720,-1160,-1150,-1159
2026-09-19T19:14:21Z,CHAN,4641,4641186,1000,100,0,3,0,-1050,-1160,-1145
2026-09-19T19:14:22Z,CHAN,4642,4642186,1000,100,0,5,0,-980,-1160,-1139
2026-09-19T19:15:09Z,CHANSUM,4630,4689,60,60000,6000,0,8,0,2,0,-980,-1160,-1150,-1159
2026-09-19T19:16:09Z,CHANSUM,4690,4749,60,60000,6000,0,0,0,0,0,-1130,-1160,-1150,-1159
2026-09-19T19:16:18Z,CHAN,4758,4758186,1000,100,0,2,0,-1100,-1160,-1144
2026-09-19T19:17:09Z,CHANSUM,4750,4809,60,60000,6000,0,2,0,1,0,-1100,-1160,-1150,-1159
2026-09-19T19:17:11Z,CHAN,4811,4811186,1000,100,0,1,0,-650,-1160,-1141
2026-09-19T19:18:09Z,CHANSUM,4810,4869,60,60000,6000,0,1,0,1,0,-650,-1160,-1150,-1159
2026-09-19T19:19:09Z,CHANSUM,4870,4929,60,60000,6000,0,0,0,0,0,-1130,-1160,-1150,-1159
2026-09-19T19:19:22Z,CHAN,4942,4942186,1000,100,0,1,0,-670,-1160,-1142
2026-09-19T19:20:09Z,CHANSUM,4930,4989,60,60000,6000,0,1,0,1,0,-670,-1160,-1150,-1159
2026-09-19T19:21:08Z,CHAN,5048,5048186,1000,100,0,9,0,-950,-1160,-1129
2026-09-19T19:21:09Z,CHANSUM,4990,5049,60,60000,6000,0,9,0,1,0,-950,-1160,-1150,-1159
2026-09-19T19:21:32Z,CHAN,5072,5072186,1000,100,0,15,0,-980,-1160,-1130
2026-09-19T19:21:34Z,CHAN,5074,5074186,1000,100,0,4,0,-1050,-1160,-1144
2026-09-19T19:22:04Z,CHAN,5104,5104186,1000,100,0,5,0,-1100,-1160,-1143
2026-09-19T19:22:09Z,CHANSUM,5050,5109,60,60000,6000,0,24,0,3,0,-980,-1160,-1150,-1159
2026-09-19T19:22:40Z,CHAN,5140,5140186,1000,100,0,1,0,-1100,-1160,-1146
2026-09-19T19:22:47Z,CHAN,5147,5147186,1000,100,0,3,0,-1070,-1160,-1144
2026-09-19T19:22:59Z,CHAN,5159,5159186,1000,100,0,4,0,-1010,-1160,-1142
2026-09-19T19:23:09Z,CHANSUM,5110,5169,60,60000,6000,0,8,0,3,0,-1010,-1160,-1150,-1159
2026-09-19T19:23:13Z,CHAN,5173,5173186,1000,100,0,8,0,-1090,-1160,-1141
2026-09-19T19:23:22Z,CHAN,5182,5182186,1000,100,0,9,0,-950,-1160,-1130
2026-09-19T19:23:43Z,CHAN,5203,5203186,1000,100,0,1,0,-650,-1160,-1142
2026-09-19T19:24:09Z,CHANSUM,5170,5229,60,60000,6000,0,18,0,3,0,-650,-1160,-1150,-1159
2026-09-19T19:24:19Z,CHAN,5239,5239186,1000,100,0,5,0,-1000,-1160,-1140
2026-09-19T19:25:02Z,CHAN,5282,5282186,1000,100,0,1,0,-1040,-1160,-1145
2026-09-19T19:25:09Z,CHANSUM,5230,5289,60,60000,6000,0,6,0,2,0,-1000,-1160,-1150,-1159
2026-09-19T19:25:54Z,CHAN,5334,5334186,1000,100,0,1,0,-660,-1160,-1141
2026-09-19T19:26:09Z,CHANSUM,5290,5349,60,60000,6000,0,1,0,1,0,-660,-1160,-1150,-1159
2026-09-19T19:26:20Z,CHAN,5360,5360186,1000,100,0,4,0,-960,-1160,-1139
2026-09-19T19:26:48Z,CHAN,5388,5388186,1000,100,0,5,0,-1090,-1160,-1145
2026-09-19T19:27:09Z,CHANSUM,5350,5409,60,60000,6000,0,9,0,2,0,-960,-1160,-1150,-1159
2026-09-19T19:27:37Z,CHAN,5437,5437186,1000,100,0,4,0,-1070,-1160,-1144
2026-09-19T19:27:38Z,CHAN,5438,5438186,1000,100,0,1,0,-1070,-1160,-1146
2026-09-19T19:28:05Z,CHAN,5465,5465186,1000,100,0,1,0,-1100,-1160,-1146
2026-09-19T19:28:09Z,CHANSUM,5410,5469,60,60000,6000,0,6,0,3,0,-1070,-1160,-1150,-1159
2026-09-19T19:28:40Z,CHAN,5500,5500186,1000,100,0,5,0,-1050,-1160,-1142
2026-09-19T19:28:50Z,CHAN,5510,5510186,1000,100,0,2,0,-1100,-1160,-1145
2026-09-19T19:29:09Z,CHANSUM,5470,5529,60,60000,6000,0,7,0,2,0,-1050,-1160,-1150,-1159
2026-09-19T19:30:09Z,CHANSUM,5530,5589,60,60000,6000,0,0,0,0,0,-1130,-1160,-1160,-1160
2026-09-19T19:30:16Z,CHAN,5596,5596186,1000,100,0,2,0,-650,-1160,-1142
2026-09-19T19:31:09Z,CHANSUM,5590,5649,60,60000,6000,0,2,0,1,0,-650,-1160,-1150,-1159
2026-09-19T19:31:28Z,CHAN,5668,5668186,1000,100,0,6,0,-1050,-1160,-1142
2026-09-19T19:31:29Z,CHAN,5669,5669186,1000,100,0,6,0,-1090,-1160,-1144
2026-09-19T19:32:09Z,CHANSUM,5650,5709,60,60000,6000,0,12,0,2,0,-1050,-1160,-1150,-1159
2026-09-19T19:32:26Z,CHAN,5726,5726186,1000,100,0,1,0,-660,-1160,-1141
2026-09-19T19:33:09Z,CHANSUM,5710,5769,60,60000,6000,0,1,0,1,0,-660,-1160,-1150,-1159
2026-09-19T19:33:20Z,CHAN,5780,5780186,1000,100,0,4,0,-1000,-1160,-1142
2026-09-19T19:33:31Z,CHAN,5791,5791186,1000,100,0,8,0,-950,-1160,-1135
2026-09-19T19:34:09Z,CHANSUM,5770,5829,60,60000,6000,0,12,0,2,0,-950,-1160,-1150,-1159
2026-09-19T19:34:37Z,CHAN,5857,5857186,1000,100,0,1,0,-890,-1150,-1144
2026-09-19T19:35:09Z,CHANSUM,5830,5889,60,60000,6000,0,1,0,1,0,-890,-1160,-1150,-1159
2026-09-19T19:35:11Z,CHAN,5891,5891186,1000,100,0,5,0,-970,-1160,-1138
2026-09-19T19:35:33Z,CHAN,5913,5913186,1000,100,0,3,0,-1090,-1160,-1145
2026-09-19T19:36:09Z,CHANSUM,5890,5949,60,60000,6000,0,8,0,2,0,-970,-1160,-1150,-1159
2026-09-19T19:36:48Z,CHAN,5988,5988186,1000,100,0,1,0,-670,-1160,-1141
2026-09-19T19:37:03Z,CHAN,6003,6003186,1000,100,0,1,0,-1060,-1160,-1146
2026-09-19T19:37:09Z,CHANSUM,5950,6009,60,60000,6000,0,2,0,2,0,-670,-1170,-1150,-1159
2026-09-19T19:38:02Z,CHAN,6062,6062186,1000,100,0,2,0,-1090,-1160,-1146
2026-09-19T19:38:09Z,CHANSUM,6010,6069,60,60000,6000,0,2,0,1,0,-1090,-1160,-1150,-1159
2026-09-19T19:38:11Z,CHAN,6071,6071186,1000,100,0,2,0,-990,-1160,-1144
2026-09-19T19:38:31Z,CHAN,6091,6091186,1000,100,0,4,0,-1100,-1160,-1145
2026-09-19T19:38:47Z,CHAN,6107,6107186,1000,100,0,4,0,-960,-1160,-1140
2026-09-19T19:38:48Z,CHAN,6108,6108186,1000,100,0,5,0,-960,-1160,-1137
2026-09-19T19:38:58Z,CHAN,6118,6118186,1000,100,0,1,0,-670,-1160,-1142
2026-09-19T19:39:09Z,CHANSUM,6070,6129,60,60000,6000,0,16,0,5,0,-670,-1160,-1150,-1159
2026-09-19T19:40:03Z,CHAN,6183,6183186,1000,100,0,5,0,-1090,-1160,-1145
2026-09-19T19:40:09Z,CHANSUM,6130,6189,60,60000,6000,0,5,0,1,0,-1090,-1160,-1150,-1159
2026-09-19T19:41:09Z,CHAN,6249,6249186,1000,100,0,1,0,-740,-1160,-1143
2026-09-19T19:41:09Z,CHANSUM,6190,6249,60,60000,6000,0,1,0,1,0,-740,-1160,-1150,-1159
2026-09-19T19:42:09Z,CHANSUM,6250,6309,60,60000,6000,0,0,0,0,0,-1130,-1160,-1150,-1159
2026-09-19T19:42:12Z,CHAN,6312,6312186,1000,100,0,2,0,-950,-1160,-1144
2026-09-19T19:43:09Z,CHANSUM,6310,6369,60,60000,6000,0,2,0,1,0,-950,-1160,-1150,-1159
2026-09-19T19:43:20Z,CHAN,6380,6380186,1000,100,0,1,0,-670,-1160,-1142
2026-09-19T19:44:09Z,CHANSUM,6370,6429,60,60000,6000,0,1,0,1,0,-670,-1160,-1150,-1159
2026-09-19T19:45:09Z,CHANSUM,6430,6489,60,60000,6000,0,0,0,0,0,-1120,-1160,-1150,-1159
2026-09-19T19:45:30Z,CHAN,6510,6510186,1000,100,0,1,0,-680,-1160,-1143
2026-09-19T19:45:41Z,CHAN,6521,6521186,1000,100,0,4,0,-1080,-1160,-1143
2026-09-19T19:45:47Z,CHAN,6527,6527186,1000,100,0,8,0,-1090,-1160,-1142
2026-09-19T19:46:09Z,CHANSUM,6490,6549,60,60000,6000,0,13,0,3,0,-680,-1160,-1160,-1160
2026-09-19T19:46:19Z,CHAN,6559,6559186,1000,100,0,30,0,-930,-1160,-1097
2026-09-19T19:46:20Z,CHAN,6560,6560186,1000,100,0,70,0,-910,-1160,-1024
2026-09-19T19:46:21Z,CHAN,6561,6561186,1000,100,0,6,0,-920,-1160,-1135
2026-09-19T19:47:09Z,CHANSUM,6550,6609,60,60000,6000,0,106,0,3,0,-910,-1160,-1150,-1159
2026-09-19T19:47:19Z,CHAN,6619,6619186,1000,100,0,2,0,-1050,-1160,-1146
2026-09-19T19:47:22Z,CHAN,6622,6622186,1000,100,0,9,0,-950,-1160,-1130
2026-09-19T19:47:41Z,CHAN,6641,6641186,1000,100,0,1,0,-730,-1160,-1143
2026-09-19T19:48:09Z,CHANSUM,6610,6669,60,60000,6000,0,12,0,3,0,-730,-1160,-1150,-1159
2026-09-19T19:48:40Z,CHAN,6700,6700186,1000,100,0,21,0,-950,-1160,-1112
2026-09-19T19:48:41Z,CHAN,6701,6701186,1000,100,0,70,0,-940,-1160,-1042
2026-09-19T19:48:42Z,CHAN,6702,6702186,1000,100,0,16,0,-920,-1160,-1114
2026-09-19T19:49:09Z,CHANSUM,6670,6729,60,60000,6000,0,107,0,3,0,-920,-1160,-1150,-1159
2026-09-19T19:49:52Z,CHAN,6772,6772186,1000,100,0,1,0,-980,-1160,-1145
2026-09-19T19:50:09Z,CHANSUM,6730,6789,60,60000,6000,0,1,0,1,0,-980,-1160,-1150,-1159
2026-09-19T19:51:09Z,CHANSUM,6790,6849,60,60000,6000,0,0,0,0,0,-1130,-1160,-1150,-1159
2026-09-19T19:52:02Z,CHAN,6902,6902186,1000,100,0,1,0,-660,-1160,-1142
2026-09-19T19:52:09Z,CHANSUM,6850,6909,60,60000,6000,0,1,0,1,0,-660,-1160,-1150,-1159
2026-09-19T19:53:09Z,CHANSUM,6910,6969,60,60000,6000,0,0,0,0,0,-1130,-1160,-1150,-1159
2026-09-19T19:54:09Z,CHANSUM,6970,7029,60,60000,6000,0,0,0,0,0,-1130,-1160,-1160,-1160
2026-09-19T19:54:13Z,CHAN,7033,7033186,1000,100,0,1,0,-690,-1160,-1142
2026-09-19T19:55:09Z,CHANSUM,7030,7089,60,60000,6000,0,1,0,1,0,-690,-1160,-1150,-1159
2026-09-19T19:55:27Z,CHAN,7107,7107186,1000,100,0,5,0,-970,-1160,-1138
2026-09-19T19:56:09Z,CHANSUM,7090,7149,60,60000,6000,0,5,0,1,0,-970,-1170,-1150,-1159
2026-09-19T19:56:24Z,CHAN,7164,7164186,1000,100,0,1,0,-1090,-1160,-1147
2026-09-19T19:57:09Z,CHANSUM,7150,7209,60,60000,6000,0,1,0,1,0,-1090,-1160,-1150,-1159
2026-09-19T19:58:09Z,CHANSUM,7210,7269,60,60000,6000,0,0,0,0,0,-1120,-1160,-1150,-1159
2026-09-19T19:58:34Z,CHAN,7294,7294186,1000,100,0,1,0,-660,-1160,-1142
2026-09-19T19:59:09Z,CHANSUM,7270,7329,60,60000,6000,0,1,0,1,0,-660,-1160,-1160,-1160
2026-09-19T20:00:09Z,CHANSUM,7330,7389,60,60000,6000,0,0,0,0,0,-1120,-1160,-1150,-1159
2026-09-19T20:00:21Z,CHAN,7401,7401186,1000,100,0,2,0,-1090,-1160,-1145
2026-09-19T20:00:45Z,CHAN,7425,7425186,1000,100,0,1,0,-670,-1160,-1142
2026-09-19T20:01:09Z,CHANSUM,7390,7449,60,60000,6000,0,3,0,2,0,-670,-1160,-1150,-1159
2026-09-19T20:02:09Z,CHANSUM,7450,7509,60,60000,6000,0,0,0,0,0,-1130,-1160,-1150,-1159
2026-09-19T20:02:52Z,CHAN,7552,7552186,1000,100,0,4,0,-970,-1160,-1139
2026-09-19T20:02:56Z,CHAN,7556,7556186,1000,100,0,2,0,-1030,-1160,-1146
2026-09-19T20:03:09Z,CHANSUM,7510,7569,60,60000,6000,0,6,0,2,0,-970,-1160,-1150,-1159
2026-09-19T20:04:09Z,CHANSUM,7570,7629,60,60000,6000,0,0,0,0,0,-1120,-1160,-1150,-1159
2026-09-19T20:05:07Z,CHAN,7687,7687186,1000,100,0,1,0,-670,-1160,-1142
2026-09-19T20:05:09Z,CHANSUM,7630,7689,60,60000,6000,0,1,0,1,0,-670,-1160,-1150,-1159
2026-09-19T20:05:22Z,CHAN,7702,7702186,1000,100,0,4,0,-710,-1160,-1132
2026-09-19T20:05:44Z,CHAN,7724,7724186,1000,100,0,1,0,-1040,-1160,-1146
2026-09-19T20:05:45Z,CHAN,7725,7725186,1000,100,0,2,0,-1050,-1150,-1146
2026-09-19T20:05:56Z,CHAN,7736,7736186,1000,100,0,3,0,-1100,-1160,-1146
2026-09-19T20:06:01Z,CHAN,7741,7741186,1000,100,0,3,0,-1060,-1160,-1146
2026-09-19T20:06:09Z,CHANSUM,7690,7749,60,60000,6000,0,13,0,5,0,-710,-1160,-1150,-1159
2026-09-19T20:06:19Z,CHAN,7759,7759186,1000,100,0,4,0,-1090,-1160,-1144
2026-09-19T20:06:30Z,CHAN,7770,7770186,1000,100,0,4,0,-990,-1160,-1141
2026-09-19T20:06:54Z,CHAN,7794,7794186,1000,100,0,2,0,-1100,-1160,-1147
2026-09-19T20:07:09Z,CHANSUM,7750,7809,60,60000,6000,0,10,0,3,0,-990,-1160,-1150,-1159
2026-09-19T20:07:17Z,CHAN,7817,7817186,1000,100,0,1,0,-670,-1160,-1142
2026-09-19T20:08:09Z,CHANSUM,7810,7869,60,60000,6000,0,1,0,1,0,-670,-1160,-1150,-1159
2026-09-19T20:09:09Z,CHANSUM,7870,7929,60,60000,6000,0,0,0,0,0,-1110,-1160,-1150,-1159
2026-09-19T20:09:10Z,CHAN,7930,7930186,1000,100,0,5,0,-1040,-1160,-1143
2026-09-19T20:09:14Z,CHAN,7934,7934186,1000,100,0,1,0,-1100,-1160,-1146
2026-09-19T20:09:28Z,CHAN,7948,7948186,1000,100,0,1,0,-690,-1160,-1142
2026-09-19T20:09:32Z,CHAN,7952,7952186,1000,100,0,1,0,-1090,-1160,-1147
2026-09-19T20:10:08Z,CHAN,7988,7988186,1000,100,0,5,0,-970,-1160,-1139
2026-09-19T20:10:09Z,CHANSUM,7930,7989,60,60000,6000,0,13,0,5,0,-690,-1160,-1150,-1159
2026-09-19T20:11:09Z,CHANSUM,7990,8049,60,60000,6000,0,0,0,0,0,-1110,-1160,-1150,-1159
2026-09-19T20:11:39Z,CHAN,8079,8079186,1000,100,0,1,0,-680,-1160,-1143
2026-09-19T20:11:42Z,CHAN,8082,8082186,1000,100,0,1,0,-1100,-1160,-1147
2026-09-19T20:12:09Z,CHANSUM,8050,8109,60,60000,6000,0,2,0,2,0,-680,-1160,-1150,-1159
2026-09-19T20:13:09Z,CHANSUM,8110,8169,60,60000,6000,0,0,0,0,0,-1130,-1160,-1150,-1159
2026-09-19T20:13:49Z,CHAN,8209,8209186,1000,100,0,1,0,-700,-1160,-1143
2026-09-19T20:14:09Z,CHANSUM,8170,8229,60,60000,6000,0,1,0,1,0,-700,-1160,-1150,-1159
2026-09-19T20:14:10Z,CHAN,8230,8230186,1000,100,0,3,0,-1050,-1160,-1144
2026-09-19T20:14:11Z,CHAN,8231,8231186,1000,100,0,1,0,-1060,-1160,-1147
2026-09-19T20:15:09Z,CHANSUM,8230,8289,60,60000,6000,0,4,0,2,0,-1050,-1160,-1150,-1159
2026-09-19T20:16:00Z,CHAN,8340,8340186,1000,100,0,1,0,-670,-1160,-1143
2026-09-19T20:16:09Z,CHANSUM,8290,8349,60,60000,6000,0,1,0,1,0,-670,-1160,-1150,-1159
2026-09-19T20:17:09Z,CHANSUM,8350,8409,60,60000,6000,0,0,0,0,0,-1120,-1160,-1150,-1159
2026-09-19T20:17:52Z,CHAN,8452,8452186,1000,100,0,5,0,-890,-1160,-1137
2026-09-19T20:18:09Z,CHANSUM,8410,8469,60,60000,6000,0,5,0,1,0,-890,-1160,-1150,-1159
2026-09-19T20:18:11Z,CHAN,8471,8471186,1000,100,0,1,0,-700,-1160,-1143
2026-09-19T20:19:05Z,CHAN,8525,8525186,1000,100,0,3,0,-1080,-1160,-1145
2026-09-19T20:19:09Z,CHANSUM,8470,8529,60,60000,6000,0,4,0,2,0,-700,-1160,-1150,-1159
2026-09-19T20:20:09Z,CHANSUM,8530,8589,60,60000,6000,0,0,0,0,0,-1120,-1160,-1150,-1159
2026-09-19T20:21:09Z,CHANSUM,8590,8649,60,60000,6000,0,0,0,0,0,-1130,-1160,-1150,-1159
2026-09-19T20:22:09Z,CHANSUM,8650,8709,60,60000,6000,0,0,0,0,0,-1120,-1160,-1150,-1159
2026-09-19T20:22:32Z,CHAN,8732,8732186,1000,100,0,1,0,-670,-1160,-1142
2026-09-19T20:22:51Z,CHAN,8751,8751186,1000,100,0,5,0,-990,-1160,-1142
2026-09-19T20:23:09Z,CHANSUM,8710,8769,60,60000,6000,0,6,0,2,0,-670,-1160,-1150,-1159
2026-09-19T20:23:10Z,CHAN,8770,8770186,1000,100,0,4,0,-960,-1160,-1139
2026-09-19T20:23:57Z,CHAN,8817,8817186,1000,100,0,1,0,-1100,-1160,-1147
2026-09-19T20:24:09Z,CHANSUM,8770,8829,60,60000,6000,0,5,0,2,0,-960,-1160,-1150,-1159
2026-09-19T20:24:37Z,CHAN,8857,8857186,1000,100,0,4,0,-970,-1160,-1139
2026-09-19T20:24:40Z,CHAN,8860,8860186,1000,100,0,4,0,-1060,-1160,-1144
2026-09-19T20:24:43Z,CHAN,8863,8863186,1000,100,0,1,0,-680,-1160,-1142
2026-09-19T20:24:57Z,CHAN,8877,8877186,1000,100,0,3,0,-1090,-1160,-1146
2026-09-19T20:25:09Z,CHANSUM,8830,8889,60,60000,6000,0,12,0,4,0,-680,-1160,-1150,-1159
2026-09-19T20:25:28Z,CHAN,8908,8908186,1000,100,0,1,0,-1080,-1160,-1146
2026-09-19T20:25:46Z,CHAN,8926,8926186,1000,100,0,4,0,-970,-1160,-1141
2026-09-19T20:26:09Z,CHANSUM,8890,8949,60,60000,6000,0,5,0,2,0,-970,-1160,-1160,-1160
2026-09-19T20:26:37Z,CHAN,8977,8977186,1000,100,0,4,0,-1100,-1160,-1145
2026-09-19T20:26:53Z,CHAN,8993,8993186,1000,100,0,1,0,-960,-1160,-1146
2026-09-19T20:27:09Z,CHAN,9009,9009186,1000,100,0,4,0,-1080,-1160,-1144
2026-09-19T20:27:09Z,CHANSUM,8950,9009,60,60000,6000,0,9,0,3,0,-960,-1160,-1150,-1159
2026-09-19T20:27:17Z,CHAN,9017,9017186,1000,100,0,3,0,-1100,-1160,-1146
2026-09-19T20:27:27Z,CHAN,9027,9027186,1000,100,0,4,0,-1050,-1150,-1144
2026-09-19T20:28:09Z,CHANSUM,9010,9069,60,60000,6000,0,7,0,2,0,-1050,-1160,-1150,-1159
2026-09-19T20:28:27Z,CHAN,9087,9087186,1000,100,0,4,0,-1040,-1160,-1144
2026-09-19T20:28:31Z,CHAN,9091,9091186,1000,100,0,1,0,-1100,-1150,-1146
2026-09-19T20:28:34Z,CHAN,9094,9094186,1000,100,0,8,0,-970,-1160,-1138
2026-09-19T20:29:04Z,CHAN,9124,9124186,1000,100,0,1,0,-680,-1160,-1143
2026-09-19T20:29:09Z,CHANSUM,9070,9129,60,60000,6000,0,14,0,4,0,-680,-1160,-1150,-1159
2026-09-19T20:30:09Z,CHANSUM,9130,9189,60,60000,6000,0,0,0,0,0,-1120,-1160,-1150,-1159
2026-09-19T20:31:09Z,CHANSUM,9190,9249,60,60000,6000,0,0,0,0,0,-1120,-1160,-1150,-1159
2026-09-19T20:31:15Z,CHAN,9255,9255186,1000,100,0,1,0,-690,-1160,-1142
2026-09-19T20:31:16Z,CHAN,9256,9256186,1000,100,0,9,0,-960,-1160,-1131
2026-09-19T20:32:09Z,CHANSUM,9250,9309,60,60000,6000,0,10,0,2,0,-690,-1160,-1150,-1159
2026-09-19T20:33:09Z,CHANSUM,9310,9369,60,60000,6000,0,0,0,0,0,-1120,-1160,-1150,-1159
2026-09-19T20:33:25Z,CHAN,9385,9385186,1000,100,0,2,0,-690,-1160,-1142
2026-09-19T20:33:58Z,CHAN,9418,9418186,1000,100,0,1,0,-1100,-1150,-1145
2026-09-19T20:34:09Z,CHANSUM,9370,9429,60,60000,6000,0,3,0,2,0,-690,-1170,-1150,-1159
2026-09-19T20:35:09Z,CHANSUM,9430,9489,60,60000,6000,0,0,0,0,0,-1130,-1160,-1150,-1159
2026-09-19T20:35:36Z,CHAN,9516,9516186,1000,100,0,1,0,-710,-1160,-1143
2026-09-19T20:36:09Z,CHANSUM,9490,9549,60,60000,6000,0,1,0,1,0,-710,-1160,-1150,-1159
2026-09-19T20:36:48Z,CHAN,9588,9588186,1000,100,0,3,0,-1090,-1160,-1145
2026-09-19T20:37:09Z,CHANSUM,9550,9609,60,60000,6000,0,3,0,1,0,-1090,-1160,-1150,-1159
2026-09-19T20:38:06Z,CHAN,9666,9666186,1000,100,0,4,0,-1100,-1160,-1145
2026-09-19T20:38:09Z,CHANSUM,9610,9669,60,60000,6000,0,4,0,1,0,-1100,-1160,-1150,-1159
2026-09-19T20:39:09Z,CHANSUM,9670,9729,60,60000,6000,0,0,0,0,0,-1130,-1160,-1150,-1159
2026-09-19T20:39:58Z,CHAN,9778,9778186,1000,100,0,1,0,-670,-1160,-1142
2026-09-19T20:40:09Z,CHANSUM,9730,9789,60,60000,6000,0,1,0,1,0,-670,-1160,-1150,-1159
2026-09-19T20:40:18Z,CHAN,9798,9798186,1000,100,0,3,0,-1080,-1150,-1145
2026-09-19T20:40:19Z,CHAN,9799,9799186,1000,100,0,2,0,-1080,-1160,-1145
2026-09-19T20:41:09Z,CHANSUM,9790,9849,60,60000,6000,0,5,0,2,0,-1080,-1160,-1150,-1159
2026-09-19T20:41:43Z,CHAN,9883,9883186,1000,100,0,1,0,-1090,-1160,-1146
2026-09-19T20:41:46Z,CHAN,9886,9886186,1000,100,0,3,0,-1090,-1160,-1146
2026-09-19T20:42:07Z,CHAN,9907,9907186,1000,100,0,5,0,-980,-1160,-1140
2026-09-19T20:42:08Z,CHAN,9908,9908186,1000,100,0,1,0,-720,-1160,-1143
2026-09-19T20:42:09Z,CHANSUM,9850,9909,60,60000,6000,0,10,0,4,0,-720,-1160,-1150,-1159
2026-09-19T20:43:09Z,CHANSUM,9910,9969,60,60000,6000,0,0,0,0,0,-1130,-1160,-1150,-1159
2026-09-19T20:44:09Z,CHANSUM,9970,10029,60,60000,6000,0,0,0,0,0,-1130,-1160,-1150,-1159
2026-09-19T20:44:19Z,CHAN,10039,10039186,1000,100,0,1,0,-680,-1160,-1142
2026-09-19T20:44:57Z,CHAN,10077,10077186,1000,100,0,2,0,-1090,-1160,-1145
2026-09-19T20:45:09Z,CHANSUM,10030,10089,60,60000,6000,0,3,0,2,0,-680,-1160,-1150,-1159
2026-09-19T20:45:13Z,CHAN,10093,10093186,1000,100,0,4,0,-960,-1160,-1140
2026-09-19T20:45:16Z,CHAN,10096,10096186,1000,100,0,3,0,-990,-1160,-1143
2026-09-19T20:45:40Z,CHAN,10120,10120186,1000,100,0,5,0,-1090,-1160,-1142
2026-09-19T20:46:09Z,CHANSUM,10090,10149,60,60000,6000,0,12,0,3,0,-960,-1160,-1150,-1159
2026-09-19T20:46:25Z,CHAN,10165,10165186,1000,100,0,1,0,-960,-1160,-1146
2026-09-19T20:46:30Z,CHAN,10170,10170186,1000,100,0,1,0,-680,-1160,-1142
2026-09-19T20:46:52Z,CHAN,10192,10192186,1000,100,0,1,0,-1050,-1160,-1146
2026-09-19T20:47:09Z,CHANSUM,10150,10209,60,60000,6000,0,3,0,3,0,-680,-1160,-1160,-1160
2026-09-19T20:48:09Z,CHANSUM,10210,10269,60,60000,6000,0,0,0,0,0,-1130,-1160,-1150,-1159
2026-09-19T20:48:32Z,CHAN,10292,10292186,1000,100,0,4,0,-960,-1160,-1140
2026-09-19T20:48:40Z,CHAN,10300,10300186,1000,100,0,1,0,-1100,-1150,-1146
2026-09-19T20:49:09Z,CHANSUM,10270,10329,60,60000,6000,0,5,0,2,0,-960,-1160,-1150,-1159
2026-09-19T20:50:09Z,CHANSUM,10330,10389,60,60000,6000,0,0,0,0,0,-1120,-1160,-1160,-1160
2026-09-19T20:50:51Z,CHAN,10431,10431186,1000,100,0,1,0,-690,-1160,-1143
2026-09-19T20:51:08Z,CHAN,10448,10448186,1000,100,0,42,0,-940,-1160,-1075
2026-09-19T20:51:09Z,CHAN,10449,10449186,1000,100,0,29,0,-940,-1160,-1093
2026-09-19T20:51:09Z,CHANSUM,10390,10449,60,60000,6000,0,72,0,3,0,-690,-1160,-1150,-1159
2026-09-19T20:51:10Z,CHAN,10450,10450186,1000,100,0,44,0,-940,-1160,-1074
2026-09-19T20:51:17Z,CHAN,10457,10457186,1000,100,0,5,0,-1080,-1160,-1145
2026-09-19T20:51:39Z,CHAN,10479,10479186,1000,100,0,1,0,-1100,-1160,-1145
2026-09-19T20:51:59Z,CHAN,10499,10499186,1000,100,0,13,0,-940,-1160,-1122
2026-09-19T20:52:00Z,CHAN,10500,10500186,1000,100,0,24,0,-940,-1160,-1104
2026-09-19T20:52:01Z,CHAN,10501,10501186,1000,100,0,28,0,-940,-1160,-1093
2026-09-19T20:52:07Z,CHAN,10507,10507186,1000,100,0,27,0,-950,-1160,-1102
2026-09-19T20:52:08Z,CHAN,10508,10508186,1000,100,0,29,0,-950,-1160,-1105
2026-09-19T20:52:09Z,CHANSUM,10450,10509,60,60000,6000,0,171,0,8,0,-940,-1160,-1160,-1160
2026-09-19T20:52:41Z,CHAN,10541,10541186,1000,100,0,1,0,-1090,-1150,-1146
2026-09-19T20:52:42Z,CHAN,10542,10542186,1000,100,0,41,0,-940,-1160,-1096
2026-09-19T20:52:43Z,CHAN,10543,10543186,1000,100,0,14,0,-940,-1160,-1126
2026-09-19T20:52:54Z,CHAN,10554,10554186,1000,100,0,39,0,-940,-1160,-1076
2026-09-19T20:52:55Z,CHAN,10555,10555186,1000,100,0,26,0,-940,-1160,-1096
2026-09-19T20:53:00Z,CHAN,10560,10560186,1000,100,0,14,0,-940,-1160,-1120
2026-09-19T20:53:01Z,CHAN,10561,10561186,1000,100,0,37,0,-940,-1160,-1078
2026-09-19T20:53:02Z,CHAN,10562,10562186,1000,100,0,15,0,-690,-1160,-1117
2026-09-19T20:53:09Z,CHANSUM,10510,10569,60,60000,6000,0,187,0,8,0,-690,-1160,-1150,-1159
2026-09-19T20:53:34Z,CHAN,10594,10594186,1000,100,0,1,0,-1100,-1160,-1147
2026-09-19T20:54:04Z,CHAN,10624,10624186,1000,100,0,21,0,-940,-1160,-1108
2026-09-19T20:54:05Z,CHAN,10625,10625186,1000,100,0,47,0,-940,-1160,-1061
2026-09-19T20:54:09Z,CHANSUM,10570,10629,60,60000,6000,0,69,0,3,0,-940,-1160,-1150,-1159
2026-09-19T20:54:13Z,CHAN,10633,10633186,1000,100,0,27,0,-950,-1160,-1107
2026-09-19T20:54:14Z,CHAN,10634,10634186,1000,100,0,18,0,-940,-1160,-1113
2026-09-19T20:55:09Z,CHANSUM,10630,10689,60,60000,6000,0,45,0,2,0,-940,-1170,-1160,-1160
2026-09-19T20:55:12Z,CHAN,10692,10692186,1000,100,0,1,0,-1000,-1160,-1146
2026-09-19T20:56:09Z,CHANSUM,10690,10749,60,60000,6000,0,1,0,1,0,-1000,-1160,-1160,-1160
2026-09-19T20:57:09Z,CHANSUM,10750,10809,60,60000,6000,0,0,0,0,0,-1130,-1160,-1150,-1159
2026-09-19T20:57:23Z,CHAN,10823,10823186,1000,100,0,1,0,-670,-1160,-1143
2026-09-19T20:57:55Z,CHAN,10855,10855186,1000,100,0,8,0,-950,-1160,-1132
2026-09-19T20:58:01Z,CHAN,10861,10861186,1000,100,0,9,0,-960,-1160,-1136
2026-09-19T20:58:09Z,CHANSUM,10810,10869,60,60000,6000,0,18,0,3,0,-670,-1160,-1150,-1159
2026-09-19T20:58:19Z,CHAN,10879,10879186,1000,100,0,5,0,-1100,-1160,-1146
2026-09-19T20:59:09Z,CHANSUM,10870,10929,60,60000,6000,0,5,0,1,0,-1100,-1160,-1150,-1159
2026-09-19T20:59:34Z,CHAN,10954,10954186,1000,100,0,1,0,-970,-1160,-1146
2026-09-19T21:00:09Z,CHANSUM,10930,10989,60,60000,6000,0,1,0,1,0,-970,-1160,-1150,-1159
2026-09-19T21:00:15Z,CHAN,10995,10995186,1000,100,0,5,0,-940,-1160,-1138
2026-09-19T21:01:09Z,CHANSUM,10990,11049,60,60000,6000,0,5,0,1,0,-940,-1160,-1150,-1159
2026-09-19T21:01:40Z,CHAN,11080,11080186,1000,100,0,3,0,-1090,-1160,-1145
2026-09-19T21:01:44Z,CHAN,11084,11084186,1000,100,0,1,0,-670,-1160,-1142
2026-09-19T21:02:09Z,CHANSUM,11050,11109,60,60000,6000,0,4,0,2,0,-670,-1160,-1150,-1159
2026-09-19T21:03:01Z,CHAN,11161,11161186,1000,100,0,2,0,-1100,-1160,-1146
2026-09-19T21:03:09Z,CHAN,11169,11169186,1000,100,0,4,0,-1040,-1160,-1143
2026-09-19T21:03:09Z,CHANSUM,11110,11169,60,60000,6000,0,6,0,2,0,-1040,-1160,-1150,-1159
2026-09-19T21:03:20Z,CHAN,11180,11180186,1000,100,0,3,0,-960,-1160,-1142
2026-09-19T21:03:23Z,CHAN,11183,11183186,1000,100,0,5,0,-980,-1160,-1139
2026-09-19T21:03:30Z,CHAN,11190,11190186,1000,100,0,1,0,-1100,-1170,-1145
2026-09-19T21:03:49Z,CHAN,11209,11209186,1000,100,0,4,0,-1030,-1160,-1144
2026-09-19T21:03:55Z,CHAN,11215,11215186,1000,100,0,1,0,-680,-1160,-1143
2026-09-19T21:04:05Z,CHAN,11225,11225186,1000,100,0,4,0,-1070,-1160,-1144
2026-09-19T21:04:09Z,CHANSUM,11170,11229,60,60000,6000,0,18,0,6,0,-680,-1170,-1150,-1159
2026-09-19T21:04:36Z,CHAN,11256,11256186,1000,100,0,4,0,-1040,-1160,-1144
2026-09-19T21:04:41Z,CHAN,11261,11261186,1000,100,0,3,0,-1090,-1160,-1145
2026-09-19T21:04:46Z,CHAN,11266,11266186,1000,100,0,5,0,-1080,-1160,-1144
2026-09-19T21:05:09Z,CHANSUM,11230,11289,60,60000,6000,0,12,0,3,0,-1040,-1160,-1150,-1159
2026-09-19T21:05:31Z,CHAN,11311,11311186,1000,100,0,2,0,-1100,-1160,-1146
2026-09-19T21:05:51Z,CHAN,11331,11331186,1000,100,0,4,0,-950,-1160,-1139
2026-09-19T21:05:54Z,CHAN,11334,11334186,1000,100,0,4,0,-1030,-1160,-1143
2026-09-19T21:06:06Z,CHAN,11346,11346186,1000,100,0,1,0,-1030,-1160,-1145
2026-09-19T21:06:09Z,CHANSUM,11290,11349,60,60000,6000,0,11,0,4,0,-950,-1160,-1160,-1160
2026-09-19T21:06:34Z,CHAN,11374,11374186,1000,100,0,6,0,-700,-1160,-1125
2026-09-19T21:07:09Z,CHANSUM,11350,11409,60,60000,6000,0,6,0,1,0,-700,-1160,-1150,-1159
2026-09-19T21:08:09Z,CHANSUM,11410,11469,60,60000,6000,0,0,0,0,0,-1130,-1160,-1150,-1159
2026-09-19T21:08:16Z,CHAN,11476,11476186,1000,100,0,1,0,-690,-1160,-1142
2026-09-19T21:09:04Z,CHAN,11524,11524186,1000,100,0,6,0,-940,-1160,-1140
2026-09-19T21:09:05Z,CHAN,11525,11525186,1000,100,0,82,0,-930,-1160,-1014
2026-09-19T21:09:06Z,CHAN,11526,11526186,1000,100,0,50,0,-940,-1160,-1056
2026-09-19T21:09:07Z,CHAN,11527,11527186,1000,100,0,28,0,-930,-1160,-1092
2026-09-19T21:09:09Z,CHANSUM,11470,11529,60,60000,6000,0,167,0,5,0,-690,-1160,-1150,-1159
2026-09-19T21:09:10Z,CHAN,11530,11530186,1000,100,0,5,0,-1090,-1160,-1144
2026-09-19T21:10:09Z,CHANSUM,11530,11589,60,60000,6000,0,5,0,1,0,-1090,-1160,-1150,-1159
2026-09-19T21:10:23Z,CHAN,11603,11603186,1000,100,0,28,0,-940,-1160,-1093
2026-09-19T21:10:24Z,CHAN,11604,11604186,1000,100,0,44,0,-940,-1160,-1065
2026-09-19T21:10:27Z,CHAN,11607,11607186,1000,100,0,1,0,-680,-1160,-1143
2026-09-19T21:10:29Z,CHAN,11609,11609186,1000,100,0,17,0,-940,-1160,-1115
2026-09-19T21:10:30Z,CHAN,11610,11610186,1000,100,0,50,0,-940,-1160,-1059
2026-09-19T21:11:09Z,CHANSUM,11590,11649,60,60000,6000,0,140,0,5,0,-680,-1160,-1150,-1159
2026-09-19T21:11:18Z,CHAN,11658,11658186,1000,100,0,80,0,-930,-1160,-1015
2026-09-19T21:11:19Z,CHAN,11659,11659186,1000,100,0,26,0,-930,-1160,-1098
2026-09-19T21:11:32Z,CHAN,11672,11672186,1000,100,0,17,0,-950,-1160,-1117
2026-09-19T21:11:33Z,CHAN,11673,11673186,1000,100,0,43,0,-940,-1170,-1083
2026-09-19T21:11:34Z,CHAN,11674,11674186,1000,100,0,33,0,-950,-1160,-1095
2026-09-19T21:11:35Z,CHAN,11675,11675186,1000,100,0,28,0,-940,-1160,-1095
2026-09-19T21:11:36Z,CHAN,11676,11676186,1000,100,0,33,0,-950,-1160,-1093
2026-09-19T21:11:37Z,CHAN,11677,11677186,1000,100,0,4,0,-950,-1160,-1140
2026-09-19T21:12:08Z,CHAN,11708,11708186,1000,100,0,32,0,-950,-1170,-1102
2026-09-19T21:12:09Z,CHAN,11709,11709186,1000,100,0,25,0,-950,-1150,-1114
2026-09-19T21:12:09Z,CHANSUM,11650,11709,60,60000,6000,0,321,0,10,0,-930,-1170,-1150,-1160
2026-09-19T21:12:11Z,CHAN,11711,11711186,1000,100,0,22,0,-950,-1160,-1106
2026-09-19T21:12:12Z,CHAN,11712,11712186,1000,100,0,50,0,-940,-1150,-1058
2026-09-19T21:12:38Z,CHAN,11738,11738186,1000,100,0,1,0,-680,-1160,-1142
2026-09-19T21:13:09Z,CHANSUM,11710,11769,60,60000,6000,0,73,0,3,0,-680,-1160,-1150,-1159
2026-09-19T21:13:32Z,CHAN,11792,11792186,1000,100,0,12,0,-950,-1160,-1130
2026-09-19T21:13:33Z,CHAN,11793,11793186,1000,100,0,30,0,-950,-1160,-1102
2026-09-19T21:13:34Z,CHAN,11794,11794186,1000,100,0,14,0,-950,-1160,-1122
2026-09-19T21:14:09Z,CHANSUM,11770,11829,60,60000,6000,0,56,0,3,0,-950,-1170,-1150,-1159
2026-09-19T21:14:16Z,CHAN,11836,11836186,1000,100,0,8,0,-970,-1160,-1133
2026-09-19T21:14:19Z,CHAN,11839,11839186,1000,100,0,25,0,-940,-1160,-1110
2026-09-19T21:14:20Z,CHAN,11840,11840186,1000,100,0,31,0,-950,-1160,-1100
2026-09-19T21:14:21Z,CHAN,11841,11841186,1000,100,0,31,0,-940,-1160,-1087
2026-09-19T21:14:22Z,CHAN,11842,11842186,1000,100,0,33,0,-950,-1150,-1088
2026-09-19T21:14:26Z,CHAN,11846,11846186,1000,100,0,28,0,-950,-1160,-1095
2026-09-19T21:14:27Z,CHAN,11847,11847186,1000,100,0,36,0,-950,-1160,-1085
2026-09-19T21:14:49Z,CHAN,11869,11869186,1000,100,0,1,0,-690,-1160,-1143
2026-09-19T21:15:09Z,CHANSUM,11830,11889,60,60000,6000,0,193,0,8,0,-690,-1160,-1150,-1159
2026-09-19T21:15:48Z,CHAN,11928,11928186,1000,100,0,2,0,-1100,-1160,-1145
2026-09-19T21:16:09Z,CHANSUM,11890,11949,60,60000,6000,0,2,0,1,0,-1100,-1160,-1160,-1160
2026-09-19T21:16:11Z,CHAN,11951,11951186,1000,100,0,5,0,-910,-1160,-1137
2026-09-19T21:16:59Z,CHAN,11999,11999186,1000,100,0,1,0,-970,-1170,-1145
2026-09-19T21:17:09Z,CHANSUM,11950,12009,60,60000,6000,0,6,0,2,0,-910,-1170,-1150,-1159
2026-09-19T21:18:04Z,CHAN,12064,12064186,1000,100,0,3,0,-970,-1160,-1141
2026-09-19T21:18:05Z,CHAN,12065,12065186,1000,100,0,6,0,-940,-1160,-1136
2026-09-19T21:18:09Z,CHANSUM,12010,12069,60,60000,6000,0,9,0,2,0,-940,-1160,-1150,-1159
2026-09-19T21:18:14Z,CHAN,12074,12074186,1000,100,0,2,0,-1100,-1160,-1146
2026-09-19T21:19:09Z,CHANSUM,12070,12129,60,60000,6000,0,2,0,1,0,-1100,-1160,-1160,-1160
2026-09-19T21:19:10Z,CHAN,12130,12130186,1000,100,0,1,0,-690,-1160,-1143
2026-09-19T21:19:22Z,CHAN,12142,12142186,1000,100,0,8,0,-960,-1160,-1137
2026-09-19T21:19:26Z,CHAN,12146,12146186,1000,100,0,8,0,-1030,-1160,-1139
2026-09-19T21:20:03Z,CHAN,12183,12183186,1000,100,0,1,0,-1100,-1160,-1146
2026-09-19T21:20:09Z,CHANSUM,12130,12189,60,60000,6000,0,18,0,4,0,-690,-1160,-1150,-1159
2026-09-19T21:21:09Z,CHANSUM,12190,12249,60,60000,6000,0,0,0,0,0,-1130,-1160,-1150,-1159
2026-09-19T21:21:21Z,CHAN,12261,12261186,1000,100,0,1,0,-670,-1160,-1142
2026-09-19T21:22:09Z,CHANSUM,12250,12309,60,60000,6000,0,1,0,1,0,-670,-1160,-1150,-1159
2026-09-19T21:23:09Z,CHANSUM,12310,12369,60,60000,6000,0,0,0,0,0,-1130,-1160,-1160,-1160
2026-09-19T21:23:31Z,CHAN,12391,12391186,1000,100,0,1,0,-1070,-1160,-1146
2026-09-19T21:24:05Z,CHAN,12425,12425186,1000,100,0,2,0,-1100,-1160,-1146
2026-09-19T21:24:09Z,CHANSUM,12370,12429,60,60000,6000,0,3,0,2,0,-1070,-1160,-1150,-1159
2026-09-19T21:24:52Z,CHAN,12472,12472186,1000,100,0,3,0,-1030,-1160,-1143
2026-09-19T21:25:09Z,CHANSUM,12430,12489,60,60000,6000,0,3,0,1,0,-1030,-1160,-1150,-1159
2026-09-19T21:25:17Z,CHAN,12497,12497186,1000,100,0,3,0,-1040,-1160,-1145
2026-09-19T21:25:21Z,CHAN,12501,12501186,1000,100,0,4,0,-1030,-1160,-1143
2026-09-19T21:25:42Z,CHAN,12522,12522186,1000,100,0,1,0,-670,-1160,-1142
2026-09-19T21:26:09Z,CHANSUM,12490,12549,60,60000,6000,0,8,0,3,0,-670,-1160,-1150,-1159
2026-09-19T21:26:22Z,CHAN,12562,12562186,1000,100,0,4,0,-1040,-1160,-1143
2026-09-19T21:26:44Z,CHAN,12584,12584186,1000,100,0,4,0,-930,-1160,-1140
2026-09-19T21:27:09Z,CHANSUM,12550,12609,60,60000,6000,0,8,0,2,0,-930,-1160,-1150,-1159
2026-09-19T21:27:53Z,CHAN,12653,12653186,1000,100,0,5,0,-670,-1160,-1138
2026-09-19T21:28:09Z,CHANSUM,12610,12669,60,60000,6000,0,5,0,1,0,-670,-1160,-1150,-1159
2026-09-19T21:28:41Z,CHAN,12701,12701186,1000,100,0,4,0,-1030,-1160,-1143
2026-09-19T21:28:53Z,CHAN,12713,12713186,1000,100,0,4,0,-1030,-1160,-1143
2026-09-19T21:29:07Z,CHAN,12727,12727186,1000,100,0,3,0,-980,-1160,-1143
2026-09-19T21:29:09Z,CHANSUM,12670,12729,60,60000,6000,0,11,0,3,0,-980,-1160,-1150,-1159
2026-09-19T21:29:36Z,CHAN,12756,12756186,1000,100,0,4,0,-1070,-1160,-1145
2026-09-19T21:30:03Z,CHAN,12783,12783186,1000,100,0,1,0,-680,-1160,-1143
2026-09-19T21:30:09Z,CHANSUM,12730,12789,60,60000,6000,0,5,0,2,0,-680,-1170,-1160,-1160
2026-09-19T21:31:00Z,CHAN,12840,12840186,1000,100,0,5,0,-710,-1160,-1130
2026-09-19T21:31:09Z,CHANSUM,12790,12849,60,60000,6000,0,5,0,1,0,-710,-1160,-1150,-1159
2026-09-19T21:31:24Z,CHAN,12864,12864186,1000,100,0,3,0,-920,-1160,-1142
2026-09-19T21:31:25Z,CHAN,12865,12865186,1000,100,0,2,0,-920,-1160,-1143
2026-09-19T21:31:39Z,CHAN,12879,12879186,1000,100,0,2,0,-1100,-1160,-1146
2026-09-19T21:32:09Z,CHANSUM,12850,12909,60,60000,6000,0,7,0,3,0,-920,-1160,-1150,-1159
2026-09-19T21:32:14Z,CHAN,12914,12914186,1000,100,0,1,0,-670,-1160,-1143
2026-09-19T21:32:23Z,CHAN,12923,12923186,1000,100,0,3,0,-1040,-1160,-1144
2026-09-19T21:32:28Z,CHAN,12928,12928186,1000,100,0,4,0,-920,-1160,-1139
2026-09-19T21:33:07Z,CHAN,12967,12967186,1000,100,0,3,0,-1090,-1160,-1145
2026-09-19T21:33:09Z,CHANSUM,12910,12969,60,60000,6000,0,11,0,4,0,-670,-1160,-1150,-1159
2026-09-19T21:34:05Z,CHAN,13025,13025186,1000,100,0,31,0,-940,-1160,-1097
2026-09-19T21:34:06Z,CHAN,13026,13026186,1000,100,0,70,0,-930,-1160,-1026
2026-09-19T21:34:07Z,CHAN,13027,13027186,1000,100,0,6,0,-940,-1160,-1136
2026-09-19T21:34:09Z,CHANSUM,12970,13029,60,60000,6000,0,107,0,3,0,-930,-1160,-1150,-1159
2026-09-19T21:34:24Z,CHAN,13045,13045186,1000,100,0,1,0,-730,-1160,-1144
2026-09-19T21:35:08Z,CHANSUM,13030,13089,60,60000,6000,0,1,0,1,0,-730,-1160,-1150,-1159
2026-09-19T21:35:45Z,CHAN,13126,13126186,1000,100,0,3,0,-1090,-1160,-1145
2026-09-19T21:36:08Z,CHANSUM,13090,13149,60,60000,6000,0,3,0,1,0,-1090,-1160,-1150,-1159
2026-09-19T21:36:11Z,CHAN,13152,13152186,1000,100,0,1,0,-1070,-1160,-1146
2026-09-19T21:36:34Z,CHAN,13175,13175186,1000,100,0,2,0,-680,-1160,-1142
2026-09-19T21:37:06Z,CHAN,13207,13207186,1000,100,0,2,0,-1090,-1160,-1146
2026-09-19T21:37:07Z,CHAN,13208,13208186,1000,100,0,1,0,-1090,-1160,-1148
2026-09-19T21:37:08Z,CHANSUM,13150,13209,60,60000,6000,0,6,0,4,0,-680,-1160,-1150,-1159
2026-09-19T21:38:08Z,CHANSUM,13210,13269,60,60000,6000,0,0,0,0,0,-1130,-1160,-1160,-1160
2026-09-19T21:38:45Z,CHAN,13306,13306186,1000,100,0,1,0,-670,-1160,-1143
2026-09-19T21:39:08Z,CHANSUM,13270,13329,60,60000,6000,0,1,0,1,0,-670,-1160,-1160,-1160
2026-09-19T21:39:50Z,CHAN,13371,13371186,1000,100,0,1,0,-1100,-1160,-1146
2026-09-19T21:40:08Z,CHANSUM,13330,13389,60,60000,6000,0,1,0,1,0,-1100,-1160,-1160,-1160
2026-09-19T21:40:46Z,CHAN,13427,13427186,1000,100,0,1,0,-1100,-1160,-1145
2026-09-19T21:41:08Z,CHANSUM,13390,13449,60,60000,6000,0,1,0,1,0,-1100,-1160,-1160,-1160
2026-09-19T21:41:18Z,CHAN,13459,13459186,1000,100,0,1,0,-1090,-1160,-1146
2026-09-19T21:42:08Z,CHANSUM,13450,13509,60,60000,6000,0,1,0,1,0,-1090,-1160,-1150,-1159
2026-09-19T21:42:34Z,CHAN,13535,13535186,1000,100,0,3,0,-1090,-1160,-1145
2026-09-19T21:42:47Z,CHAN,13548,13548186,1000,100,0,2,0,-1100,-1160,-1146
2026-09-19T21:43:06Z,CHAN,13567,13567186,1000,100,0,1,0,-670,-1160,-1143
2026-09-19T21:43:08Z,CHANSUM,13510,13569,60,60000,6000,0,6,0,3,0,-670,-1160,-1160,-1160
2026-09-19T21:43:44Z,CHAN,13605,13605186,1000,100,0,4,0,-960,-1160,-1139
2026-09-19T21:44:08Z,CHANSUM,13570,13629,60,60000,6000,0,4,0,1,0,-960,-1160,-1150,-1159
2026-09-19T21:45:00Z,CHAN,13681,13681186,1000,100,0,5,0,-1090,-1160,-1145
2026-09-19T21:45:08Z,CHANSUM,13630,13689,60,60000,6000,0,5,0,1,0,-1090,-1160,-1150,-1159
2026-09-19T21:45:17Z,CHAN,13698,13698186,1000,100,0,1,0,-670,-1160,-1143
2026-09-19T21:46:08Z,CHANSUM,13690,13749,60,60000,6000,0,1,0,1,0,-670,-1160,-1160,-1160
2026-09-19T21:47:08Z,CHANSUM,13750,13809,60,60000,6000,0,0,0,0,0,-1120,-1160,-1150,-1159
2026-09-19T21:47:16Z,CHAN,13817,13817186,1000,100,0,4,0,-960,-1160,-1139
2026-09-19T21:47:27Z,CHAN,13828,13828186,1000,100,0,5,0,-950,-1150,-1138
2026-09-19T21:47:28Z,CHAN,13829,13829186,1000,100,0,1,0,-1050,-1160,-1146
2026-09-19T21:48:08Z,CHANSUM,13810,13869,60,60000,6000,0,10,0,3,0,-950,-1160,-1150,-1159
2026-09-19T21:49:08Z,CHANSUM,13870,13929,60,60000,6000,0,0,0,0,0,-1120,-1160,-1150,-1159
2026-09-19T21:49:32Z,CHAN,13953,13953186,1000,100,0,5,0,-1030,-1160,-1141
2026-09-19T21:49:38Z,CHAN,13959,13959186,1000,100,0,1,0,-680,-1150,-1142
2026-09-19T21:49:42Z,CHAN,13963,13963186,1000,100,0,88,0,-930,-1160,-1008
2026-09-19T21:49:43Z,CHAN,13964,13964186,1000,100,0,19,0,-930,-1160,-1112
2026-09-19T21:50:08Z,CHANSUM,13930,13989,60,60000,6000,0,113,0,4,0,-680,-1170,-1150,-1159
2026-09-19T21:50:15Z,CHAN,13996,13996186,1000,100,0,11,0,-950,-1160,-1130
2026-09-19T21:50:16Z,CHAN,13997,13997186,1000,100,0,77,0,-920,-1160,-1023
2026-09-19T21:50:17Z,CHAN,13998,13998186,1000,100,0,19,0,-930,-1160,-1114
2026-09-19T21:51:08Z,CHANSUM,13990,14049,60,60000,6000,0,107,0,3,0,-920,-1160,-1150,-1159
2026-09-19T21:51:18Z,CHAN,14059,14059186,1000,100,0,5,0,-970,-1160,-1140
2026-09-19T21:51:49Z,CHAN,14090,14090186,1000,100,0,1,0,-760,-1160,-1144
2026-09-19T21:52:08Z,CHANSUM,14050,14109,60,60000,6000,0,6,0,2,0,-760,-1160,-1160,-1160
2026-09-19T21:53:08Z,CHANSUM,14110,14169,60,60000,6000,0,0,0,0,0,-1130,-1160,-1150,-1159
2026-09-19T21:53:41Z,CHAN,14202,14202186,1000,100,0,5,0,-910,-1160,-1137
2026-09-19T21:53:50Z,CHAN,14211,14211186,1000,100,0,3,0,-1100,-1150,-1145
2026-09-19T21:54:00Z,CHAN,14221,14221186,1000,100,0,1,0,-680,-1160,-1143
2026-09-19T21:54:08Z,CHANSUM,14170,14229,60,60000,6000,0,9,0,3,0,-680,-1160,-1150,-1159
2026-09-19T21:54:49Z,CHAN,14270,14270186,1000,100,0,3,0,-1100,-1160,-1145
2026-09-19T21:55:08Z,CHANSUM,14230,14289,60,60000,6000,0,3,0,1,0,-1100,-1160,-1150,-1159
2026-09-19T21:55:50Z,CHAN,14331,14331186,1000,100,0,2,0,-1100,-1160,-1146
2026-09-19T21:56:08Z,CHANSUM,14290,14349,60,60000,6000,0,2,0,1,0,-1100,-1160,-1150,-1159
2026-09-19T21:56:11Z,CHAN,14352,14352186,1000,100,0,1,0,-670,-1160,-1142
2026-09-19T21:57:00Z,CHAN,14401,14401186,1000,100,0,1,0,-1090,-1160,-1146
2026-09-19T21:57:08Z,CHANSUM,14350,14409,60,60000,6000,0,2,0,2,0,-670,-1160,-1150,-1159
2026-09-19T21:58:08Z,CHANSUM,14410,14469,60,60000,6000,0,0,0,0,0,-1120,-1160,-1150,-1159
2026-09-19T21:58:21Z,CHAN,14482,14482186,1000,100,0,1,0,-970,-1160,-1145
2026-09-19T21:59:08Z,CHANSUM,14470,14529,60,60000,6000,0,1,0,1,0,-970,-1160,-1150,-1159
2026-09-19T22:00:08Z,CHANSUM,14530,14589,60,60000,6000,0,0,0,0,0,-1130,-1160,-1150,-1159
2026-09-19T22:00:32Z,CHAN,14613,14613186,1000,100,0,1,0,-690,-1160,-1143
2026-09-19T22:01:08Z,CHANSUM,14590,14649,60,60000,6000,0,1,0,1,0,-690,-1160,-1150,-1159
2026-09-19T22:02:08Z,CHANSUM,14650,14709,60,60000,6000,0,0,0,0,0,-1130,-1160,-1150,-1159
2026-09-19T22:02:33Z,CHAN,14734,14734186,1000,100,0,4,0,-1090,-1160,-1145
2026-09-19T22:02:43Z,CHAN,14744,14744186,1000,100,0,1,0,-680,-1160,-1143
2026-09-19T22:03:08Z,CHANSUM,14710,14769,60,60000,6000,0,5,0,2,0,-680,-1160,-1160,-1160
2026-09-19T22:04:08Z,CHANSUM,14770,14829,60,60000,6000,0,0,0,0,0,-1130,-1160,-1150,-1159
2026-09-19T22:05:08Z,CHANSUM,14830,14889,60,60000,6000,0,0,0,0,0,-1110,-1160,-1160,-1160
2026-09-19T22:06:04Z,CHAN,14945,14945186,1000,100,0,5,0,-1030,-1160,-1142
2026-09-19T22:06:08Z,CHANSUM,14890,14949,60,60000,6000,0,5,0,1,0,-1030,-1160,-1150,-1159
2026-09-19T22:07:04Z,CHAN,15005,15005186,1000,100,0,1,0,-690,-1160,-1143
2026-09-19T22:07:08Z,CHANSUM,14950,15009,60,60000,6000,0,1,0,1,0,-690,-1160,-1150,-1159
2026-09-19T22:08:08Z,CHANSUM,15010,15069,60,60000,6000,0,0,0,0,0,-1120,-1160,-1150,-1159
2026-09-19T22:08:12Z,CHAN,15073,15073186,1000,100,0,2,0,-970,-1160,-1144
2026-09-19T22:09:08Z,CHANSUM,15070,15129,60,60000,6000,0,2,0,1,0,-970,-1160,-1150,-1159
2026-09-19T22:09:15Z,CHAN,15136,15136186,1000,100,0,1,0,-680,-1160,-1144
2026-09-19T22:09:38Z,CHAN,15159,15159186,1000,100,0,5,0,-1090,-1160,-1145
2026-09-19T22:09:57Z,CHAN,15178,15178186,1000,100,0,2,0,-1090,-1160,-1145
2026-09-19T22:10:08Z,CHANSUM,15130,15189,60,60000,6000,0,8,0,3,0,-680,-1160,-1150,-1159
2026-09-19T22:11:08Z,CHANSUM,15190,15249,60,60000,6000,0,0,0,0,0,-1130,-1160,-1150,-1159
2026-09-19T22:11:25Z,CHAN,15266,15266186,1000,100,0,1,0,-670,-1160,-1142
2026-09-19T22:11:26Z,CHAN,15267,15267186,1000,100,0,4,0,-1100,-1150,-1144
2026-09-19T22:12:08Z,CHANSUM,15250,15309,60,60000,6000,0,5,0,2,0,-670,-1160,-1150,-1159
2026-09-19T22:13:08Z,CHANSUM,15310,15369,60,60000,6000,0,0,0,0,0,-1130,-1160,-1160,-1160
2026-09-19T22:13:36Z,CHAN,15397,15397186,1000,100,0,1,0,-670,-1160,-1142
2026-09-19T22:14:08Z,CHANSUM,15370,15429,60,60000,6000,0,1,0,1,0,-670,-1160,-1150,-1159
2026-09-19T22:14:42Z,CHAN,15463,15463186,1000,100,0,5,0,-1090,-1160,-1144
2026-09-19T22:15:08Z,CHANSUM,15430,15489,60,60000,6000,0,5,0,1,0,-1090,-1160,-1150,-1159
2026-09-19T22:15:47Z,CHAN,15528,15528186,1000,100,0,1,0,-690,-1160,-1143
2026-09-19T22:16:08Z,CHANSUM,15490,15549,60,60000,6000,0,1,0,1,0,-690,-1160,-1150,-1159
2026-09-19T22:16:23Z,CHAN,15564,15564186,1000,100,0,4,0,-1090,-1150,-1145
2026-09-19T22:16:38Z,CHAN,15579,15579186,1000,100,0,4,0,-950,-1160,-1141
2026-09-19T22:16:49Z,CHAN,15590,15590186,1000,100,0,5,0,-690,-1160,-1132
2026-09-19T22:17:08Z,CHANSUM,15550,15609,60,60000,6000,0,13,0,3,0,-690,-1160,-1150,-1159
2026-09-19T22:17:18Z,CHAN,15619,15619186,1000,100,0,4,0,-910,-1160,-1139
2026-09-19T22:17:57Z,CHAN,15658,15658186,1000,100,0,1,0,-670,-1160,-1143
2026-09-19T22:18:02Z,CHAN,15663,15663186,1000,100,0,3,0,-1090,-1160,-1146
2026-09-19T22:18:08Z,CHANSUM,15610,15669,60,60000,6000,0,8,0,3,0,-670,-1160,-1150,-1159
2026-09-19T22:18:18Z,CHAN,15679,15679186,1000,100,0,4,0,-920,-1160,-1139
2026-09-19T22:18:41Z,CHAN,15702,15702186,1000,100,0,4,0,-980,-1160,-1141
2026-09-19T22:18:55Z,CHAN,15716,15716186,1000,100,0,4,0,-1070,-1160,-1144
2026-09-19T22:19:08Z,CHANSUM,15670,15729,60,60000,6000,0,12,0,3,0,-920,-1160,-1150,-1159
2026-09-19T22:20:08Z,CHAN,15789,15789186,1000,100,0,1,0,-670,-1160,-1143
2026-09-19T22:20:08Z,CHANSUM,15730,15789,60,60000,6000,0,1,0,1,0,-670,-1160,-1150,-1159
2026-09-19T22:21:07Z,CHAN,15848,15848186,1000,100,0,13,0,-950,-1160,-1124
2026-09-19T22:21:08Z,CHAN,15849,15849186,1000,100,0,26,0,-940,-1160,-1099
2026-09-19T22:21:08Z,CHANSUM,15790,15849,60,60000,6000,0,39,0,2,0,-940,-1160,-1150,-1159
2026-09-19T22:22:02Z,CHAN,15903,15903186,1000,100,0,14,0,-940,-1160,-1121
2026-09-19T22:22:03Z,CHAN,15904,15904186,1000,100,0,32,0,-940,-1160,-1094
2026-09-19T22:22:08Z,CHANSUM,15850,15909,60,60000,6000,0,46,0,2,0,-940,-1160,-1160,-1160
2026-09-19T22:22:20Z,CHAN,15920,15920186,1000,100,0,1,0,-1010,-1160,-1146
2026-09-19T22:22:56Z,CHAN,15956,15956186,1000,100,0,5,0,-940,-1160,-1139
2026-09-19T22:23:09Z,CHANSUM,15910,15969,60,60000,6000,0,6,0,2,0,-940,-1170,-1150,-1159
2026-09-19T22:24:09Z,CHANSUM,15970,16029,60,60000,6000,0,0,0,0,0,-1110,-1160,-1160,-1160
2026-09-19T22:24:29Z,CHAN,16049,16049186,1000,100,0,9,0,-960,-1160,-1129
2026-09-19T22:24:30Z,CHAN,16050,16050186,1000,100,0,1,0,-660,-1160,-1142
2026-09-19T22:24:55Z,CHAN,16075,16075186,1000,100,0,1,0,-1090,-1160,-1146
2026-09-19T22:25:09Z,CHANSUM,16030,16089,60,60000,6000,0,11,0,3,0,-660,-1160,-1150,-1159
2026-09-19T22:26:09Z,CHANSUM,16090,16149,60,60000,6000,0,0,0,0,0,-1110,-1160,-1150,-1159
2026-09-19T22:26:41Z,CHAN,16181,16181186,1000,100,0,1,0,-670,-1160,-1143
2026-09-19T22:27:09Z,CHANSUM,16150,16209,60,60000,6000,0,1,0,1,0,-670,-1160,-1150,-1159
2026-09-19T22:27:23Z,CHAN,16223,16223186,1000,100,0,5,0,-1030,-1160,-1142
2026-09-19T22:28:09Z,CHANSUM,16210,16269,60,60000,6000,0,5,0,1,0,-1030,-1160,-1150,-1159
2026-09-19T22:28:52Z,CHAN,16312,16312186,1000,100,0,1,0,-1070,-1160,-1147
2026-09-19T22:29:09Z,CHANSUM,16270,16329,60,60000,6000,0,1,0,1,0,-1070,-1160,-1150,-1159
2026-09-19T22:29:22Z,CHAN,16342,16342186,1000,100,0,5,0,-1050,-1160,-1144
2026-09-19T22:30:09Z,CHANSUM,16330,16389,60,60000,6000,0,5,0,1,0,-1050,-1160,-1160,-1160
2026-09-19T22:30:50Z,CHAN,16430,16430186,1000,100,0,2,0,-1090,-1160,-1146
2026-09-19T22:31:03Z,CHAN,16443,16443186,1000,100,0,1,0,-680,-1160,-1143
2026-09-19T22:31:09Z,CHANSUM,16390,16449,60,60000,6000,0,3,0,2,0,-680,-1160,-1150,-1159
2026-09-19T22:32:09Z,CHANSUM,16450,16509,60,60000,6000,0,0,0,0,0,-1130,-1160,-1150,-1159
2026-09-19T22:33:09Z,CHANSUM,16510,16569,60,60000,6000,0,0,0,0,0,-1130,-1160,-1150,-1159
2026-09-19T22:33:13Z,CHAN,16573,16573186,1000,100,0,1,0,-710,-1160,-1143
2026-09-19T22:33:59Z,CHAN,16619,16619186,1000,100,0,5,0,-1080,-1160,-1144
2026-09-19T22:34:09Z,CHANSUM,16570,16629,60,60000,6000,0,6,0,2,0,-710,-1170,-1160,-1160
2026-09-19T22:35:03Z,CHAN,16683,16683186,1000,100,0,6,0,-1090,-1160,-1144
2026-09-19T22:35:09Z,CHANSUM,16630,16689,60,60000,6000,0,6,0,1,0,-1090,-1170,-1150,-1159
2026-09-19T22:35:24Z,CHAN,16704,16704186,1000,100,0,1,0,-670,-1160,-1143
2026-09-19T22:36:05Z,CHAN,16745,16745186,1000,100,0,1,0,-1090,-1160,-1147
2026-09-19T22:36:09Z,CHANSUM,16690,16749,60,60000,6000,0,2,0,2,0,-670,-1160,-1150,-1159
2026-09-19T22:37:09Z,CHANSUM,16750,16809,60,60000,6000,0,0,0,0,0,-1130,-1160,-1150,-1159
2026-09-19T22:37:35Z,CHAN,16835,16835186,1000,100,0,1,0,-670,-1160,-1143
2026-09-19T22:37:59Z,CHAN,16859,16859186,1000,100,0,4,0,-1080,-1160,-1145
2026-09-19T22:38:09Z,CHANSUM,16810,16869,60,60000,6000,0,5,0,2,0,-670,-1160,-1160,-1160
2026-09-19T22:38:41Z,CHAN,16901,16901186,1000,100,0,5,0,-980,-1150,-1138
2026-09-19T22:39:09Z,CHANSUM,16870,16929,60,60000,6000,0,5,0,1,0,-980,-1160,-1150,-1159
2026-09-19T22:39:45Z,CHAN,16965,16965186,1000,100,0,1,0,-1000,-1160,-1145
2026-09-19T22:40:09Z,CHANSUM,16930,16989,60,60000,6000,0,1,0,1,0,-1000,-1160,-1150,-1159
2026-09-19T22:41:09Z,CHANSUM,16990,17049,60,60000,6000,0,0,0,0,0,-1130,-1160,-1150,-1159
2026-09-19T22:41:56Z,CHAN,17096,17096186,1000,100,0,1,0,-660,-1160,-1142
2026-09-19T22:42:09Z,CHANSUM,17050,17109,60,60000,6000,0,1,0,1,0,-660,-1160,-1150,-1159
2026-09-19T22:42:18Z,CHAN,17118,17118186,1000,100,0,4,0,-1090,-1160,-1144
2026-09-19T22:43:09Z,CHANSUM,17110,17169,60,60000,6000,0,4,0,1,0,-1090,-1160,-1150,-1159
2026-09-19T22:43:11Z,CHAN,17171,17171186,1000,100,0,5,0,-1030,-1160,-1142
2026-09-19T22:44:07Z,CHAN,17227,17227186,1000,100,0,1,0,-670,-1160,-1142
2026-09-19T22:44:09Z,CHANSUM,17170,17229,60,60000,6000,0,6,0,2,0,-670,-1160,-1150,-1159
2026-09-19T22:44:43Z,CHAN,17263,17263186,1000,100,0,5,0,-940,-1160,-1137
2026-09-19T22:45:09Z,CHANSUM,17230,17289,60,60000,6000,0,5,0,1,0,-940,-1160,-1160,-1160
2026-09-19T22:46:02Z,CHAN,17342,17342186,1000,100,0,3,0,-1090,-1160,-1146
2026-09-19T22:46:09Z,CHANSUM,17290,17349,60,60000,6000,0,3,0,1,0,-1090,-1160,-1150,-1159
2026-09-19T22:47:09Z,CHANSUM,17350,17409,60,60000,6000,0,0,0,0,0,-1130,-1160,-1150,-1159
2026-09-19T22:47:54Z,CHAN,17454,17454186,1000,100,0,5,0,-870,-1160,-1133
2026-09-19T22:48:09Z,CHANSUM,17410,17469,60,60000,6000,0,5,0,1,0,-870,-1160,-1150,-1159
2026-09-19T22:48:28Z,CHAN,17488,17488186,1000,100,0,1,0,-660,-1160,-1143
2026-09-19T22:49:09Z,CHANSUM,17470,17529,60,60000,6000,0,1,0,1,0,-660,-1160,-1160,-1160
2026-09-19T22:50:09Z,CHANSUM,17530,17589,60,60000,6000,0,0,0,0,0,-1130,-1160,-1150,-1159
2026-09-19T22:50:28Z,CHAN,17608,17608186,1000,100,0,4,0,-1030,-1160,-1143
2026-09-19T22:50:39Z,CHAN,17619,17619186,1000,100,0,1,0,-670,-1160,-1142
2026-09-19T22:51:09Z,CHANSUM,17590,17649,60,60000,6000,0,5,0,2,0,-670,-1160,-1150,-1159
2026-09-19T22:52:09Z,CHANSUM,17650,17709,60,60000,6000,0,0,0,0,0,-1130,-1160,-1160,-1160
2026-09-19T22:52:49Z,CHAN,17749,17749186,1000,100,0,1,0,-1030,-1160,-1145
2026-09-19T22:53:09Z,CHANSUM,17710,17769,60,60000,6000,0,1,0,1,0,-1030,-1160,-1150,-1159
2026-09-19T22:54:09Z,CHANSUM,17770,17829,60,60000,6000,0,0,0,0,0,-1130,-1160,-1150,-1159
2026-09-19T22:55:00Z,CHAN,17880,17880186,1000,100,0,1,0,-670,-1160,-1142
2026-09-19T22:55:09Z,CHANSUM,17830,17889,60,60000,6000,0,1,0,1,0,-670,-1160,-1150,-1159
2026-09-19T22:55:52Z,CHAN,17932,17932186,1000,100,0,2,0,-980,-1160,-1144
2026-09-19T22:55:53Z,CHAN,17933,17933186,1000,100,0,3,0,-970,-1160,-1142
2026-09-19T22:55:59Z,CHAN,17939,17939186,1000,100,0,1,0,-1090,-1160,-1146
2026-09-19T22:56:09Z,CHANSUM,17890,17949,60,60000,6000,0,6,0,3,0,-970,-1160,-1150,-1159
2026-09-19T22:56:42Z,CHAN,17982,17982186,1000,100,0,4,0,-1030,-1160,-1143
2026-09-19T22:56:56Z,CHAN,17996,17996186,1000,100,0,2,0,-1080,-1160,-1145
2026-09-19T22:57:09Z,CHANSUM,17950,18009,60,60000,6000,0,6,0,2,0,-1030,-1160,-1150,-1159
2026-09-19T22:57:11Z,CHAN,18011,18011186,1000,100,0,1,0,-920,-1170,-1145
2026-09-19T22:57:31Z,CHAN,18031,18031186,1000,100,0,2,0,-1100,-1160,-1146
2026-09-19T22:57:53Z,CHAN,18053,18053186,1000,100,0,4,0,-1090,-1160,-1145
2026-09-19T22:58:09Z,CHANSUM,18010,18069,60,60000,6000,0,7,0,3,0,-920,-1170,-1150,-1160
2026-09-19T22:58:16Z,CHAN,18076,18076186,1000,100,0,4,0,-1090,-1160,-1145
2026-09-19T22:58:48Z,CHAN,18108,18108186,1000,100,0,3,0,-1030,-1160,-1144
2026-09-19T22:59:09Z,CHANSUM,18070,18129,60,60000,6000,0,7,0,2,0,-1030,-1160,-1150,-1159
2026-09-19T22:59:10Z,CHAN,18130,18130186,1000,100,0,3,0,-940,-1160,-1141
2026-09-19T22:59:21Z,CHAN,18141,18141186,1000,100,0,1,0,-670,-1160,-1143
2026-09-19T23:00:01Z,CHAN,18181,18181186,1000,100,0,2,0,-1090,-1160,-1146
2026-09-19T23:00:07Z,CHAN,18187,18187186,1000,100,0,3,0,-940,-1160,-1140
2026-09-19T23:00:09Z,CHANSUM,18130,18189,60,60000,6000,0,9,0,4,0,-670,-1160,-1150,-1159
2026-09-19T23:00:22Z,CHAN,18202,18202186,1000,100,0,4,0,-710,-1160,-1132
2026-09-19T23:00:35Z,CHAN,18215,18215186,1000,100,0,2,0,-1090,-1160,-1146
2026-09-19T23:00:38Z,CHAN,18218,18218186,1000,100,0,3,0,-1080,-1160,-1145
2026-09-19T23:01:07Z,CHAN,18247,18247186,1000,100,0,3,0,-940,-1160,-1142
2026-09-19T23:01:09Z,CHANSUM,18190,18249,60,60000,6000,0,12,0,4,0,-710,-1170,-1150,-1160
2026-09-19T23:01:32Z,CHAN,18272,18272186,1000,100,0,1,0,-670,-1160,-1142
2026-09-19T23:01:41Z,CHAN,18281,18281186,1000,100,0,1,0,-1100,-1160,-1147
2026-09-19T23:01:45Z,CHAN,18285,18285186,1000,100,0,4,0,-950,-1160,-1140
2026-09-19T23:02:07Z,CHAN,18307,18307186,1000,100,0,4,0,-950,-1160,-1142
2026-09-19T23:02:09Z,CHANSUM,18250,18309,60,60000,6000,0,10,0,4,0,-670,-1160,-1150,-1159
2026-09-19T23:02:11Z,CHAN,18311,18311186,1000,100,0,3,0,-950,-1160,-1142
2026-09-19T23:02:32Z,CHAN,18332,18332186,1000,100,0,3,0,-1090,-1160,-1146
2026-09-19T23:03:09Z,CHANSUM,18310,18369,60,60000,6000,0,6,0,2,0,-950,-1160,-1150,-1159
2026-09-19T23:03:13Z,CHAN,18373,18373186,1000,100,0,5,0,-970,-1160,-1139
2026-09-19T23:03:16Z,CHAN,18376,18376186,1000,100,0,1,0,-1100,-1160,-1144
2026-09-19T23:03:43Z,CHAN,18403,18403186,1000,100,0,1,0,-1000,-1160,-1146
2026-09-19T23:03:47Z,CHAN,18407,18407186,1000,100,0,30,0,-940,-1160,-1096
2026-09-19T23:03:48Z,CHAN,18408,18408186,1000,100,0,43,0,-940,-1160,-1071
2026-09-19T23:03:55Z,CHAN,18415,18415186,1000,100,0,1,0,-1100,-1160,-1147
2026-09-19T23:03:56Z,CHAN,18416,18416186,1000,100,0,2,0,-1100,-1160,-1146
2026-09-19T23:04:09Z,CHANSUM,18370,18429,60,60000,6000,0,83,0,7,0,-940,-1160,-1150,-1159
2026-09-19T23:04:24Z,CHAN,18444,18444186,1000,100,0,3,0,-1090,-1160,-1146
2026-09-19T23:04:36Z,CHAN,18456,18456186,1000,100,0,3,0,-970,-1160,-1143
2026-09-19T23:05:09Z,CHANSUM,18430,18489,60,60000,6000,0,6,0,2,0,-970,-1160,-1150,-1159
2026-09-19T23:05:17Z,CHAN,18497,18497186,1000,100,0,3,0,-1090,-1160,-1146
2026-09-19T23:05:24Z,CHAN,18504,18504186,1000,100,0,3,0,-870,-1170,-1140
2026-09-19T23:05:54Z,CHAN,18534,18534186,1000,100,0,1,0,-660,-1160,-1143
2026-09-19T23:06:07Z,CHAN,18547,18547186,1000,100,0,3,0,-1100,-1160,-1146
2026-09-19T23:06:09Z,CHANSUM,18490,18549,60,60000,6000,0,10,0,4,0,-660,-1170,-1150,-1159
2026-09-19T23:06:15Z,CHAN,18555,18555186,1000,100,0,4,0,-960,-1160,-1140
2026-09-19T23:06:33Z,CHAN,18573,18573186,1000,100,0,2,0,-1090,-1160,-1146
2026-09-19T23:06:41Z,CHAN,18581,18581186,1000,100,0,3,0,-1030,-1160,-1144
2026-09-19T23:07:09Z,CHAN,18609,18609186,1000,100,0,2,0,-1100,-1160,-1145
2026-09-19T23:07:09Z,CHANSUM,18550,18609,60,60000,6000,0,11,0,4,0,-960,-1160,-1150,-1159
2026-09-19T23:07:20Z,CHAN,18620,18620186,1000,100,0,3,0,-1030,-1160,-1144
2026-09-19T23:07:33Z,CHAN,18633,18633186,1000,100,0,3,0,-1090,-1160,-1145
2026-09-19T23:08:04Z,CHAN,18664,18664186,1000,100,0,1,0,-660,-1160,-1143
2026-09-19T23:08:09Z,CHANSUM,18610,18669,60,60000,6000,0,7,0,3,0,-660,-1160,-1150,-1159
2026-09-19T23:09:09Z,CHANSUM,18670,18729,60,60000,6000,0,0,0,0,0,-1120,-1160,-1160,-1160
2026-09-19T23:10:09Z,CHANSUM,18730,18789,60,60000,6000,0,0,0,0,0,-1120,-1160,-1150,-1159
2026-09-19T23:10:15Z,CHAN,18795,18795186,1000,100,0,1,0,-980,-1160,-1146
2026-09-19T23:10:40Z,CHAN,18821,18821186,1000,100,0,2,0,-920,-1150,-1143
2026-09-19T23:10:41Z,CHAN,18822,18822186,1000,100,0,3,0,-930,-1160,-1141
2026-09-19T23:11:08Z,CHANSUM,18790,18849,60,60000,6000,0,6,0,3,0,-920,-1160,-1150,-1159
2026-09-19T23:12:08Z,CHANSUM,18850,18909,60,60000,6000,0,0,0,0,0,-1130,-1160,-1150,-1159
2026-09-19T23:12:23Z,CHAN,18924,18924186,1000,100,0,27,0,-950,-1150,-1114
2026-09-19T23:12:24Z,CHAN,18925,18925186,1000,100,0,45,0,-930,-1160,-1069
2026-09-19T23:12:25Z,CHAN,18926,18926186,1000,100,0,1,0,-670,-1160,-1143
2026-09-19T23:12:44Z,CHAN,18945,18945186,1000,100,0,2,0,-1100,-1160,-1146
2026-09-19T23:13:08Z,CHANSUM,18910,18969,60,60000,6000,0,75,0,4,0,-670,-1160,-1150,-1159
2026-09-19T23:14:08Z,CHANSUM,18970,19029,60,60000,6000,0,0,0,0,0,-1130,-1160,-1150,-1159
2026-09-19T23:14:35Z,CHAN,19056,19056186,1000,100,0,1,0,-680,-1160,-1143
2026-09-19T23:15:08Z,CHANSUM,19030,19089,60,60000,6000,0,1,0,1,0,-680,-1160,-1150,-1159
2026-09-19T23:15:09Z,CHAN,19090,19090186,1000,100,0,10,0,-940,-1160,-1130
2026-09-19T23:15:51Z,CHAN,19132,19132186,1000,100,0,1,0,-1090,-1160,-1146
2026-09-19T23:16:08Z,CHANSUM,19090,19149,60,60000,6000,0,11,0,2,0,-940,-1160,-1150,-1159
2026-09-19T23:16:46Z,CHAN,19187,19187186,1000,100,0,1,0,-660,-1160,-1143
2026-09-19T23:16:51Z,CHAN,19192,19192186,1000,100,0,5,0,-1090,-1160,-1145
2026-09-19T23:16:56Z,CHAN,19197,19197186,1000,100,0,15,0,-930,-1160,-1119
2026-09-19T23:16:57Z,CHAN,19198,19198186,1000,100,0,72,0,-920,-1160,-1032
2026-09-19T23:16:58Z,CHAN,19199,19199186,1000,100,0,19,0,-910,-1160,-1109
2026-09-19T23:17:08Z,CHANSUM,19150,19209,60,60000,6000,0,112,0,5,0,-660,-1160,-1160,-1160
2026-09-19T23:17:55Z,CHAN,19256,19256186,1000,100,0,86,0,-920,-1150,-1004
2026-09-19T23:17:56Z,CHAN,19257,19257186,1000,100,0,20,0,-940,-1160,-1111
2026-09-19T23:18:08Z,CHANSUM,19210,19269,60,60000,6000,0,106,0,2,0,-920,-1160,-1150,-1159
2026-09-19T23:18:52Z,CHAN,19313,19313186,1000,100,0,2,0,-1080,-1160,-1146
2026-09-19T23:18:57Z,CHAN,19318,19318186,1000,100,0,1,0,-670,-1160,-1143
2026-09-19T23:19:00Z,CHAN,19321,19321186,1000,100,0,5,0,-1040,-1160,-1142
2026-09-19T23:19:08Z,CHANSUM,19270,19329,60,60000,6000,0,8,0,3,0,-670,-1160,-1160,-1160
2026-09-19T23:20:08Z,CHANSUM,19330,19389,60,60000,6000,0,0,0,0,0,-1130,-1160,-1150,-1159
2026-09-19T23:21:07Z,CHAN,19448,19448186,1000,100,0,1,0,-970,-1160,-1146
2026-09-19T23:21:08Z,CHANSUM,19390,19449,60,60000,6000,0,1,0,1,0,-970,-1160,-1150,-1159
2026-09-19T23:21:31Z,CHAN,19472,19472186,1000,100,0,8,0,-1070,-1160,-1141
2026-09-19T23:22:08Z,CHANSUM,19450,19509,60,60000,6000,0,8,0,1,0,-1070,-1160,-1160,-1160
2026-09-19T23:22:57Z,CHAN,19558,19558186,1000,100,0,1,0,-1090,-1160,-1147
2026-09-19T23:22:58Z,CHAN,19559,19559186,1000,100,0,2,0,-1080,-1160,-1145
2026-09-19T23:23:08Z,CHANSUM,19510,19569,60,60000,6000,0,3,0,2,0,-1080,-1160,-1150,-1159
2026-09-19T23:23:18Z,CHAN,19579,19579186,1000,100,0,1,0,-670,-1160,-1142
2026-09-19T23:23:32Z,CHAN,19593,19593186,1000,100,0,9,0,-950,-1160,-1130
2026-09-19T23:24:08Z,CHANSUM,19570,19629,60,60000,6000,0,10,0,2,0,-670,-1160,-1150,-1159
2026-09-19T23:24:17Z,CHAN,19638,19638186,1000,100,0,5,0,-1090,-1160,-1145
2026-09-19T23:25:08Z,CHANSUM,19630,19689,60,60000,6000,0,5,0,1,0,-1090,-1160,-1160,-1160
2026-09-19T23:25:29Z,CHAN,19710,19710186,1000,100,0,1,0,-670,-1160,-1142
2026-09-19T23:26:05Z,CHAN,19746,19746186,1000,100,0,3,0,-1070,-1160,-1145
2026-09-19T23:26:08Z,CHANSUM,19690,19749,60,60000,6000,0,4,0,2,0,-670,-1160,-1160,-1160
2026-09-19T23:26:54Z,CHAN,19794,19794186,1000,100,0,2,0,-1060,-1160,-1146
2026-09-19T23:26:55Z,CHAN,19795,19795186,1000,100,0,6,0,-960,-1160,-1138
2026-09-19T23:27:09Z,CHANSUM,19750,19809,60,60000,6000,0,8,0,2,0,-960,-1160,-1150,-1159
2026-09-19T23:27:20Z,CHAN,19820,19820186,1000,100,0,5,0,-1090,-1150,-1144
2026-09-19T23:27:40Z,CHAN,19840,19840186,1000,100,0,2,0,-980,-1160,-1145
2026-09-19T23:28:09Z,CHANSUM,19810,19869,60,60000,6000,0,7,0,2,0,-980,-1160,-1150,-1159
2026-09-19T23:29:01Z,CHAN,19921,19921186,1000,100,0,1,0,-1090,-1160,-1146
2026-09-19T23:29:09Z,CHANSUM,19870,19929,60,60000,6000,0,1,0,1,0,-1090,-1160,-1150,-1159
2026-09-19T23:29:11Z,CHAN,19931,19931186,1000,100,0,4,0,-970,-1160,-1140
2026-09-19T23:29:51Z,CHAN,19971,19971186,1000,100,0,1,0,-660,-1160,-1142
2026-09-19T23:30:09Z,CHANSUM,19930,19989,60,60000,6000,0,5,0,2,0,-660,-1160,-1160,-1160
2026-09-19T23:31:05Z,CHAN,20045,20045186,1000,100,0,5,0,-1070,-1160,-1145
2026-09-19T23:31:09Z,CHANSUM,19990,20049,60,60000,6000,0,5,0,1,0,-1070,-1160,-1160,-1160
2026-09-19T23:32:02Z,CHAN,20102,20102186,1000,100,0,1,0,-660,-1160,-1142
2026-09-19T23:32:09Z,CHANSUM,20050,20109,60,60000,6000,0,1,0,1,0,-660,-1160,-1150,-1159
2026-09-19T23:32:35Z,CHAN,20135,20135186,1000,100,0,5,0,-1070,-1160,-1143
2026-09-19T23:33:09Z,CHANSUM,20110,20169,60,60000,6000,0,5,0,1,0,-1070,-1160,-1150,-1159
2026-09-19T23:33:11Z,CHAN,20171,20171186,1000,100,0,1,0,-1090,-1160,-1147
2026-09-19T23:34:09Z,CHANSUM,20170,20229,60,60000,6000,0,1,0,1,0,-1090,-1160,-1150,-1159
2026-09-19T23:34:12Z,CHAN,20232,20232186,1000,100,0,1,0,-1080,-1160,-1145
2026-09-19T23:34:26Z,CHAN,20246,20246186,1000,100,0,5,0,-1090,-1160,-1144
2026-09-19T23:34:53Z,CHAN,20273,20273186,1000,100,0,1,0,-1090,-1160,-1146
2026-09-19T23:34:56Z,CHAN,20276,20276186,1000,100,0,2,0,-1070,-1160,-1146
2026-09-19T23:34:57Z,CHAN,20277,20277186,1000,100,0,24,0,-940,-1160,-1105
2026-09-19T23:35:09Z,CHANSUM,20230,20289,60,60000,6000,0,33,0,5,0,-940,-1160,-1150,-1159
2026-09-19T23:36:09Z,CHANSUM,20290,20349,60,60000,6000,0,0,0,0,0,-1110,-1160,-1150,-1159
2026-09-19T23:36:23Z,CHAN,20363,20363186,1000,100,0,1,0,-670,-1160,-1142
2026-09-19T23:37:03Z,CHAN,20403,20403186,1000,100,0,4,0,-1090,-1160,-1145
2026-09-19T23:37:09Z,CHANSUM,20350,20409,60,60000,6000,0,5,0,2,0,-670,-1160,-1150,-1159
2026-09-19T23:38:09Z,CHANSUM,20410,20469,60,60000,6000,0,0,0,0,0,-1120,-1160,-1150,-1159
2026-09-19T23:38:34Z,CHAN,20494,20494186,1000,100,0,1,0,-700,-1160,-1142
2026-09-19T23:39:09Z,CHANSUM,20470,20529,60,60000,6000,0,1,0,1,0,-700,-1160,-1150,-1159
2026-09-19T23:40:09Z,CHANSUM,20530,20589,60,60000,6000,0,0,0,0,0,-1130,-1160,-1160,-1160
2026-09-19T23:40:17Z,CHAN,20597,20597186,1000,100,0,5,0,-1090,-1160,-1146
2026-09-19T23:40:44Z,CHAN,20624,20624186,1000,100,0,1,0,-670,-1160,-1143
2026-09-19T23:41:09Z,CHANSUM,20590,20649,60,60000,6000,0,6,0,2,0,-670,-1160,-1150,-1159
2026-09-19T23:42:09Z,CHANSUM,20650,20709,60,60000,6000,0,0,0,0,0,-1130,-1160,-1150,-1159
2026-09-19T23:42:54Z,CHAN,20755,20755186,1000,100,0,1,0,-670,-1160,-1142
2026-09-19T23:42:57Z,CHAN,20758,20758186,1000,100,0,5,0,-940,-1160,-1138
2026-09-19T23:43:08Z,CHANSUM,20710,20769,60,60000,6000,0,6,0,2,0,-670,-1160,-1160,-1160
2026-09-19T23:43:12Z,CHAN,20773,20773186,1000,100,0,2,0,-1100,-1160,-1147
2026-09-19T23:43:24Z,CHAN,20785,20785186,1000,100,0,1,0,-1090,-1160,-1147
2026-09-19T23:44:08Z,CHANSUM,20770,20829,60,60000,6000,0,3,0,2,0,-1090,-1160,-1160,-1160
2026-09-19T23:45:05Z,CHAN,20886,20886186,1000,100,0,1,0,-1060,-1160,-1146
2026-09-19T23:45:08Z,CHANSUM,20830,20889,60,60000,6000,0,1,0,1,0,-1060,-1160,-1150,-1159
2026-09-19T23:46:06Z,CHAN,20947,20947186,1000,100,0,5,0,-1090,-1160,-1146
2026-09-19T23:46:08Z,CHANSUM,20890,20949,60,60000,6000,0,5,0,1,0,-1090,-1160,-1150,-1159
2026-09-19T23:47:08Z,CHANSUM,20950,21009,60,60000,6000,0,0,0,0,0,-1130,-1160,-1150,-1159
2026-09-19T23:47:16Z,CHAN,21017,21017186,1000,100,0,1,0,-670,-1160,-1144
2026-09-19T23:48:08Z,CHANSUM,21010,21069,60,60000,6000,0,1,0,1,0,-670,-1160,-1150,-1159
2026-09-19T23:48:14Z,CHAN,21075,21075186,1000,100,0,4,0,-1090,-1160,-1145
2026-09-19T23:49:08Z,CHANSUM,21070,21129,60,60000,6000,0,4,0,1,0,-1090,-1160,-1160,-1160
2026-09-19T23:49:26Z,CHAN,21147,21147186,1000,100,0,1,0,-670,-1160,-1142
2026-09-19T23:50:02Z,CHAN,21183,21183186,1000,100,0,5,0,-940,-1160,-1138
2026-09-19T23:50:08Z,CHANSUM,21130,21189,60,60000,6000,0,6,0,2,0,-670,-1160,-1150,-1159
2026-09-19T23:51:08Z,CHANSUM,21190,21249,60,60000,6000,0,0,0,0,0,-1130,-1160,-1150,-1159
2026-09-19T23:51:37Z,CHAN,21278,21278186,1000,100,0,2,0,-1070,-1160,-1146
2026-09-19T23:52:08Z,CHANSUM,21250,21309,60,60000,6000,0,2,0,1,0,-1070,-1160,-1150,-1159
2026-09-19T23:52:16Z,CHAN,21317,21317186,1000,100,0,3,0,-1080,-1160,-1145
2026-09-19T23:53:08Z,CHANSUM,21310,21369,60,60000,6000,0,3,0,1,0,-1080,-1160,-1160,-1160
2026-09-19T23:53:48Z,CHAN,21409,21409186,1000,100,0,1,0,-660,-1160,-1143
2026-09-19T23:54:08Z,CHANSUM,21370,21429,60,60000,6000,0,1,0,1,0,-660,-1160,-1150,-1159
2026-09-19T23:54:54Z,CHAN,21475,21475186,1000,100,0,5,0,-970,-1160,-1139
2026-09-19T23:54:55Z,CHAN,21476,21476186,1000,100,0,3,0,-1060,-1160,-1146
2026-09-19T23:54:56Z,CHAN,21477,21477186,1000,100,0,16,0,-950,-1160,-1126
2026-09-19T23:55:08Z,CHANSUM,21430,21489,60,60000,6000,0,24,0,3,0,-950,-1160,-1160,-1160
2026-09-19T23:55:58Z,CHAN,21539,21539186,1000,100,0,1,0,-670,-1160,-1143
2026-09-19T23:56:01Z,CHAN,21542,21542186,1000,100,0,2,0,-960,-1160,-1144
2026-09-19T23:56:02Z,CHAN,21543,21543186,1000,100,0,10,0,-940,-1160,-1129
2026-09-19T23:56:08Z,CHANSUM,21490,21549,60,60000,6000,0,13,0,3,0,-670,-1160,-1150,-1159
2026-09-19T23:57:08Z,CHANSUM,21550,21609,60,60000,6000,0,0,0,0,0,-1110,-1170,-1150,-1159
2026-09-19T23:58:08Z,CHANSUM,21610,21669,60,60000,6000,0,0,0,0,0,-1110,-1160,-1160,-1160
2026-09-19T23:58:09Z,CHAN,21670,21670186,1000,100,0,1,0,-670,-1160,-1142
2026-09-19T23:59:08Z,CHANSUM,21670,21729,60,60000,6000,0,1,0,1,0,-670,-1160,-1160,-1160
2026-09-20T00:00:03Z,CHAN,21784,21784186,1000,100,0,3,0,-1080,-1160,-1146
2026-09-20T00:00:08Z,CHANSUM,21730,21789,60,60000,6000,0,3,0,1,0,-1080,-1160,-1150,-1159
2026-09-20T00:00:20Z,CHAN,21801,21801186,1000,100,0,1,0,-670,-1160,-1141
2026-09-20T00:00:37Z,CHAN,21818,21818186,1000,100,0,5,0,-940,-1160,-1140
2026-09-20T00:01:08Z,CHANSUM,21790,21849,60,60000,6000,0,6,0,2,0,-670,-1160,-1150,-1159
2026-09-20T00:02:08Z,CHANSUM,21850,21909,60,60000,6000,0,0,0,0,0,-1130,-1160,-1150,-1159
2026-09-20T00:02:30Z,CHAN,21931,21931186,1000,100,0,1,0,-760,-1150,-1143
2026-09-20T00:02:51Z,CHAN,21952,21952186,1000,100,0,3,0,-1090,-1160,-1145
2026-09-20T00:03:08Z,CHANSUM,21910,21969,60,60000,6000,0,4,0,2,0,-760,-1160,-1150,-1159
2026-09-20T00:04:08Z,CHANSUM,21970,22029,60,60000,6000,0,0,0,0,0,-1120,-1160,-1150,-1159
2026-09-20T00:04:41Z,CHAN,22062,22062186,1000,100,0,1,0,-670,-1160,-1142
2026-09-20T00:05:08Z,CHANSUM,22030,22089,60,60000,6000,0,1,0,1,0,-670,-1160,-1150,-1159
2026-09-20T00:05:09Z,CHAN,22090,22090186,1000,100,0,4,0,-1080,-1160,-1144
2026-09-20T00:06:08Z,CHANSUM,22090,22149,60,60000,6000,0,4,0,1,0,-1080,-1160,-1150,-1159
2026-09-20T00:06:44Z,CHAN,22185,22185186,1000,100,0,9,0,-940,-1160,-1128
2026-09-20T00:06:52Z,CHAN,22193,22193186,1000,100,0,1,0,-670,-1160,-1143
2026-09-20T00:07:08Z,CHANSUM,22150,22209,60,60000,6000,0,10,0,2,0,-670,-1160,-1150,-1159
2026-09-20T00:07:48Z,CHAN,22249,22249186,1000,100,0,79,0,-940,-1160,-1019
2026-09-20T00:07:49Z,CHAN,22250,22250186,1000,100,0,27,0,-930,-1160,-1097
2026-09-20T00:08:08Z,CHANSUM,22210,22269,60,60000,6000,0,106,0,2,0,-930,-1160,-1150,-1159
2026-09-20T00:08:16Z,CHAN,22277,22277186,1000,100,0,88,0,-930,-1150,-996
2026-09-20T00:08:17Z,CHAN,22278,22278186,1000,100,0,19,0,-920,-1160,-1110
2026-09-20T00:09:02Z,CHAN,22323,22323186,1000,100,0,1,0,-1090,-1160,-1146
2026-09-20T00:09:08Z,CHANSUM,22270,22329,60,60000,6000,0,108,0,3,0,-920,-1160,-1150,-1159
2026-09-20T00:10:08Z,CHANSUM,22330,22389,60,60000,6000,0,0,0,0,0,-1130,-1160,-1150,-1159
2026-09-20T00:10:09Z,CHAN,22390,22390186,1000,100,0,2,0,-1090,-1160,-1146
2026-09-20T00:10:56Z,CHAN,22437,22437186,1000,100,0,9,0,-950,-1160,-1130
2026-09-20T00:11:08Z,CHAN,22449,22449186,1000,100,0,11,0,-930,-1160,-1128
2026-09-20T00:11:08Z,CHANSUM,22390,22449,60,60000,6000,0,22,0,3,0,-930,-1160,-1150,-1159
2026-09-20T00:11:09Z,CHAN,22450,22450186,1000,100,0,76,0,-930,-1160,-1025
2026-09-20T00:11:10Z,CHAN,22451,22451186,1000,100,0,19,0,-940,-1160,-1112
2026-09-20T00:11:13Z,CHAN,22454,22454186,1000,100,0,1,0,-670,-1160,-1142
2026-09-20T00:11:34Z,CHAN,22475,22475186,1000,100,0,88,0,-930,-1150,-999
2026-09-20T00:11:35Z,CHAN,22476,22476186,1000,100,0,19,0,-940,-1160,-1112
2026-09-20T00:12:08Z,CHANSUM,22450,22509,60,60000,6000,0,203,0,5,0,-670,-1160,-1150,-1159
2026-09-20T00:13:08Z,CHANSUM,22510,22569,60,60000,6000,0,0,0,0,0,-1120,-1160,-1150,-1159
2026-09-20T00:13:24Z,CHAN,22585,22585186,1000,100,0,1,0,-660,-1160,-1142
2026-09-20T00:14:08Z,CHANSUM,22570,22629,60,60000,6000,0,1,0,1,0,-660,-1160,-1150,-1159
2026-09-20T00:15:08Z,CHANSUM,22630,22689,60,60000,6000,0,0,0,0,0,-1130,-1160,-1150,-1159
2026-09-20T00:15:16Z,CHAN,22697,22697186,1000,100,0,4,0,-1090,-1160,-1144
2026-09-20T00:15:34Z,CHAN,22715,22715186,1000,100,0,2,0,-1010,-1160,-1144
2026-09-20T00:16:08Z,CHANSUM,22690,22749,60,60000,6000,0,6,0,2,0,-1010,-1160,-1160,-1160
2026-09-20T00:16:41Z,CHAN,22782,22782186,1000,100,0,6,0,-960,-1160,-1136
2026-09-20T00:16:42Z,CHAN,22783,22783186,1000,100,0,33,0,-940,-1160,-1084
2026-09-20T00:16:44Z,CHAN,22785,22785186,1000,100,0,41,0,-960,-1170,-1081
2026-09-20T00:17:08Z,CHANSUM,22750,22809,60,60000,6000,0,80,0,3,0,-940,-1170,-1150,-1159
2026-09-20T00:17:45Z,CHAN,22846,22846186,1000,100,0,1,0,-650,-1160,-1142
2026-09-20T00:18:08Z,CHANSUM,22810,22869,60,60000,6000,0,1,0,1,0,-650,-1160,-1150,-1159
2026-09-20T00:18:41Z,CHAN,22902,22902186,1000,100,0,18,0,-950,-1160,-1117
2026-09-20T00:18:42Z,CHAN,22903,22903186,1000,100,0,33,0,-960,-1160,-1093
2026-09-20T00:19:08Z,CHANSUM,22870,22929,60,60000,6000,0,51,0,2,0,-950,-1160,-1160,-1160
2026-09-20T00:19:37Z,CHAN,22958,22958186,1000,100,0,4,0,-1090,-1160,-1145
2026-09-20T00:19:56Z,CHAN,22977,22977186,1000,100,0,1,0,-660,-1160,-1140
2026-09-20T00:20:08Z,CHANSUM,22930,22989,60,60000,6000,0,5,0,2,0,-660,-1160,-1150,-1159
2026-09-20T00:20:18Z,CHAN,22999,22999186,1000,100,0,4,0,-1100,-1160,-1146
2026-09-20T00:21:08Z,CHANSUM,22990,23049,60,60000,6000,0,4,0,1,0,-1100,-1160,-1150,-1159
2026-09-20T00:21:14Z,CHAN,23055,23055186,1000,100,0,11,0,-920,-1160,-1129
2026-09-20T00:21:58Z,CHAN,23099,23099186,1000,100,0,14,0,-950,-1160,-1120
2026-09-20T00:21:59Z,CHAN,23100,23100186,1000,100,0,43,0,-950,-1160,-1083
2026-09-20T00:22:00Z,CHAN,23101,23101186,1000,100,0,30,0,-970,-1160,-1119
2026-09-20T00:22:07Z,CHAN,23108,23108186,1000,100,0,1,0,-990,-1160,-1146
2026-09-20T00:22:08Z,CHANSUM,23050,23109,60,60000,6000,0,99,0,5,0,-920,-1160,-1150,-1159
2026-09-20T00:22:34Z,CHAN,23135,23135186,1000,100,0,14,0,-960,-1160,-1122
2026-09-20T00:22:35Z,CHAN,23136,23136186,1000,100,0,22,0,-950,-1160,-1110
2026-09-20T00:22:36Z,CHAN,23137,23137186,1000,100,0,28,0,-950,-1160,-1096
2026-09-20T00:23:02Z,CHAN,23163,23163186,1000,100,0,37,0,-950,-1160,-1096
2026-09-20T00:23:03Z,CHAN,23164,23164186,1000,100,0,20,0,-950,-1160,-1109
2026-09-20T00:23:08Z,CHANSUM,23110,23169,60,60000,6000,0,121,0,5,0,-950,-1160,-1150,-1159
2026-09-20T00:23:22Z,CHAN,23183,23183186,1000,100,0,41,0,-950,-1160,-1091
2026-09-20T00:23:23Z,CHAN,23184,23184186,1000,100,0,15,0,-950,-1160,-1125
2026-09-20T00:23:56Z,CHAN,23217,23217186,1000,100,0,15,0,-1040,-1160,-1133
2026-09-20T00:23:57Z,CHAN,23218,23218186,1000,100,0,38,0,-940,-1160,-1083
2026-09-20T00:23:58Z,CHAN,23219,23219186,1000,100,0,4,0,-960,-1160,-1139
2026-09-20T00:24:06Z,CHAN,23227,23227186,1000,100,0,26,0,-950,-1160,-1106
2026-09-20T00:24:07Z,CHAN,23228,23228186,1000,100,0,32,0,-950,-1150,-1091
2026-09-20T00:24:08Z,CHANSUM,23170,23229,60,60000,6000,0,171,0,7,0,-940,-1160,-1150,-1158
2026-09-20T00:24:10Z,CHAN,23231,23231186,1000,100,0,1,0,-1050,-1160,-1145
2026-09-20T00:24:11Z,CHAN,23232,23232186,1000,100,0,34,0,-960,-1160,-1101
2026-09-20T00:24:15Z,CHAN,23236,23236186,1000,100,0,51,0,-950,-1170,-1057
2026-09-20T00:24:16Z,CHAN,23237,23237186,1000,100,0,14,0,-950,-1160,-1120
2026-09-20T00:24:17Z,CHAN,23238,23238186,1000,100,0,1,0,-660,-1160,-1142
2026-09-20T00:24:40Z,CHAN,23261,23261186,1000,100,0,2,0,-980,-1160,-1143
2026-09-20T00:24:41Z,CHAN,23262,23262186,1000,100,0,27,0,-950,-1160,-1098
2026-09-20T00:24:42Z,CHAN,23263,23263186,1000,100,0,38,0,-950,-1160,-1089
2026-09-20T00:25:08Z,CHANSUM,23230,23289,60,60000,6000,0,168,0,8,0,-660,-1170,-1150,-1159
2026-09-20T00:25:10Z,CHAN,23291,23291186,1000,100,0,14,0,-970,-1160,-1125
2026-09-20T00:25:11Z,CHAN,23292,23292186,1000,100,0,36,0,-950,-1150,-1085
2026-09-20T00:25:12Z,CHAN,23293,23293186,1000,100,0,14,0,-970,-1160,-1122
2026-09-20T00:25:49Z,CHAN,23330,23330186,1000,100,0,1,0,-1100,-1160,-1145
2026-09-20T00:26:08Z,CHANSUM,23290,23349,60,60000,6000,0,65,0,4,0,-950,-1160,-1150,-1159
2026-09-20T00:26:13Z,CHAN,23354,23354186,1000,100,0,1,0,-1100,-1160,-1144
2026-09-20T00:26:28Z,CHAN,23369,23369186,1000,100,0,1,0,-750,-1160,-1143
2026-09-20T00:26:35Z,CHAN,23376,23376186,1000,100,0,61,0,-940,-1160,-1042
2026-09-20T00:26:36Z,CHAN,23377,23377186,1000,100,0,3,0,-950,-1160,-1141
2026-09-20T00:27:03Z,CHAN,23404,23404186,1000,100,0,1,0,-1100,-1150,-1145
2026-09-20T00:27:08Z,CHANSUM,23350,23409,60,60000,6000,0,67,0,5,0,-750,-1160,-1150,-1158
2026-09-20T00:27:45Z,CHAN,23446,23446186,1000,100,0,3,0,-950,-1160,-1141
2026-09-20T00:27:57Z,CHAN,23458,23458186,1000,100,0,5,0,-970,-1160,-1140
2026-09-20T00:28:08Z,CHANSUM,23410,23469,60,60000,6000,0,8,0,2,0,-950,-1160,-1150,-1158
2026-09-20T00:28:11Z,CHAN,23472,23472186,1000,100,0,5,0,-880,-1160,-1133
2026-09-20T00:28:17Z,CHAN,23478,23478186,1000,100,0,32,0,-950,-1160,-1089
2026-09-20T00:28:18Z,CHAN,23479,23479186,1000,100,0,32,0,-950,-1160,-1089
2026-09-20T00:28:31Z,CHAN,23492,23492186,1000,100,0,4,0,-1080,-1160,-1145
2026-09-20T00:28:39Z,CHAN,23500,23500186,1000,100,0,1,0,-660,-1150,-1141
2026-09-20T00:28:56Z,CHAN,23517,23517186,1000,100,0,3,0,-1090,-1160,-1145
2026-09-20T00:29:08Z,CHANSUM,23470,23529,60,60000,6000,0,77,0,6,0,-660,-1160,-1150,-1158
2026-09-20T00:29:17Z,CHAN,23538,23538186,1000,100,0,48,0,-950,-1160,-1066
2026-09-20T00:29:18Z,CHAN,23539,23539186,1000,100,0,18,0,-950,-1150,-1115
2026-09-20T00:29:29Z,CHAN,23550,23550186,1000,100,0,3,0,-1090,-1160,-1145
2026-09-20T00:29:33Z,CHAN,23554,23554186,1000,100,0,4,0,-1070,-1160,-1144
2026-09-20T00:29:42Z,CHAN,23563,23563186,1000,100,0,4,0,-950,-1160,-1138
2026-09-20T00:30:08Z,CHANSUM,23530,23589,60,60000,6000,0,77,0,5,0,-950,-1160,-1150,-1159
2026-09-20T00:30:11Z,CHAN,23592,23592186,1000,100,0,8,0,-1030,-1160,-1138
2026-09-20T00:30:49Z,CHAN,23630,23630186,1000,100,0,1,0,-660,-1160,-1142
2026-09-20T00:30:53Z,CHAN,23634,23634186,1000,100,0,1,0,-1090,-1160,-1146
2026-09-20T00:31:02Z,CHAN,23643,23643186,1000,100,0,8,0,-970,-1160,-1134
2026-09-20T00:31:03Z,CHAN,23644,23644186,1000,100,0,52,0,-960,-1160,-1064
2026-09-20T00:31:08Z,CHANSUM,23590,23649,60,60000,6000,0,70,0,5,0,-660,-1160,-1150,-1159
2026-09-20T00:32:02Z,CHAN,23703,23703186,1000,100,0,24,0,-950,-1160,-1103
2026-09-20T00:32:03Z,CHAN,23704,23704186,1000,100,0,40,0,-950,-1160,-1077
2026-09-20T00:32:08Z,CHANSUM,23650,23709,60,60000,6000,0,64,0,2,0,-950,-1160,-1150,-1159
2026-09-20T00:32:18Z,CHAN,23719,23719186,1000,100,0,33,0,-940,-1160,-1086
2026-09-20T00:32:19Z,CHAN,23720,23720186,1000,100,0,31,0,-950,-1160,-1092
2026-09-20T00:33:08Z,CHANSUM,23710,23769,60,60000,6000,0,64,0,2,0,-940,-1160,-1150,-1159
2026-09-20T00:33:18Z,CHAN,23779,23779186,1000,100,0,47,0,-950,-1150,-1061
2026-09-20T00:33:19Z,CHAN,23780,23780186,1000,100,0,17,0,-950,-1160,-1114
2026-09-20T00:33:41Z,CHAN,23802,23802186,1000,100,0,48,0,-950,-1160,-1060
2026-09-20T00:33:42Z,CHAN,23803,23803186,1000,100,0,30,0,-950,-1160,-1093
2026-09-20T00:33:44Z,CHAN,23805,23805186,1000,100,0,3,0,-870,-1160,-1139
2026-09-20T00:34:01Z,CHAN,23822,23822186,1000,100,0,5,0,-1020,-1160,-1141
2026-09-20T00:34:08Z,CHANSUM,23770,23829,60,60000,6000,0,150,0,6,0,-870,-1160,-1150,-1158
2026-09-20T00:34:27Z,CHAN,23848,23848186,1000,100,0,5,0,-970,-1160,-1138
2026-09-20T00:35:08Z,CHANSUM,23830,23889,60,60000,6000,0,5,0,1,0,-970,-1160,-1150,-1159
2026-09-20T00:35:11Z,CHAN,23892,23892186,1000,100,0,1,0,-650,-1160,-1142
2026-09-20T00:35:26Z,CHAN,23907,23907186,1000,100,0,65,0,-940,-1160,-1035
2026-09-20T00:35:46Z,CHAN,23927,23927186,1000,100,0,21,0,-950,-1160,-1108
2026-09-20T00:35:47Z,CHAN,23928,23928186,1000,100,0,43,0,-950,-1150,-1070
2026-09-20T00:36:08Z,CHANSUM,23890,23949,60,60000,6000,0,130,0,4,0,-650,-1160,-1150,-1158
2026-09-20T00:36:46Z,CHAN,23987,23987186,1000,100,0,32,0,-950,-1160,-1089
2026-09-20T00:36:47Z,CHAN,23988,23988186,1000,100,0,34,0,-950,-1160,-1088
2026-09-20T00:37:08Z,CHANSUM,23950,24009,60,60000,6000,0,66,0,2,0,-950,-1160,-1150,-1159
2026-09-20T00:37:21Z,CHAN,24022,24022186,1000,100,0,1,0,-660,-1160,-1140
2026-09-20T00:38:08Z,CHANSUM,24010,24069,60,60000,6000,0,1,0,1,0,-660,-1160,-1150,-1159
2026-09-20T00:39:08Z,CHANSUM,24070,24129,60,60000,6000,0,0,0,0,0,-1130,-1160,-1150,-1159
2026-09-20T00:39:32Z,CHAN,24153,24153186,1000,100,0,1,0,-1050,-1160,-1145
2026-09-20T00:40:08Z,CHANSUM,24130,24189,60,60000,6000,0,1,0,1,0,-1050,-1160,-1150,-1159
2026-09-20T00:40:40Z,CHAN,24221,24221186,1000,100,0,29,0,-940,-1160,-1096
2026-09-20T00:40:41Z,CHAN,24222,24222186,1000,100,0,36,0,-950,-1160,-1087
2026-09-20T00:40:44Z,CHAN,24225,24225186,1000,100,0,5,0,-1030,-1160,-1142
2026-09-20T00:41:08Z,CHANSUM,24190,24249,60,60000,6000,0,70,0,3,0,-940,-1160,-1150,-1159
2026-09-20T00:41:40Z,CHAN,24281,24281186,1000,100,0,36,0,-950,-1160,-1085
2026-09-20T00:41:41Z,CHAN,24282,24282186,1000,100,0,28,0,-950,-1160,-1097
2026-09-20T00:41:43Z,CHAN,24284,24284186,1000,100,0,1,0,-650,-1160,-1141
2026-09-20T00:41:54Z,CHAN,24295,24295186,1000,100,0,5,0,-980,-1160,-1139
2026-09-20T00:41:59Z,CHAN,24300,24300186,1000,100,0,9,0,-950,-1160,-1131
2026-09-20T00:42:00Z,CHAN,24301,24301186,1000,100,0,55,0,-950,-1150,-1050
2026-09-20T00:42:08Z,CHANSUM,24250,24309,60,60000,6000,0,134,0,6,0,-650,-1170,-1150,-1158
2026-09-20T00:42:52Z,CHAN,24353,24353186,1000,100,0,5,0,-1100,-1160,-1144
2026-09-20T00:42:59Z,CHAN,24360,24360186,1000,100,0,25,0,-950,-1160,-1101
2026-09-20T00:43:00Z,CHAN,24361,24361186,1000,100,0,38,0,-950,-1160,-1082
2026-09-20T00:43:08Z,CHANSUM,24310,24369,60,60000,6000,0,68,0,3,0,-950,-1160,-1150,-1159
2026-09-20T00:43:12Z,CHAN,24373,24373186,1000,100,0,9,0,-950,-1170,-1130
2026-09-20T00:43:47Z,CHAN,24408,24408186,1000,100,0,3,0,-1070,-1160,-1145
2026-09-20T00:43:53Z,CHAN,24414,24414186,1000,100,0,1,0,-660,-1160,-1143
2026-09-20T00:43:57Z,CHAN,24418,24418186,1000,100,0,5,0,-920,-1160,-1136
2026-09-20T00:44:08Z,CHANSUM,24370,24429,60,60000,6000,0,18,0,4,0,-660,-1170,-1150,-1159
2026-09-20T00:44:20Z,CHAN,24441,24441186,1000,100,0,3,0,-1050,-1160,-1143
2026-09-20T00:44:47Z,CHAN,24468,24468186,1000,100,0,4,0,-1080,-1160,-1145
2026-09-20T00:44:57Z,CHAN,24478,24478186,1000,100,0,1,0,-1090,-1160,-1145
2026-09-20T00:45:08Z,CHANSUM,24430,24489,60,60000,6000,0,8,0,3,0,-1050,-1160,-1150,-1159
2026-09-20T00:45:16Z,CHAN,24497,24497186,1000,100,0,3,0,-1090,-1160,-1145
2026-09-20T00:45:21Z,CHAN,24502,24502186,1000,100,0,1,0,-1090,-1160,-1146
2026-09-20T00:46:04Z,CHAN,24545,24545186,1000,100,0,1,0,-660,-1160,-1142
2026-09-20T00:46:08Z,CHANSUM,24490,24549,60,60000,6000,0,5,0,3,0,-660,-1160,-1150,-1159
2026-09-20T00:46:12Z,CHAN,24553,24553186,1000,100,0,1,0,-1100,-1160,-1146
2026-09-20T00:46:26Z,CHAN,24567,24567186,1000,100,0,2,0,-1080,-1160,-1146
2026-09-20T00:46:27Z,CHAN,24568,24568186,1000,100,0,1,0,-1100,-1160,-1146
2026-09-20T00:46:31Z,CHAN,24572,24572186,1000,100,0,1,0,-1100,-1160,-1145
2026-09-20T00:46:48Z,CHAN,24589,24589186,1000,100,0,4,0,-990,-1160,-1141
2026-09-20T00:47:00Z,CHAN,24601,24601186,1000,100,0,3,0,-1040,-1160,-1144
2026-09-20T00:47:08Z,CHANSUM,24550,24609,60,60000,6000,0,12,0,6,0,-990,-1160,-1150,-1159
2026-09-20T00:48:08Z,CHANSUM,24610,24669,60,60000,6000,0,0,0,0,0,-1110,-1160,-1150,-1159
2026-09-20T00:48:15Z,CHAN,24676,24676186,1000,100,0,4,0,-660,-1160,-1140
2026-09-20T00:48:34Z,CHAN,24695,24695186,1000,100,0,3,0,-970,-1160,-1143
2026-09-20T00:49:07Z,CHAN,24728,24728186,1000,100,0,3,0,-1100,-1150,-1145
2026-09-20T00:49:08Z,CHANSUM,24670,24729,60,60000,6000,0,10,0,3,0,-660,-1160,-1150,-1159
2026-09-20T00:49:13Z,CHAN,24734,24734186,1000,100,0,5,0,-1030,-1160,-1142
2026-09-20T00:49:21Z,CHAN,24742,24742186,1000,100,0,3,0,-1040,-1160,-1143
2026-09-20T00:49:28Z,CHAN,24749,24749186,1000,100,0,3,0,-950,-1160,-1141
2026-09-20T00:49:31Z,CHAN,24752,24752186,1000,100,0,3,0,-950,-1160,-1141
2026-09-20T00:50:08Z,CHANSUM,24730,24789,60,60000,6000,0,14,0,4,0,-950,-1160,-1150,-1158
2026-09-20T00:50:25Z,CHAN,24806,24806186,1000,100,0,1,0,-800,-1160,-1143
2026-09-20T00:51:05Z,CHAN,24846,24846186,1000,100,0,9,0,-950,-1150,-1130
2026-09-20T00:51:06Z,CHAN,24847,24847186,1000,100,0,55,0,-950,-1160,-1052
2026-09-20T00:51:08Z,CHANSUM,24790,24849,60,60000,6000,0,65,0,3,0,-800,-1160,-1150,-1159
2026-09-20T00:51:52Z,CHAN,24893,24893186,1000,100,0,5,0,-950,-1160,-1137
2026-09-20T00:52:08Z,CHANSUM,24850,24909,60,60000,6000,0,5,0,1,0,-950,-1160,-1150,-1159
2026-09-20T00:52:34Z,CHAN,24935,24935186,1000,100,0,14,0,-970,-1160,-1124
2026-09-20T00:52:35Z,CHAN,24936,24936186,1000,100,0,27,0,-960,-1160,-1110
2026-09-20T00:52:36Z,CHAN,24937,24937186,1000,100,0,15,0,-670,-1160,-1118
2026-09-20T00:52:38Z,CHAN,24939,24939186,1000,100,0,40,0,-950,-1160,-1077
2026-09-20T00:52:39Z,CHAN,24940,24940186,1000,100,0,17,0,-950,-1160,-1116
2026-09-20T00:53:08Z,CHANSUM,24910,24969,60,60000,6000,0,113,0,5,0,-670,-1160,-1150,-1159
2026-09-20T00:53:12Z,CHAN,24973,24973186,1000,100,0,14,0,-960,-1160,-1128
2026-09-20T00:53:13Z,CHAN,24974,24974186,1000,100,0,35,0,-950,-1160,-1092
2026-09-20T00:53:14Z,CHAN,24975,24975186,1000,100,0,7,0,-950,-1160,-1136
2026-09-20T00:53:22Z,CHAN,24983,24983186,1000,100,0,12,0,-950,-1160,-1125
2026-09-20T00:53:23Z,CHAN,24984,24984186,1000,100,0,30,0,-950,-1160,-1092
2026-09-20T00:53:24Z,CHAN,24985,24985186,1000,100,0,15,0,-970,-1160,-1127
2026-09-20T00:53:25Z,CHAN,24986,24986186,1000,100,0,20,0,-950,-1160,-1109
2026-09-20T00:53:26Z,CHAN,24987,24987186,1000,100,0,58,0,-950,-1160,-1053
2026-09-20T00:53:28Z,CHAN,24989,24989186,1000,100,0,18,0,-960,-1150,-1114
2026-09-20T00:53:29Z,CHAN,24990,24990186,1000,100,0,46,0,-950,-1150,-1075
2026-09-20T00:54:08Z,CHANSUM,24970,25029,60,60000,6000,0,255,0,10,0,-950,-1160,-1150,-1159
2026-09-20T00:54:30Z,CHAN,25051,25051186,1000,100,0,28,0,-950,-1160,-1097
2026-09-20T00:54:31Z,CHAN,25052,25052186,1000,100,0,31,0,-950,-1160,-1102
2026-09-20T00:54:38Z,CHAN,25059,25059186,1000,100,0,32,0,-950,-1160,-1089
2026-09-20T00:54:39Z,CHAN,25060,25060186,1000,100,0,32,0,-950,-1160,-1093
2026-09-20T00:54:47Z,CHAN,25068,25068186,1000,100,0,1,0,-660,-1160,-1142
2026-09-20T00:54:51Z,CHAN,25072,25072186,1000,100,0,22,0,-970,-1160,-1112
2026-09-20T00:54:52Z,CHAN,25073,25073186,1000,100,0,28,0,-950,-1160,-1100
2026-09-20T00:54:53Z,CHAN,25074,25074186,1000,100,0,14,0,-950,-1160,-1122
2026-09-20T00:55:08Z,CHANSUM,25030,25089,60,60000,6000,0,188,0,8,0,-660,-1160,-1150,-1159
2026-09-20T00:56:09Z,CHANSUM,25090,25149,60,60000,6000,0,0,0,0,0,-1120,-1160,-1150,-1159
2026-09-20T00:56:27Z,CHAN,25168,25168186,1000,100,0,5,0,-950,-1160,-1137
2026-09-20T00:56:58Z,CHAN,25199,25199186,1000,100,0,1,0,-1100,-1160,-1146
2026-09-20T00:57:09Z,CHANSUM,25150,25209,60,60000,6000,0,6,0,2,0,-950,-1160,-1150,-1159
2026-09-20T00:57:09Z,CHAN,25210,25210186,1000,100,0,27,0,-940,-1160,-1097
2026-09-20T00:57:10Z,CHAN,25211,25211186,1000,100,0,29,0,-940,-1160,-1099
2026-09-20T00:57:16Z,CHAN,25217,25217186,1000,100,0,29,0,-950,-1160,-1097
2026-09-20T00:57:17Z,CHAN,25218,25218186,1000,100,0,32,0,-950,-1160,-1104
2026-09-20T00:57:18Z,CHAN,25219,25219186,1000,100,0,4,0,-950,-1150,-1139
2026-09-20T00:57:46Z,CHAN,25247,25247186,1000,100,0,5,0,-970,-1160,-1138
2026-09-20T00:57:47Z,CHAN,25248,25248186,1000,100,0,38,0,-950,-1160,-1087
2026-09-20T00:57:48Z,CHAN,25249,25249186,1000,100,0,35,0,-950,-1160,-1097
2026-09-20T00:57:49Z,CHAN,25250,25250186,1000,100,0,36,0,-950,-1160,-1094
2026-09-20T00:58:09Z,CHANSUM,25210,25269,60,60000,6000,0,235,0,9,0,-940,-1160,-1150,-1159
2026-09-20T00:58:24Z,CHAN,25285,25285186,1000,100,0,14,0,-950,-1160,-1121
2026-09-20T00:58:25Z,CHAN,25286,25286186,1000,100,0,42,0,-950,-1160,-1071
2026-09-20T00:58:53Z,CHAN,25314,25314186,1000,100,0,29,0,-950,-1160,-1095
2026-09-20T00:58:54Z,CHAN,25315,25315186,1000,100,0,35,0,-960,-1160,-1088
2026-09-20T00:59:08Z,CHAN,25329,25329186,1000,100,0,1,0,-680,-1160,-1142
2026-09-20T00:59:09Z,CHANSUM,25270,25329,60,60000,6000,0,121,0,5,0,-680,-1160,-1150,-1159
2026-09-20T01:00:09Z,CHANSUM,25330,25389,60,60000,6000,0,0,0,0,0,-1120,-1160,-1150,-1159
2026-09-20T01:00:32Z,CHAN,25412,25412186,1000,100,0,4,0,-1070,-1160,-1143
2026-09-20T01:00:35Z,CHAN,25415,25415186,1000,100,0,28,0,-950,-1150,-1096
2026-09-20T01:00:36Z,CHAN,25416,25416186,1000,100,0,28,0,-950,-1160,-1096
2026-09-20T01:00:40Z,CHAN,25420,25420186,1000,100,0,3,0,-1090,-1160,-1145
2026-09-20T01:00:55Z,CHAN,25435,25435186,1000,100,0,3,0,-920,-1160,-1141
2026-09-20T01:01:08Z,CHAN,25448,25448186,1000,100,0,4,0,-1020,-1160,-1143
2026-09-20T01:01:09Z,CHANSUM,25390,25449,60,60000,6000,0,70,0,6,0,-920,-1160,-1150,-1159
2026-09-20T01:01:18Z,CHAN,25458,25458186,1000,100,0,3,0,-980,-1160,-1142
2026-09-20T01:01:20Z,CHAN,25460,25460186,1000,100,0,1,0,-670,-1160,-1143
2026-09-20T01:02:09Z,CHANSUM,25450,25509,60,60000,6000,0,4,0,2,0,-670,-1170,-1150,-1160
2026-09-20T01:02:41Z,CHAN,25542,25542186,1000,100,0,29,0,-950,-1160,-1097
2026-09-20T01:02:42Z,CHAN,25543,25543186,1000,100,0,23,0,-950,-1160,-1109
2026-09-20T01:02:43Z,CHAN,25544,25544186,1000,100,0,13,0,-950,-1160,-1123
2026-09-20T01:03:08Z,CHANSUM,25510,25569,60,60000,6000,0,65,0,3,0,-950,-1160,-1150,-1159
2026-09-20T01:03:30Z,CHAN,25591,25591186,1000,100,0,2,0,-990,-1160,-1144
2026-09-20T01:04:08Z,CHANSUM,25570,25629,60,60000,6000,0,2,0,1,0,-990,-1160,-1150,-1159
2026-09-20T01:04:09Z,CHAN,25630,25630186,1000,100,0,5,0,-1090,-1160,-1146
2026-09-20T01:05:04Z,CHAN,25685,25685186,1000,100,0,5,0,-1040,-1160,-1140
2026-09-20T01:05:08Z,CHANSUM,25630,25689,60,60000,6000,0,10,0,2,0,-1040,-1160,-1150,-1159
2026-09-20T01:05:40Z,CHAN,25721,25721186,1000,100,0,1,0,-660,-1160,-1142
2026-09-20T01:06:08Z,CHANSUM,25690,25749,60,60000,6000,0,1,0,1,0,-660,-1160,-1150,-1159
2026-09-20T01:06:52Z,CHAN,25793,25793186,1000,100,0,5,0,-1080,-1160,-1144
2026-09-20T01:07:08Z,CHANSUM,25750,25809,60,60000,6000,0,5,0,1,0,-1080,-1160,-1150,-1159
2026-09-20T01:07:42Z,CHAN,25843,25843186,1000,100,0,10,0,-1050,-1160,-1135
2026-09-20T01:07:51Z,CHAN,25852,25852186,1000,100,0,1,0,-660,-1160,-1141
2026-09-20T01:08:08Z,CHANSUM,25810,25869,60,60000,6000,0,11,0,2,0,-660,-1160,-1150,-1159
2026-09-20T01:09:08Z,CHANSUM,25870,25929,60,60000,6000,0,0,0,0,0,-1120,-1160,-1150,-1159
2026-09-20T01:10:02Z,CHAN,25983,25983186,1000,100,0,1,0,-1020,-1160,-1146
2026-09-20T01:10:08Z,CHANSUM,25930,25989,60,60000,6000,0,1,0,1,0,-1020,-1160,-1150,-1159
2026-09-20T01:11:08Z,CHANSUM,25990,26049,60,60000,6000,0,0,0,0,0,-1130,-1160,-1150,-1159
2026-09-20T01:12:08Z,CHANSUM,26050,26109,60,60000,6000,0,0,0,0,0,-1130,-1160,-1150,-1158
2026-09-20T01:12:12Z,CHAN,26113,26113186,1000,100,0,1,0,-660,-1160,-1142
2026-09-20T01:12:20Z,CHAN,26121,26121186,1000,100,0,3,0,-1100,-1160,-1145
2026-09-20T01:13:08Z,CHANSUM,26110,26169,60,60000,6000,0,4,0,2,0,-660,-1160,-1150,-1159
2026-09-20T01:13:49Z,CHAN,26210,26210186,1000,100,0,5,0,-870,-1150,-1133
2026-09-20T01:14:08Z,CHANSUM,26170,26229,60,60000,6000,0,5,0,1,0,-870,-1160,-1150,-1159
2026-09-20T01:14:23Z,CHAN,26244,26244186,1000,100,0,1,0,-780,-1160,-1144
2026-09-20T01:14:59Z,CHAN,26280,26280186,1000,100,0,4,0,-960,-1160,-1138
2026-09-20T01:15:08Z,CHANSUM,26230,26289,60,60000,6000,0,5,0,2,0,-780,-1160,-1150,-1159
2026-09-20T01:16:08Z,CHANSUM,26290,26349,60,60000,6000,0,0,0,0,0,-1130,-1160,-1150,-1158
2026-09-20T01:16:34Z,CHAN,26375,26375186,1000,100,0,1,0,-660,-1150,-1141
2026-09-20T01:16:39Z,CHAN,26380,26380186,1000,100,0,3,0,-1090,-1160,-1146
2026-09-20T01:16:45Z,CHAN,26386,26386186,1000,100,0,5,0,-970,-1150,-1138
2026-09-20T01:17:08Z,CHANSUM,26350,26409,60,60000,6000,0,9,0,3,0,-660,-1160,-1150,-1159
2026-09-20T01:18:08Z,CHANSUM,26410,26469,60,60000,6000,0,0,0,0,0,-1130,-1160,-1150,-1159
2026-09-20T01:18:44Z,CHAN,26505,26505186,1000,100,0,1,0,-670,-1160,-1141
2026-09-20T01:19:08Z,CHANSUM,26470,26529,60,60000,6000,0,1,0,1,0,-670,-1160,-1150,-1159
2026-09-20T01:20:08Z,CHANSUM,26530,26589,60,60000,6000,0,0,0,0,0,-1130,-1160,-1150,-1159
2026-09-20T01:20:32Z,CHAN,26613,26613186,1000,100,0,2,0,-1100,-1160,-1145
2026-09-20T01:20:34Z,CHAN,26615,26615186,1000,100,0,2,0,-1080,-1160,-1145
2026-09-20T01:20:42Z,CHAN,26623,26623186,1000,100,0,2,0,-1090,-1150,-1145
2026-09-20T01:21:08Z,CHANSUM,26590,26649,60,60000,6000,0,6,0,3,0,-1080,-1170,-1150,-1158
2026-09-20T01:21:40Z,CHAN,26681,26681186,1000,100,0,3,0,-1090,-1160,-1145
2026-09-20T01:22:08Z,CHANSUM,26650,26709,60,60000,6000,0,3,0,1,0,-1090,-1160,-1150,-1159
2026-09-20T01:23:06Z,CHAN,26767,26767186,1000,100,0,1,0,-660,-1150,-1140
2026-09-20T01:23:08Z,CHANSUM,26710,26769,60,60000,6000,0,1,0,1,0,-660,-1160,-1150,-1158
2026-09-20T01:23:24Z,CHAN,26785,26785186,1000,100,0,3,0,-1100,-1160,-1143
2026-09-20T01:24:08Z,CHANSUM,26770,26829,60,60000,6000,0,3,0,1,0,-1100,-1160,-1150,-1159
2026-09-20T01:25:08Z,CHAN,26889,26889186,1000,100,0,1,0,-1100,-1150,-1145
2026-09-20T01:25:08Z,CHANSUM,26830,26889,60,60000,6000,0,1,0,1,0,-1100,-1160,-1150,-1159
2026-09-20T01:25:16Z,CHAN,26897,26897186,1000,100,0,1,0,-660,-1150,-1142
2026-09-20T01:26:08Z,CHANSUM,26890,26949,60,60000,6000,0,1,0,1,0,-660,-1160,-1150,-1158
2026-09-20T01:27:08Z,CHANSUM,26950,27009,60,60000,6000,0,0,0,0,0,-1120,-1170,-1150,-1159
2026-09-20T01:27:27Z,CHAN,27028,27028186,1000,100,0,1,0,-1030,-1160,-1144
2026-09-20T01:28:08Z,CHANSUM,27010,27069,60,60000,6000,0,1,0,1,0,-1030,-1160,-1150,-1158
2026-09-20T01:29:08Z,CHANSUM,27070,27129,60,60000,6000,0,0,0,0,0,-1130,-1160,-1150,-1158
2026-09-20T01:29:38Z,CHAN,27159,27159186,1000,100,0,1,0,-660,-1160,-1142
2026-09-20T01:30:08Z,CHANSUM,27130,27189,60,60000,6000,0,1,0,1,0,-660,-1160,-1150,-1159
2026-09-20T01:31:08Z,CHAN,27249,27249186,1000,100,0,3,0,-880,-1160,-1138
2026-09-20T01:31:08Z,CHANSUM,27190,27249,60,60000,6000,0,3,0,1,0,-880,-1160,-1150,-1159
2026-09-20T01:31:16Z,CHAN,27257,27257186,1000,100,0,4,0,-1070,-1160,-1144
2026-09-20T01:31:48Z,CHAN,27289,27289186,1000,100,0,1,0,-670,-1160,-1142
2026-09-20T01:31:59Z,CHAN,27300,27300186,1000,100,0,3,0,-1100,-1160,-1144
2026-09-20T01:32:08Z,CHANSUM,27250,27309,60,60000,6000,0,8,0,3,0,-670,-1160,-1150,-1157
2026-09-20T01:32:10Z,CHAN,27311,27311186,1000,100,0,4,0,-690,-1160,-1131
2026-09-20T01:32:50Z,CHAN,27351,27351186,1000,100,0,3,0,-1050,-1160,-1143
2026-09-20T01:33:04Z,CHAN,27365,27365186,1000,100,0,3,0,-1030,-1160,-1143
2026-09-20T01:33:08Z,CHANSUM,27310,27369,60,60000,6000,0,10,0,3,0,-690,-1160,-1150,-1159
2026-09-20T01:33:10Z,CHAN,27371,27371186,1000,100,0,2,0,-1100,-1160,-1145
2026-09-20T01:33:16Z,CHAN,27377,27377186,1000,100,0,3,0,-1080,-1160,-1144
2026-09-20T01:33:17Z,CHAN,27378,27378186,1000,100,0,1,0,-1100,-1160,-1145
2026-09-20T01:33:24Z,CHAN,27385,27385186,1000,100,0,5,0,-1040,-1160,-1141
2026-09-20T01:33:45Z,CHAN,27406,27406186,1000,100,0,3,0,-1090,-1160,-1144
2026-09-20T01:33:52Z,CHAN,27413,27413186,1000,100,0,3,0,-1040,-1160,-1143
2026-09-20T01:33:54Z,CHAN,27415,27415186,1000,100,0,1,0,-1100,-1160,-1145
2026-09-20T01:33:59Z,CHAN,27420,27420186,1000,100,0,1,0,-660,-1160,-1141
2026-09-20T01:34:00Z,CHAN,27421,27421186,1000,100,0,3,0,-1100,-1160,-1145
2026-09-20T01:34:01Z,CHAN,27422,27422186,1000,100,0,2,0,-1080,-1160,-1145
2026-09-20T01:34:08Z,CHANSUM,27370,27429,60,60000,6000,0,24,0,10,0,-660,-1160,-1150,-1158
2026-09-20T01:34:36Z,CHAN,27456,27456186,1000,100,0,5,0,-920,-1160,-1137
2026-09-20T01:34:42Z,CHAN,27462,27462186,1000,100,0,4,0,-950,-1160,-1138
2026-09-20T01:34:43Z,CHAN,27463,27463186,1000,100,0,5,0,-950,-1160,-1137
2026-09-20T01:34:48Z,CHAN,27468,27468186,1000,100,0,3,0,-1080,-1160,-1144
2026-09-20T01:34:51Z,CHAN,27471,27471186,1000,100,0,3,0,-1050,-1160,-1144
2026-09-20T01:35:09Z,CHANSUM,27430,27489,60,60000,6000,0,20,0,5,0,-920,-1160,-1150,-1159
2026-09-20T01:35:12Z,CHAN,27492,27492186,1000,100,0,6,0,-700,-1160,-1127
2026-09-20T01:35:14Z,CHAN,27494,27494186,1000,100,0,1,0,-1100,-1150,-1147
2026-09-20T01:35:15Z,CHAN,27495,27495186,1000,100,0,2,0,-1100,-1160,-1144
2026-09-20T01:35:17Z,CHAN,27497,27497186,1000,100,0,3,0,-1080,-1160,-1144
2026-09-20T01:35:19Z,CHAN,27499,27499186,1000,100,0,4,0,-970,-1160,-1139
2026-09-20T01:35:21Z,CHAN,27501,27501186,1000,100,0,9,0,-940,-1160,-1126
2026-09-20T01:35:28Z,CHAN,27508,27508186,1000,100,0,1,0,-1100,-1160,-1146
2026-09-20T01:35:37Z,CHAN,27517,27517186,1000,100,0,3,0,-1090,-1160,-1144
2026-09-20T01:35:52Z,CHAN,27532,27532186,1000,100,0,2,0,-1100,-1150,-1146
2026-09-20T01:35:56Z,CHAN,27536,27536186,1000,100,0,14,0,-940,-1160,-1122
2026-09-20T01:35:57Z,CHAN,27537,27537186,1000,100,0,73,0,-930,-1150,-1037
2026-09-20T01:35:58Z,CHAN,27538,27538186,1000,100,0,19,0,-950,-1160,-1114
2026-09-20T01:36:09Z,CHANSUM,27490,27549,60,60000,6000,0,137,0,12,0,-700,-1160,-1150,-1157
2026-09-20T01:36:11Z,CHAN,27551,27551186,1000,100,0,1,0,-680,-1160,-1141
2026-09-20T01:36:18Z,CHAN,27558,27558186,1000,100,0,2,0,-1100,-1160,-1144
2026-09-20T01:36:31Z,CHAN,27571,27571186,1000,100,0,58,0,-920,-1160,-1063
2026-09-20T01:36:32Z,CHAN,27572,27572186,1000,100,0,49,0,-910,-1160,-1046
2026-09-20T01:37:09Z,CHANSUM,27550,27609,60,60000,6000,0,110,0,4,0,-680,-1160,-1150,-1159
2026-09-20T01:38:09Z,CHANSUM,27610,27669,60,60000,6000,0,0,0,0,0,-1120,-1160,-1150,-1158
2026-09-20T01:38:22Z,CHAN,27682,27682186,1000,100,0,1,0,-810,-1160,-1143
2026-09-20T01:39:09Z,CHANSUM,27670,27729,60,60000,6000,0,1,0,1,0,-810,-1160,-1150,-1159
2026-09-20T01:40:09Z,CHANSUM,27730,27789,60,60000,6000,0,0,0,0,0,-1130,-1160,-1150,-1158
2026-09-20T01:40:21Z,CHAN,27801,27801186,1000,100,0,9,0,-940,-1160,-1128
2026-09-20T01:40:32Z,CHAN,27812,27812186,1000,100,0,1,0,-660,-1160,-1140
2026-09-20T01:41:09Z,CHANSUM,27790,27849,60,60000,6000,0,10,0,2,0,-660,-1160,-1150,-1158
2026-09-20T01:42:09Z,CHANSUM,27850,27909,60,60000,6000,0,0,0,0,0,-1120,-1160,-1150,-1159
2026-09-20T01:42:43Z,CHAN,27943,27943186,1000,100,0,1,0,-660,-1160,-1143
2026-09-20T01:43:09Z,CHANSUM,27910,27969,60,60000,6000,0,1,0,1,0,-660,-1160,-1150,-1159
2026-09-20T01:43:27Z,CHAN,27987,27987186,1000,100,0,5,0,-1090,-1160,-1145
2026-09-20T01:44:09Z,CHANSUM,27970,28029,60,60000,6000,0,5,0,1,0,-1090,-1160,-1150,-1159
2026-09-20T01:44:54Z,CHAN,28074,28074186,1000,100,0,1,0,-1100,-1160,-1147
2026-09-20T01:45:09Z,CHANSUM,28030,28089,60,60000,6000,0,1,0,1,0,-1100,-1160,-1150,-1159
2026-09-20T01:45:45Z,CHAN,28125,28125186,1000,100,0,9,0,-940,-1160,-1128
2026-09-20T01:46:09Z,CHANSUM,28090,28149,60,60000,6000,0,9,0,1,0,-940,-1160,-1150,-1158
2026-09-20T01:47:04Z,CHAN,28204,28204186,1000,100,0,1,0,-660,-1160,-1142
2026-09-20T01:47:09Z,CHANSUM,28150,28209,60,60000,6000,0,1,0,1,0,-660,-1160,-1150,-1159
2026-09-20T01:48:09Z,CHANSUM,28210,28269,60,60000,6000,0,0,0,0,0,-1120,-1160,-1150,-1159
2026-09-20T01:49:09Z,CHANSUM,28270,28329,60,60000,6000,0,0,0,0,0,-1130,-1160,-1150,-1159
2026-09-20T01:49:15Z,CHAN,28335,28335186,1000,100,0,1,0,-660,-1160,-1141
2026-09-20T01:50:09Z,CHANSUM,28330,28389,60,60000,6000,0,1,0,1,0,-660,-1160,-1150,-1159
2026-09-20T01:51:08Z,CHANSUM,28390,28449,60,60000,6000,0,0,0,0,0,-1130,-1160,-1150,-1159
2026-09-20T01:51:25Z,CHAN,28466,28466186,1000,100,0,2,0,-1040,-1160,-1145
2026-09-20T01:52:08Z,CHANSUM,28450,28509,60,60000,6000,0,2,0,1,0,-1040,-1160,-1150,-1159
2026-09-20T01:53:08Z,CHANSUM,28510,28569,60,60000,6000,0,0,0,0,0,-1120,-1160,-1150,-1159
2026-09-20T01:53:35Z,CHAN,28596,28596186,1000,100,0,1,0,-670,-1160,-1142
2026-09-20T01:54:08Z,CHANSUM,28570,28629,60,60000,6000,0,1,0,1,0,-670,-1160,-1150,-1158
2026-09-20T01:54:39Z,CHAN,28660,28660186,1000,100,0,8,0,-1030,-1160,-1139
2026-09-20T01:55:08Z,CHANSUM,28630,28689,60,60000,6000,0,8,0,1,0,-1030,-1160,-1150,-1159
2026-09-20T01:55:46Z,CHAN,28727,28727186,1000,100,0,1,0,-660,-1160,-1141
2026-09-20T01:56:08Z,CHANSUM,28690,28749,60,60000,6000,0,1,0,1,0,-660,-1160,-1150,-1159
2026-09-20T01:57:08Z,CHANSUM,28750,28809,60,60000,6000,0,0,0,0,0,-1120,-1160,-1150,-1159
2026-09-20T01:57:21Z,CHAN,28822,28822186,1000,100,0,4,0,-940,-1160,-1138
2026-09-20T01:57:57Z,CHAN,28858,28858186,1000,100,0,1,0,-1030,-1160,-1146
2026-09-20T01:58:08Z,CHANSUM,28810,28869,60,60000,6000,0,5,0,2,0,-940,-1160,-1150,-1159
2026-09-20T01:59:08Z,CHANSUM,28870,28929,60,60000,6000,0,0,0,0,0,-1130,-1160,-1150,-1159
2026-09-20T02:00:04Z,CHAN,28985,28985186,1000,100,0,5,0,-1050,-1160,-1142
2026-09-20T02:00:07Z,CHAN,28988,28988186,1000,100,0,1,0,-670,-1160,-1141
2026-09-20T02:00:08Z,CHANSUM,28930,28989,60,60000,6000,0,6,0,2,0,-670,-1160,-1150,-1158
2026-09-20T02:00:26Z,CHAN,29007,29007186,1000,100,0,1,0,-1100,-1160,-1145
2026-09-20T02:01:08Z,CHANSUM,28990,29049,60,60000,6000,0,1,0,1,0,-1100,-1160,-1150,-1159
2026-09-20T02:02:08Z,CHANSUM,29050,29109,60,60000,6000,0,0,0,0,0,-1130,-1160,-1150,-1159
2026-09-20T02:02:18Z,CHAN,29119,29119186,1000,100,0,1,0,-710,-1160,-1142
2026-09-20T02:03:08Z,CHANSUM,29110,29169,60,60000,6000,0,1,0,1,0,-710,-1160,-1150,-1159
2026-09-20T02:03:54Z,CHAN,29215,29215186,1000,100,0,1,0,-1080,-1160,-1146
2026-09-20T02:04:01Z,CHAN,29222,29222186,1000,100,0,4,0,-1090,-1160,-1145
2026-09-20T02:04:08Z,CHANSUM,29170,29229,60,60000,6000,0,5,0,2,0,-1080,-1160,-1150,-1159
2026-09-20T02:04:29Z,CHAN,29250,29250186,1000,100,0,1,0,-670,-1160,-1141
2026-09-20T02:05:08Z,CHANSUM,29230,29289,60,60000,6000,0,1,0,1,0,-670,-1170,-1150,-1159
2026-09-20T02:05:09Z,CHAN,29290,29290186,1000,100,0,5,0,-1050,-1160,-1143
2026-09-20T02:06:08Z,CHANSUM,29290,29349,60,60000,6000,0,5,0,1,0,-1050,-1160,-1150,-1159
2026-09-20T02:06:39Z,CHAN,29380,29380186,1000,100,0,1,0,-660,-1160,-1141
2026-09-20T02:07:08Z,CHANSUM,29350,29409,60,60000,6000,0,1,0,1,0,-660,-1160,-1150,-1159
2026-09-20T02:07:31Z,CHAN,29432,29432186,1000,100,0,20,0,-940,-1160,-1123
2026-09-20T02:07:32Z,CHAN,29433,29433186,1000,100,0,30,0,-940,-1150,-1090
2026-09-20T02:08:08Z,CHANSUM,29410,29469,60,60000,6000,0,50,0,2,0,-940,-1160,-1150,-1158
2026-09-20T02:08:34Z,CHAN,29495,29495186,1000,100,0,11,0,-950,-1160,-1126
2026-09-20T02:08:35Z,CHAN,29496,29496186,1000,100,0,31,0,-940,-1160,-1096
2026-09-20T02:08:36Z,CHAN,29497,29497186,1000,100,0,15,0,-1000,-1160,-1133
2026-09-20T02:08:50Z,CHAN,29511,29511186,1000,100,0,1,0,-1040,-1160,-1146
2026-09-20T02:08:55Z,CHAN,29516,29516186,1000,100,0,40,0,-920,-1160,-1079
2026-09-20T02:08:56Z,CHAN,29517,29517186,1000,100,0,67,0,-920,-1160,-1029
2026-09-20T02:09:08Z,CHANSUM,29470,29529,60,60000,6000,0,165,0,6,0,-920,-1160,-1150,-1159
2026-09-20T02:09:21Z,CHAN,29542,29542186,1000,100,0,28,0,-940,-1150,-1098
2026-09-20T02:09:22Z,CHAN,29543,29543186,1000,100,0,28,0,-940,-1160,-1094
2026-09-20T02:09:53Z,CHAN,29574,29574186,1000,100,0,5,0,-920,-1160,-1135
2026-09-20T02:09:56Z,CHAN,29577,29577186,1000,100,0,3,0,-1090,-1160,-1145
2026-09-20T02:10:08Z,CHANSUM,29530,29589,60,60000,6000,0,64,0,4,0,-920,-1160,-1150,-1159
2026-09-20T02:11:01Z,CHAN,29642,29642186,1000,100,0,1,0,-670,-1160,-1143
2026-09-20T02:11:08Z,CHANSUM,29590,29649,60,60000,6000,0,1,0,1,0,-670,-1160,-1150,-1159
2026-09-20T02:11:37Z,CHAN,29678,29678186,1000,100,0,28,0,-930,-1170,-1092
2026-09-20T02:11:38Z,CHAN,29679,29679186,1000,100,0,28,0,-940,-1160,-1099
2026-09-20T02:12:08Z,CHANSUM,29650,29709,60,60000,6000,0,56,0,2,0,-930,-1170,-1150,-1159
2026-09-20T02:12:47Z,CHAN,29748,29748186,1000,100,0,14,0,-940,-1160,-1119
2026-09-20T02:12:48Z,CHAN,29749,29749186,1000,100,0,43,0,-930,-1160,-1066
2026-09-20T02:13:05Z,CHAN,29766,29766186,1000,100,0,4,0,-920,-1160,-1137
2026-09-20T02:13:08Z,CHANSUM,29710,29769,60,60000,6000,0,61,0,3,0,-920,-1160,-1150,-1158
2026-09-20T02:13:12Z,CHAN,29773,29773186,1000,100,0,1,0,-680,-1160,-1143
2026-09-20T02:13:22Z,CHAN,29783,29783186,1000,100,0,32,0,-940,-1160,-1087
2026-09-20T02:13:23Z,CHAN,29784,29784186,1000,100,0,24,0,-940,-1160,-1102
2026-09-20T02:13:43Z,CHAN,29804,29804186,1000,100,0,4,0,-1070,-1160,-1145
2026-09-20T02:14:08Z,CHANSUM,29770,29829,60,60000,6000,0,61,0,4,0,-680,-1160,-1150,-1159
2026-09-20T02:14:16Z,CHAN,29837,29837186,1000,100,0,9,0,-950,-1160,-1130
2026-09-20T02:14:18Z,CHAN,29839,29839186,1000,100,0,3,0,-1090,-1160,-1146
2026-09-20T02:15:08Z,CHANSUM,29830,29889,60,60000,6000,0,12,0,2,0,-950,-1160,-1150,-1159
2026-09-20T02:15:22Z,CHAN,29903,29903186,1000,100,0,1,0,-1040,-1160,-1145
2026-09-20T02:16:08Z,CHANSUM,29890,29949,60,60000,6000,0,1,0,1,0,-1040,-1160,-1150,-1159
2026-09-20T02:16:40Z,CHAN,29981,29981186,1000,100,0,53,0,-930,-1160,-1064
2026-09-20T02:16:41Z,CHAN,29982,29982186,1000,100,0,53,0,-930,-1160,-1045
2026-09-20T02:17:08Z,CHANSUM,29950,30009,60,60000,6000,0,106,0,2,0,-930,-1160,-1150,-1158
2026-09-20T02:17:33Z,CHAN,30034,30034186,1000,100,0,1,0,-660,-1160,-1142
2026-09-20T02:17:36Z,CHAN,30037,30037186,1000,100,0,4,0,-940,-1160,-1137
2026-09-20T02:17:53Z,CHAN,30054,30054186,1000,100,0,4,0,-1090,-1160,-1145
2026-09-20T02:18:06Z,CHAN,30067,30067186,1000,100,0,14,0,-940,-1160,-1119
2026-09-20T02:18:07Z,CHAN,30068,30068186,1000,100,0,56,0,-940,-1160,-1046
2026-09-20T02:18:08Z,CHAN,30069,30069186,1000,100,0,1,0,-950,-1160,-1144
2026-09-20T02:18:08Z,CHANSUM,30010,30069,60,60000,6000,0,80,0,6,0,-660,-1160,-1150,-1159
2026-09-20T02:18:22Z,CHAN,30083,30083186,1000,100,0,8,0,-1030,-1160,-1138
2026-09-20T02:19:08Z,CHANSUM,30070,30129,60,60000,6000,0,8,0,1,0,-1030,-1160,-1150,-1159
2026-09-20T02:19:29Z,CHAN,30150,30150186,1000,100,0,18,0,-940,-1160,-1111
2026-09-20T02:19:30Z,CHAN,30151,30151186,1000,100,0,24,0,-940,-1160,-1100
2026-09-20T02:19:31Z,CHAN,30152,30152186,1000,100,0,32,0,-940,-1160,-1087
2026-09-20T02:19:32Z,CHAN,30153,30153186,1000,100,0,37,0,-940,-1150,-1074
2026-09-20T02:19:33Z,CHAN,30154,30154186,1000,100,0,26,0,-930,-1150,-1096
2026-09-20T02:19:34Z,CHAN,30155,30155186,1000,100,0,30,0,-940,-1160,-1088
2026-09-20T02:19:35Z,CHAN,30156,30156186,1000,100,0,37,0,-940,-1160,-1080
2026-09-20T02:19:44Z,CHAN,30165,30165186,1000,100,0,1,0,-670,-1160,-1143
2026-09-20T02:19:48Z,CHAN,30169,30169186,1000,100,0,9,0,-950,-1160,-1129
2026-09-20T02:20:08Z,CHANSUM,30130,30189,60,60000,6000,0,214,0,9,0,-670,-1160,-1150,-1159
2026-09-20T02:20:18Z,CHAN,30199,30199186,1000,100,0,1,0,-1100,-1160,-1147
2026-09-20T02:21:02Z,CHAN,30243,30243186,1000,100,0,28,0,-940,-1160,-1094
2026-09-20T02:21:03Z,CHAN,30244,30244186,1000,100,0,28,0,-940,-1160,-1091
2026-09-20T02:21:04Z,CHAN,30245,30245186,1000,100,0,27,0,-940,-1160,-1095
2026-09-20T02:21:05Z,CHAN,30246,30246186,1000,100,0,31,0,-940,-1150,-1086
2026-09-20T02:21:06Z,CHAN,30247,30247186,1000,100,0,28,0,-940,-1160,-1092
2026-09-20T02:21:07Z,CHAN,30248,30248186,1000,100,0,37,0,-940,-1160,-1073
2026-09-20T02:21:08Z,CHAN,30249,30249186,1000,100,0,22,0,-940,-1160,-1114
2026-09-20T02:21:08Z,CHANSUM,30190,30249,60,60000,6000,0,202,0,8,0,-940,-1160,-1150,-1159
2026-09-20T02:21:13Z,CHAN,30254,30254186,1000,100,0,4,0,-1090,-1160,-1144
2026-09-20T02:21:54Z,CHAN,30295,30295186,1000,100,0,1,0,-820,-1160,-1144
2026-09-20T02:22:08Z,CHANSUM,30250,30309,60,60000,6000,0,5,0,2,0,-820,-1160,-1150,-1159
2026-09-20T02:23:08Z,CHANSUM,30310,30369,60,60000,6000,0,0,0,0,0,-1130,-1160,-1150,-1159
2026-09-20T02:23:21Z,CHAN,30382,30382186,1000,100,0,4,0,-940,-1160,-1139
2026-09-20T02:24:02Z,CHAN,30423,30423186,1000,100,0,2,0,-1090,-1160,-1146
2026-09-20T02:24:05Z,CHAN,30426,30426186,1000,100,0,1,0,-670,-1160,-1142
2026-09-20T02:24:08Z,CHANSUM,30370,30429,60,60000,6000,0,7,0,3,0,-670,-1160,-1150,-1159
2026-09-20T02:25:08Z,CHANSUM,30430,30489,60,60000,6000,0,0,0,0,0,-1130,-1160,-1150,-1158
2026-09-20T02:25:30Z,CHAN,30511,30511186,1000,100,0,9,0,-950,-1160,-1129
2026-09-20T02:26:08Z,CHANSUM,30490,30549,60,60000,6000,0,9,0,1,0,-950,-1160,-1150,-1158
2026-09-20T02:26:16Z,CHAN,30557,30557186,1000,100,0,1,0,-700,-1160,-1142
2026-09-20T02:27:08Z,CHANSUM,30550,30609,60,60000,6000,0,1,0,1,0,-700,-1160,-1150,-1158
2026-09-20T02:28:08Z,CHANSUM,30610,30669,60,60000,6000,0,0,0,0,0,-1120,-1160,-1150,-1159
2026-09-20T02:28:23Z,CHAN,30684,30684186,1000,100,0,5,0,-1090,-1160,-1144
2026-09-20T02:28:26Z,CHAN,30687,30687186,1000,100,0,1,0,-670,-1160,-1142
2026-09-20T02:29:08Z,CHANSUM,30670,30729,60,60000,6000,0,6,0,2,0,-670,-1160,-1150,-1158
2026-09-20T02:30:08Z,CHANSUM,30730,30789,60,60000,6000,0,0,0,0,0,-1110,-1160,-1150,-1159
2026-09-20T02:30:37Z,CHAN,30818,30818186,1000,100,0,1,0,-670,-1160,-1142
2026-09-20T02:31:08Z,CHANSUM,30790,30849,60,60000,6000,0,1,0,1,0,-670,-1160,-1150,-1159
2026-09-20T02:31:37Z,CHAN,30878,30878186,1000,100,0,5,0,-940,-1160,-1136
2026-09-20T02:32:08Z,CHANSUM,30850,30909,60,60000,6000,0,5,0,1,0,-940,-1160,-1150,-1159
2026-09-20T02:32:48Z,CHAN,30949,30949186,1000,100,0,1,0,-970,-1160,-1145
2026-09-20T02:32:58Z,CHAN,30959,30959186,1000,100,0,5,0,-1070,-1160,-1143
2026-09-20T02:33:08Z,CHANSUM,30910,30969,60,60000,6000,0,6,0,2,0,-970,-1160,-1150,-1159
2026-09-20T02:33:24Z,CHAN,30985,30985186,1000,100,0,3,0,-1090,-1160,-1144
2026-09-20T02:34:08Z,CHANSUM,30970,31029,60,60000,6000,0,3,0,1,0,-1090,-1160,-1150,-1159
2026-09-20T02:34:58Z,CHAN,31079,31079186,1000,100,0,1,0,-670,-1160,-1141
2026-09-20T02:35:08Z,CHANSUM,31030,31089,60,60000,6000,0,1,0,1,0,-670,-1160,-1150,-1159
2026-09-20T02:35:38Z,CHAN,31119,31119186,1000,100,0,1,0,-980,-1160,-1145
2026-09-20T02:35:39Z,CHAN,31120,31120186,1000,100,0,66,0,-940,-1160,-1038
2026-09-20T02:35:40Z,CHAN,31121,31121186,1000,100,0,9,0,-950,-1150,-1130
2026-09-20T02:36:00Z,CHAN,31141,31141186,1000,100,0,3,0,-1100,-1160,-1145
2026-09-20T02:36:08Z,CHANSUM,31090,31149,60,60000,6000,0,79,0,4,0,-940,-1160,-1150,-1159
2026-09-20T02:37:08Z,CHANSUM,31150,31209,60,60000,6000,0,0,0,0,0,-1130,-1160,-1150,-1159
2026-09-20T02:37:09Z,CHAN,31210,31210186,1000,100,0,1,0,-660,-1160,-1143
2026-09-20T02:38:06Z,CHAN,31267,31267186,1000,100,0,27,0,-970,-1160,-1110
2026-09-20T02:38:07Z,CHAN,31268,31268186,1000,100,0,15,0,-960,-1160,-1124
2026-09-20T02:38:08Z,CHANSUM,31210,31269,60,60000,6000,0,43,0,3,0,-660,-1160,-1150,-1158
2026-09-20T02:38:21Z,CHAN,31282,31282186,1000,100,0,51,0,-950,-1160,-1060
2026-09-20T02:39:08Z,CHANSUM,31270,31329,60,60000,6000,0,51,0,1,0,-950,-1160,-1150,-1159
2026-09-20T02:39:10Z,CHAN,31331,31331186,1000,100,0,5,0,-1080,-1160,-1143
2026-09-20T02:39:20Z,CHAN,31341,31341186,1000,100,0,1,0,-1040,-1160,-1146
2026-09-20T02:40:08Z,CHANSUM,31330,31389,60,60000,6000,0,6,0,2,0,-1040,-1160,-1150,-1158
2026-09-20T02:41:08Z,CHANSUM,31390,31449,60,60000,6000,0,0,0,0,0,-1130,-1160,-1150,-1158
2026-09-20T02:41:30Z,CHAN,31471,31471186,1000,100,0,1,0,-660,-1160,-1141
2026-09-20T02:42:08Z,CHANSUM,31450,31509,60,60000,6000,0,1,0,1,0,-660,-1160,-1150,-1159
2026-09-20T02:42:35Z,CHAN,31536,31536186,1000,100,0,5,0,-1080,-1160,-1144
2026-09-20T02:43:08Z,CHANSUM,31510,31569,60,60000,6000,0,5,0,1,0,-1080,-1160,-1150,-1159
2026-09-20T02:43:41Z,CHAN,31602,31602186,1000,100,0,1,0,-670,-1160,-1142
2026-09-20T02:44:08Z,CHAN,31629,31629186,1000,100,0,9,0,-950,-1160,-1129
2026-09-20T02:44:08Z,CHANSUM,31570,31629,60,60000,6000,0,10,0,2,0,-670,-1160,-1150,-1159
2026-09-20T02:44:51Z,CHAN,31672,31672186,1000,100,0,1,0,-1080,-1160,-1146
2026-09-20T02:45:02Z,CHAN,31683,31683186,1000,100,0,50,0,-940,-1150,-1078
2026-09-20T02:45:03Z,CHAN,31684,31684186,1000,100,0,25,0,-940,-1160,-1101
2026-09-20T02:45:08Z,CHANSUM,31630,31689,60,60000,6000,0,76,0,3,0,-940,-1160,-1150,-1158
2026-09-20T02:45:29Z,CHAN,31710,31710186,1000,100,0,79,0,-940,-1160,-1021
2026-09-20T02:45:30Z,CHAN,31711,31711186,1000,100,0,27,0,-940,-1160,-1097
2026-09-20T02:46:08Z,CHANSUM,31690,31749,60,60000,6000,0,106,0,2,0,-940,-1160,-1150,-1159
2026-09-20T02:46:42Z,CHAN,31783,31783186,1000,100,0,3,0,-1010,-1160,-1143
2026-09-20T02:46:43Z,CHAN,31784,31784186,1000,100,0,85,0,-940,-1150,-1010
2026-09-20T02:46:44Z,CHAN,31785,31785186,1000,100,0,19,0,-930,-1160,-1111
2026-09-20T02:46:53Z,CHAN,31794,31794186,1000,100,0,4,0,-950,-1160,-1138
2026-09-20T02:47:08Z,CHANSUM,31750,31809,60,60000,6000,0,111,0,4,0,-930,-1160,-1150,-1158
2026-09-20T02:47:44Z,CHAN,31845,31845186,1000,100,0,37,0,-930,-1160,-1080
2026-09-20T02:47:45Z,CHAN,31846,31846186,1000,100,0,36,0,-940,-1160,-1080
2026-09-20T02:48:03Z,CHAN,31864,31864186,1000,100,0,1,0,-670,-1160,-1142
2026-09-20T02:48:08Z,CHANSUM,31810,31869,60,60000,6000,0,74,0,3,0,-670,-1160,-1150,-1159
2026-09-20T02:49:08Z,CHANSUM,31870,31929,60,60000,6000,0,0,0,0,0,-1130,-1160,-1150,-1159
2026-09-20T02:50:08Z,CHANSUM,31930,31989,60,60000,6000,0,0,0,0,0,-1130,-1160,-1150,-1158
2026-09-20T02:50:13Z,CHAN,31994,31994186,1000,100,0,1,0,-670,-1160,-1142
2026-09-20T02:50:31Z,CHAN,32012,32012186,1000,100,0,4,0,-1030,-1150,-1143
2026-09-20T02:50:42Z,CHAN,32023,32023186,1000,100,0,3,0,-910,-1160,-1140
2026-09-20T02:51:08Z,CHANSUM,31990,32049,60,60000,6000,0,8,0,3,0,-670,-1160,-1150,-1159
2026-09-20T02:51:19Z,CHAN,32060,32060186,1000,100,0,1,0,-1100,-1150,-1146
2026-09-20T02:51:20Z,CHAN,32061,32061186,1000,100,0,3,0,-1090,-1160,-1144
2026-09-20T02:51:53Z,CHAN,32094,32094186,1000,100,0,3,0,-1100,-1160,-1143
2026-09-20T02:52:08Z,CHANSUM,32050,32109,60,60000,6000,0,7,0,3,0,-1090,-1160,-1150,-1158
2026-09-20T02:52:24Z,CHAN,32125,32125186,1000,100,0,4,0,-1000,-1150,-1142
2026-09-20T02:53:08Z,CHANSUM,32110,32169,60,60000,6000,0,4,0,1,0,-1000,-1160,-1150,-1158
2026-09-20T02:53:59Z,CHAN,32220,32220186,1000,100,0,4,0,-940,-1160,-1139
2026-09-20T02:54:08Z,CHANSUM,32170,32229,60,60000,6000,0,4,0,1,0,-940,-1160,-1150,-1158
2026-09-20T02:54:09Z,CHAN,32230,32230186,1000,100,0,32,0,-950,-1160,-1097
2026-09-20T02:54:10Z,CHAN,32231,32231186,1000,100,0,31,0,-940,-1160,-1091
2026-09-20T02:54:35Z,CHAN,32256,32256186,1000,100,0,1,0,-660,-1160,-1142
2026-09-20T02:54:37Z,CHAN,32258,32258186,1000,100,0,4,0,-1030,-1160,-1142
2026-09-20T02:54:46Z,CHAN,32267,32267186,1000,100,0,4,0,-1090,-1160,-1145
2026-09-20T02:55:08Z,CHANSUM,32230,32289,60,60000,6000,0,72,0,5,0,-660,-1160,-1150,-1159
2026-09-20T02:55:17Z,CHAN,32298,32298186,1000,100,0,1,0,-990,-1160,-1145
2026-09-20T02:55:24Z,CHAN,32305,32305186,1000,100,0,3,0,-1080,-1160,-1145
2026-09-20T02:55:46Z,CHAN,32327,32327186,1000,100,0,3,0,-1090,-1150,-1145
2026-09-20T02:55:56Z,CHAN,32337,32337186,1000,100,0,4,0,-1030,-1160,-1141
2026-09-20T02:56:00Z,CHAN,32341,32341186,1000,100,0,5,0,-940,-1170,-1137
2026-09-20T02:56:08Z,CHANSUM,32290,32349,60,60000,6000,0,16,0,5,0,-940,-1170,-1150,-1159
2026-09-20T02:56:20Z,CHAN,32361,32361186,1000,100,0,3,0,-1070,-1160,-1143
2026-09-20T02:56:45Z,CHAN,32386,32386186,1000,100,0,1,0,-940,-1160,-1143
2026-09-20T02:56:48Z,CHAN,32389,32389186,1000,100,0,4,0,-1080,-1160,-1144
2026-09-20T02:56:51Z,CHAN,32392,32392186,1000,100,0,3,0,-1080,-1160,-1146
2026-09-20T02:56:54Z,CHAN,32395,32395186,1000,100,0,3,0,-1080,-1160,-1145
2026-09-20T02:56:56Z,CHAN,32397,32397186,1000,100,0,4,0,-1020,-1160,-1143
2026-09-20T02:57:08Z,CHANSUM,32350,32409,60,60000,6000,0,18,0,6,0,-940,-1160,-1150,-1159
2026-09-20T02:57:12Z,CHAN,32413,32413186,1000,100,0,4,0,-860,-1160,-1136
2026-09-20T02:57:49Z,CHAN,32450,32450186,1000,100,0,4,0,-1090,-1160,-1145
2026-09-20T02:57:56Z,CHAN,32457,32457186,1000,100,0,4,0,-1040,-1160,-1143
2026-09-20T02:58:08Z,CHANSUM,32410,32469,60,60000,6000,0,12,0,3,0,-860,-1160,-1150,-1158
2026-09-20T02:58:09Z,CHAN,32470,32470186,1000,100,0,8,0,-950,-1160,-1135
2026-09-20T02:58:56Z,CHAN,32517,32517186,1000,100,0,1,0,-670,-1160,-1142
2026-09-20T02:59:08Z,CHANSUM,32470,32529,60,60000,6000,0,9,0,2,0,-670,-1160,-1150,-1159
2026-09-20T02:59:19Z,CHAN,32540,32540186,1000,100,0,1,0,-1090,-1160,-1145
2026-09-20T03:00:08Z,CHANSUM,32530,32589,60,60000,6000,0,1,0,1,0,-1090,-1160,-1150,-1159
2026-09-20T03:00:12Z,CHAN,32593,32593186,1000,100,0,4,0,-1100,-1160,-1144
2026-09-20T03:00:20Z,CHAN,32601,32601186,1000,100,0,2,0,-1090,-1160,-1144
2026-09-20T03:01:07Z,CHAN,32648,32648186,1000,100,0,1,0,-670,-1160,-1141
2026-09-20T03:01:08Z,CHANSUM,32590,32649,60,60000,6000,0,7,0,3,0,-670,-1160,-1150,-1158
2026-09-20T03:02:08Z,CHANSUM,32650,32709,60,60000,6000,0,0,0,0,0,-1110,-1160,-1150,-1159
2026-09-20T03:03:08Z,CHANSUM,32710,32769,60,60000,6000,0,0,0,0,0,-1120,-1160,-1150,-1159
2026-09-20T03:03:17Z,CHAN,32778,32778186,1000,100,0,1,0,-810,-1160,-1143
2026-09-20T03:04:08Z,CHANSUM,32770,32829,60,60000,6000,0,1,0,1,0,-810,-1160,-1150,-1159
2026-09-20T03:05:08Z,CHANSUM,32830,32889,60,60000,6000,0,0,0,0,0,-1130,-1160,-1150,-1159
2026-09-20T03:05:28Z,CHAN,32909,32909186,1000,100,0,5,0,-670,-1160,-1134
2026-09-20T03:06:08Z,CHANSUM,32890,32949,60,60000,6000,0,5,0,1,0,-670,-1170,-1150,-1159
2026-09-20T03:06:31Z,CHAN,32972,32972186,1000,100,0,1,0,-1030,-1160,-1145
2026-09-20T03:06:40Z,CHAN,32981,32981186,1000,100,0,2,0,-940,-1160,-1143
2026-09-20T03:07:08Z,CHANSUM,32950,33009,60,60000,6000,0,3,0,2,0,-940,-1160,-1150,-1158
2026-09-20T03:07:39Z,CHAN,33040,33040186,1000,100,0,1,0,-670,-1160,-1143
2026-09-20T03:08:08Z,CHANSUM,33010,33069,60,60000,6000,0,1,0,1,0,-670,-1160,-1150,-1159
2026-09-20T03:08:15Z,CHAN,33076,33076186,1000,100,0,5,0,-1090,-1160,-1143
2026-09-20T03:08:30Z,CHAN,33091,33091186,1000,100,0,2,0,-1100,-1160,-1144
2026-09-20T03:09:02Z,CHAN,33123,33123186,1000,100,0,5,0,-1020,-1160,-1140
2026-09-20T03:09:08Z,CHANSUM,33070,33129,60,60000,6000,0,12,0,3,0,-1020,-1160,-1150,-1158
2026-09-20T03:09:10Z,CHAN,33131,33131186,1000,100,0,4,0,-1030,-1160,-1143
2026-09-20T03:09:34Z,CHAN,33155,33155186,1000,100,0,2,0,-1090,-1150,-1142
2026-09-20T03:09:49Z,CHAN,33170,33170186,1000,100,0,1,0,-1060,-1160,-1145
2026-09-20T03:10:08Z,CHANSUM,33130,33189,60,60000,6000,0,7,0,3,0,-1030,-1160,-1150,-1158
2026-09-20T03:11:08Z,CHANSUM,33190,33249,60,60000,6000,0,0,0,0,0,-1130,-1160,-1150,-1159
2026-09-20T03:12:00Z,CHAN,33301,33301186,1000,100,0,2,0,-670,-1160,-1141
2026-09-20T03:12:08Z,CHANSUM,33250,33309,60,60000,6000,0,2,0,1,0,-670,-1160,-1150,-1159
2026-09-20T03:13:08Z,CHANSUM,33310,33369,60,60000,6000,0,0,0,0,0,-1110,-1160,-1150,-1159
2026-09-20T03:14:08Z,CHANSUM,33370,33429,60,60000,6000,0,0,0,0,0,-1130,-1160,-1150,-1158
2026-09-20T03:14:11Z,CHAN,33432,33432186,1000,100,0,1,0,-670,-1160,-1142
2026-09-20T03:14:39Z,CHAN,33460,33460186,1000,100,0,5,0,-1090,-1160,-1143
2026-09-20T03:15:08Z,CHANSUM,33430,33489,60,60000,6000,0,6,0,2,0,-670,-1160,-1150,-1159
2026-09-20T03:15:13Z,CHAN,33494,33494186,1000,100,0,2,0,-940,-1160,-1143
2026-09-20T03:15:14Z,CHAN,33495,33495186,1000,100,0,2,0,-950,-1160,-1143
2026-09-20T03:16:08Z,CHANSUM,33490,33549,60,60000,6000,0,4,0,2,0,-940,-1160,-1150,-1158
2026-09-20T03:16:16Z,CHAN,33557,33557186,1000,100,0,4,0,-960,-1160,-1138
2026-09-20T03:16:21Z,CHAN,33562,33562186,1000,100,0,1,0,-1060,-1150,-1146
2026-09-20T03:16:58Z,CHAN,33599,33599186,1000,100,0,3,0,-1100,-1160,-1144
2026-09-20T03:17:08Z,CHANSUM,33550,33609,60,60000,6000,0,8,0,3,0,-960,-1160,-1150,-1158
2026-09-20T03:17:55Z,CHAN,33656,33656186,1000,100,0,4,0,-1050,-1160,-1143
2026-09-20T03:17:56Z,CHAN,33657,33657186,1000,100,0,23,0,-950,-1160,-1109
2026-09-20T03:18:08Z,CHANSUM,33610,33669,60,60000,6000,0,27,0,2,0,-950,-1160,-1150,-1158
2026-09-20T03:18:32Z,CHAN,33693,33693186,1000,100,0,1,0,-670,-1160,-1142
2026-09-20T03:19:08Z,CHANSUM,33670,33729,60,60000,6000,0,1,0,1,0,-670,-1160,-1150,-1158
2026-09-20T03:20:05Z,CHAN,33786,33786186,1000,100,0,4,0,-940,-1160,-1139
2026-09-20T03:20:08Z,CHANSUM,33730,33789,60,60000,6000,0,4,0,1,0,-940,-1160,-1150,-1159
2026-09-20T03:20:30Z,CHAN,33811,33811186,1000,100,0,6,0,-700,-1160,-1125
2026-09-20T03:20:43Z,CHAN,33824,33824186,1000,100,0,1,0,-710,-1160,-1142
2026-09-20T03:21:08Z,CHANSUM,33790,33849,60,60000,6000,0,7,0,2,0,-700,-1160,-1150,-1159
2026-09-20T03:21:10Z,CHAN,33851,33851186,1000,100,0,2,0,-1090,-1160,-1145
2026-09-20T03:21:31Z,CHAN,33872,33872186,1000,100,0,8,0,-940,-1160,-1135
2026-09-20T03:21:38Z,CHAN,33879,33879186,1000,100,0,3,0,-1100,-1160,-1144
2026-09-20T03:22:08Z,CHANSUM,33850,33909,60,60000,6000,0,13,0,3,0,-940,-1160,-1150,-1158
2026-09-20T03:22:11Z,CHAN,33912,33912186,1000,100,0,4,0,-1090,-1150,-1143
2026-09-20T03:22:53Z,CHAN,33954,33954186,1000,100,0,1,0,-670,-1160,-1142
2026-09-20T03:23:08Z,CHANSUM,33910,33969,60,60000,6000,0,5,0,2,0,-670,-1160,-1150,-1159
2026-09-20T03:24:08Z,CHANSUM,33970,34029,60,60000,6000,0,0,0,0,0,-1130,-1160,-1150,-1159
2026-09-20T03:24:13Z,CHAN,34034,34034186,1000,100,0,4,0,-1090,-1160,-1145
2026-09-20T03:24:22Z,CHAN,34043,34043186,1000,100,0,3,0,-1100,-1160,-1146
2026-09-20T03:25:04Z,CHAN,34085,34085186,1000,100,0,1,0,-670,-1150,-1141
2026-09-20T03:25:08Z,CHANSUM,34030,34089,60,60000,6000,0,8,0,3,0,-670,-1160,-1150,-1159
2026-09-20T03:26:08Z,CHANSUM,34090,34149,60,60000,6000,0,0,0,0,0,-1130,-1170,-1150,-1158
2026-09-20T03:27:09Z,CHANSUM,34150,34209,60,60000,6000,0,0,0,0,0,-1130,-1160,-1150,-1158
2026-09-20T03:27:16Z,CHAN,34216,34216186,1000,100,0,1,0,-860,-1160,-1144
2026-09-20T03:28:09Z,CHANSUM,34210,34269,60,60000,6000,0,1,0,1,0,-860,-1160,-1150,-1159
2026-09-20T03:29:00Z,CHAN,34320,34320186,1000,100,0,9,0,-940,-1160,-1130
2026-09-20T03:29:09Z,CHANSUM,34270,34329,60,60000,6000,0,9,0,1,0,-940,-1160,-1150,-1158
2026-09-20T03:29:27Z,CHAN,34347,34347186,1000,100,0,1,0,-670,-1160,-1141
2026-09-20T03:29:55Z,CHAN,34375,34375186,1000,100,0,3,0,-1070,-1160,-1144
2026-09-20T03:29:56Z,CHAN,34376,34376186,1000,100,0,1,0,-1080,-1160,-1146
2026-09-20T03:30:09Z,CHANSUM,34330,34389,60,60000,6000,0,5,0,3,0,-670,-1160,-1150,-1159
2026-09-20T03:30:20Z,CHAN,34400,34400186,1000,100,0,2,0,-1100,-1160,-1145
2026-09-20T03:30:39Z,CHAN,34419,34419186,1000,100,0,3,0,-940,-1160,-1141
2026-09-20T03:30:56Z,CHAN,34436,34436186,1000,100,0,1,0,-980,-1160,-1145
2026-09-20T03:31:03Z,CHAN,34443,34443186,1000,100,0,3,0,-1090,-1160,-1144
2026-09-20T03:31:08Z,CHAN,34448,34448186,1000,100,0,3,0,-1020,-1160,-1143
2026-09-20T03:31:09Z,CHANSUM,34390,34449,60,60000,6000,0,12,0,5,0,-940,-1160,-1150,-1158
2026-09-20T03:31:22Z,CHAN,34462,34462186,1000,100,0,1,0,-1100,-1160,-1146
2026-09-20T03:31:32Z,CHAN,34472,34472186,1000,100,0,4,0,-1020,-1160,-1142
2026-09-20T03:31:37Z,CHAN,34477,34477186,1000,100,0,1,0,-670,-1160,-1142
2026-09-20T03:32:03Z,CHAN,34503,34503186,1000,100,0,3,0,-1090,-1160,-1145
2026-09-20T03:32:06Z,CHAN,34506,34506186,1000,100,0,2,0,-1100,-1160,-1146
2026-09-20T03:32:09Z,CHANSUM,34450,34509,60,60000,6000,0,11,0,5,0,-670,-1160,-1150,-1158
2026-09-20T03:32:42Z,CHAN,34542,34542186,1000,100,0,3,0,-970,-1160,-1142
2026-09-20T03:32:52Z,CHAN,34552,34552186,1000,100,0,1,0,-1100,-1160,-1146
2026-09-20T03:33:06Z,CHAN,34566,34566186,1000,100,0,1,0,-1090,-1160,-1145
2026-09-20T03:33:09Z,CHANSUM,34510,34569,60,60000,6000,0,5,0,3,0,-970,-1160,-1150,-1158
2026-09-20T03:33:32Z,CHAN,34592,34592186,1000,100,0,3,0,-1030,-1160,-1144
2026-09-20T03:33:37Z,CHAN,34597,34597186,1000,100,0,5,0,-1090,-1160,-1144
2026-09-20T03:33:48Z,CHAN,34608,34608186,1000,100,0,1,0,-1000,-1160,-1146
2026-09-20T03:34:09Z,CHANSUM,34570,34629,60,60000,6000,0,9,0,3,0,-1000,-1160,-1150,-1159
2026-09-20T03:34:38Z,CHAN,34658,34658186,1000,100,0,4,0,-950,-1150,-1138
2026-09-20T03:34:48Z,CHAN,34668,34668186,1000,100,0,4,0,-860,-1160,-1135
2026-09-20T03:34:51Z,CHAN,34671,34671186,1000,100,0,4,0,-700,-1160,-1132
2026-09-20T03:34:56Z,CHAN,34676,34676186,1000,100,0,3,0,-1070,-1160,-1144
2026-09-20T03:35:09Z,CHANSUM,34630,34689,60,60000,6000,0,15,0,4,0,-700,-1160,-1150,-1159
2026-09-20T03:35:32Z,CHAN,34712,34712186,1000,100,0,1,0,-1030,-1160,-1145
2026-09-20T03:35:33Z,CHAN,34713,34713186,1000,100,0,2,0,-1040,-1160,-1145
2026-09-20T03:35:59Z,CHAN,34739,34739186,1000,100,0,1,0,-660,-1150,-1141
2026-09-20T03:36:09Z,CHANSUM,34690,34749,60,60000,6000,0,4,0,3,0,-660,-1160,-1150,-1158
2026-09-20T03:36:47Z,CHAN,34787,34787186,1000,100,0,2,0,-930,-1160,-1142
2026-09-20T03:37:09Z,CHANSUM,34750,34809,60,60000,6000,0,2,0,1,0,-930,-1160,-1150,-1159
2026-09-20T03:37:37Z,CHAN,34837,34837186,1000,100,0,3,0,-1090,-1160,-1146
2026-09-20T03:38:09Z,CHAN,34869,34869186,1000,100,0,1,0,-670,-1160,-1141
2026-09-20T03:38:09Z,CHANSUM,34810,34869,60,60000,6000,0,4,0,2,0,-670,-1160,-1150,-1159
2026-09-20T03:38:20Z,CHAN,34880,34880186,1000,100,0,5,0,-1090,-1160,-1144
2026-09-20T03:38:33Z,CHAN,34893,34893186,1000,100,0,32,0,-940,-1150,-1096
2026-09-20T03:38:34Z,CHAN,34894,34894186,1000,100,0,40,0,-960,-1160,-1100
2026-09-20T03:38:44Z,CHAN,34904,34904186,1000,100,0,5,0,-870,-1160,-1134
2026-09-20T03:39:09Z,CHANSUM,34870,34929,60,60000,6000,0,82,0,4,0,-870,-1160,-1150,-1158
2026-09-20T03:39:18Z,CHAN,34938,34938186,1000,100,0,4,0,-960,-1160,-1138
2026-09-20T03:39:45Z,CHAN,34965,34965186,1000,100,0,5,0,-870,-1160,-1134
2026-09-20T03:40:09Z,CHANSUM,34930,34989,60,60000,6000,0,9,0,2,0,-870,-1160,-1150,-1159
2026-09-20T03:41:09Z,CHANSUM,34990,35049,60,60000,6000,0,0,0,0,0,-1130,-1160,-1150,-1158
2026-09-20T03:41:31Z,CHAN,35071,35071186,1000,100,0,8,0,-1020,-1160,-1140
2026-09-20T03:41:56Z,CHAN,35096,35096186,1000,100,0,5,0,-1090,-1160,-1144
2026-09-20T03:42:09Z,CHANSUM,35050,35109,60,60000,6000,0,13,0,2,0,-1020,-1160,-1150,-1159
2026-09-20T03:42:31Z,CHAN,35131,35131186,1000,100,0,1,0,-670,-1160,-1142
2026-09-20T03:43:04Z,CHAN,35164,35164186,1000,100,0,9,0,-940,-1160,-1128
2026-09-20T03:43:09Z,CHANSUM,35110,35169,60,60000,6000,0,10,0,2,0,-670,-1160,-1150,-1158
2026-09-20T03:44:09Z,CHANSUM,35170,35229,60,60000,6000,0,0,0,0,0,-1110,-1160,-1150,-1159
2026-09-20T03:44:21Z,CHAN,35241,35241186,1000,100,0,1,0,-1090,-1160,-1146
2026-09-20T03:44:41Z,CHAN,35261,35261186,1000,100,0,1,0,-680,-1160,-1143
2026-09-20T03:45:09Z,CHANSUM,35230,35289,60,60000,6000,0,2,0,2,0,-680,-1160,-1150,-1159
2026-09-20T03:45:54Z,CHAN,35334,35334186,1000,100,0,9,0,-1070,-1160,-1142
2026-09-20T03:45:58Z,CHAN,35338,35338186,1000,100,0,5,0,-1060,-1160,-1143
2026-09-20T03:46:09Z,CHANSUM,35290,35349,60,60000,6000,0,14,0,2,0,-1060,-1170,-1150,-1159
2026-09-20T03:46:52Z,CHAN,35392,35392186,1000,100,0,1,0,-840,-1160,-1143
2026-09-20T03:47:09Z,CHANSUM,35350,35409,60,60000,6000,0,1,0,1,0,-840,-1170,-1150,-1159
2026-09-20T03:48:06Z,CHAN,35466,35466186,1000,100,0,4,0,-940,-1160,-1139
2026-09-20T03:48:09Z,CHANSUM,35410,35469,60,60000,6000,0,4,0,1,0,-940,-1160,-1150,-1159
2026-09-20T03:48:22Z,CHAN,35482,35482186,1000,100,0,3,0,-1060,-1170,-1144
2026-09-20T03:48:57Z,CHAN,35517,35517186,1000,100,0,1,0,-1090,-1160,-1146
2026-09-20T03:49:00Z,CHAN,35520,35520186,1000,100,0,5,0,-1070,-1160,-1144
2026-09-20T03:49:03Z,CHAN,35523,35523186,1000,100,0,1,0,-670,-1160,-1141
2026-09-20T03:49:09Z,CHANSUM,35470,35529,60,60000,6000,0,10,0,4,0,-670,-1170,-1150,-1159
2026-09-20T03:49:10Z,CHAN,35530,35530186,1000,100,0,8,0,-960,-1160,-1136
2026-09-20T03:49:11Z,CHAN,35531,35531186,1000,100,0,3,0,-1030,-1160,-1144
2026-09-20T03:50:06Z,CHAN,35586,35586186,1000,100,0,3,0,-950,-1160,-1141
2026-09-20T03:50:07Z,CHAN,35587,35587186,1000,100,0,3,0,-1090,-1160,-1145
2026-09-20T03:50:09Z,CHANSUM,35530,35589,60,60000,6000,0,17,0,4,0,-950,-1160,-1150,-1159
2026-09-20T03:50:36Z,CHAN,35616,35616186,1000,100,0,56,0,-940,-1160,-1058
2026-09-20T03:51:09Z,CHANSUM,35590,35649,60,60000,6000,0,56,0,1,0,-940,-1170,-1150,-1159
2026-09-20T03:51:13Z,CHAN,35653,35653186,1000,100,0,1,0,-670,-1160,-1142
2026-09-20T03:51:59Z,CHAN,35699,35699186,1000,100,0,4,0,-1030,-1160,-1141
2026-09-20T03:52:09Z,CHANSUM,35650,35709,60,60000,6000,0,5,0,2,0,-670,-1160,-1150,-1159
2026-09-20T03:53:07Z,CHAN,35767,35767186,1000,100,0,3,0,-1100,-1160,-1145
2026-09-20T03:53:09Z,CHANSUM,35710,35769,60,60000,6000,0,3,0,1,0,-1100,-1160,-1150,-1159
2026-09-20T03:53:11Z,CHAN,35771,35771186,1000,100,0,4,0,-1090,-1160,-1144
2026-09-20T03:53:24Z,CHAN,35784,35784186,1000,100,0,3,0,-670,-1160,-1140
2026-09-20T03:54:09Z,CHANSUM,35770,35829,60,60000,6000,0,7,0,2,0,-670,-1160,-1150,-1159
2026-09-20T03:54:12Z,CHAN,35832,35832186,1000,100,0,4,0,-1030,-1160,-1143
2026-09-20T03:54:57Z,CHAN,35877,35877186,1000,100,0,4,0,-1050,-1150,-1143
2026-09-20T03:54:58Z,CHAN,35878,35878186,1000,100,0,3,0,-1090,-1150,-1144
2026-09-20T03:55:07Z,CHAN,35887,35887186,1000,100,0,4,0,-950,-1160,-1138
2026-09-20T03:55:09Z,CHANSUM,35830,35889,60,60000,6000,0,15,0,4,0,-950,-1160,-1150,-1159
2026-09-20T03:55:10Z,CHAN,35890,35890186,1000,100,0,4,0,-970,-1160,-1140
2026-09-20T03:55:12Z,CHAN,35892,35892186,1000,100,0,3,0,-1030,-1160,-1143
2026-09-20T03:55:35Z,CHAN,35915,35915186,1000,100,0,1,0,-660,-1160,-1142
2026-09-20T03:56:09Z,CHANSUM,35890,35949,60,60000,6000,0,8,0,3,0,-660,-1160,-1150,-1158
2026-09-20T03:57:09Z,CHANSUM,35950,36009,60,60000,6000,0,0,0,0,0,-1120,-1160,-1150,-1159
2026-09-20T03:57:27Z,CHAN,36027,36027186,1000,100,0,5,0,-1090,-1160,-1144
2026-09-20T03:57:45Z,CHAN,36045,36045186,1000,100,0,1,0,-780,-1160,-1144
2026-09-20T03:58:09Z,CHANSUM,36010,36069,60,60000,6000,0,6,0,2,0,-780,-1160,-1150,-1159
2026-09-20T03:59:09Z,CHANSUM,36070,36129,60,60000,6000,0,0,0,0,0,-1130,-1160,-1150,-1159
2026-09-20T03:59:56Z,CHAN,36176,36176186,1000,100,0,1,0,-650,-1160,-1142
2026-09-20T03:59:59Z,CHAN,36179,36179186,1000,100,0,4,0,-1100,-1150,-1144
2026-09-20T04:00:09Z,CHANSUM,36130,36189,60,60000,6000,0,5,0,2,0,-650,-1160,-1150,-1159
2026-09-20T04:01:09Z,CHANSUM,36190,36249,60,60000,6000,0,0,0,0,0,-1130,-1160,-1150,-1159
2026-09-20T04:02:07Z,CHAN,36307,36307186,1000,100,0,1,0,-670,-1160,-1143
2026-09-20T04:02:09Z,CHANSUM,36250,36309,60,60000,6000,0,1,0,1,0,-670,-1160,-1150,-1159
2026-09-20T04:02:59Z,CHAN,36359,36359186,1000,100,0,8,0,-960,-1160,-1136
2026-09-20T04:03:09Z,CHANSUM,36310,36369,60,60000,6000,0,8,0,1,0,-960,-1160,-1150,-1159
2026-09-20T04:04:09Z,CHANSUM,36370,36429,60,60000,6000,0,0,0,0,0,-1120,-1160,-1150,-1159
2026-09-20T04:04:11Z,CHAN,36431,36431186,1000,100,0,3,0,-940,-1160,-1141
2026-09-20T04:05:09Z,CHANSUM,36430,36489,60,60000,6000,0,3,0,1,0,-940,-1160,-1150,-1158
2026-09-20T04:05:36Z,CHAN,36516,36516186,1000,100,0,3,0,-1090,-1150,-1144
2026-09-20T04:05:45Z,CHAN,36525,36525186,1000,100,0,4,0,-950,-1150,-1139
2026-09-20T04:05:57Z,CHAN,36537,36537186,1000,100,0,2,0,-1080,-1160,-1145
2026-09-20T04:06:09Z,CHANSUM,36490,36549,60,60000,6000,0,9,0,3,0,-950,-1160,-1150,-1159
2026-09-20T04:06:28Z,CHAN,36568,36568186,1000,100,0,1,0,-660,-1160,-1141
2026-09-20T04:06:36Z,CHAN,36576,36576186,1000,100,0,3,0,-1090,-1160,-1145
2026-09-20T04:06:49Z,CHAN,36589,36589186,1000,100,0,4,0,-1040,-1160,-1144
2026-09-20T04:07:09Z,CHANSUM,36550,36609,60,60000,6000,0,8,0,3,0,-660,-1160,-1150,-1159
2026-09-20T04:07:16Z,CHAN,36616,36616186,1000,100,0,3,0,-1090,-1160,-1145
2026-09-20T04:08:09Z,CHANSUM,36610,36669,60,60000,6000,0,3,0,1,0,-1090,-1160,-1150,-1159
2026-09-20T04:08:28Z,CHAN,36688,36688186,1000,100,0,1,0,-1090,-1160,-1146
2026-09-20T04:08:39Z,CHAN,36699,36699186,1000,100,0,1,0,-670,-1160,-1141
2026-09-20T04:08:42Z,CHAN,36702,36702186,1000,100,0,2,0,-1090,-1160,-1144
2026-09-20T04:08:43Z,CHAN,36703,36703186,1000,100,0,1,0,-1100,-1160,-1146
2026-09-20T04:08:56Z,CHAN,36716,36716186,1000,100,0,1,0,-1100,-1160,-1146
2026-09-20T04:09:09Z,CHANSUM,36670,36729,60,60000,6000,0,6,0,5,0,-670,-1160,-1150,-1159
2026-09-20T04:09:52Z,CHAN,36772,36772186,1000,100,0,8,0,-970,-1160,-1136
2026-09-20T04:10:09Z,CHANSUM,36730,36789,60,60000,6000,0,8,0,1,0,-970,-1160,-1150,-1159
2026-09-20T04:10:50Z,CHAN,36830,36830186,1000,100,0,1,0,-1090,-1160,-1146
2026-09-20T04:11:09Z,CHANSUM,36790,36849,60,60000,6000,0,1,0,1,0,-1090,-1160,-1150,-1159
2026-09-20T04:12:08Z,CHAN,36908,36908186,1000,100,0,4,0,-1080,-1160,-1144
2026-09-20T04:12:09Z,CHANSUM,36850,36909,60,60000,6000,0,4,0,1,0,-1080,-1160,-1150,-1159
2026-09-20T04:13:00Z,CHAN,36960,36960186,1000,100,0,1,0,-660,-1160,-1142
2026-09-20T04:13:09Z,CHANSUM,36910,36969,60,60000,6000,0,1,0,1,0,-660,-1160,-1150,-1159
2026-09-20T04:13:25Z,CHAN,36985,36985186,1000,100,0,4,0,-1080,-1160,-1145
2026-09-20T04:14:09Z,CHANSUM,36970,37029,60,60000,6000,0,4,0,1,0,-1080,-1160,-1150,-1159
2026-09-20T04:15:09Z,CHANSUM,37030,37089,60,60000,6000,0,0,0,0,0,-1130,-1160,-1150,-1159
2026-09-20T04:15:11Z,CHAN,37091,37091186,1000,100,0,1,0,-680,-1160,-1143
2026-09-20T04:15:41Z,CHAN,37121,37121186,1000,100,0,1,0,-1010,-1160,-1145
2026-09-20T04:15:42Z,CHAN,37122,37122186,1000,100,0,86,0,-910,-1160,-992
2026-09-20T04:15:43Z,CHAN,37123,37123186,1000,100,0,19,0,-930,-1160,-1111
2026-09-20T04:15:55Z,CHAN,37135,37135186,1000,100,0,4,0,-1040,-1160,-1143
2026-09-20T04:16:09Z,CHANSUM,37090,37149,60,60000,6000,0,111,0,5,0,-680,-1160,-1150,-1158
2026-09-20T04:17:09Z,CHANSUM,37150,37209,60,60000,6000,0,0,0,0,0,-1120,-1160,-1150,-1159
2026-09-20T04:17:16Z,CHAN,37216,37216186,1000,100,0,2,0,-1100,-1160,-1145
2026-09-20T04:17:22Z,CHAN,37222,37222186,1000,100,0,1,0,-660,-1160,-1143
2026-09-20T04:18:09Z,CHANSUM,37210,37269,60,60000,6000,0,3,0,2,0,-660,-1160,-1150,-1159
2026-09-20T04:18:50Z,CHAN,37310,37310186,1000,100,0,3,0,-1080,-1160,-1145
2026-09-20T04:19:09Z,CHANSUM,37270,37329,60,60000,6000,0,3,0,1,0,-1080,-1160,-1150,-1158
2026-09-20T04:19:32Z,CHAN,37352,37352186,1000,100,0,1,0,-670,-1160,-1142
2026-09-20T04:19:57Z,CHAN,37377,37377186,1000,100,0,1,0,-1060,-1160,-1147
2026-09-20T04:20:09Z,CHAN,37389,37389186,1000,100,0,3,0,-1090,-1160,-1144
2026-09-20T04:20:09Z,CHANSUM,37330,37389,60,60000,6000,0,5,0,3,0,-670,-1160,-1150,-1159
2026-09-20T04:21:09Z,CHANSUM,37390,37449,60,60000,6000,0,0,0,0,0,-1120,-1160,-1150,-1158
2026-09-20T04:21:27Z,CHAN,37467,37467186,1000,100,0,4,0,-1060,-1160,-1143
2026-09-20T04:21:43Z,CHAN,37483,37483186,1000,100,0,1,0,-680,-1160,-1142
2026-09-20T04:22:09Z,CHANSUM,37450,37509,60,60000,6000,0,5,0,2,0,-680,-1160,-1150,-1159
2026-09-20T04:22:59Z,CHAN,37559,37559186,1000,100,0,55,0,-930,-1160,-1060
2026-09-20T04:23:00Z,CHAN,37560,37560186,1000,100,0,52,0,-930,-1160,-1050
2026-09-20T04:23:09Z,CHANSUM,37510,37569,60,60000,6000,0,107,0,2,0,-930,-1160,-1150,-1159
2026-09-20T04:23:54Z,CHAN,37614,37614186,1000,100,0,1,0,-670,-1160,-1143
2026-09-20T04:24:09Z,CHANSUM,37570,37629,60,60000,6000,0,1,0,1,0,-670,-1160,-1150,-1159
2026-09-20T04:25:09Z,CHANSUM,37630,37689,60,60000,6000,0,0,0,0,0,-1120,-1160,-1150,-1159
2026-09-20T04:25:37Z,CHAN,37717,37717186,1000,100,0,4,0,-1090,-1160,-1144
2026-09-20T04:26:04Z,CHAN,37744,37744186,1000,100,0,1,0,-670,-1160,-1142
2026-09-20T04:26:09Z,CHANSUM,37690,37749,60,60000,6000,0,5,0,2,0,-670,-1160,-1150,-1159
2026-09-20T04:27:09Z,CHANSUM,37750,37809,60,60000,6000,0,0,0,0,0,-1120,-1160,-1150,-1159
2026-09-20T04:28:09Z,CHANSUM,37810,37869,60,60000,6000,0,0,0,0,0,-1120,-1160,-1150,-1159
2026-09-20T04:28:15Z,CHAN,37875,37875186,1000,100,0,1,0,-910,-1160,-1146
2026-09-20T04:29:09Z,CHANSUM,37870,37929,60,60000,6000,0,1,0,1,0,-910,-1160,-1150,-1159
2026-09-20T04:29:47Z,CHAN,37967,37967186,1000,100,0,5,0,-940,-1150,-1137
2026-09-20T04:29:56Z,CHAN,37976,37976186,1000,100,0,4,0,-960,-1170,-1140
2026-09-20T04:30:09Z,CHAN,37989,37989186,1000,100,0,5,0,-1040,-1160,-1142
2026-09-20T04:30:09Z,CHANSUM,37930,37989,60,60000,6000,0,14,0,3,0,-940,-1170,-1150,-1159
2026-09-20T04:30:26Z,CHAN,38006,38006186,1000,100,0,1,0,-650,-1160,-1142
2026-09-20T04:31:09Z,CHANSUM,37990,38049,60,60000,6000,0,1,0,1,0,-650,-1160,-1150,-1159
2026-09-20T04:31:13Z,CHAN,38053,38053186,1000,100,0,5,0,-940,-1160,-1137
2026-09-20T04:31:16Z,CHAN,38056,38056186,1000,100,0,3,0,-1080,-1150,-1145
2026-09-20T04:31:28Z,CHAN,38068,38068186,1000,100,0,9,0,-960,-1160,-1132
2026-09-20T04:32:09Z,CHANSUM,38050,38109,60,60000,6000,0,17,0,3,0,-940,-1160,-1150,-1159
2026-09-20T04:32:35Z,CHAN,38135,38135186,1000,100,0,5,0,-1070,-1160,-1143
2026-09-20T04:32:36Z,CHAN,38136,38136186,1000,100,0,1,0,-670,-1160,-1142
2026-09-20T04:33:09Z,CHANSUM,38110,38169,60,60000,6000,0,6,0,2,0,-670,-1160,-1150,-1159
2026-09-20T04:34:09Z,CHANSUM,38170,38229,60,60000,6000,0,0,0,0,0,-1110,-1160,-1150,-1159
2026-09-20T04:35:09Z,CHANSUM,38230,38289,60,60000,6000,0,0,0,0,0,-1120,-1160,-1150,-1159
2026-09-20T04:35:13Z,CHAN,38293,38293186,1000,100,0,5,0,-1030,-1160,-1142
2026-09-20T04:36:09Z,CHANSUM,38290,38349,60,60000,6000,0,5,0,1,0,-1030,-1160,-1150,-1159
2026-09-20T04:36:58Z,CHAN,38398,38398186,1000,100,0,1,0,-650,-1160,-1142
2026-09-20T04:37:05Z,CHAN,38405,38405186,1000,100,0,5,0,-1080,-1160,-1144
2026-09-20T04:37:09Z,CHANSUM,38350,38409,60,60000,6000,0,6,0,2,0,-650,-1160,-1150,-1159
2026-09-20T04:37:52Z,CHAN,38452,38452186,1000,100,0,5,0,-1030,-1160,-1141
2026-09-20T04:38:09Z,CHANSUM,38410,38469,60,60000,6000,0,5,0,1,0,-1030,-1160,-1150,-1159
2026-09-20T04:39:00Z,CHAN,38520,38520186,1000,100,0,5,0,-1090,-1160,-1144
2026-09-20T04:39:03Z,CHAN,38523,38523186,1000,100,0,2,0,-1090,-1160,-1146
2026-09-20T04:39:09Z,CHAN,38529,38529186,1000,100,0,1,0,-670,-1150,-1142
2026-09-20T04:39:09Z,CHANSUM,38470,38529,60,60000,6000,0,8,0,3,0,-670,-1160,-1150,-1159
2026-09-20T04:39:34Z,CHAN,38554,38554186,1000,100,0,5,0,-860,-1160,-1134
2026-09-20T04:39:50Z,CHAN,38570,38570186,1000,100,0,5,0,-1080,-1160,-1144
2026-09-20T04:40:01Z,CHAN,38581,38581186,1000,100,0,4,0,-950,-1160,-1139
2026-09-20T04:40:09Z,CHANSUM,38530,38589,60,60000,6000,0,14,0,3,0,-860,-1160,-1150,-1159
2026-09-20T04:40:38Z,CHAN,38618,38618186,1000,100,0,6,0,-710,-1160,-1127
2026-09-20T04:41:09Z,CHANSUM,38590,38649,60,60000,6000,0,6,0,1,0,-710,-1160,-1150,-1159
2026-09-20T04:41:19Z,CHAN,38659,38659186,1000,100,0,1,0,-1060,-1160,-1145
2026-09-20T04:42:07Z,CHAN,38707,38707186,1000,100,0,5,0,-920,-1160,-1137
2026-09-20T04:42:09Z,CHANSUM,38650,38709,60,60000,6000,0,6,0,2,0,-920,-1160,-1150,-1159
2026-09-20T04:43:09Z,CHANSUM,38710,38769,60,60000,6000,0,0,0,0,0,-1130,-1170,-1150,-1159
2026-09-20T04:43:12Z,CHAN,38772,38772186,1000,100,0,5,0,-1090,-1160,-1144
2026-09-20T04:43:30Z,CHAN,38790,38790186,1000,100,0,1,0,-660,-1160,-1142
2026-09-20T04:44:09Z,CHANSUM,38770,38829,60,60000,6000,0,6,0,2,0,-660,-1160,-1150,-1159
2026-09-20T04:45:09Z,CHANSUM,38830,38889,60,60000,6000,0,0,0,0,0,-1130,-1160,-1150,-1159
2026-09-20T04:45:41Z,CHAN,38921,38921186,1000,100,0,1,0,-670,-1160,-1143
2026-09-20T04:46:09Z,CHANSUM,38890,38949,60,60000,6000,0,1,0,1,0,-670,-1160,-1150,-1159
2026-09-20T04:47:09Z,CHANSUM,38950,39009,60,60000,6000,0,0,0,0,0,-1130,-1160,-1150,-1159
2026-09-20T04:47:51Z,CHAN,39051,39051186,1000,100,0,2,0,-660,-1160,-1141
2026-09-20T04:48:09Z,CHANSUM,39010,39069,60,60000,6000,0,2,0,1,0,-660,-1160,-1150,-1159
2026-09-20T04:48:17Z,CHAN,39077,39077186,1000,100,0,5,0,-1080,-1160,-1144
2026-09-20T04:48:53Z,CHAN,39113,39113186,1000,100,0,1,0,-1090,-1160,-1146
2026-09-20T04:49:03Z,CHAN,39123,39123186,1000,100,0,3,0,-1030,-1160,-1144
2026-09-20T04:49:04Z,CHAN,39124,39124186,1000,100,0,1,0,-1020,-1160,-1145
2026-09-20T04:49:09Z,CHANSUM,39070,39129,60,60000,6000,0,10,0,4,0,-1020,-1160,-1150,-1159
2026-09-20T04:49:14Z,CHAN,39134,39134186,1000,100,0,3,0,-980,-1160,-1142
2026-09-20T04:49:40Z,CHAN,39160,39160186,1000,100,0,4,0,-1040,-1160,-1142
2026-09-20T04:49:41Z,CHAN,39161,39161186,1000,100,0,3,0,-950,-1160,-1142
2026-09-20T04:49:51Z,CHAN,39171,39171186,1000,100,0,4,0,-920,-1160,-1138
2026-09-20T04:49:54Z,CHAN,39174,39174186,1000,100,0,3,0,-1090,-1160,-1145
2026-09-20T04:50:02Z,CHAN,39182,39182186,1000,100,0,1,0,-660,-1160,-1142
2026-09-20T04:50:04Z,CHAN,39184,39184186,1000,100,0,4,0,-1030,-1160,-1143
2026-09-20T04:50:09Z,CHANSUM,39130,39189,60,60000,6000,0,22,0,7,0,-660,-1160,-1150,-1159
2026-09-20T04:50:20Z,CHAN,39200,39200186,1000,100,0,4,0,-870,-1150,-1136
2026-09-20T04:50:30Z,CHAN,39210,39210186,1000,100,0,3,0,-970,-1160,-1142
2026-09-20T04:51:09Z,CHANSUM,39190,39249,60,60000,6000,0,7,0,2,0,-870,-1160,-1150,-1159
2026-09-20T04:51:12Z,CHAN,39252,39252186,1000,100,0,1,0,-1090,-1160,-1146
2026-09-20T04:51:22Z,CHAN,39262,39262186,1000,100,0,5,0,-690,-1160,-1129
2026-09-20T04:52:09Z,CHANSUM,39250,39309,60,60000,6000,0,6,0,2,0,-690,-1160,-1150,-1159
2026-09-20T04:52:13Z,CHAN,39313,39313186,1000,100,0,1,0,-700,-1160,-1143
2026-09-20T04:53:09Z,CHANSUM,39310,39369,60,60000,6000,0,1,0,1,0,-700,-1160,-1150,-1159
2026-09-20T04:53:28Z,CHAN,39388,39388186,1000,100,0,4,0,-1060,-1160,-1143
2026-09-20T04:53:30Z,CHAN,39390,39390186,1000,100,0,4,0,-970,-1160,-1140
2026-09-20T04:53:48Z,CHAN,39408,39408186,1000,100,0,4,0,-1090,-1160,-1145
2026-09-20T04:53:57Z,CHAN,39417,39417186,1000,100,0,3,0,-1080,-1160,-1144
2026-09-20T04:53:59Z,CHAN,39419,39419186,1000,100,0,9,0,-1050,-1160,-1140
2026-09-20T04:54:09Z,CHANSUM,39370,39429,60,60000,6000,0,24,0,5,0,-970,-1160,-1150,-1159
2026-09-20T04:54:10Z,CHAN,39430,39430186,1000,100,0,4,0,-960,-1160,-1139
2026-09-20T04:54:23Z,CHAN,39443,39443186,1000,100,0,1,0,-660,-1160,-1141
2026-09-20T04:55:06Z,CHAN,39486,39486186,1000,100,0,2,0,-1100,-1160,-1145
2026-09-20T04:55:09Z,CHANSUM,39430,39489,60,60000,6000,0,7,0,3,0,-660,-1160,-1150,-1159
2026-09-20T04:56:09Z,CHANSUM,39490,39549,60,60000,6000,0,0,0,0,0,-1130,-1160,-1150,-1159
2026-09-20T04:56:34Z,CHAN,39574,39574186,1000,100,0,1,0,-660,-1160,-1142
2026-09-20T04:57:09Z,CHANSUM,39550,39609,60,60000,6000,0,1,0,1,0,-660,-1160,-1150,-1159
2026-09-20T04:57:27Z,CHAN,39627,39627186,1000,100,0,5,0,-1070,-1150,-1144
2026-09-20T04:58:09Z,CHANSUM,39610,39669,60,60000,6000,0,5,0,1,0,-1070,-1160,-1150,-1159
2026-09-20T04:58:45Z,CHAN,39705,39705186,1000,100,0,1,0,-990,-1160,-1146
2026-09-20T04:59:09Z,CHANSUM,39670,39729,60,60000,6000,0,1,0,1,0,-990,-1160,-1150,-1159
2026-09-20T05:00:02Z,CHAN,39782,39782186,1000,100,0,8,0,-960,-1160,-1136
2026-09-20T05:00:09Z,CHANSUM,39730,39789,60,60000,6000,0,8,0,1,0,-960,-1160,-1150,-1159
2026-09-20T05:00:35Z,CHAN,39815,39815186,1000,100,0,5,0,-1020,-1160,-1141
2026-09-20T05:00:43Z,CHAN,39823,39823186,1000,100,0,10,0,-960,-1160,-1131
2026-09-20T05:00:55Z,CHAN,39835,39835186,1000,100,0,1,0,-660,-1160,-1143
2026-09-20T05:01:09Z,CHANSUM,39790,39849,60,60000,6000,0,16,0,3,0,-660,-1160,-1150,-1159
2026-09-20T05:02:09Z,CHANSUM,39850,39909,60,60000,6000,0,0,0,0,0,-1130,-1160,-1150,-1159
2026-09-20T05:03:06Z,CHAN,39966,39966186,1000,100,0,1,0,-670,-1160,-1143
2026-09-20T05:03:09Z,CHANSUM,39910,39969,60,60000,6000,0,1,0,1,0,-670,-1160,-1150,-1159
2026-09-20T05:03:54Z,CHAN,40014,40014186,1000,100,0,4,0,-960,-1160,-1140
2026-09-20T05:04:09Z,CHANSUM,39970,40029,60,60000,6000,0,4,0,1,0,-960,-1160,-1150,-1159
2026-09-20T05:05:09Z,CHANSUM,40030,40089,60,60000,6000,0,0,0,0,0,-1130,-1160,-1150,-1159
2026-09-20T05:06:09Z,CHANSUM,40090,40149,60,60000,6000,0,0,0,0,0,-1120,-1160,-1160,-1160
2026-09-20T05:07:09Z,CHANSUM,40150,40209,60,60000,6000,0,0,0,0,0,-1120,-1160,-1150,-1159
2026-09-20T05:07:27Z,CHAN,40227,40227186,1000,100,0,1,0,-650,-1160,-1143
2026-09-20T05:08:09Z,CHANSUM,40210,40269,60,60000,6000,0,1,0,1,0,-650,-1160,-1150,-1159
2026-09-20T05:09:09Z,CHANSUM,40270,40329,60,60000,6000,0,0,0,0,0,-1130,-1160,-1150,-1159
2026-09-20T05:09:38Z,CHAN,40358,40358186,1000,100,0,1,0,-660,-1160,-1141
2026-09-20T05:10:09Z,CHANSUM,40330,40389,60,60000,6000,0,1,0,1,0,-660,-1160,-1150,-1159
2026-09-20T05:10:33Z,CHAN,40413,40413186,1000,100,0,4,0,-950,-1160,-1139
2026-09-20T05:10:50Z,CHAN,40430,40430186,1000,100,0,5,0,-950,-1160,-1137
2026-09-20T05:11:09Z,CHANSUM,40390,40449,60,60000,6000,0,9,0,2,0,-950,-1160,-1150,-1159
2026-09-20T05:11:49Z,CHAN,40489,40489186,1000,100,0,1,0,-1060,-1160,-1146
2026-09-20T05:12:09Z,CHANSUM,40450,40509,60,60000,6000,0,1,0,1,0,-1060,-1160,-1150,-1159
2026-09-20T05:12:47Z,CHAN,40547,40547186,1000,100,0,5,0,-930,-1160,-1137
2026-09-20T05:13:09Z,CHANSUM,40510,40569,60,60000,6000,0,5,0,1,0,-930,-1160,-1150,-1159
2026-09-20T05:13:52Z,CHAN,40612,40612186,1000,100,0,3,0,-1100,-1160,-1145
2026-09-20T05:14:00Z,CHAN,40620,40620186,1000,100,0,1,0,-660,-1160,-1143
2026-09-20T05:14:09Z,CHANSUM,40570,40629,60,60000,6000,0,4,0,2,0,-660,-1160,-1150,-1159
2026-09-20T05:14:14Z,CHAN,40634,40634186,1000,100,0,3,0,-970,-1160,-1141
2026-09-20T05:14:22Z,CHAN,40642,40642186,1000,100,0,3,0,-1100,-1160,-1145
2026-09-20T05:14:55Z,CHAN,40675,40675186,1000,100,0,3,0,-1090,-1160,-1146
2026-09-20T05:15:09Z,CHANSUM,40630,40689,60,60000,6000,0,9,0,3,0,-970,-1160,-1150,-1159
2026-09-20T05:15:32Z,CHAN,40712,40712186,1000,100,0,1,0,-1100,-1160,-1145
2026-09-20T05:15:54Z,CHAN,40734,40734186,1000,100,0,2,0,-1080,-1160,-1145
2026-09-20T05:16:09Z,CHANSUM,40690,40749,60,60000,6000,0,3,0,2,0,-1080,-1160,-1150,-1159
2026-09-20T05:16:10Z,CHAN,40750,40750186,1000,100,0,1,0,-660,-1160,-1141
2026-09-20T05:16:23Z,CHAN,40763,40763186,1000,100,0,5,0,-700,-1160,-1133
2026-09-20T05:16:29Z,CHAN,40769,40769186,1000,100,0,3,0,-1090,-1160,-1145
2026-09-20T05:17:09Z,CHANSUM,40750,40809,60,60000,6000,0,9,0,3,0,-660,-1160,-1150,-1159
2026-09-20T05:17:47Z,CHAN,40847,40847186,1000,100,0,2,0,-1080,-1160,-1146
2026-09-20T05:18:09Z,CHANSUM,40810,40869,60,60000,6000,0,2,0,1,0,-1080,-1160,-1150,-1159
2026-09-20T05:18:21Z,CHAN,40881,40881186,1000,100,0,1,0,-680,-1160,-1142
2026-09-20T05:19:05Z,CHAN,40925,40925186,1000,100,0,5,0,-860,-1160,-1134
2026-09-20T05:19:09Z,CHANSUM,40870,40929,60,60000,6000,0,6,0,2,0,-680,-1160,-1150,-1159
2026-09-20T05:20:09Z,CHANSUM,40930,40989,60,60000,6000,0,0,0,0,0,-1130,-1160,-1150,-1159
2026-09-20T05:20:32Z,CHAN,41012,41012186,1000,100,0,1,0,-660,-1150,-1141
2026-09-20T05:21:09Z,CHANSUM,40990,41049,60,60000,6000,0,1,0,1,0,-660,-1160,-1150,-1159
2026-09-20T05:22:08Z,CHAN,41108,41108186,1000,100,0,1,0,-1100,-1160,-1147
2026-09-20T05:22:09Z,CHANSUM,41050,41109,60,60000,6000,0,1,0,1,0,-1100,-1160,-1150,-1159
2026-09-20T05:22:10Z,CHAN,41110,41110186,1000,100,0,6,0,-700,-1160,-1123
2026-09-20T05:22:42Z,CHAN,41142,41142186,1000,100,0,1,0,-690,-1160,-1142
2026-09-20T05:23:09Z,CHANSUM,41110,41169,60,60000,6000,0,7,0,2,0,-690,-1160,-1150,-1158
2026-09-20T05:23:26Z,CHAN,41186,41186186,1000,100,0,4,0,-960,-1160,-1140
2026-09-20T05:23:57Z,CHAN,41217,41217186,1000,100,0,5,0,-940,-1160,-1137
2026-09-20T05:24:09Z,CHANSUM,41170,41229,60,60000,6000,0,9,0,2,0,-940,-1160,-1150,-1159
2026-09-20T05:24:53Z,CHAN,41273,41273186,1000,100,0,1,0,-660,-1160,-1143
2026-09-20T05:25:06Z,CHAN,41286,41286186,1000,100,0,5,0,-1020,-1160,-1141
2026-09-20T05:25:09Z,CHANSUM,41230,41289,60,60000,6000,0,6,0,2,0,-660,-1160,-1150,-1159
2026-09-20T05:26:09Z,CHANSUM,41290,41349,60,60000,6000,0,0,0,0,0,-1130,-1160,-1150,-1159
2026-09-20T05:26:13Z,CHAN,41353,41353186,1000,100,0,4,0,-950,-1160,-1138
2026-09-20T05:26:18Z,CHAN,41358,41358186,1000,100,0,9,0,-960,-1160,-1130
2026-09-20T05:27:04Z,CHAN,41404,41404186,1000,100,0,1,0,-660,-1160,-1143
2026-09-20T05:27:09Z,CHANSUM,41350,41409,60,60000,6000,0,14,0,3,0,-660,-1160,-1150,-1159
2026-09-20T05:27:48Z,CHAN,41448,41448186,1000,100,0,4,0,-940,-1160,-1140
2026-09-20T05:28:09Z,CHANSUM,41410,41469,60,60000,6000,0,4,0,1,0,-940,-1160,-1150,-1159
2026-09-20T05:29:09Z,CHANSUM,41470,41529,60,60000,6000,0,0,0,0,0,-1130,-1160,-1150,-1159
2026-09-20T05:29:14Z,CHAN,41534,41534186,1000,100,0,1,0,-890,-1160,-1144
2026-09-20T05:30:09Z,CHANSUM,41530,41589,60,60000,6000,0,1,0,1,0,-890,-1160,-1150,-1159
2026-09-20T05:31:09Z,CHANSUM,41590,41649,60,60000,6000,0,0,0,0,0,-1130,-1160,-1150,-1158
2026-09-20T05:31:25Z,CHAN,41665,41665186,1000,100,0,1,0,-660,-1160,-1142
2026-09-20T05:31:51Z,CHAN,41691,41691186,1000,100,0,5,0,-1080,-1160,-1143
2026-09-20T05:32:09Z,CHANSUM,41650,41709,60,60000,6000,0,6,0,2,0,-660,-1160,-1150,-1159
2026-09-20T05:33:09Z,CHANSUM,41710,41769,60,60000,6000,0,0,0,0,0,-1120,-1160,-1150,-1159
2026-09-20T05:33:11Z,CHAN,41771,41771186,1000,100,0,3,0,-1090,-1160,-1145
2026-09-20T05:33:22Z,CHAN,41782,41782186,1000,100,0,3,0,-1080,-1160,-1144
2026-09-20T05:33:36Z,CHAN,41796,41796186,1000,100,0,1,0,-660,-1160,-1142
2026-09-20T05:33:58Z,CHAN,41818,41818186,1000,100,0,1,0,-1080,-1160,-1146
2026-09-20T05:34:09Z,CHANSUM,41770,41829,60,60000,6000,0,8,0,4,0,-660,-1160,-1150,-1159
2026-09-20T05:34:21Z,CHAN,41842,41842186,1000,100,0,2,0,-1100,-1160,-1147
2026-09-20T05:34:51Z,CHAN,41872,41872186,1000,100,0,7,0,-960,-1160,-1138
2026-09-20T05:35:08Z,CHANSUM,41830,41889,60,60000,6000,0,9,0,2,0,-960,-1160,-1150,-1159
2026-09-20T05:35:45Z,CHAN,41926,41926186,1000,100,0,1,0,-940,-1160,-1144
2026-09-20T05:35:51Z,CHAN,41932,41932186,1000,100,0,2,0,-1100,-1160,-1146
2026-09-20T05:35:59Z,CHAN,41940,41940186,1000,100,0,2,0,-1090,-1160,-1145
2026-09-20T05:36:08Z,CHANSUM,41890,41949,60,60000,6000,0,5,0,3,0,-940,-1160,-1150,-1159
2026-09-20T05:36:15Z,CHAN,41956,41956186,1000,100,0,4,0,-1090,-1160,-1145
2026-09-20T05:37:08Z,CHANSUM,41950,42009,60,60000,6000,0,4,0,1,0,-1090,-1160,-1150,-1159
2026-09-20T05:37:22Z,CHAN,42023,42023186,1000,100,0,11,0,-940,-1160,-1127
2026-09-20T05:37:39Z,CHAN,42040,42040186,1000,100,0,4,0,-960,-1160,-1139
2026-09-20T05:37:56Z,CHAN,42057,42057186,1000,100,0,1,0,-660,-1160,-1142
2026-09-20T05:38:08Z,CHANSUM,42010,42069,60,60000,6000,0,16,0,3,0,-660,-1160,-1150,-1159
2026-09-20T05:39:08Z,CHANSUM,42070,42129,60,60000,6000,0,0,0,0,0,-1130,-1160,-1150,-1159
2026-09-20T05:39:22Z,CHAN,42143,42143186,1000,100,0,3,0,-1090,-1160,-1145
2026-09-20T05:39:35Z,CHAN,42156,42156186,1000,100,0,19,0,-930,-1160,-1112
2026-09-20T05:39:36Z,CHAN,42157,42157186,1000,100,0,69,0,-920,-1160,-1031
2026-09-20T05:39:37Z,CHAN,42158,42158186,1000,100,0,18,0,-930,-1160,-1112
2026-09-20T05:40:05Z,CHAN,42186,42186186,1000,100,0,2,0,-1080,-1160,-1145
2026-09-20T05:40:07Z,CHAN,42188,42188186,1000,100,0,1,0,-670,-1160,-1142
2026-09-20T05:40:08Z,CHANSUM,42130,42189,60,60000,6000,0,112,0,6,0,-670,-1160,-1150,-1159
2026-09-20T05:40:21Z,CHAN,42202,42202186,1000,100,0,29,0,-930,-1160,-1098
2026-09-20T05:40:22Z,CHAN,42203,42203186,1000,100,0,70,0,-940,-1160,-1032
2026-09-20T05:40:23Z,CHAN,42204,42204186,1000,100,0,8,0,-940,-1160,-1132
2026-09-20T05:41:08Z,CHANSUM,42190,42249,60,60000,6000,0,107,0,3,0,-930,-1160,-1150,-1159
2026-09-20T05:41:32Z,CHAN,42273,42273186,1000,100,0,5,0,-970,-1160,-1139
2026-09-20T05:42:08Z,CHANSUM,42250,42309,60,60000,6000,0,5,0,1,0,-970,-1160,-1160,-1160
2026-09-20T05:43:08Z,CHANSUM,42310,42369,60,60000,6000,0,0,0,0,0,-1120,-1160,-1150,-1159
2026-09-20T05:43:25Z,CHAN,42386,42386186,1000,100,0,7,0,-710,-1160,-1122
2026-09-20T05:44:08Z,CHANSUM,42370,42429,60,60000,6000,0,7,0,1,0,-710,-1160,-1150,-1159
2026-09-20T05:44:28Z,CHAN,42449,42449186,1000,100,0,1,0,-650,-1160,-1142
2026-09-20T05:45:08Z,CHANSUM,42430,42489,60,60000,6000,0,1,0,1,0,-650,-1160,-1150,-1159
2026-09-20T05:46:08Z,CHANSUM,42490,42549,60,60000,6000,0,0,0,0,0,-1120,-1160,-1150,-1159
2026-09-20T05:46:39Z,CHAN,42580,42580186,1000,100,0,1,0,-660,-1160,-1142
2026-09-20T05:47:08Z,CHANSUM,42550,42609,60,60000,6000,0,1,0,1,0,-660,-1160,-1150,-1159
2026-09-20T05:48:08Z,CHANSUM,42610,42669,60,60000,6000,0,0,0,0,0,-1120,-1160,-1150,-1159
2026-09-20T05:49:08Z,CHANSUM,42670,42729,60,60000,6000,0,0,0,0,0,-1120,-1160,-1150,-1159
2026-09-20T05:50:08Z,CHANSUM,42730,42789,60,60000,6000,0,0,0,0,0,-1120,-1160,-1160,-1160
2026-09-20T05:51:00Z,CHAN,42841,42841186,1000,100,0,1,0,-660,-1160,-1142
2026-09-20T05:51:08Z,CHANSUM,42790,42849,60,60000,6000,0,1,0,1,0,-660,-1160,-1150,-1159
2026-09-20T05:52:08Z,CHANSUM,42850,42909,60,60000,6000,0,0,0,0,0,-1120,-1160,-1150,-1159
2026-09-20T05:53:08Z,CHANSUM,42910,42969,60,60000,6000,0,0,0,0,0,-1130,-1160,-1150,-1159
2026-09-20T05:53:11Z,CHAN,42972,42972186,1000,100,0,6,0,-670,-1160,-1138
2026-09-20T05:53:16Z,CHAN,42977,42977186,1000,100,0,5,0,-960,-1160,-1140
2026-09-20T05:54:08Z,CHANSUM,42970,43029,60,60000,6000,0,11,0,2,0,-670,-1160,-1150,-1159
2026-09-20T05:55:08Z,CHANSUM,43030,43089,60,60000,6000,0,0,0,0,0,-1130,-1160,-1150,-1159
2026-09-20T05:55:22Z,CHAN,43103,43103186,1000,100,0,1,0,-920,-1160,-1145
2026-09-20T05:56:08Z,CHANSUM,43090,43149,60,60000,6000,0,1,0,1,0,-920,-1160,-1160,-1160
2026-09-20T05:57:08Z,CHANSUM,43150,43209,60,60000,6000,0,0,0,0,0,-1120,-1160,-1150,-1159
2026-09-20T05:57:32Z,CHAN,43233,43233186,1000,100,0,1,0,-660,-1160,-1142
2026-09-20T05:58:08Z,CHANSUM,43210,43269,60,60000,6000,0,1,0,1,0,-660,-1160,-1150,-1159
2026-09-20T05:58:37Z,CHAN,43298,43298186,1000,100,0,1,0,-1100,-1160,-1146
2026-09-20T05:59:08Z,CHANSUM,43270,43329,60,60000,6000,0,1,0,1,0,-1100,-1160,-1150,-1159
2026-09-20T05:59:43Z,CHAN,43364,43364186,1000,100,0,1,0,-660,-1160,-1142
2026-09-20T05:59:50Z,CHAN,43371,43371186,1000,100,0,4,0,-1080,-1160,-1144
2026-09-20T06:00:08Z,CHANSUM,43330,43389,60,60000,6000,0,5,0,2,0,-660,-1160,-1150,-1159
2026-09-20T06:01:08Z,CHANSUM,43390,43449,60,60000,6000,0,0,0,0,0,-1120,-1160,-1150,-1159
2026-09-20T06:01:54Z,CHAN,43495,43495186,1000,100,0,1,0,-660,-1160,-1143
2026-09-20T06:02:08Z,CHANSUM,43450,43509,60,60000,6000,0,1,0,1,0,-660,-1160,-1150,-1158
2026-09-20T06:02:34Z,CHAN,43535,43535186,1000,100,0,5,0,-1020,-1160,-1142
2026-09-20T06:03:08Z,CHANSUM,43510,43569,60,60000,6000,0,5,0,1,0,-1020,-1160,-1150,-1159
2026-09-20T06:03:54Z,CHAN,43615,43615186,1000,100,0,4,0,-950,-1160,-1140
2026-09-20T06:04:04Z,CHAN,43625,43625186,1000,100,0,1,0,-660,-1160,-1142
2026-09-20T06:04:08Z,CHANSUM,43570,43629,60,60000,6000,0,5,0,2,0,-660,-1160,-1150,-1159
2026-09-20T06:05:08Z,CHANSUM,43630,43689,60,60000,6000,0,0,0,0,0,-1130,-1160,-1150,-1159
2026-09-20T06:05:53Z,CHAN,43734,43734186,1000,100,0,20,0,-940,-1160,-1111
2026-09-20T06:05:54Z,CHAN,43735,43735186,1000,100,0,49,0,-940,-1160,-1076
2026-09-20T06:05:55Z,CHAN,43736,43736186,1000,100,0,28,0,-940,-1170,-1100
2026-09-20T06:06:08Z,CHANSUM,43690,43749,60,60000,6000,0,97,0,3,0,-940,-1170,-1150,-1160
2026-09-20T06:06:15Z,CHAN,43756,43756186,1000,100,0,1,0,-710,-1160,-1142
2026-09-20T06:06:54Z,CHAN,43795,43795186,1000,100,0,14,0,-940,-1160,-1120
2026-09-20T06:06:55Z,CHAN,43796,43796186,1000,100,0,30,0,-940,-1160,-1092
2026-09-20T06:06:56Z,CHAN,43797,43797186,1000,100,0,18,0,-960,-1150,-1124
2026-09-20T06:07:04Z,CHAN,43805,43805186,1000,100,0,4,0,-950,-1160,-1138
2026-09-20T06:07:08Z,CHANSUM,43750,43809,60,60000,6000,0,67,0,5,0,-710,-1160,-1150,-1159
2026-09-20T06:08:08Z,CHANSUM,43810,43869,60,60000,6000,0,0,0,0,0,-1110,-1160,-1150,-1159
2026-09-20T06:08:26Z,CHAN,43887,43887186,1000,100,0,1,0,-670,-1160,-1142
2026-09-20T06:08:48Z,CHAN,43909,43909186,1000,100,0,1,0,-940,-1160,-1145
2026-09-20T06:09:08Z,CHANSUM,43870,43929,60,60000,6000,0,2,0,2,0,-670,-1160,-1150,-1159
2026-09-20T06:10:08Z,CHANSUM,43930,43989,60,60000,6000,0,0,0,0,0,-1130,-1160,-1150,-1159
2026-09-20T06:10:36Z,CHAN,44017,44017186,1000,100,0,1,0,-660,-1160,-1142
2026-09-20T06:11:08Z,CHANSUM,43990,44049,60,60000,6000,0,1,0,1,0,-660,-1160,-1150,-1159
2026-09-20T06:11:55Z,CHAN,44096,44096186,1000,100,0,8,0,-1040,-1160,-1139
2026-09-20T06:12:08Z,CHANSUM,44050,44109,60,60000,6000,0,8,0,1,0,-1040,-1160,-1150,-1159
2026-09-20T06:12:37Z,CHAN,44138,44138186,1000,100,0,14,0,-940,-1160,-1110
2026-09-20T06:12:38Z,CHAN,44139,44139186,1000,100,0,44,0,-940,-1160,-1064
2026-09-20T06:12:39Z,CHAN,44140,44140186,1000,100,0,14,0,-940,-1160,-1117
2026-09-20T06:12:47Z,CHAN,44148,44148186,1000,100,0,1,0,-990,-1160,-1145
2026-09-20T06:13:08Z,CHANSUM,44110,44169,60,60000,6000,0,73,0,4,0,-940,-1160,-1150,-1159
2026-09-20T06:13:23Z,CHAN,44184,44184186,1000,100,0,4,0,-1090,-1160,-1145
2026-09-20T06:14:08Z,CHANSUM,44170,44229,60,60000,6000,0,4,0,1,0,-1090,-1160,-1150,-1159
2026-09-20T06:14:20Z,CHAN,44241,44241186,1000,100,0,4,0,-910,-1160,-1138
2026-09-20T06:14:58Z,CHAN,44279,44279186,1000,100,0,1,0,-660,-1160,-1143
2026-09-20T06:15:08Z,CHANSUM,44230,44289,60,60000,6000,0,5,0,2,0,-660,-1160,-1150,-1159
2026-09-20T06:16:08Z,CHANSUM,44290,44349,60,60000,6000,0,0,0,0,0,-1130,-1160,-1150,-1159
2026-09-20T06:17:08Z,CHAN,44409,44409186,1000,100,0,1,0,-670,-1160,-1143
2026-09-20T06:17:08Z,CHANSUM,44350,44409,60,60000,6000,0,1,0,1,0,-670,-1160,-1150,-1159
2026-09-20T06:18:03Z,CHAN,44464,44464186,1000,100,0,4,0,-970,-1160,-1140
2026-09-20T06:18:08Z,CHANSUM,44410,44469,60,60000,6000,0,4,0,1,0,-970,-1160,-1150,-1159
2026-09-20T06:19:08Z,CHANSUM,44470,44529,60,60000,6000,0,0,0,0,0,-1130,-1160,-1150,-1159
2026-09-20T06:20:06Z,CHAN,44587,44587186,1000,100,0,4,0,-1100,-1160,-1145
2026-09-20T06:20:08Z,CHANSUM,44530,44589,60,60000,6000,0,4,0,1,0,-1100,-1160,-1150,-1159
2026-09-20T06:21:08Z,CHANSUM,44590,44649,60,60000,6000,0,0,0,0,0,-1110,-1160,-1150,-1159
2026-09-20T06:21:30Z,CHAN,44671,44671186,1000,100,0,1,0,-660,-1160,-1142
2026-09-20T06:22:08Z,CHANSUM,44650,44709,60,60000,6000,0,1,0,1,0,-660,-1160,-1150,-1159
2026-09-20T06:23:09Z,CHANSUM,44710,44769,60,60000,6000,0,0,0,0,0,-1130,-1160,-1150,-1159
2026-09-20T06:23:41Z,CHAN,44801,44801186,1000,100,0,2,0,-660,-1160,-1141
2026-09-20T06:24:09Z,CHANSUM,44770,44829,60,60000,6000,0,2,0,1,0,-660,-1160,-1160,-1160
2026-09-20T06:24:58Z,CHAN,44878,44878186,1000,100,0,7,0,-1040,-1160,-1142
2026-09-20T06:24:59Z,CHAN,44879,44879186,1000,100,0,43,0,-950,-1160,-1090
2026-09-20T06:25:00Z,CHAN,44880,44880186,1000,100,0,14,0,-960,-1160,-1127
2026-09-20T06:25:09Z,CHANSUM,44830,44889,60,60000,6000,0,64,0,3,0,-950,-1160,-1150,-1159
2026-09-20T06:25:52Z,CHAN,44932,44932186,1000,100,0,1,0,-1020,-1160,-1146
2026-09-20T06:26:09Z,CHANSUM,44890,44949,60,60000,6000,0,1,0,1,0,-1020,-1160,-1150,-1159
2026-09-20T06:27:09Z,CHANSUM,44950,45009,60,60000,6000,0,0,0,0,0,-1130,-1160,-1150,-1159
2026-09-20T06:27:26Z,CHAN,45026,45026186,1000,100,0,1,0,-1100,-1160,-1144
2026-09-20T06:28:03Z,CHAN,45063,45063186,1000,100,0,1,0,-660,-1160,-1142
2026-09-20T06:28:09Z,CHANSUM,45010,45069,60,60000,6000,0,2,0,2,0,-660,-1160,-1150,-1158
2026-09-20T06:28:51Z,CHAN,45111,45111186,1000,100,0,5,0,-940,-1160,-1138
2026-09-20T06:29:09Z,CHANSUM,45070,45129,60,60000,6000,0,5,0,1,0,-940,-1160,-1150,-1159
2026-09-20T06:30:01Z,CHAN,45181,45181186,1000,100,0,5,0,-1030,-1160,-1141
2026-09-20T06:30:09Z,CHANSUM,45130,45189,60,60000,6000,0,5,0,1,0,-1030,-1160,-1150,-1159
2026-09-20T06:30:14Z,CHAN,45194,45194186,1000,100,0,1,0,-670,-1160,-1143
2026-09-20T06:30:57Z,CHAN,45237,45237186,1000,100,0,5,0,-1090,-1160,-1145
2026-09-20T06:31:09Z,CHANSUM,45190,45249,60,60000,6000,0,6,0,2,0,-670,-1160,-1150,-1158
2026-09-20T06:32:09Z,CHANSUM,45250,45309,60,60000,6000,0,0,0,0,0,-1130,-1160,-1150,-1159
2026-09-20T06:32:24Z,CHAN,45324,45324186,1000,100,0,1,0,-660,-1160,-1142
2026-09-20T06:32:48Z,CHAN,45348,45348186,1000,100,0,5,0,-1050,-1160,-1142
2026-09-20T06:33:09Z,CHANSUM,45310,45369,60,60000,6000,0,6,0,2,0,-660,-1160,-1150,-1159
2026-09-20T06:34:09Z,CHANSUM,45370,45429,60,60000,6000,0,0,0,0,0,-1130,-1160,-1150,-1159
2026-09-20T06:34:35Z,CHAN,45455,45455186,1000,100,0,1,0,-660,-1160,-1142
2026-09-20T06:35:09Z,CHANSUM,45430,45489,60,60000,6000,0,1,0,1,0,-660,-1160,-1150,-1159
2026-09-20T06:36:09Z,CHANSUM,45490,45549,60,60000,6000,0,0,0,0,0,-1130,-1160,-1150,-1159
2026-09-20T06:36:46Z,CHAN,45586,45586186,1000,100,0,1,0,-660,-1160,-1141
2026-09-20T06:37:09Z,CHANSUM,45550,45609,60,60000,6000,0,1,0,1,0,-660,-1160,-1150,-1159
2026-09-20T06:37:51Z,CHAN,45651,45651186,1000,100,0,5,0,-1090,-1150,-1145
2026-09-20T06:38:09Z,CHANSUM,45610,45669,60,60000,6000,0,5,0,1,0,-1090,-1160,-1150,-1159
2026-09-20T06:38:18Z,CHAN,45678,45678186,1000,100,0,4,0,-1090,-1160,-1144
2026-09-20T06:38:34Z,CHAN,45694,45694186,1000,100,0,3,0,-1100,-1160,-1145
2026-09-20T06:38:50Z,CHAN,45710,45710186,1000,100,0,4,0,-1050,-1160,-1144
2026-09-20T06:38:56Z,CHAN,45716,45716186,1000,100,0,1,0,-660,-1160,-1142
2026-09-20T06:39:03Z,CHAN,45723,45723186,1000,100,0,3,0,-1030,-1160,-1143
2026-09-20T06:39:07Z,CHAN,45727,45727186,1000,100,0,4,0,-1040,-1160,-1144
2026-09-20T06:39:09Z,CHANSUM,45670,45729,60,60000,6000,0,19,0,6,0,-660,-1160,-1160,-1160
2026-09-20T06:39:18Z,CHAN,45738,45738186,1000,100,0,5,0,-1070,-1160,-1143
2026-09-20T06:39:51Z,CHAN,45771,45771186,1000,100,0,2,0,-1090,-1150,-1145
2026-09-20T06:40:09Z,CHANSUM,45730,45789,60,60000,6000,0,7,0,2,0,-1070,-1160,-1150,-1159
2026-09-20T06:40:16Z,CHAN,45796,45796186,1000,100,0,3,0,-1090,-1160,-1145
2026-09-20T06:41:04Z,CHAN,45844,45844186,1000,100,0,4,0,-940,-1160,-1139
2026-09-20T06:41:07Z,CHAN,45847,45847186,1000,100,0,1,0,-660,-1160,-1142
2026-09-20T06:41:09Z,CHANSUM,45790,45849,60,60000,6000,0,8,0,3,0,-660,-1160,-1150,-1159
2026-09-20T06:41:15Z,CHAN,45855,45855186,1000,100,0,3,0,-1100,-1160,-1145
2026-09-20T06:41:26Z,CHAN,45866,45866186,1000,100,0,4,0,-1040,-1160,-1143
2026-09-20T06:41:37Z,CHAN,45877,45877186,1000,100,0,4,0,-980,-1160,-1141
2026-09-20T06:42:09Z,CHANSUM,45850,45909,60,60000,6000,0,11,0,3,0,-980,-1160,-1150,-1158
2026-09-20T06:42:14Z,CHAN,45914,45914186,1000,100,0,4,0,-920,-1160,-1137
2026-09-20T06:42:25Z,CHAN,45925,45925186,1000,100,0,2,0,-1100,-1160,-1146
2026-09-20T06:43:09Z,CHANSUM,45910,45969,60,60000,6000,0,6,0,2,0,-920,-1160,-1150,-1159
2026-09-20T06:43:18Z,CHAN,45978,45978186,1000,100,0,1,0,-820,-1160,-1144
2026-09-20T06:43:46Z,CHAN,46006,46006186,1000,100,0,3,0,-1090,-1160,-1145
2026-09-20T06:44:09Z,CHANSUM,45970,46029,60,60000,6000,0,4,0,2,0,-820,-1160,-1150,-1159
2026-09-20T06:44:35Z,CHAN,46055,46055186,1000,100,0,5,0,-1030,-1160,-1142
2026-09-20T06:45:09Z,CHANSUM,46030,46089,60,60000,6000,0,5,0,1,0,-1030,-1160,-1150,-1159
2026-09-20T06:45:28Z,CHAN,46108,46108186,1000,100,0,1,0,-660,-1160,-1141
2026-09-20T06:46:09Z,CHANSUM,46090,46149,60,60000,6000,0,1,0,1,0,-660,-1160,-1150,-1159
2026-09-20T06:47:09Z,CHAN,46209,46209186,1000,100,0,5,0,-1090,-1160,-1145
2026-09-20T06:47:09Z,CHANSUM,46150,46209,60,60000,6000,0,5,0,1,0,-1090,-1160,-1150,-1158
2026-09-20T06:47:39Z,CHAN,46239,46239186,1000,100,0,1,0,-660,-1160,-1142
2026-09-20T06:48:09Z,CHANSUM,46210,46269,60,60000,6000,0,1,0,1,0,-660,-1160,-1150,-1159
2026-09-20T06:49:09Z,CHANSUM,46270,46329,60,60000,6000,0,0,0,0,0,-1130,-1160,-1150,-1159
2026-09-20T06:49:31Z,CHAN,46351,46351186,1000,100,0,9,0,-950,-1160,-1131
2026-09-20T06:49:50Z,CHAN,46370,46370186,1000,100,0,1,0,-970,-1160,-1145
2026-09-20T06:50:09Z,CHANSUM,46330,46389,60,60000,6000,0,10,0,2,0,-950,-1160,-1150,-1159
2026-09-20T06:51:09Z,CHANSUM,46390,46449,60,60000,6000,0,0,0,0,0,-1130,-1160,-1150,-1159
2026-09-20T06:52:00Z,CHAN,46500,46500186,1000,100,0,1,0,-660,-1160,-1141
2026-09-20T06:52:09Z,CHANSUM,46450,46509,60,60000,6000,0,1,0,1,0,-660,-1170,-1150,-1160
2026-09-20T06:52:21Z,CHAN,46521,46521186,1000,100,0,2,0,-1090,-1160,-1145
2026-09-20T06:52:30Z,CHAN,46530,46530186,1000,100,0,5,0,-960,-1160,-1140
2026-09-20T06:52:40Z,CHAN,46540,46540186,1000,100,0,9,0,-940,-1160,-1128
2026-09-20T06:53:09Z,CHANSUM,46510,46569,60,60000,6000,0,16,0,3,0,-940,-1160,-1150,-1159
2026-09-20T06:53:48Z,CHAN,46608,46608186,1000,100,0,4,0,-940,-1160,-1141
2026-09-20T06:54:09Z,CHAN,46629,46629186,1000,100,0,5,0,-940,-1160,-1138
2026-09-20T06:54:09Z,CHANSUM,46570,46629,60,60000,6000,0,9,0,2,0,-940,-1160,-1150,-1159
2026-09-20T06:54:11Z,CHAN,46631,46631186,1000,100,0,1,0,-660,-1160,-1142
2026-09-20T06:54:57Z,CHAN,46677,46677186,1000,100,0,5,0,-1090,-1160,-1145
2026-09-20T06:55:09Z,CHANSUM,46630,46689,60,60000,6000,0,6,0,2,0,-660,-1160,-1150,-1159
2026-09-20T06:56:09Z,CHANSUM,46690,46749,60,60000,6000,0,0,0,0,0,-1130,-1160,-1150,-1159
2026-09-20T06:56:20Z,CHAN,46760,46760186,1000,100,0,5,0,-1020,-1160,-1141
2026-09-20T06:56:22Z,CHAN,46762,46762186,1000,100,0,1,0,-1100,-1160,-1146
2026-09-20T06:57:09Z,CHANSUM,46750,46809,60,60000,6000,0,6,0,2,0,-1020,-1160,-1150,-1159
2026-09-20T06:57:25Z,CHAN,46825,46825186,1000,100,0,5,0,-860,-1160,-1133
2026-09-20T06:57:58Z,CHAN,46858,46858186,1000,100,0,2,0,-1100,-1160,-1146
2026-09-20T06:58:04Z,CHAN,46864,46864186,1000,100,0,5,0,-1080,-1160,-1144
2026-09-20T06:58:09Z,CHANSUM,46810,46869,60,60000,6000,0,12,0,3,0,-860,-1160,-1150,-1158
2026-09-20T06:58:32Z,CHAN,46892,46892186,1000,100,0,1,0,-650,-1160,-1142
2026-09-20T06:59:02Z,CHAN,46922,46922186,1000,100,0,4,0,-950,-1160,-1139
2026-09-20T06:59:09Z,CHANSUM,46870,46929,60,60000,6000,0,5,0,2,0,-650,-1160,-1150,-1159
2026-09-20T06:59:46Z,CHAN,46966,46966186,1000,100,0,3,0,-1100,-1160,-1145
2026-09-20T06:59:49Z,CHAN,46969,46969186,1000,100,0,5,0,-1030,-1160,-1142
2026-09-20T07:00:09Z,CHANSUM,46930,46989,60,60000,6000,0,8,0,2,0,-1030,-1160,-1150,-1159
2026-09-20T07:00:43Z,CHAN,47023,47023186,1000,100,0,1,0,-660,-1160,-1143
2026-09-20T07:01:09Z,CHANSUM,46990,47049,60,60000,6000,0,1,0,1,0,-660,-1160,-1150,-1159
2026-09-20T07:01:27Z,CHAN,47067,47067186,1000,100,0,1,0,-1100,-1150,-1145
2026-09-20T07:02:09Z,CHAN,47109,47109186,1000,100,0,5,0,-1080,-1160,-1144
2026-09-20T07:02:09Z,CHANSUM,47050,47109,60,60000,6000,0,6,0,2,0,-1080,-1160,-1150,-1159
2026-09-20T07:03:09Z,CHANSUM,47110,47169,60,60000,6000,0,0,0,0,0,-1130,-1160,-1150,-1159
2026-09-20T07:04:02Z,CHAN,47222,47222186,1000,100,0,5,0,-920,-1160,-1136
2026-09-20T07:04:09Z,CHANSUM,47170,47229,60,60000,6000,0,5,0,1,0,-920,-1160,-1150,-1159
2026-09-20T07:05:05Z,CHAN,47285,47285186,1000,100,0,1,0,-650,-1160,-1142
2026-09-20T07:05:09Z,CHANSUM,47230,47289,60,60000,6000,0,1,0,1,0,-650,-1160,-1150,-1159
2026-09-20T07:06:09Z,CHANSUM,47290,47349,60,60000,6000,0,0,0,0,0,-1130,-1160,-1150,-1159
2026-09-20T07:07:09Z,CHANSUM,47350,47409,60,60000,6000,0,0,0,0,0,-1130,-1160,-1150,-1159
2026-09-20T07:07:15Z,CHAN,47415,47415186,1000,100,0,1,0,-670,-1160,-1142
2026-09-20T07:07:16Z,CHAN,47416,47416186,1000,100,0,5,0,-1040,-1160,-1143
2026-09-20T07:07:29Z,CHAN,47429,47429186,1000,100,0,1,0,-960,-1160,-1145
2026-09-20T07:08:09Z,CHANSUM,47410,47469,60,60000,6000,0,7,0,3,0,-670,-1160,-1150,-1159
2026-09-20T07:09:09Z,CHANSUM,47470,47529,60,60000,6000,0,0,0,0,0,-1130,-1160,-1150,-1159
2026-09-20T07:09:53Z,CHAN,47573,47573186,1000,100,0,2,0,-1090,-1160,-1145
2026-09-20T07:10:09Z,CHANSUM,47530,47589,60,60000,6000,0,2,0,1,0,-1090,-1160,-1150,-1159
2026-09-20T07:11:09Z,CHANSUM,47590,47649,60,60000,6000,0,0,0,0,0,-1130,-1160,-1150,-1159
2026-09-20T07:11:37Z,CHAN,47677,47677186,1000,100,0,1,0,-660,-1160,-1141
2026-09-20T07:11:44Z,CHAN,47684,47684186,1000,100,0,5,0,-1070,-1160,-1143
2026-09-20T07:12:09Z,CHANSUM,47650,47709,60,60000,6000,0,6,0,2,0,-660,-1160,-1150,-1159
2026-09-20T07:13:09Z,CHANSUM,47710,47769,60,60000,6000,0,0,0,0,0,-1120,-1160,-1150,-1159
2026-09-20T07:13:47Z,CHAN,47807,47807186,1000,100,0,1,0,-680,-1160,-1141
2026-09-20T07:14:09Z,CHANSUM,47770,47829,60,60000,6000,0,1,0,1,0,-680,-1160,-1150,-1159
2026-09-20T07:15:09Z,CHANSUM,47830,47889,60,60000,6000,0,0,0,0,0,-1130,-1160,-1150,-1159
2026-09-20T07:15:24Z,CHAN,47904,47904186,1000,100,0,5,0,-1030,-1160,-1141
2026-09-20T07:15:58Z,CHAN,47938,47938186,1000,100,0,1,0,-780,-1160,-1143
2026-09-20T07:16:09Z,CHANSUM,47890,47949,60,60000,6000,0,6,0,2,0,-780,-1170,-1150,-1160
2026-09-20T07:16:44Z,CHAN,47984,47984186,1000,100,0,6,0,-690,-1160,-1124
2026-09-20T07:17:09Z,CHANSUM,47950,48009,60,60000,6000,0,6,0,1,0,-690,-1160,-1150,-1159
2026-09-20T07:18:09Z,CHAN,48069,48069186,1000,100,0,1,0,-660,-1160,-1143
2026-09-20T07:18:09Z,CHANSUM,48010,48069,60,60000,6000,0,1,0,1,0,-660,-1160,-1150,-1159
2026-09-20T07:18:15Z,CHAN,48075,48075186,1000,100,0,3,0,-1100,-1160,-1144
2026-09-20T07:19:09Z,CHANSUM,48070,48129,60,60000,6000,0,3,0,1,0,-1100,-1160,-1150,-1159
2026-09-20T07:20:09Z,CHANSUM,48130,48189,60,60000,6000,0,0,0,0,0,-1130,-1160,-1150,-1159
2026-09-20T07:20:19Z,CHAN,48199,48199186,1000,100,0,1,0,-660,-1160,-1142
2026-09-20T07:21:09Z,CHAN,48249,48249186,1000,100,0,5,0,-1030,-1160,-1142
2026-09-20T07:21:09Z,CHANSUM,48190,48249,60,60000,6000,0,6,0,2,0,-660,-1160,-1150,-1159
2026-09-20T07:21:32Z,CHAN,48272,48272186,1000,100,0,2,0,-1100,-1160,-1144
2026-09-20T07:22:09Z,CHANSUM,48250,48309,60,60000,6000,0,2,0,1,0,-1100,-1160,-1150,-1159
2026-09-20T07:22:30Z,CHAN,48330,48330186,1000,100,0,1,0,-660,-1160,-1143
2026-09-20T07:23:09Z,CHANSUM,48310,48369,60,60000,6000,0,1,0,1,0,-660,-1160,-1150,-1159
2026-09-20T07:23:55Z,CHAN,48415,48415186,1000,100,0,5,0,-970,-1160,-1139
2026-09-20T07:24:09Z,CHANSUM,48370,48429,60,60000,6000,0,5,0,1,0,-970,-1160,-1150,-1159
2026-09-20T07:24:41Z,CHAN,48461,48461186,1000,100,0,1,0,-660,-1160,-1143
2026-09-20T07:25:09Z,CHANSUM,48430,48489,60,60000,6000,0,1,0,1,0,-660,-1160,-1150,-1159
2026-09-20T07:26:09Z,CHANSUM,48490,48549,60,60000,6000,0,0,0,0,0,-1130,-1160,-1150,-1159
2026-09-20T07:26:38Z,CHAN,48579,48579186,1000,100,0,5,0,-950,-1150,-1137
2026-09-20T07:26:50Z,CHAN,48591,48591186,1000,100,0,1,0,-720,-1160,-1142
2026-09-20T07:27:08Z,CHANSUM,48550,48609,60,60000,6000,0,6,0,2,0,-720,-1160,-1150,-1159
2026-09-20T07:28:08Z,CHANSUM,48610,48669,60,60000,6000,0,0,0,0,0,-1130,-1160,-1150,-1159
2026-09-20T07:29:01Z,CHAN,48722,48722186,1000,100,0,2,0,-670,-1160,-1142
2026-09-20T07:29:08Z,CHANSUM,48670,48729,60,60000,6000,0,2,0,1,0,-670,-1160,-1150,-1159
2026-09-20T07:29:16Z,CHAN,48737,48737186,1000,100,0,4,0,-1080,-1160,-1145
2026-09-20T07:30:08Z,CHANSUM,48730,48789,60,60000,6000,0,4,0,1,0,-1080,-1160,-1150,-1159
2026-09-20T07:30:26Z,CHAN,48807,48807186,1000,100,0,5,0,-1080,-1160,-1144
2026-09-20T07:31:08Z,CHANSUM,48790,48849,60,60000,6000,0,5,0,1,0,-1080,-1160,-1150,-1159
2026-09-20T07:31:12Z,CHAN,48853,48853186,1000,100,0,1,0,-660,-1160,-1142
2026-09-20T07:32:08Z,CHANSUM,48850,48909,60,60000,6000,0,1,0,1,0,-660,-1160,-1150,-1159
2026-09-20T07:33:08Z,CHANSUM,48910,48969,60,60000,6000,0,0,0,0,0,-1130,-1160,-1150,-1159
2026-09-20T07:33:22Z,CHAN,48983,48983186,1000,100,0,1,0,-980,-1160,-1146
2026-09-20T07:34:08Z,CHANSUM,48970,49029,60,60000,6000,0,1,0,1,0,-980,-1160,-1150,-1159
2026-09-20T07:35:08Z,CHANSUM,49030,49089,60,60000,6000,0,0,0,0,0,-1120,-1160,-1150,-1159
2026-09-20T07:35:33Z,CHAN,49114,49114186,1000,100,0,1,0,-660,-1160,-1142
2026-09-20T07:36:08Z,CHANSUM,49090,49149,60,60000,6000,0,1,0,1,0,-660,-1160,-1150,-1159
2026-09-20T07:36:14Z,CHAN,49155,49155186,1000,100,0,1,0,-980,-1160,-1144
2026-09-20T07:36:19Z,CHAN,49160,49160186,1000,100,0,9,0,-960,-1160,-1130
2026-09-20T07:37:07Z,CHAN,49208,49208186,1000,100,0,15,0,-950,-1160,-1123
2026-09-20T07:37:08Z,CHAN,49209,49209186,1000,100,0,38,0,-940,-1160,-1077
2026-09-20T07:37:08Z,CHANSUM,49150,49209,60,60000,6000,0,63,0,4,0,-940,-1170,-1150,-1159
2026-09-20T07:37:09Z,CHAN,49210,49210186,1000,100,0,12,0,-950,-1160,-1126
2026-09-20T07:37:17Z,CHAN,49218,49218186,1000,100,0,5,0,-940,-1160,-1137
2026-09-20T07:37:44Z,CHAN,49245,49245186,1000,100,0,1,0,-660,-1160,-1142
2026-09-20T07:38:08Z,CHANSUM,49210,49269,60,60000,6000,0,18,0,3,0,-660,-1170,-1150,-1160
2026-09-20T07:39:08Z,CHANSUM,49270,49329,60,60000,6000,0,0,0,0,0,-1120,-1160,-1150,-1159
2026-09-20T07:39:47Z,CHAN,49368,49368186,1000,100,0,2,0,-1090,-1160,-1146
2026-09-20T07:40:08Z,CHANSUM,49330,49389,60,60000,6000,0,2,0,1,0,-1090,-1160,-1150,-1159
2026-09-20T07:41:08Z,CHANSUM,49390,49449,60,60000,6000,0,0,0,0,0,-1130,-1160,-1150,-1159
2026-09-20T07:42:05Z,CHAN,49506,49506186,1000,100,0,1,0,-660,-1160,-1143
2026-09-20T07:42:08Z,CHANSUM,49450,49509,60,60000,6000,0,1,0,1,0,-660,-1160,-1150,-1159
2026-09-20T07:42:59Z,CHAN,49560,49560186,1000,100,0,3,0,-1100,-1160,-1145
2026-09-20T07:43:05Z,CHAN,49566,49566186,1000,100,0,1,0,-1100,-1160,-1146
2026-09-20T07:43:08Z,CHAN,49569,49569186,1000,100,0,3,0,-970,-1160,-1142
2026-09-20T07:43:08Z,CHANSUM,49510,49569,60,60000,6000,0,7,0,3,0,-970,-1160,-1150,-1159
2026-09-20T07:43:20Z,CHAN,49581,49581186,1000,100,0,3,0,-940,-1160,-1141
2026-09-20T07:44:08Z,CHANSUM,49570,49629,60,60000,6000,0,3,0,1,0,-940,-1160,-1150,-1159
2026-09-20T07:44:10Z,CHAN,49631,49631186,1000,100,0,3,0,-1090,-1160,-1145
2026-09-20T07:44:16Z,CHAN,49637,49637186,1000,100,0,1,0,-660,-1150,-1142
2026-09-20T07:44:28Z,CHAN,49649,49649186,1000,100,0,3,0,-1090,-1160,-1145
2026-09-20T07:44:37Z,CHAN,49658,49658186,1000,100,0,3,0,-1080,-1160,-1145
2026-09-20T07:45:01Z,CHAN,49682,49682186,1000,100,0,5,0,-700,-1160,-1129
2026-09-20T07:45:08Z,CHANSUM,49630,49689,60,60000,6000,0,15,0,5,0,-660,-1160,-1150,-1159
2026-09-20T07:45:31Z,CHAN,49712,49712186,1000,100,0,4,0,-1090,-1160,-1146
2026-09-20T07:45:36Z,CHAN,49717,49717186,1000,100,0,4,0,-1090,-1160,-1145
2026-09-20T07:45:52Z,CHAN,49733,49733186,1000,100,0,5,0,-940,-1160,-1138
2026-09-20T07:46:00Z,CHAN,49741,49741186,1000,100,0,3,0,-1090,-1160,-1145
2026-09-20T07:46:08Z,CHANSUM,49690,49749,60,60000,6000,0,16,0,4,0,-940,-1160,-1160,-1160
2026-09-20T07:46:27Z,CHAN,49768,49768186,1000,100,0,1,0,-1030,-1160,-1146
2026-09-20T07:46:33Z,CHAN,49774,49774186,1000,100,0,3,0,-1090,-1160,-1146
2026-09-20T07:46:58Z,CHAN,49799,49799186,1000,100,0,3,0,-1090,-1160,-1145
2026-09-20T07:47:08Z,CHANSUM,49750,49809,60,60000,6000,0,7,0,3,0,-1030,-1160,-1160,-1160
2026-09-20T07:47:13Z,CHAN,49814,49814186,1000,100,0,5,0,-1070,-1160,-1144
2026-09-20T07:47:25Z,CHAN,49826,49826186,1000,100,0,2,0,-1090,-1160,-1145
2026-09-20T07:47:50Z,CHAN,49851,49851186,1000,100,0,3,0,-1080,-1160,-1146
2026-09-20T07:47:53Z,CHAN,49854,49854186,1000,100,0,4,0,-1040,-1160,-1143
2026-09-20T07:48:06Z,CHAN,49867,49867186,1000,100,0,4,0,-1080,-1160,-1146
2026-09-20T07:48:08Z,CHANSUM,49810,49869,60,60000,6000,0,18,0,5,0,-1040,-1160,-1150,-1159
2026-09-20T07:48:11Z,CHAN,49872,49872186,1000,100,0,3,0,-1070,-1160,-1145
2026-09-20T07:48:37Z,CHAN,49898,49898186,1000,100,0,1,0,-660,-1160,-1141
2026-09-20T07:48:55Z,CHAN,49916,49916186,1000,100,0,1,0,-1100,-1160,-1146
2026-09-20T07:49:08Z,CHAN,49929,49929186,1000,100,0,3,0,-950,-1160,-1142
2026-09-20T07:49:08Z,CHANSUM,49870,49929,60,60000,6000,0,8,0,4,0,-660,-1160,-1150,-1159
2026-09-20T07:49:26Z,CHAN,49947,49947186,1000,100,0,1,0,-1100,-1160,-1146
2026-09-20T07:50:08Z,CHANSUM,49930,49989,60,60000,6000,0,1,0,1,0,-1100,-1160,-1150,-1159
2026-09-20T07:50:16Z,CHAN,49997,49997186,1000,100,0,3,0,-1070,-1160,-1145
2026-09-20T07:50:21Z,CHAN,50002,50002186,1000,100,0,4,0,-940,-1160,-1140
2026-09-20T07:50:40Z,CHAN,50021,50021186,1000,100,0,3,0,-970,-1160,-1144
2026-09-20T07:50:48Z,CHAN,50029,50029186,1000,100,0,1,0,-660,-1160,-1143
2026-09-20T07:51:08Z,CHANSUM,49990,50049,60,60000,6000,0,11,0,4,0,-660,-1160,-1150,-1159
2026-09-20T07:51:09Z,CHAN,50050,50050186,1000,100,0,3,0,-960,-1160,-1143
2026-09-20T07:51:10Z,CHAN,50051,50051186,1000,100,0,1,0,-1000,-1160,-1145
2026-09-20T07:51:43Z,CHAN,50084,50084186,1000,100,0,36,0,-940,-1160,-1088
2026-09-20T07:51:51Z,CHAN,50092,50092186,1000,100,0,4,0,-950,-1160,-1139
2026-09-20T07:52:08Z,CHANSUM,50050,50109,60,60000,6000,0,44,0,4,0,-940,-1160,-1160,-1160
2026-09-20T07:52:19Z,CHAN,50120,50120186,1000,100,0,2,0,-1100,-1160,-1145
2026-09-20T07:52:55Z,CHAN,50156,50156186,1000,100,0,4,0,-960,-1160,-1140
2026-09-20T07:52:59Z,CHAN,50160,50160186,1000,100,0,1,0,-660,-1160,-1142
2026-09-20T07:53:08Z,CHANSUM,50110,50169,60,60000,6000,0,7,0,3,0,-660,-1160,-1150,-1159
2026-09-20T07:53:48Z,CHAN,50209,50209186,1000,100,0,4,0,-980,-1160,-1141
2026-09-20T07:54:02Z,CHAN,50223,50223186,1000,100,0,5,0,-690,-1160,-1127
2026-09-20T07:54:08Z,CHANSUM,50170,50229,60,60000,6000,0,9,0,2,0,-690,-1160,-1150,-1159
2026-09-20T07:54:27Z,CHAN,50248,50248186,1000,100,0,1,0,-1100,-1160,-1145
2026-09-20T07:54:28Z,CHAN,50249,50249186,1000,100,0,4,0,-970,-1160,-1141
2026-09-20T07:54:45Z,CHAN,50266,50266186,1000,100,0,3,0,-1090,-1160,-1145
2026-09-20T07:54:52Z,CHAN,50273,50273186,1000,100,0,3,0,-1090,-1150,-1145
2026-09-20T07:55:08Z,CHANSUM,50230,50289,60,60000,6000,0,11,0,4,0,-970,-1160,-1150,-1159
2026-09-20T07:55:09Z,CHAN,50290,50290186,1000,100,0,1,0,-660,-1160,-1142
2026-09-20T07:55:12Z,CHAN,50293,50293186,1000,100,0,4,0,-1080,-1160,-1144
2026-09-20T07:55:28Z,CHAN,50309,50309186,1000,100,0,3,0,-970,-1160,-1143
2026-09-20T07:55:35Z,CHAN,50316,50316186,1000,100,0,2,0,-1090,-1160,-1145
2026-09-20T07:56:05Z,CHAN,50346,50346186,1000,100,0,4,0,-920,-1160,-1138
2026-09-20T07:56:08Z,CHANSUM,50290,50349,60,60000,6000,0,14,0,5,0,-660,-1160,-1160,-1160
2026-09-20T07:56:14Z,CHAN,50355,50355186,1000,100,0,3,0,-1020,-1160,-1143
2026-09-20T07:56:44Z,CHAN,50385,50385186,1000,100,0,4,0,-970,-1160,-1140
2026-09-20T07:57:08Z,CHANSUM,50350,50409,60,60000,6000,0,7,0,2,0,-970,-1160,-1160,-1160
2026-09-20T07:57:17Z,CHAN,50418,50418186,1000,100,0,2,0,-1070,-1160,-1146
2026-09-20T07:57:20Z,CHAN,50421,50421186,1000,100,0,1,0,-670,-1160,-1143
2026-09-20T07:57:37Z,CHAN,50438,50438186,1000,100,0,1,0,-1100,-1160,-1145
2026-09-20T07:57:49Z,CHAN,50450,50450186,1000,100,0,3,0,-920,-1160,-1140
2026-09-20T07:58:08Z,CHANSUM,50410,50469,60,60000,6000,0,7,0,4,0,-670,-1160,-1150,-1159
2026-09-20T07:58:16Z,CHAN,50477,50477186,1000,100,0,8,0,-700,-1160,-1128
2026-09-20T07:58:53Z,CHAN,50514,50514186,1000,100,0,3,0,-1100,-1160,-1145
2026-09-20T07:59:08Z,CHANSUM,50470,50529,60,60000,6000,0,11,0,2,0,-700,-1160,-1150,-1159
2026-09-20T07:59:10Z,CHAN,50531,50531186,1000,100,0,3,0,-940,-1160,-1140
2026-09-20T07:59:16Z,CHAN,50537,50537186,1000,100,0,3,0,-1090,-1160,-1146
2026-09-20T07:59:31Z,CHAN,50552,50552186,1000,100,0,1,0,-660,-1160,-1142
2026-09-20T07:59:39Z,CHAN,50560,50560186,1000,100,0,3,0,-1040,-1160,-1144
2026-09-20T07:59:55Z,CHAN,50576,50576186,1000,100,0,3,0,-1090,-1160,-1146
2026-09-20T08:00:01Z,CHAN,50582,50582186,1000,100,0,3,0,-1090,-1160,-1146
2026-09-20T08:00:08Z,CHANSUM,50530,50589,60,60000,6000,0,16,0,6,0,-660,-1160,-1150,-1159
2026-09-20T08:00:16Z,CHAN,50597,50597186,1000,100,0,14,0,-940,-1160,-1119
2026-09-20T08:00:17Z,CHAN,50598,50598186,1000,100,0,22,0,-940,-1160,-1108
2026-09-20T08:00:19Z,CHAN,50600,50600186,1000,100,0,9,0,-950,-1160,-1129
2026-09-20T08:00:31Z,CHAN,50612,50612186,1000,100,0,3,0,-1100,-1160,-1146
2026-09-20T08:01:05Z,CHAN,50646,50646186,1000,100,0,1,0,-1100,-1160,-1146
2026-09-20T08:01:08Z,CHANSUM,50590,50649,60,60000,6000,0,49,0,5,0,-940,-1160,-1150,-1159
2026-09-20T08:01:41Z,CHAN,50682,50682186,1000,100,0,1,0,-660,-1160,-1142
2026-09-20T08:02:08Z,CHANSUM,50650,50709,60,60000,6000,0,1,0,1,0,-660,-1160,-1150,-1159
2026-09-20T08:02:19Z,CHAN,50720,50720186,1000,100,0,5,0,-720,-1160,-1127
2026-09-20T08:03:08Z,CHANSUM,50710,50769,60,60000,6000,0,5,0,1,0,-720,-1160,-1150,-1159
2026-09-20T08:03:46Z,CHAN,50807,50807186,1000,100,0,3,0,-960,-1170,-1142
2026-09-20T08:03:52Z,CHAN,50813,50813186,1000,100,0,1,0,-930,-1150,-1145
2026-09-20T08:04:08Z,CHANSUM,50770,50829,60,60000,6000,0,4,0,2,0,-930,-1170,-1150,-1159
2026-09-20T08:04:13Z,CHAN,50834,50834186,1000,100,0,3,0,-1090,-1160,-1146
2026-09-20T08:04:24Z,CHAN,50845,50845186,1000,100,0,4,0,-940,-1160,-1140
2026-09-20T08:04:32Z,CHAN,50853,50853186,1000,100,0,4,0,-1020,-1160,-1142
2026-09-20T08:05:08Z,CHANSUM,50830,50889,60,60000,6000,0,11,0,3,0,-940,-1160,-1150,-1159
2026-09-20T08:05:43Z,CHAN,50924,50924186,1000,100,0,4,0,-1030,-1160,-1143
2026-09-20T08:05:45Z,CHAN,50926,50926186,1000,100,0,3,0,-1090,-1150,-1145
2026-09-20T08:06:03Z,CHAN,50944,50944186,1000,100,0,1,0,-660,-1160,-1142
2026-09-20T08:06:07Z,CHAN,50948,50948186,1000,100,0,4,0,-910,-1160,-1138
2026-09-20T08:06:08Z,CHANSUM,50890,50949,60,60000,6000,0,12,0,4,0,-660,-1160,-1150,-1159
2026-09-20T08:06:31Z,CHAN,50972,50972186,1000,100,0,3,0,-970,-1160,-1142
2026-09-20T08:06:34Z,CHAN,50975,50975186,1000,100,0,4,0,-1090,-1160,-1144
2026-09-20T08:06:47Z,CHAN,50988,50988186,1000,100,0,4,0,-970,-1160,-1141
2026-09-20T08:06:49Z,CHAN,50990,50990186,1000,100,0,1,0,-1090,-1160,-1147
2026-09-20T08:06:56Z,CHAN,50997,50997186,1000,100,0,4,0,-1090,-1160,-1145
2026-09-20T08:07:04Z,CHAN,51005,51005186,1000,100,0,4,0,-1090,-1160,-1145
2026-09-20T08:07:08Z,CHANSUM,50950,51009,60,60000,6000,0,20,0,6,0,-970,-1160,-1150,-1159
2026-09-20T08:07:47Z,CHAN,51048,51048186,1000,100,0,4,0,-970,-1160,-1141
2026-09-20T08:08:08Z,CHANSUM,51010,51069,60,60000,6000,0,4,0,1,0,-970,-1170,-1150,-1159
2026-09-20T08:08:13Z,CHAN,51074,51074186,1000,100,0,1,0,-660,-1160,-1142
2026-09-20T08:08:14Z,CHAN,51075,51075186,1000,100,0,12,0,-920,-1160,-1123
2026-09-20T08:08:36Z,CHAN,51097,51097186,1000,100,0,4,0,-1090,-1170,-1144
2026-09-20T08:08:52Z,CHAN,51113,51113186,1000,100,0,2,0,-1090,-1160,-1146
2026-09-20T08:09:08Z,CHANSUM,51070,51129,60,60000,6000,0,19,0,4,0,-660,-1170,-1150,-1159
2026-09-20T08:09:27Z,CHAN,51148,51148186,1000,100,0,3,0,-1040,-1160,-1145
2026-09-20T08:09:37Z,CHAN,51158,51158186,1000,100,0,3,0,-970,-1160,-1142
2026-09-20T08:10:08Z,CHANSUM,51130,51189,60,60000,6000,0,6,0,2,0,-970,-1160,-1150,-1159
2026-09-20T08:10:24Z,CHAN,51205,51205186,1000,100,0,1,0,-1090,-1160,-1147
2026-09-20T08:10:28Z,CHAN,51209,51209186,1000,100,0,3,0,-1020,-1160,-1144
2026-09-20T08:10:46Z,CHAN,51227,51227186,1000,100,0,4,0,-690,-1160,-1133
2026-09-20T08:11:08Z,CHANSUM,51190,51249,60,60000,6000,0,8,0,3,0,-690,-1160,-1150,-1159
2026-09-20T08:12:00Z,CHAN,51301,51301186,1000,100,0,3,0,-1080,-1160,-1145
2026-09-20T08:12:08Z,CHANSUM,51250,51309,60,60000,6000,0,3,0,1,0,-1080,-1160,-1150,-1159
2026-09-20T08:12:35Z,CHAN,51336,51336186,1000,100,0,1,0,-670,-1160,-1142
2026-09-20T08:12:52Z,CHAN,51353,51353186,1000,100,0,3,0,-1070,-1160,-1145
2026-09-20T08:13:08Z,CHANSUM,51310,51369,60,60000,6000,0,4,0,2,0,-670,-1160,-1150,-1159
2026-09-20T08:13:17Z,CHAN,51378,51378186,1000,100,0,1,0,-1100,-1160,-1146
2026-09-20T08:13:32Z,CHAN,51393,51393186,1000,100,0,4,0,-970,-1160,-1140
2026-09-20T08:13:42Z,CHAN,51403,51403186,1000,100,0,3,0,-1090,-1160,-1146
2026-09-20T08:13:54Z,CHAN,51415,51415186,1000,100,0,3,0,-970,-1160,-1142
2026-09-20T08:14:00Z,CHAN,51421,51421186,1000,100,0,3,0,-1080,-1160,-1145
2026-09-20T08:14:08Z,CHANSUM,51370,51429,60,60000,6000,0,14,0,5,0,-970,-1160,-1150,-1159
2026-09-20T08:14:18Z,CHAN,51439,51439186,1000,100,0,1,0,-1090,-1160,-1145
2026-09-20T08:14:45Z,CHAN,51466,51466186,1000,100,0,1,0,-660,-1160,-1142
2026-09-20T08:15:08Z,CHANSUM,51430,51489,60,60000,6000,0,2,0,2,0,-660,-1160,-1150,-1159
2026-09-20T08:16:06Z,CHAN,51547,51547186,1000,100,0,4,0,-1080,-1160,-1143
2026-09-20T08:16:08Z,CHANSUM,51490,51549,60,60000,6000,0,4,0,1,0,-1080,-1160,-1150,-1159
2026-09-20T08:16:56Z,CHAN,51597,51597186,1000,100,0,2,0,-1070,-1160,-1146
2026-09-20T08:17:08Z,CHANSUM,51550,51609,60,60000,6000,0,2,0,1,0,-1070,-1160,-1150,-1159
2026-09-20T08:18:08Z,CHANSUM,51610,51669,60,60000,6000,0,0,0,0,0,-1120,-1160,-1160,-1160
2026-09-20T08:18:37Z,CHAN,51698,51698186,1000,100,0,5,0,-1060,-1160,-1143
2026-09-20T08:19:07Z,CHAN,51728,51728186,1000,100,0,1,0,-660,-1160,-1142
2026-09-20T08:19:08Z,CHANSUM,51670,51729,60,60000,6000,0,6,0,2,0,-660,-1160,-1150,-1159
2026-09-20T08:20:08Z,CHANSUM,51730,51789,60,60000,6000,0,0,0,0,0,-1130,-1160,-1150,-1159
2026-09-20T08:21:08Z,CHANSUM,51790,51849,60,60000,6000,0,0,0,0,0,-1130,-1160,-1150,-1159
2026-09-20T08:21:18Z,CHAN,51859,51859186,1000,100,0,1,0,-660,-1160,-1142
2026-09-20T08:22:05Z,CHAN,51906,51906186,1000,100,0,4,0,-1080,-1160,-1144
2026-09-20T08:22:08Z,CHANSUM,51850,51909,60,60000,6000,0,5,0,2,0,-660,-1160,-1150,-1159
2026-09-20T08:23:08Z,CHANSUM,51910,51969,60,60000,6000,0,0,0,0,0,-1130,-1160,-1150,-1159
2026-09-20T08:24:08Z,CHANSUM,51970,52029,60,60000,6000,0,0,0,0,0,-1120,-1160,-1150,-1159
2026-09-20T08:24:13Z,CHAN,52034,52034186,1000,100,0,4,0,-950,-1160,-1138
2026-09-20T08:25:08Z,CHANSUM,52030,52089,60,60000,6000,0,4,0,1,0,-950,-1160,-1150,-1159
2026-09-20T08:25:39Z,CHAN,52120,52120186,1000,100,0,1,0,-660,-1160,-1142
2026-09-20T08:26:08Z,CHANSUM,52090,52149,60,60000,6000,0,1,0,1,0,-660,-1160,-1150,-1159
2026-09-20T08:27:08Z,CHANSUM,52150,52209,60,60000,6000,0,0,0,0,0,-1120,-1160,-1150,-1159
2026-09-20T08:27:50Z,CHAN,52251,52251186,1000,100,0,1,0,-660,-1160,-1142
2026-09-20T08:28:04Z,CHAN,52265,52265186,1000,100,0,9,0,-950,-1160,-1130
2026-09-20T08:28:05Z,CHAN,52266,52266186,1000,100,0,9,0,-950,-1160,-1130
2026-09-20T08:28:08Z,CHANSUM,52210,52269,60,60000,6000,0,19,0,3,0,-660,-1160,-1150,-1159
2026-09-20T08:29:08Z,CHANSUM,52270,52329,60,60000,6000,0,0,0,0,0,-1130,-1160,-1150,-1159
2026-09-20T08:30:00Z,CHAN,52381,52381186,1000,100,0,1,0,-1060,-1160,-1146
2026-09-20T08:30:08Z,CHANSUM,52330,52389,60,60000,6000,0,1,0,1,0,-1060,-1160,-1150,-1159
2026-09-20T08:31:09Z,CHANSUM,52390,52449,60,60000,6000,0,0,0,0,0,-1110,-1160,-1150,-1159
2026-09-20T08:32:09Z,CHANSUM,52450,52509,60,60000,6000,0,0,0,0,0,-1110,-1160,-1150,-1159
2026-09-20T08:32:11Z,CHAN,52511,52511186,1000,100,0,1,0,-970,-1160,-1145
2026-09-20T08:32:12Z,CHAN,52512,52512186,1000,100,0,1,0,-660,-1160,-1142
2026-09-20T08:33:09Z,CHANSUM,52510,52569,60,60000,6000,0,2,0,2,0,-660,-1160,-1160,-1160
2026-09-20T08:33:42Z,CHAN,52602,52602186,1000,100,0,9,0,-950,-1160,-1129
2026-09-20T08:34:09Z,CHANSUM,52570,52629,60,60000,6000,0,9,0,1,0,-950,-1160,-1150,-1159
2026-09-20T08:34:23Z,CHAN,52643,52643186,1000,100,0,1,0,-660,-1160,-1143
2026-09-20T08:34:49Z,CHAN,52669,52669186,1000,100,0,1,0,-1090,-1160,-1147
2026-09-20T08:35:09Z,CHANSUM,52630,52689,60,60000,6000,0,2,0,2,0,-660,-1170,-1150,-1159
2026-09-20T08:36:09Z,CHANSUM,52690,52749,60,60000,6000,0,0,0,0,0,-1120,-1160,-1150,-1159
2026-09-20T08:36:33Z,CHAN,52773,52773186,1000,100,0,1,0,-660,-1160,-1143
2026-09-20T08:36:42Z,CHAN,52782,52782186,1000,100,0,3,0,-970,-1160,-1142
2026-09-20T08:36:45Z,CHAN,52785,52785186,1000,100,0,4,0,-1100,-1160,-1146
2026-09-20T08:37:09Z,CHANSUM,52750,52809,60,60000,6000,0,8,0,3,0,-660,-1160,-1150,-1159
2026-09-20T08:37:11Z,CHAN,52811,52811186,1000,100,0,3,0,-1070,-1160,-1144
2026-09-20T08:37:16Z,CHAN,52816,52816186,1000,100,0,3,0,-1040,-1160,-1145
2026-09-20T08:38:09Z,CHANSUM,52810,52869,60,60000,6000,0,6,0,2,0,-1040,-1160,-1160,-1160
2026-09-20T08:38:44Z,CHAN,52904,52904186,1000,100,0,1,0,-660,-1160,-1143
2026-09-20T08:39:09Z,CHANSUM,52870,52929,60,60000,6000,0,1,0,1,0,-660,-1160,-1150,-1159
2026-09-20T08:40:09Z,CHANSUM,52930,52989,60,60000,6000,0,0,0,0,0,-1130,-1160,-1150,-1159
2026-09-20T08:40:22Z,CHAN,53002,53002186,1000,100,0,5,0,-1090,-1160,-1145
2026-09-20T08:40:55Z,CHAN,53035,53035186,1000,100,0,1,0,-690,-1160,-1142
2026-09-20T08:41:09Z,CHANSUM,52990,53049,60,60000,6000,0,6,0,2,0,-690,-1160,-1150,-1159
2026-09-20T08:42:09Z,CHANSUM,53050,53109,60,60000,6000,0,0,0,0,0,-1130,-1170,-1160,-1160
2026-09-20T08:42:29Z,CHAN,53129,53129186,1000,100,0,5,0,-1090,-1160,-1145
2026-09-20T08:43:05Z,CHAN,53165,53165186,1000,100,0,1,0,-660,-1160,-1143
2026-09-20T08:43:09Z,CHANSUM,53110,53169,60,60000,6000,0,6,0,2,0,-660,-1160,-1150,-1159
2026-09-20T08:44:09Z,CHANSUM,53170,53229,60,60000,6000,0,0,0,0,0,-1130,-1160,-1150,-1159
2026-09-20T08:44:38Z,CHAN,53258,53258186,1000,100,0,4,0,-1080,-1160,-1145
2026-09-20T08:45:09Z,CHANSUM,53230,53289,60,60000,6000,0,4,0,1,0,-1080,-1160,-1150,-1159
2026-09-20T08:45:16Z,CHAN,53296,53296186,1000,100,0,1,0,-660,-1160,-1142
2026-09-20T08:46:09Z,CHANSUM,53290,53349,60,60000,6000,0,1,0,1,0,-660,-1160,-1160,-1160
2026-09-20T08:47:08Z,CHANSUM,53350,53409,60,60000,6000,0,0,0,0,0,-1130,-1160,-1150,-1159
2026-09-20T08:47:26Z,CHAN,53427,53427186,1000,100,0,1,0,-880,-1160,-1144
2026-09-20T08:48:08Z,CHANSUM,53410,53469,60,60000,6000,0,1,0,1,0,-880,-1160,-1150,-1159
2026-09-20T08:49:08Z,CHANSUM,53470,53529,60,60000,6000,0,0,0,0,0,-1130,-1160,-1150,-1159
2026-09-20T08:49:36Z,CHAN,53557,53557186,1000,100,0,2,0,-660,-1160,-1143
2026-09-20T08:50:08Z,CHANSUM,53530,53589,60,60000,6000,0,2,0,1,0,-660,-1160,-1160,-1160
2026-09-20T08:51:08Z,CHANSUM,53590,53649,60,60000,6000,0,0,0,0,0,-1130,-1160,-1150,-1159
2026-09-20T08:51:41Z,CHAN,53682,53682186,1000,100,0,5,0,-940,-1160,-1137
2026-09-20T08:51:47Z,CHAN,53688,53688186,1000,100,0,1,0,-670,-1160,-1143
2026-09-20T08:51:49Z,CHAN,53690,53690186,1000,100,0,5,0,-1020,-1160,-1141
2026-09-20T08:51:50Z,CHAN,53691,53691186,1000,100,0,4,0,-1090,-1160,-1145
2026-09-20T08:51:55Z,CHAN,53696,53696186,1000,100,0,4,0,-1090,-1160,-1145
2026-09-20T08:52:07Z,CHAN,53708,53708186,1000,100,0,3,0,-1030,-1160,-1143
2026-09-20T08:52:08Z,CHANSUM,53650,53709,60,60000,6000,0,22,0,6,0,-670,-1160,-1150,-1159
2026-09-20T08:52:23Z,CHAN,53724,53724186,1000,100,0,4,0,-1080,-1160,-1144
2026-09-20T08:52:55Z,CHAN,53756,53756186,1000,100,0,1,0,-1090,-1160,-1145
2026-09-20T08:53:08Z,CHANSUM,53710,53769,60,60000,6000,0,5,0,2,0,-1080,-1160,-1150,-1159
2026-09-20T08:53:10Z,CHAN,53771,53771186,1000,100,0,3,0,-1040,-1160,-1144
2026-09-20T08:53:14Z,CHAN,53775,53775186,1000,100,0,4,0,-1100,-1160,-1145
2026-09-20T08:53:31Z,CHAN,53792,53792186,1000,100,0,5,0,-690,-1160,-1127
2026-09-20T08:53:47Z,CHAN,53808,53808186,1000,100,0,1,0,-1100,-1160,-1145
2026-09-20T08:53:50Z,CHAN,53811,53811186,1000,100,0,5,0,-1020,-1160,-1142
2026-09-20T08:53:59Z,CHAN,53820,53820186,1000,100,0,4,0,-920,-1160,-1139
2026-09-20T08:54:08Z,CHANSUM,53770,53829,60,60000,6000,0,22,0,6,0,-690,-1160,-1150,-1159
2026-09-20T08:54:30Z,CHAN,53851,53851186,1000,100,0,4,0,-1040,-1160,-1143
2026-09-20T08:54:57Z,CHAN,53878,53878186,1000,100,0,4,0,-970,-1160,-1141
2026-09-20T08:55:00Z,CHAN,53881,53881186,1000,100,0,4,0,-920,-1160,-1139
2026-09-20T08:55:08Z,CHANSUM,53830,53889,60,60000,6000,0,12,0,3,0,-920,-1160,-1160,-1160
2026-09-20T08:55:22Z,CHAN,53903,53903186,1000,100,0,3,0,-970,-1150,-1142
2026-09-20T08:56:07Z,CHAN,53948,53948186,1000,100,0,9,0,-940,-1160,-1129
2026-09-20T08:56:08Z,CHAN,53949,53949186,1000,100,0,4,0,-1090,-1160,-1145
2026-09-20T08:56:08Z,CHANSUM,53890,53949,60,60000,6000,0,16,0,3,0,-940,-1160,-1150,-1159
2026-09-20T08:56:09Z,CHAN,53950,53950186,1000,100,0,1,0,-660,-1160,-1142
2026-09-20T08:56:12Z,CHAN,53953,53953186,1000,100,0,4,0,-1040,-1160,-1144
2026-09-20T08:56:21Z,CHAN,53962,53962186,1000,100,0,1,0,-1090,-1160,-1146
2026-09-20T08:56:55Z,CHAN,53996,53996186,1000,100,0,4,0,-1060,-1160,-1144
2026-09-20T08:57:08Z,CHANSUM,53950,54009,60,60000,6000,0,10,0,4,0,-660,-1160,-1150,-1159
2026-09-20T08:57:41Z,CHAN,54042,54042186,1000,100,0,1,0,-1100,-1160,-1146
2026-09-20T08:57:55Z,CHAN,54056,54056186,1000,100,0,4,0,-1070,-1160,-1144
2026-09-20T08:58:08Z,CHANSUM,54010,54069,60,60000,6000,0,5,0,2,0,-1070,-1160,-1150,-1159
2026-09-20T08:58:19Z,CHAN,54080,54080186,1000,100,0,1,0,-660,-1160,-1143
2026-09-20T08:58:22Z,CHAN,54083,54083186,1000,100,0,4,0,-1100,-1160,-1145
2026-09-20T08:58:39Z,CHAN,54100,54100186,1000,100,0,3,0,-1090,-1160,-1145
2026-09-20T08:58:55Z,CHAN,54116,54116186,1000,100,0,28,0,-940,-1150,-1092
2026-09-20T08:59:08Z,CHAN,54129,54129186,1000,100,0,4,0,-1080,-1150,-1145
2026-09-20T08:59:08Z,CHANSUM,54070,54129,60,60000,6000,0,40,0,5,0,-660,-1160,-1150,-1159
2026-09-20T08:59:19Z,CHAN,54140,54140186,1000,100,0,3,0,-920,-1160,-1140
2026-09-20T08:59:32Z,CHAN,54153,54153186,1000,100,0,5,0,-700,-1160,-1128
2026-09-20T08:59:45Z,CHAN,54166,54166186,1000,100,0,9,0,-1080,-1160,-1142
2026-09-20T09:00:08Z,CHANSUM,54130,54189,60,60000,6000,0,17,0,3,0,-700,-1160,-1150,-1159
2026-09-20T09:00:25Z,CHAN,54206,54206186,1000,100,0,5,0,-1030,-1160,-1142
2026-09-20T09:01:08Z,CHANSUM,54190,54249,60,60000,6000,0,5,0,1,0,-1030,-1160,-1150,-1159
2026-09-20T09:01:16Z,CHAN,54257,54257186,1000,100,0,5,0,-1080,-1160,-1144
2026-09-20T09:02:02Z,CHAN,54303,54303186,1000,100,0,2,0,-1100,-1160,-1146
2026-09-20T09:02:08Z,CHANSUM,54250,54309,60,60000,6000,0,7,0,2,0,-1080,-1160,-1150,-1159
2026-09-20T09:02:41Z,CHAN,54342,54342186,1000,100,0,1,0,-650,-1160,-1142
2026-09-20T09:03:02Z,CHAN,54363,54363186,1000,100,0,5,0,-870,-1160,-1133
2026-09-20T09:03:08Z,CHANSUM,54310,54369,60,60000,6000,0,6,0,2,0,-650,-1160,-1150,-1159
2026-09-20T09:04:08Z,CHANSUM,54370,54429,60,60000,6000,0,0,0,0,0,-1130,-1160,-1150,-1159
2026-09-20T09:04:51Z,CHAN,54472,54472186,1000,100,0,1,0,-660,-1160,-1143
2026-09-20T09:05:08Z,CHANSUM,54430,54489,60,60000,6000,0,1,0,1,0,-660,-1160,-1150,-1159
2026-09-20T09:06:08Z,CHANSUM,54490,54549,60,60000,6000,0,0,0,0,0,-1120,-1160,-1150,-1159
2026-09-20T09:07:02Z,CHAN,54603,54603186,1000,100,0,1,0,-670,-1160,-1143
2026-09-20T09:07:08Z,CHANSUM,54550,54609,60,60000,6000,0,1,0,1,0,-670,-1160,-1150,-1159
2026-09-20T09:07:09Z,CHAN,54610,54610186,1000,100,0,28,0,-940,-1160,-1093
2026-09-20T09:08:08Z,CHANSUM,54610,54669,60,60000,6000,0,28,0,1,0,-940,-1160,-1150,-1159
2026-09-20T09:09:08Z,CHANSUM,54670,54729,60,60000,6000,0,0,0,0,0,-1110,-1160,-1150,-1159
2026-09-20T09:09:13Z,CHAN,54734,54734186,1000,100,0,1,0,-660,-1160,-1142
2026-09-20T09:10:08Z,CHANSUM,54730,54789,60,60000,6000,0,1,0,1,0,-660,-1160,-1150,-1159
2026-09-20T09:11:08Z,CHANSUM,54790,54849,60,60000,6000,0,0,0,0,0,-1120,-1160,-1150,-1159
2026-09-20T09:11:23Z,CHAN,54864,54864186,1000,100,0,1,0,-660,-1160,-1143
2026-09-20T09:11:49Z,CHAN,54890,54890186,1000,100,0,5,0,-1050,-1160,-1143
2026-09-20T09:12:08Z,CHANSUM,54850,54909,60,60000,6000,0,6,0,2,0,-660,-1160,-1150,-1159
2026-09-20T09:13:08Z,CHANSUM,54910,54969,60,60000,6000,0,0,0,0,0,-1130,-1170,-1150,-1159
2026-09-20T09:13:34Z,CHAN,54995,54995186,1000,100,0,1,0,-660,-1160,-1142
2026-09-20T09:13:41Z,CHAN,55002,55002186,1000,100,0,1,0,-1100,-1160,-1145
2026-09-20T09:14:08Z,CHANSUM,54970,55029,60,60000,6000,0,2,0,2,0,-660,-1160,-1150,-1159
2026-09-20T09:15:08Z,CHANSUM,55030,55089,60,60000,6000,0,0,0,0,0,-1130,-1160,-1150,-1159
2026-09-20T09:15:45Z,CHAN,55126,55126186,1000,100,0,1,0,-670,-1160,-1142
2026-09-20T09:15:55Z,CHAN,55136,55136186,1000,100,0,4,0,-950,-1170,-1140
2026-09-20T09:16:08Z,CHANSUM,55090,55149,60,60000,6000,0,5,0,2,0,-670,-1170,-1150,-1159
2026-09-20T09:17:08Z,CHANSUM,55150,55209,60,60000,6000,0,0,0,0,0,-1130,-1160,-1160,-1160
2026-09-20T09:17:55Z,CHAN,55256,55256186,1000,100,0,1,0,-730,-1160,-1143
2026-09-20T09:18:08Z,CHANSUM,55210,55269,60,60000,6000,0,1,0,1,0,-730,-1160,-1150,-1159
2026-09-20T09:19:08Z,CHANSUM,55270,55329,60,60000,6000,0,0,0,0,0,-1130,-1160,-1150,-1159
2026-09-20T09:19:31Z,CHAN,55352,55352186,1000,100,0,4,0,-960,-1160,-1140
2026-09-20T09:19:44Z,CHAN,55365,55365186,1000,100,0,3,0,-1090,-1160,-1146
2026-09-20T09:20:06Z,CHAN,55387,55387186,1000,100,0,1,0,-650,-1160,-1142
2026-09-20T09:20:08Z,CHANSUM,55330,55389,60,60000,6000,0,8,0,3,0,-650,-1170,-1150,-1160
2026-09-20T09:21:08Z,CHANSUM,55390,55449,60,60000,6000,0,0,0,0,0,-1120,-1160,-1150,-1159
2026-09-20T09:22:08Z,CHANSUM,55450,55509,60,60000,6000,0,0,0,0,0,-1130,-1160,-1150,-1159
2026-09-20T09:22:17Z,CHAN,55518,55518186,1000,100,0,1,0,-660,-1160,-1142
2026-09-20T09:23:08Z,CHANSUM,55510,55569,60,60000,6000,0,1,0,1,0,-660,-1160,-1160,-1160
2026-09-20T09:23:13Z,CHAN,55574,55574186,1000,100,0,5,0,-1090,-1160,-1144
2026-09-20T09:24:08Z,CHANSUM,55570,55629,60,60000,6000,0,5,0,1,0,-1090,-1160,-1150,-1159
2026-09-20T09:24:27Z,CHAN,55648,55648186,1000,100,0,1,0,-1060,-1160,-1146
2026-09-20T09:24:49Z,CHAN,55670,55670186,1000,100,0,4,0,-950,-1160,-1139
2026-09-20T09:25:08Z,CHANSUM,55630,55689,60,60000,6000,0,5,0,2,0,-950,-1160,-1160,-1160
2026-09-20T09:26:08Z,CHANSUM,55690,55749,60,60000,6000,0,0,0,0,0,-1130,-1170,-1150,-1159
2026-09-20T09:26:38Z,CHAN,55779,55779186,1000,100,0,1,0,-660,-1150,-1142
2026-09-20T09:27:08Z,CHANSUM,55750,55809,60,60000,6000,0,1,0,1,0,-660,-1160,-1150,-1159
2026-09-20T09:28:08Z,CHANSUM,55810,55869,60,60000,6000,0,0,0,0,0,-1110,-1160,-1150,-1159
2026-09-20T09:28:35Z,CHAN,55896,55896186,1000,100,0,5,0,-1090,-1160,-1145
2026-09-20T09:28:49Z,CHAN,55910,55910186,1000,100,0,1,0,-660,-1160,-1143
2026-09-20T09:29:08Z,CHANSUM,55870,55929,60,60000,6000,0,6,0,2,0,-660,-1160,-1150,-1159
2026-09-20T09:30:08Z,CHANSUM,55930,55989,60,60000,6000,0,0,0,0,0,-1120,-1160,-1150,-1159
2026-09-20T09:31:08Z,CHANSUM,55990,56049,60,60000,6000,0,0,0,0,0,-1130,-1160,-1150,-1159
2026-09-20T09:31:58Z,CHAN,56099,56099186,1000,100,0,5,0,-1060,-1160,-1144
2026-09-20T09:32:08Z,CHANSUM,56050,56109,60,60000,6000,0,5,0,1,0,-1060,-1160,-1160,-1160
2026-09-20T09:33:08Z,CHANSUM,56110,56169,60,60000,6000,0,0,0,0,0,-1120,-1160,-1150,-1159
2026-09-20T09:33:10Z,CHAN,56171,56171186,1000,100,0,1,0,-660,-1160,-1142
2026-09-20T09:33:28Z,CHAN,56189,56189186,1000,100,0,4,0,-1090,-1160,-1145
2026-09-20T09:34:08Z,CHANSUM,56170,56229,60,60000,6000,0,5,0,2,0,-660,-1160,-1150,-1159
2026-09-20T09:35:05Z,CHAN,56286,56286186,1000,100,0,1,0,-1100,-1160,-1145
2026-09-20T09:35:08Z,CHANSUM,56230,56289,60,60000,6000,0,1,0,1,0,-1100,-1160,-1160,-1160
2026-09-20T09:35:09Z,CHAN,56290,56290186,1000,100,0,5,0,-1030,-1160,-1143
2026-09-20T09:35:21Z,CHAN,56302,56302186,1000,100,0,1,0,-660,-1160,-1142
2026-09-20T09:36:08Z,CHANSUM,56290,56349,60,60000,6000,0,6,0,2,0,-660,-1160,-1150,-1159
2026-09-20T09:37:08Z,CHANSUM,56350,56409,60,60000,6000,0,0,0,0,0,-1130,-1160,-1150,-1159
2026-09-20T09:37:32Z,CHAN,56433,56433186,1000,100,0,2,0,-1010,-1160,-1145
2026-09-20T09:38:08Z,CHANSUM,56410,56469,60,60000,6000,0,2,0,1,0,-1010,-1160,-1150,-1159
2026-09-20T09:38:09Z,CHAN,56470,56470186,1000,100,0,5,0,-1050,-1160,-1143
2026-09-20T09:39:08Z,CHANSUM,56470,56529,60,60000,6000,0,5,0,1,0,-1050,-1160,-1160,-1160
2026-09-20T09:39:42Z,CHAN,56563,56563186,1000,100,0,1,0,-660,-1160,-1142
2026-09-20T09:40:08Z,CHANSUM,56530,56589,60,60000,6000,0,1,0,1,0,-660,-1160,-1150,-1159
2026-09-20T09:40:51Z,CHAN,56632,56632186,1000,100,0,5,0,-1040,-1160,-1142
2026-09-20T09:41:08Z,CHANSUM,56590,56649,60,60000,6000,0,5,0,1,0,-1040,-1160,-1150,-1159
2026-09-20T09:41:23Z,CHAN,56664,56664186,1000,100,0,5,0,-950,-1160,-1140
2026-09-20T09:41:40Z,CHAN,56681,56681186,1000,100,0,4,0,-1070,-1160,-1144
2026-09-20T09:41:41Z,CHAN,56682,56682186,1000,100,0,3,0,-1090,-1160,-1145
2026-09-20T09:41:44Z,CHAN,56685,56685186,1000,100,0,3,0,-1090,-1160,-1146
2026-09-20T09:41:53Z,CHAN,56694,56694186,1000,100,0,1,0,-660,-1160,-1142
2026-09-20T09:42:08Z,CHANSUM,56650,56709,60,60000,6000,0,16,0,5,0,-660,-1160,-1150,-1159
2026-09-20T09:42:55Z,CHAN,56756,56756186,1000,100,0,5,0,-1030,-1160,-1143
2026-09-20T09:43:08Z,CHANSUM,56710,56769,60,60000,6000,0,5,0,1,0,-1030,-1160,-1150,-1159
2026-09-20T09:44:02Z,CHAN,56823,56823186,1000,100,0,3,0,-1040,-1160,-1144
2026-09-20T09:44:04Z,CHAN,56825,56825186,1000,100,0,1,0,-1070,-1160,-1147
2026-09-20T09:44:08Z,CHANSUM,56770,56829,60,60000,6000,0,4,0,2,0,-1040,-1160,-1160,-1160
2026-09-20T09:44:12Z,CHAN,56833,56833186,1000,100,0,3,0,-1090,-1160,-1145
2026-09-20T09:44:18Z,CHAN,56839,56839186,1000,100,0,4,0,-1090,-1160,-1145
2026-09-20T09:44:22Z,CHAN,56843,56843186,1000,100,0,3,0,-1090,-1160,-1146
2026-09-20T09:44:29Z,CHAN,56850,56850186,1000,100,0,2,0,-1090,-1160,-1146
2026-09-20T09:44:35Z,CHAN,56856,56856186,1000,100,0,3,0,-1080,-1160,-1145
2026-09-20T09:45:08Z,CHANSUM,56830,56889,60,60000,6000,0,15,0,5,0,-1080,-1160,-1150,-1159
2026-09-20T09:46:08Z,CHANSUM,56890,56949,60,60000,6000,0,0,0,0,0,-1120,-1160,-1150,-1159
2026-09-20T09:46:14Z,CHAN,56955,56955186,1000,100,0,1,0,-660,-1160,-1141
2026-09-20T09:46:23Z,CHAN,56964,56964186,1000,100,0,8,0,-690,-1160,-1129
2026-09-20T09:46:29Z,CHAN,56970,56970186,1000,100,0,4,0,-1070,-1160,-1144
2026-09-20T09:46:55Z,CHAN,56996,56996186,1000,100,0,3,0,-1090,-1160,-1145
2026-09-20T09:47:08Z,CHANSUM,56950,57009,60,60000,6000,0,16,0,4,0,-660,-1160,-1150,-1159
2026-09-20T09:47:37Z,CHAN,57038,57038186,1000,100,0,4,0,-1090,-1160,-1144
2026-09-20T09:47:41Z,CHAN,57042,57042186,1000,100,0,3,0,-1090,-1160,-1145
2026-09-20T09:48:08Z,CHANSUM,57010,57069,60,60000,6000,0,7,0,2,0,-1090,-1160,-1150,-1159
2026-09-20T09:48:15Z,CHAN,57076,57076186,1000,100,0,3,0,-970,-1160,-1142
2026-09-20T09:48:25Z,CHAN,57086,57086186,1000,100,0,1,0,-680,-1150,-1141
2026-09-20T09:49:00Z,CHAN,57121,57121186,1000,100,0,4,0,-1080,-1160,-1145
2026-09-20T09:49:02Z,CHAN,57123,57123186,1000,100,0,2,0,-1090,-1150,-1144
2026-09-20T09:49:04Z,CHAN,57125,57125186,1000,100,0,4,0,-960,-1160,-1139
2026-09-20T09:49:08Z,CHANSUM,57070,57129,60,60000,6000,0,14,0,5,0,-680,-1160,-1150,-1159
2026-09-20T09:49:22Z,CHAN,57143,57143186,1000,100,0,4,0,-860,-1160,-1135
2026-09-20T09:49:23Z,CHAN,57144,57144186,1000,100,0,1,0,-1100,-1160,-1146
2026-09-20T09:49:56Z,CHAN,57177,57177186,1000,100,0,3,0,-1090,-1160,-1146
2026-09-20T09:50:03Z,CHAN,57184,57184186,1000,100,0,3,0,-1050,-1160,-1145
2026-09-20T09:50:08Z,CHANSUM,57130,57189,60,60000,6000,0,11,0,4,0,-860,-1160,-1150,-1159
2026-09-20T09:50:14Z,CHAN,57195,57195186,1000,100,0,2,0,-1100,-1160,-1146
2026-09-20T09:50:22Z,CHAN,57203,57203186,1000,100,0,4,0,-950,-1160,-1139
2026-09-20T09:50:36Z,CHAN,57217,57217186,1000,100,0,1,0,-940,-1160,-1146
2026-09-20T09:50:56Z,CHAN,57237,57237186,1000,100,0,3,0,-1090,-1160,-1146
2026-09-20T09:51:08Z,CHANSUM,57190,57249,60,60000,6000,0,10,0,4,0,-940,-1160,-1150,-1159
2026-09-20T09:51:56Z,CHAN,57297,57297186,1000,100,0,3,0,-1080,-1160,-1145
2026-09-20T09:52:06Z,CHAN,57307,57307186,1000,100,0,3,0,-1030,-1150,-1144
2026-09-20T09:52:08Z,CHANSUM,57250,57309,60,60000,6000,0,6,0,2,0,-1030,-1170,-1150,-1159
2026-09-20T09:52:14Z,CHAN,57315,57315186,1000,100,0,3,0,-1090,-1160,-1146
2026-09-20T09:52:18Z,CHAN,57319,57319186,1000,100,0,3,0,-1020,-1160,-1144
2026-09-20T09:52:20Z,CHAN,57321,57321186,1000,100,0,4,0,-1090,-1160,-1145
2026-09-20T09:52:46Z,CHAN,57347,57347186,1000,100,0,1,0,-660,-1160,-1143
2026-09-20T09:53:08Z,CHANSUM,57310,57369,60,60000,6000,0,11,0,4,0,-660,-1160,-1150,-1159
2026-09-20T09:53:10Z,CHAN,57371,57371186,1000,100,0,4,0,-1090,-1160,-1145
2026-09-20T09:54:08Z,CHANSUM,57370,57429,60,60000,6000,0,4,0,1,0,-1090,-1160,-1150,-1159
2026-09-20T09:54:57Z,CHAN,57478,57478186,1000,100,0,1,0,-920,-1160,-1145
2026-09-20T09:55:00Z,CHAN,57481,57481186,1000,100,0,1,0,-1100,-1160,-1146
2026-09-20T09:55:08Z,CHANSUM,57430,57489,60,60000,6000,0,2,0,2,0,-920,-1160,-1150,-1159
2026-09-20T09:56:08Z,CHANSUM,57490,57549,60,60000,6000,0,0,0,0,0,-1130,-1160,-1150,-1159
2026-09-20T09:56:54Z,CHAN,57595,57595186,1000,100,0,5,0,-970,-1160,-1139
2026-09-20T09:57:08Z,CHAN,57609,57609186,1000,100,0,1,0,-660,-1160,-1143
2026-09-20T09:57:08Z,CHANSUM,57550,57609,60,60000,6000,0,6,0,2,0,-660,-1160,-1150,-1159
2026-09-20T09:57:19Z,CHAN,57620,57620186,1000,100,0,2,0,-1080,-1160,-1145
2026-09-20T09:58:08Z,CHANSUM,57610,57669,60,60000,6000,0,2,0,1,0,-1080,-1160,-1150,-1159
2026-09-20T09:58:31Z,CHAN,57692,57692186,1000,100,0,5,0,-1020,-1160,-1142
2026-09-20T09:59:08Z,CHANSUM,57670,57729,60,60000,6000,0,5,0,1,0,-1020,-1160,-1150,-1159
2026-09-20T09:59:18Z,CHAN,57739,57739186,1000,100,0,1,0,-660,-1160,-1142
2026-09-20T10:00:08Z,CHAN,57789,57789186,1000,100,0,5,0,-1040,-1160,-1142
2026-09-20T10:00:08Z,CHANSUM,57730,57789,60,60000,6000,0,6,0,2,0,-660,-1160,-1150,-1159
2026-09-20T10:01:08Z,CHANSUM,57790,57849,60,60000,6000,0,0,0,0,0,-1130,-1160,-1150,-1159
2026-09-20T10:01:29Z,CHAN,57870,57870186,1000,100,0,1,0,-760,-1160,-1144
2026-09-20T10:02:08Z,CHANSUM,57850,57909,60,60000,6000,0,1,0,1,0,-760,-1170,-1150,-1159
2026-09-20T10:03:08Z,CHANSUM,57910,57969,60,60000,6000,0,0,0,0,0,-1120,-1160,-1150,-1159
2026-09-20T10:03:40Z,CHAN,58001,58001186,1000,100,0,1,0,-660,-1160,-1142
2026-09-20T10:03:52Z,CHAN,58013,58013186,1000,100,0,1,0,-1100,-1160,-1146
2026-09-20T10:04:08Z,CHANSUM,57970,58029,60,60000,6000,0,2,0,2,0,-660,-1160,-1150,-1159
2026-09-20T10:04:09Z,CHAN,58030,58030186,1000,100,0,2,0,-1100,-1160,-1145
2026-09-20T10:04:28Z,CHAN,58049,58049186,1000,100,0,5,0,-1080,-1160,-1144
2026-09-20T10:05:08Z,CHANSUM,58030,58089,60,60000,6000,0,7,0,2,0,-1080,-1170,-1160,-1160
2026-09-20T10:05:44Z,CHAN,58125,58125186,1000,100,0,4,0,-1090,-1160,-1145
2026-09-20T10:05:50Z,CHAN,58131,58131186,1000,100,0,1,0,-670,-1160,-1142
2026-09-20T10:06:08Z,CHANSUM,58090,58149,60,60000,6000,0,5,0,2,0,-670,-1160,-1150,-1159
2026-09-20T10:06:51Z,CHAN,58192,58192186,1000,100,0,5,0,-1090,-1160,-1144
2026-09-20T10:07:08Z,CHANSUM,58150,58209,60,60000,6000,0,5,0,1,0,-1090,-1170,-1150,-1159
2026-09-20T10:08:01Z,CHAN,58262,58262186,1000,100,0,1,0,-1000,-1160,-1145
2026-09-20T10:08:08Z,CHANSUM,58210,58269,60,60000,6000,0,1,0,1,0,-1000,-1160,-1150,-1159
2026-09-20T10:09:08Z,CHANSUM,58270,58329,60,60000,6000,0,0,0,0,0,-1120,-1170,-1150,-1160
2026-09-20T10:10:08Z,CHANSUM,58330,58389,60,60000,6000,0,0,0,0,0,-1130,-1160,-1150,-1159
2026-09-20T10:10:12Z,CHAN,58393,58393186,1000,100,0,2,0,-660,-1160,-1142
2026-09-20T10:10:16Z,CHAN,58397,58397186,1000,100,0,9,0,-980,-1160,-1133
2026-09-20T10:11:08Z,CHANSUM,58390,58449,60,60000,6000,0,11,0,2,0,-660,-1160,-1150,-1159
2026-09-20T10:12:08Z,CHANSUM,58450,58509,60,60000,6000,0,0,0,0,0,-1130,-1160,-1150,-1159
2026-09-20T10:12:23Z,CHAN,58524,58524186,1000,100,0,1,0,-670,-1160,-1143
2026-09-20T10:12:50Z,CHAN,58551,58551186,1000,100,0,5,0,-940,-1160,-1137
2026-09-20T10:13:08Z,CHANSUM,58510,58569,60,60000,6000,0,6,0,2,0,-670,-1160,-1150,-1159
2026-09-20T10:13:36Z,CHAN,58597,58597186,1000,100,0,2,0,-950,-1160,-1144
2026-09-20T10:14:08Z,CHAN,58629,58629186,1000,100,0,4,0,-1090,-1160,-1144
2026-09-20T10:14:08Z,CHANSUM,58570,58629,60,60000,6000,0,6,0,2,0,-950,-1160,-1150,-1159
2026-09-20T10:14:48Z,CHAN,58669,58669186,1000,100,0,5,0,-940,-1160,-1138
2026-09-20T10:15:08Z,CHANSUM,58630,58689,60,60000,6000,0,5,0,1,0,-940,-1160,-1150,-1159
2026-09-20T10:15:43Z,CHAN,58724,58724186,1000,100,0,5,0,-1040,-1160,-1142
2026-09-20T10:16:08Z,CHANSUM,58690,58749,60,60000,6000,0,5,0,1,0,-1040,-1160,-1150,-1159
2026-09-20T10:16:44Z,CHAN,58785,58785186,1000,100,0,1,0,-660,-1160,-1142
2026-09-20T10:17:08Z,CHANSUM,58750,58809,60,60000,6000,0,1,0,1,0,-660,-1160,-1150,-1159
2026-09-20T10:18:08Z,CHANSUM,58810,58869,60,60000,6000,0,0,0,0,0,-1120,-1160,-1150,-1159
2026-09-20T10:18:55Z,CHAN,58916,58916186,1000,100,0,1,0,-660,-1160,-1142
2026-09-20T10:19:08Z,CHANSUM,58870,58929,60,60000,6000,0,1,0,1,0,-660,-1160,-1150,-1159
2026-09-20T10:19:24Z,CHAN,58945,58945186,1000,100,0,4,0,-1030,-1160,-1143
2026-09-20T10:19:34Z,CHAN,58955,58955186,1000,100,0,4,0,-910,-1160,-1140
2026-09-20T10:20:08Z,CHANSUM,58930,58989,60,60000,6000,0,8,0,2,0,-910,-1160,-1150,-1159
2026-09-20T10:20:14Z,CHAN,58995,58995186,1000,100,0,3,0,-1090,-1160,-1146
2026-09-20T10:20:38Z,CHAN,59019,59019186,1000,100,0,2,0,-1090,-1160,-1146
2026-09-20T10:20:45Z,CHAN,59026,59026186,1000,100,0,4,0,-1040,-1160,-1144
2026-09-20T10:21:05Z,CHAN,59046,59046186,1000,100,0,1,0,-1060,-1150,-1146
2026-09-20T10:21:06Z,CHAN,59047,59047186,1000,100,0,1,0,-1100,-1160,-1146
2026-09-20T10:21:08Z,CHANSUM,58990,59049,60,60000,6000,0,11,0,5,0,-1040,-1160,-1150,-1159
2026-09-20T10:21:12Z,CHAN,59053,59053186,1000,100,0,2,0,-1090,-1160,-1144
2026-09-20T10:21:36Z,CHAN,59077,59077186,1000,100,0,2,0,-1100,-1160,-1146
2026-09-20T10:22:05Z,CHAN,59106,59106186,1000,100,0,3,0,-1100,-1160,-1145
2026-09-20T10:22:08Z,CHANSUM,59050,59109,60,60000,6000,0,7,0,3,0,-1090,-1160,-1150,-1159
2026-09-20T10:23:08Z,CHANSUM,59110,59169,60,60000,6000,0,0,0,0,0,-1110,-1160,-1150,-1159
2026-09-20T10:23:10Z,CHAN,59171,59171186,1000,100,0,3,0,-1090,-1160,-1147
2026-09-20T10:23:16Z,CHAN,59177,59177186,1000,100,0,1,0,-650,-1160,-1143
2026-09-20T10:23:48Z,CHAN,59209,59209186,1000,100,0,3,0,-1020,-1160,-1144
2026-09-20T10:23:59Z,CHAN,59220,59220186,1000,100,0,3,0,-1090,-1160,-1145
2026-09-20T10:24:03Z,CHAN,59224,59224186,1000,100,0,9,0,-950,-1160,-1135
2026-09-20T10:24:08Z,CHANSUM,59170,59229,60,60000,6000,0,19,0,5,0,-650,-1160,-1150,-1159
2026-09-20T10:24:39Z,CHAN,59260,59260186,1000,100,0,3,0,-1090,-1160,-1146
2026-09-20T10:25:01Z,CHAN,59282,59282186,1000,100,0,2,0,-1100,-1160,-1146
2026-09-20T10:25:08Z,CHANSUM,59230,59289,60,60000,6000,0,5,0,2,0,-1090,-1160,-1150,-1159
2026-09-20T10:25:26Z,CHAN,59307,59307186,1000,100,0,4,0,-940,-1160,-1139
2026-09-20T10:25:27Z,CHAN,59308,59308186,1000,100,0,1,0,-680,-1160,-1141
2026-09-20T10:25:38Z,CHAN,59319,59319186,1000,100,0,2,0,-1090,-1160,-1145
2026-09-20T10:25:46Z,CHAN,59327,59327186,1000,100,0,3,0,-1040,-1160,-1144
2026-09-20T10:26:08Z,CHANSUM,59290,59349,60,60000,6000,0,10,0,4,0,-680,-1160,-1150,-1159
2026-09-20T10:26:12Z,CHAN,59353,59353186,1000,100,0,3,0,-1060,-1160,-1144
2026-09-20T10:26:30Z,CHAN,59371,59371186,1000,100,0,3,0,-1030,-1160,-1144
2026-09-20T10:26:48Z,CHAN,59389,59389186,1000,100,0,3,0,-1030,-1160,-1145
2026-09-20T10:26:49Z,CHAN,59390,59390186,1000,100,0,4,0,-1030,-1160,-1142
2026-09-20T10:27:05Z,CHAN,59406,59406186,1000,100,0,3,0,-870,-1160,-1139
2026-09-20T10:27:08Z,CHANSUM,59350,59409,60,60000,6000,0,16,0,5,0,-870,-1160,-1150,-1159
2026-09-20T10:27:15Z,CHAN,59416,59416186,1000,100,0,3,0,-960,-1160,-1142
2026-09-20T10:27:37Z,CHAN,59438,59438186,1000,100,0,1,0,-660,-1160,-1143
2026-09-20T10:27:52Z,CHAN,59453,59453186,1000,100,0,4,0,-930,-1160,-1139
2026-09-20T10:28:02Z,CHAN,59463,59463186,1000,100,0,3,0,-1090,-1160,-1144
2026-09-20T10:28:08Z,CHANSUM,59410,59469,60,60000,6000,0,11,0,4,0,-660,-1160,-1150,-1159
2026-09-20T10:28:23Z,CHAN,59484,59484186,1000,100,0,1,0,-1090,-1160,-1146
2026-09-20T10:29:08Z,CHANSUM,59470,59529,60,60000,6000,0,1,0,1,0,-1090,-1170,-1150,-1159
2026-09-20T10:29:18Z,CHAN,59539,59539186,1000,100,0,4,0,-1080,-1160,-1144
2026-09-20T10:29:29Z,CHAN,59550,59550186,1000,100,0,2,0,-1090,-1160,-1144
2026-09-20T10:29:40Z,CHAN,59561,59561186,1000,100,0,3,0,-1100,-1160,-1145
2026-09-20T10:29:48Z,CHAN,59569,59569186,1000,100,0,1,0,-670,-1160,-1143
2026-09-20T10:29:53Z,CHAN,59574,59574186,1000,100,0,4,0,-940,-1160,-1139
2026-09-20T10:29:59Z,CHAN,59580,59580186,1000,100,0,5,0,-930,-1160,-1137
2026-09-20T10:30:08Z,CHANSUM,59530,59589,60,60000,6000,0,19,0,6,0,-670,-1160,-1150,-1159
2026-09-20T10:30:57Z,CHAN,59638,59638186,1000,100,0,2,0,-1090,-1160,-1146
2026-09-20T10:31:08Z,CHANSUM,59590,59649,60,60000,6000,0,2,0,1,0,-1090,-1160,-1150,-1159
2026-09-20T10:31:40Z,CHAN,59681,59681186,1000,100,0,4,0,-1090,-1160,-1145
2026-09-20T10:31:53Z,CHAN,59694,59694186,1000,100,0,4,0,-940,-1150,-1139
2026-09-20T10:31:59Z,CHAN,59700,59700186,1000,100,0,1,0,-670,-1160,-1143
2026-09-20T10:32:03Z,CHAN,59704,59704186,1000,100,0,3,0,-1090,-1160,-1146
2026-09-20T10:32:08Z,CHANSUM,59650,59709,60,60000,6000,0,12,0,4,0,-670,-1160,-1150,-1159
2026-09-20T10:32:15Z,CHAN,59716,59716186,1000,100,0,4,0,-970,-1160,-1141
2026-09-20T10:32:24Z,CHAN,59725,59725186,1000,100,0,2,0,-1090,-1160,-1145
2026-09-20T10:33:06Z,CHAN,59767,59767186,1000,100,0,4,0,-860,-1160,-1136
2026-09-20T10:33:08Z,CHAN,59769,59769186,1000,100,0,6,0,-690,-1160,-1128
2026-09-20T10:33:08Z,CHANSUM,59710,59769,60,60000,6000,0,16,0,4,0,-690,-1160,-1150,-1159
2026-09-20T10:33:26Z,CHAN,59787,59787186,1000,100,0,4,0,-1040,-1160,-1143
2026-09-20T10:33:55Z,CHAN,59816,59816186,1000,100,0,1,0,-1100,-1160,-1146
2026-09-20T10:34:06Z,CHAN,59827,59827186,1000,100,0,4,0,-860,-1160,-1136
2026-09-20T10:34:08Z,CHANSUM,59770,59829,60,60000,6000,0,9,0,3,0,-860,-1160,-1150,-1159
2026-09-20T10:34:09Z,CHAN,59830,59830186,1000,100,0,1,0,-660,-1160,-1142
2026-09-20T10:34:21Z,CHAN,59842,59842186,1000,100,0,4,0,-1080,-1160,-1144
2026-09-20T10:35:08Z,CHANSUM,59830,59889,60,60000,6000,0,5,0,2,0,-660,-1160,-1150,-1159
2026-09-20T10:35:22Z,CHAN,59903,59903186,1000,100,0,4,0,-1080,-1160,-1144
2026-09-20T10:36:08Z,CHANSUM,59890,59949,60,60000,6000,0,4,0,1,0,-1080,-1160,-1150,-1159
2026-09-20T10:36:20Z,CHAN,59961,59961186,1000,100,0,1,0,-660,-1160,-1142
2026-09-20T10:37:08Z,CHANSUM,59950,60009,60,60000,6000,0,1,0,1,0,-660,-1160,-1150,-1159
2026-09-20T10:37:59Z,CHAN,60060,60060186,1000,100,0,4,0,-1090,-1160,-1144
2026-09-20T10:38:08Z,CHANSUM,60010,60069,60,60000,6000,0,4,0,1,0,-1090,-1160,-1150,-1159
2026-09-20T10:38:31Z,CHAN,60092,60092186,1000,100,0,1,0,-760,-1160,-1144
2026-09-20T10:39:08Z,CHANSUM,60070,60129,60,60000,6000,0,1,0,1,0,-760,-1160,-1150,-1159
2026-09-20T10:39:49Z,CHAN,60170,60170186,1000,100,0,5,0,-920,-1160,-1137
2026-09-20T10:40:08Z,CHANSUM,60130,60189,60,60000,6000,0,5,0,1,0,-920,-1160,-1150,-1159
2026-09-20T10:40:15Z,CHAN,60196,60196186,1000,100,0,5,0,-1020,-1160,-1142
2026-09-20T10:40:41Z,CHAN,60222,60222186,1000,100,0,1,0,-640,-1160,-1141
2026-09-20T10:41:08Z,CHANSUM,60190,60249,60,60000,6000,0,6,0,2,0,-640,-1160,-1150,-1159
2026-09-20T10:42:08Z,CHANSUM,60250,60309,60,60000,6000,0,0,0,0,0,-1130,-1160,-1150,-1159
2026-09-20T10:42:21Z,CHAN,60322,60322186,1000,100,0,4,0,-1100,-1160,-1145
2026-09-20T10:42:52Z,CHAN,60353,60353186,1000,100,0,1,0,-660,-1160,-1142
2026-09-20T10:43:08Z,CHANSUM,60310,60369,60,60000,6000,0,5,0,2,0,-660,-1160,-1150,-1159
2026-09-20T10:44:08Z,CHANSUM,60370,60429,60,60000,6000,0,0,0,0,0,-1120,-1170,-1150,-1160
2026-09-20T10:44:40Z,CHAN,60461,60461186,1000,100,0,4,0,-940,-1160,-1140
2026-09-20T10:44:41Z,CHAN,60462,60462186,1000,100,0,44,0,-940,-1150,-1060
2026-09-20T10:44:42Z,CHAN,60463,60463186,1000,100,0,16,0,-940,-1160,-1115
2026-09-20T10:45:03Z,CHAN,60484,60484186,1000,100,0,1,0,-1060,-1160,-1146
2026-09-20T10:45:08Z,CHANSUM,60430,60489,60,60000,6000,0,65,0,4,0,-940,-1160,-1150,-1159
2026-09-20T10:46:08Z,CHANSUM,60490,60549,60,60000,6000,0,0,0,0,0,-1130,-1160,-1150,-1159
2026-09-20T10:47:03Z,CHAN,60604,60604186,1000,100,0,5,0,-1080,-1160,-1144
2026-09-20T10:47:08Z,CHANSUM,60550,60609,60,60000,6000,0,5,0,1,0,-1080,-1160,-1150,-1159
2026-09-20T10:47:14Z,CHAN,60615,60615186,1000,100,0,1,0,-660,-1160,-1142
2026-09-20T10:48:04Z,CHAN,60665,60665186,1000,100,0,5,0,-1080,-1160,-1144
2026-09-20T10:48:08Z,CHANSUM,60610,60669,60,60000,6000,0,6,0,2,0,-660,-1160,-1150,-1159
2026-09-20T10:48:51Z,CHAN,60712,60712186,1000,100,0,5,0,-1040,-1160,-1142
2026-09-20T10:48:54Z,CHAN,60715,60715186,1000,100,0,1,0,-1100,-1160,-1146
2026-09-20T10:49:08Z,CHANSUM,60670,60729,60,60000,6000,0,6,0,2,0,-1040,-1160,-1150,-1159
2026-09-20T10:49:24Z,CHAN,60745,60745186,1000,100,0,1,0,-660,-1160,-1143
2026-09-20T10:49:46Z,CHAN,60767,60767186,1000,100,0,26,0,-940,-1160,-1106
2026-09-20T10:50:08Z,CHANSUM,60730,60789,60,60000,6000,0,27,0,2,0,-660,-1160,-1160,-1160
2026-09-20T10:50:42Z,CHAN,60823,60823186,1000,100,0,5,0,-1080,-1160,-1144
2026-09-20T10:51:08Z,CHANSUM,60790,60849,60,60000,6000,0,5,0,1,0,-1080,-1160,-1150,-1159
2026-09-20T10:52:08Z,CHANSUM,60850,60909,60,60000,6000,0,0,0,0,0,-1110,-1160,-1150,-1159
2026-09-20T10:53:08Z,CHANSUM,60910,60969,60,60000,6000,0,0,0,0,0,-1130,-1160,-1150,-1159
2026-09-20T10:53:20Z,CHAN,60981,60981186,1000,100,0,3,0,-1090,-1160,-1146
2026-09-20T10:53:46Z,CHAN,61007,61007186,1000,100,0,1,0,-650,-1160,-1142
2026-09-20T10:54:08Z,CHANSUM,60970,61029,60,60000,6000,0,4,0,2,0,-650,-1160,-1150,-1159
2026-09-20T10:55:08Z,CHANSUM,61030,61089,60,60000,6000,0,0,0,0,0,-1120,-1160,-1150,-1159
2026-09-20T10:55:56Z,CHAN,61137,61137186,1000,100,0,1,0,-660,-1160,-1143
2026-09-20T10:56:08Z,CHANSUM,61090,61149,60,60000,6000,0,1,0,1,0,-660,-1160,-1150,-1159
2026-09-20T10:56:20Z,CHAN,61161,61161186,1000,100,0,3,0,-1100,-1160,-1145
2026-09-20T10:57:08Z,CHANSUM,61150,61209,60,60000,6000,0,3,0,1,0,-1100,-1160,-1150,-1159
2026-09-20T10:57:13Z,CHAN,61214,61214186,1000,100,0,4,0,-1090,-1160,-1145
2026-09-20T10:58:07Z,CHAN,61268,61268186,1000,100,0,2,0,-1010,-1160,-1145
2026-09-20T10:58:08Z,CHANSUM,61210,61269,60,60000,6000,0,6,0,2,0,-1010,-1160,-1150,-1159
2026-09-20T10:59:08Z,CHANSUM,61270,61329,60,60000,6000,0,0,0,0,0,-1130,-1170,-1160,-1160
2026-09-20T11:00:08Z,CHANSUM,61330,61389,60,60000,6000,0,0,0,0,0,-1120,-1160,-1150,-1159
2026-09-20T11:00:18Z,CHAN,61399,61399186,1000,100,0,1,0,-660,-1160,-1141
2026-09-20T11:00:21Z,CHAN,61402,61402186,1000,100,0,3,0,-1090,-1160,-1145
2026-09-20T11:00:29Z,CHAN,61410,61410186,1000,100,0,5,0,-970,-1160,-1139
2026-09-20T11:01:08Z,CHANSUM,61390,61449,60,60000,6000,0,9,0,3,0,-660,-1160,-1150,-1159
2026-09-20T11:02:08Z,CHANSUM,61450,61509,60,60000,6000,0,0,0,0,0,-1120,-1160,-1150,-1159
2026-09-20T11:02:11Z,CHAN,61512,61512186,1000,100,0,4,0,-1090,-1160,-1145
2026-09-20T11:02:28Z,CHAN,61529,61529186,1000,100,0,1,0,-660,-1160,-1142
2026-09-20T11:03:03Z,CHAN,61564,61564186,1000,100,0,5,0,-1030,-1160,-1141
2026-09-20T11:03:08Z,CHANSUM,61510,61569,60,60000,6000,0,10,0,3,0,-660,-1160,-1150,-1159
2026-09-20T11:03:35Z,CHAN,61596,61596186,1000,100,0,5,0,-1100,-1160,-1145
2026-09-20T11:03:46Z,CHAN,61607,61607186,1000,100,0,2,0,-1100,-1160,-1146
2026-09-20T11:04:08Z,CHANSUM,61570,61629,60,60000,6000,0,7,0,2,0,-1100,-1160,-1150,-1159
2026-09-20T11:04:22Z,CHAN,61643,61643186,1000,100,0,3,0,-1100,-1160,-1146
2026-09-20T11:04:32Z,CHAN,61653,61653186,1000,100,0,4,0,-1030,-1160,-1142
2026-09-20T11:04:39Z,CHAN,61660,61660186,1000,100,0,1,0,-1070,-1160,-1145
2026-09-20T11:05:01Z,CHAN,61682,61682186,1000,100,0,1,0,-1100,-1160,-1146
2026-09-20T11:05:08Z,CHANSUM,61630,61689,60,60000,6000,0,9,0,4,0,-1030,-1160,-1150,-1159
2026-09-20T11:05:09Z,CHAN,61690,61690186,1000,100,0,3,0,-1090,-1160,-1145
2026-09-20T11:05:12Z,CHAN,61693,61693186,1000,100,0,4,0,-860,-1160,-1136
2026-09-20T11:05:14Z,CHAN,61695,61695186,1000,100,0,4,0,-730,-1160,-1132
2026-09-20T11:05:30Z,CHAN,61711,61711186,1000,100,0,2,0,-1100,-1160,-1145
2026-09-20T11:05:37Z,CHAN,61718,61718186,1000,100,0,4,0,-1030,-1160,-1143
2026-09-20T11:05:39Z,CHAN,61720,61720186,1000,100,0,7,0,-860,-1160,-1132
2026-09-20T11:06:01Z,CHAN,61742,61742186,1000,100,0,1,0,-1100,-1160,-1146
2026-09-20T11:06:08Z,CHANSUM,61690,61749,60,60000,6000,0,25,0,7,0,-730,-1160,-1150,-1159
2026-09-20T11:06:22Z,CHAN,61763,61763186,1000,100,0,4,0,-970,-1160,-1141
2026-09-20T11:06:43Z,CHAN,61784,61784186,1000,100,0,3,0,-920,-1160,-1140
2026-09-20T11:06:50Z,CHAN,61791,61791186,1000,100,0,6,0,-660,-1160,-1134
2026-09-20T11:07:08Z,CHANSUM,61750,61809,60,60000,6000,0,13,0,3,0,-660,-1160,-1150,-1159
2026-09-20T11:07:18Z,CHAN,61819,61819186,1000,100,0,5,0,-1090,-1160,-1144
2026-09-20T11:08:08Z,CHANSUM,61810,61869,60,60000,6000,0,5,0,1,0,-1090,-1170,-1150,-1159
2026-09-20T11:08:53Z,CHAN,61914,61914186,1000,100,0,4,0,-1090,-1160,-1145
2026-09-20T11:09:00Z,CHAN,61921,61921186,1000,100,0,1,0,-670,-1150,-1143
2026-09-20T11:09:08Z,CHANSUM,61870,61929,60,60000,6000,0,5,0,2,0,-670,-1160,-1150,-1159
2026-09-20T11:10:08Z,CHANSUM,61930,61989,60,60000,6000,0,0,0,0,0,-1130,-1160,-1150,-1159
2026-09-20T11:11:08Z,CHANSUM,61990,62049,60,60000,6000,0,0,0,0,0,-1130,-1160,-1150,-1159
2026-09-20T11:11:10Z,CHAN,62051,62051186,1000,100,0,5,0,-1030,-1160,-1142
2026-09-20T11:11:11Z,CHAN,62052,62052186,1000,100,0,1,0,-970,-1160,-1146
2026-09-20T11:12:08Z,CHANSUM,62050,62109,60,60000,6000,0,6,0,2,0,-970,-1160,-1150,-1159
2026-09-20T11:12:11Z,CHAN,62112,62112186,1000,100,0,5,0,-1030,-1160,-1142
2026-09-20T11:12:30Z,CHAN,62131,62131186,1000,100,0,5,0,-1030,-1160,-1143
2026-09-20T11:12:53Z,CHAN,62154,62154186,1000,100,0,4,0,-960,-1160,-1140
2026-09-20T11:13:08Z,CHANSUM,62110,62169,60,60000,6000,0,14,0,3,0,-960,-1160,-1160,-1160
2026-09-20T11:13:22Z,CHAN,62183,62183186,1000,100,0,1,0,-660,-1160,-1143
2026-09-20T11:14:08Z,CHANSUM,62170,62229,60,60000,6000,0,1,0,1,0,-660,-1160,-1150,-1159
2026-09-20T11:14:28Z,CHAN,62249,62249186,1000,100,0,5,0,-940,-1160,-1138
2026-09-20T11:15:08Z,CHANSUM,62230,62289,60,60000,6000,0,5,0,1,0,-940,-1160,-1160,-1160
2026-09-20T11:15:32Z,CHAN,62313,62313186,1000,100,0,1,0,-940,-1160,-1146
2026-09-20T11:16:08Z,CHANSUM,62290,62349,60,60000,6000,0,1,0,1,0,-940,-1160,-1150,-1159
2026-09-20T11:16:59Z,CHAN,62400,62400186,1000,100,0,5,0,-970,-1160,-1138
2026-09-20T11:17:08Z,CHANSUM,62350,62409,60,60000,6000,0,5,0,1,0,-970,-1160,-1150,-1159
2026-09-20T11:17:11Z,CHAN,62412,62412186,1000,100,0,10,0,-940,-1160,-1129
2026-09-20T11:17:43Z,CHAN,62444,62444186,1000,100,0,1,0,-660,-1160,-1142
2026-09-20T11:17:49Z,CHAN,62450,62450186,1000,100,0,5,0,-870,-1150,-1134
2026-09-20T11:18:08Z,CHANSUM,62410,62469,60,60000,6000,0,16,0,3,0,-660,-1160,-1150,-1159
2026-09-20T11:19:08Z,CHANSUM,62470,62529,60,60000,6000,0,0,0,0,0,-1130,-1160,-1150,-1159
2026-09-20T11:19:54Z,CHAN,62575,62575186,1000,100,0,1,0,-660,-1160,-1142
2026-09-20T11:20:08Z,CHANSUM,62530,62589,60,60000,6000,0,1,0,1,0,-660,-1160,-1150,-1159
2026-09-20T11:20:54Z,CHAN,62635,62635186,1000,100,0,6,0,-690,-1160,-1123
2026-09-20T11:21:08Z,CHANSUM,62590,62649,60,60000,6000,0,6,0,1,0,-690,-1160,-1150,-1159
2026-09-20T11:21:31Z,CHAN,62672,62672186,1000,100,0,4,0,-1020,-1160,-1143
2026-09-20T11:22:05Z,CHAN,62706,62706186,1000,100,0,1,0,-730,-1160,-1143
2026-09-20T11:22:08Z,CHANSUM,62650,62709,60,60000,6000,0,5,0,2,0,-730,-1160,-1150,-1159
2026-09-20T11:22:55Z,CHAN,62756,62756186,1000,100,0,6,0,-690,-1160,-1124
2026-09-20T11:23:08Z,CHANSUM,62710,62769,60,60000,6000,0,6,0,1,0,-690,-1160,-1150,-1159
2026-09-20T11:24:08Z,CHANSUM,62770,62829,60,60000,6000,0,0,0,0,0,-1130,-1160,-1150,-1159
2026-09-20T11:24:15Z,CHAN,62836,62836186,1000,100,0,1,0,-670,-1160,-1143
2026-09-20T11:25:08Z,CHANSUM,62830,62889,60,60000,6000,0,1,0,1,0,-670,-1160,-1150,-1159
2026-09-20T11:26:08Z,CHANSUM,62890,62949,60,60000,6000,0,0,0,0,0,-1130,-1160,-1150,-1159
2026-09-20T11:26:26Z,CHAN,62967,62967186,1000,100,0,1,0,-660,-1160,-1142
2026-09-20T11:26:28Z,CHAN,62969,62969186,1000,100,0,4,0,-1090,-1160,-1145
2026-09-20T11:27:08Z,CHANSUM,62950,63009,60,60000,6000,0,5,0,2,0,-660,-1160,-1150,-1159
2026-09-20T11:28:08Z,CHANSUM,63010,63069,60,60000,6000,0,0,0,0,0,-1110,-1160,-1150,-1159
2026-09-20T11:28:37Z,CHAN,63098,63098186,1000,100,0,1,0,-990,-1160,-1145
2026-09-20T11:29:04Z,CHAN,63125,63125186,1000,100,0,3,0,-1090,-1160,-1145
2026-09-20T11:29:08Z,CHANSUM,63070,63129,60,60000,6000,0,4,0,2,0,-990,-1160,-1150,-1159
2026-09-20T11:30:08Z,CHANSUM,63130,63189,60,60000,6000,0,0,0,0,0,-1110,-1160,-1150,-1159
2026-09-20T11:30:34Z,CHAN,63215,63215186,1000,100,0,4,0,-1090,-1160,-1145
2026-09-20T11:30:47Z,CHAN,63228,63228186,1000,100,0,2,0,-650,-1160,-1141
2026-09-20T11:31:01Z,CHAN,63242,63242186,1000,100,0,4,0,-1080,-1160,-1146
2026-09-20T11:31:08Z,CHANSUM,63190,63249,60,60000,6000,0,10,0,3,0,-650,-1160,-1150,-1159
2026-09-20T11:31:14Z,CHAN,63255,63255186,1000,100,0,3,0,-1100,-1160,-1146
2026-09-20T11:31:56Z,CHAN,63297,63297186,1000,100,0,3,0,-1090,-1160,-1146
2026-09-20T11:32:04Z,CHAN,63305,63305186,1000,100,0,4,0,-1050,-1160,-1144
2026-09-20T11:32:08Z,CHANSUM,63250,63309,60,60000,6000,0,10,0,3,0,-1050,-1160,-1150,-1159
2026-09-20T11:32:24Z,CHAN,63325,63325186,1000,100,0,1,0,-1100,-1150,-1145
2026-09-20T11:32:58Z,CHAN,63359,63359186,1000,100,0,1,0,-660,-1160,-1143
2026-09-20T11:33:08Z,CHANSUM,63310,63369,60,60000,6000,0,2,0,2,0,-660,-1160,-1150,-1159
2026-09-20T11:34:08Z,CHANSUM,63370,63429,60,60000,6000,0,0,0,0,0,-1130,-1160,-1150,-1159
2026-09-20T11:35:08Z,CHANSUM,63430,63489,60,60000,6000,0,0,0,0,0,-1130,-1160,-1150,-1159
2026-09-20T11:36:08Z,CHANSUM,63490,63549,60,60000,6000,0,0,0,0,0,-1120,-1160,-1160,-1160
2026-09-20T11:37:08Z,CHANSUM,63550,63609,60,60000,6000,0,0,0,0,0,-1120,-1160,-1150,-1159
2026-09-20T11:37:19Z,CHAN,63620,63620186,1000,100,0,1,0,-670,-1160,-1143
2026-09-20T11:38:08Z,CHANSUM,63610,63669,60,60000,6000,0,1,0,1,0,-670,-1170,-1150,-1159
2026-09-20T11:38:47Z,CHAN,63708,63708186,1000,100,0,5,0,-950,-1160,-1139
2026-09-20T11:39:01Z,CHAN,63722,63722186,1000,100,0,3,0,-1080,-1160,-1144
2026-09-20T11:39:08Z,CHANSUM,63670,63729,60,60000,6000,0,8,0,2,0,-950,-1160,-1150,-1159
2026-09-20T11:39:13Z,CHAN,63734,63734186,1000,100,0,2,0,-1100,-1160,-1146
2026-09-20T11:39:30Z,CHAN,63751,63751186,1000,100,0,1,0,-660,-1160,-1142
2026-09-20T11:39:38Z,CHAN,63759,63759186,1000,100,0,2,0,-1090,-1160,-1146
2026-09-20T11:40:08Z,CHANSUM,63730,63789,60,60000,6000,0,5,0,3,0,-660,-1160,-1150,-1159
2026-09-20T11:41:08Z,CHANSUM,63790,63849,60,60000,6000,0,0,0,0,0,-1130,-1160,-1150,-1159
2026-09-20T11:42:08Z,CHANSUM,63850,63909,60,60000,6000,0,0,0,0,0,-1110,-1160,-1150,-1159
2026-09-20T11:42:43Z,CHAN,63944,63944186,1000,100,0,9,0,-950,-1160,-1130
2026-09-20T11:42:50Z,CHAN,63951,63951186,1000,100,0,4,0,-1030,-1160,-1143
2026-09-20T11:43:08Z,CHANSUM,63910,63969,60,60000,6000,0,13,0,2,0,-950,-1160,-1150,-1159
2026-09-20T11:43:51Z,CHAN,64012,64012186,1000,100,0,1,0,-650,-1160,-1143
2026-09-20T11:43:55Z,CHAN,64016,64016186,1000,100,0,4,0,-940,-1160,-1139
2026-09-20T11:44:08Z,CHANSUM,63970,64029,60,60000,6000,0,5,0,2,0,-650,-1160,-1150,-1159
2026-09-20T11:45:08Z,CHANSUM,64030,64089,60,60000,6000,0,0,0,0,0,-1130,-1160,-1150,-1159
2026-09-20T11:45:31Z,CHAN,64112,64112186,1000,100,0,3,0,-1090,-1160,-1146
2026-09-20T11:46:02Z,CHAN,64143,64143186,1000,100,0,1,0,-660,-1160,-1142
2026-09-20T11:46:05Z,CHAN,64146,64146186,1000,100,0,2,0,-1100,-1160,-1145
2026-09-20T11:46:08Z,CHANSUM,64090,64149,60,60000,6000,0,6,0,3,0,-660,-1160,-1150,-1159
2026-09-20T11:46:31Z,CHAN,64172,64172186,1000,100,0,3,0,-1090,-1160,-1146
2026-09-20T11:46:35Z,CHAN,64176,64176186,1000,100,0,4,0,-700,-1160,-1132
2026-09-20T11:46:52Z,CHAN,64193,64193186,1000,100,0,1,0,-1100,-1160,-1146
2026-09-20T11:47:08Z,CHANSUM,64150,64209,60,60000,6000,0,8,0,3,0,-700,-1160,-1150,-1159
2026-09-20T11:47:48Z,CHAN,64249,64249186,1000,100,0,2,0,-1090,-1160,-1146
2026-09-20T11:47:53Z,CHAN,64254,64254186,1000,100,0,5,0,-1030,-1160,-1142
2026-09-20T11:47:54Z,CHAN,64255,64255186,1000,100,0,3,0,-1040,-1160,-1144
2026-09-20T11:47:57Z,CHAN,64258,64258186,1000,100,0,4,0,-1090,-1160,-1145
2026-09-20T11:48:08Z,CHANSUM,64210,64269,60,60000,6000,0,14,0,4,0,-1030,-1160,-1150,-1159
2026-09-20T11:48:13Z,CHAN,64274,64274186,1000,100,0,1,0,-810,-1160,-1144
2026-09-20T11:49:08Z,CHANSUM,64270,64329,60,60000,6000,0,1,0,1,0,-810,-1170,-1150,-1159
2026-09-20T11:49:16Z,CHAN,64337,64337186,1000,100,0,2,0,-1100,-1160,-1146
2026-09-20T11:49:31Z,CHAN,64352,64352186,1000,100,0,5,0,-1020,-1160,-1144
2026-09-20T11:49:46Z,CHAN,64367,64367186,1000,100,0,4,0,-1090,-1160,-1146
2026-09-20T11:49:52Z,CHAN,64373,64373186,1000,100,0,1,0,-1100,-1160,-1146
2026-09-20T11:50:05Z,CHAN,64386,64386186,1000,100,0,4,0,-920,-1160,-1140
2026-09-20T11:50:08Z,CHANSUM,64330,64389,60,60000,6000,0,16,0,5,0,-920,-1160,-1160,-1160
2026-09-20T11:50:12Z,CHAN,64393,64393186,1000,100,0,3,0,-1080,-1160,-1146
2026-09-20T11:50:23Z,CHAN,64404,64404186,1000,100,0,1,0,-660,-1160,-1143
2026-09-20T11:50:26Z,CHAN,64407,64407186,1000,100,0,3,0,-1090,-1160,-1146
2026-09-20T11:50:34Z,CHAN,64415,64415186,1000,100,0,3,0,-860,-1160,-1138
2026-09-20T11:50:46Z,CHAN,64427,64427186,1000,100,0,4,0,-1100,-1160,-1144
2026-09-20T11:51:08Z,CHANSUM,64390,64449,60,60000,6000,0,14,0,5,0,-660,-1160,-1160,-1160
2026-09-20T11:51:33Z,CHAN,64474,64474186,1000,100,0,8,0,-1030,-1160,-1141
2026-09-20T11:52:08Z,CHANSUM,64450,64509,60,60000,6000,0,8,0,1,0,-1030,-1160,-1150,-1159
2026-09-20T11:52:34Z,CHAN,64535,64535186,1000,100,0,1,0,-660,-1160,-1142
2026-09-20T11:53:08Z,CHANSUM,64510,64569,60,60000,6000,0,1,0,1,0,-660,-1160,-1150,-1159
2026-09-20T11:53:49Z,CHAN,64610,64610186,1000,100,0,4,0,-1100,-1160,-1145
2026-09-20T11:53:55Z,CHAN,64616,64616186,1000,100,0,3,0,-940,-1160,-1141
2026-09-20T11:54:08Z,CHANSUM,64570,64629,60,60000,6000,0,7,0,2,0,-940,-1160,-1150,-1159
2026-09-20T11:54:23Z,CHAN,64644,64644186,1000,100,0,3,0,-1090,-1160,-1145
2026-09-20T11:54:29Z,CHAN,64650,64650186,1000,100,0,3,0,-940,-1160,-1142
2026-09-20T11:54:45Z,CHAN,64666,64666186,1000,100,0,1,0,-660,-1160,-1141
2026-09-20T11:55:08Z,CHANSUM,64630,64689,60,60000,6000,0,7,0,3,0,-660,-1160,-1150,-1159
2026-09-20T11:55:10Z,CHAN,64691,64691186,1000,100,0,4,0,-710,-1160,-1133
2026-09-20T11:55:26Z,CHAN,64707,64707186,1000,100,0,3,0,-1080,-1160,-1145
2026-09-20T11:55:49Z,CHAN,64730,64730186,1000,100,0,2,0,-1100,-1160,-1145
2026-09-20T11:56:08Z,CHANSUM,64690,64749,60,60000,6000,0,9,0,3,0,-710,-1160,-1150,-1159
2026-09-20T11:56:11Z,CHAN,64752,64752186,1000,100,0,3,0,-1040,-1160,-1144
2026-09-20T11:56:12Z,CHAN,64753,64753186,1000,100,0,3,0,-940,-1160,-1141
2026-09-20T11:56:47Z,CHAN,64788,64788186,1000,100,0,3,0,-1020,-1160,-1144
2026-09-20T11:56:56Z,CHAN,64797,64797186,1000,100,0,6,0,-660,-1160,-1140
2026-09-20T11:57:01Z,CHAN,64802,64802186,1000,100,0,4,0,-970,-1160,-1141
2026-09-20T11:57:08Z,CHANSUM,64750,64809,60,60000,6000,0,19,0,5,0,-660,-1160,-1150,-1159
2026-09-20T11:58:01Z,CHAN,64862,64862186,1000,100,0,3,0,-970,-1160,-1143
2026-09-20T11:58:08Z,CHANSUM,64810,64869,60,60000,6000,0,3,0,1,0,-970,-1160,-1150,-1159
2026-09-20T11:58:28Z,CHAN,64889,64889186,1000,100,0,3,0,-1090,-1160,-1146
2026-09-20T11:58:30Z,CHAN,64891,64891186,1000,100,0,3,0,-1090,-1160,-1145
2026-09-20T11:58:57Z,CHAN,64918,64918186,1000,100,0,1,0,-1100,-1160,-1145
2026-09-20T11:59:01Z,CHAN,64922,64922186,1000,100,0,3,0,-970,-1160,-1142
2026-09-20T11:59:06Z,CHAN,64927,64927186,1000,100,0,1,0,-690,-1160,-1142
2026-09-20T11:59:08Z,CHANSUM,64870,64929,60,60000,6000,0,11,0,5,0,-690,-1160,-1150,-1159
2026-09-20T11:59:19Z,CHAN,64940,64940186,1000,100,0,5,0,-860,-1160,-1135
2026-09-20T11:59:59Z,CHAN,64980,64980186,1000,100,0,3,0,-1060,-1160,-1144
2026-09-20T12:00:02Z,CHAN,64983,64983186,1000,100,0,4,0,-1090,-1160,-1145
2026-09-20T12:00:08Z,CHANSUM,64930,64989,60,60000,6000,0,12,0,3,0,-860,-1160,-1150,-1159
2026-09-20T12:00:12Z,CHAN,64993,64993186,1000,100,0,3,0,-1030,-1160,-1144
2026-09-20T12:00:36Z,CHAN,65017,65017186,1000,100,0,3,0,-1020,-1160,-1143
2026-09-20T12:00:39Z,CHAN,65020,65020186,1000,100,0,3,0,-940,-1160,-1141
2026-09-20T12:01:08Z,CHANSUM,64990,65049,60,60000,6000,0,9,0,3,0,-940,-1160,-1150,-1159
2026-09-20T12:01:10Z,CHAN,65051,65051186,1000,100,0,1,0,-1090,-1160,-1145
2026-09-20T12:01:17Z,CHAN,65058,65058186,1000,100,0,1,0,-660,-1160,-1142
2026-09-20T12:01:26Z,CHAN,65067,65067186,1000,100,0,2,0,-1090,-1160,-1145
2026-09-20T12:01:43Z,CHAN,65084,65084186,1000,100,0,3,0,-940,-1160,-1142
2026-09-20T12:02:08Z,CHANSUM,65050,65109,60,60000,6000,0,7,0,4,0,-660,-1160,-1150,-1159
2026-09-20T12:02:48Z,CHAN,65149,65149186,1000,100,0,3,0,-1030,-1160,-1144
2026-09-20T12:03:08Z,CHANSUM,65110,65169,60,60000,6000,0,3,0,1,0,-1030,-1160,-1150,-1159
2026-09-20T12:03:28Z,CHAN,65189,65189186,1000,100,0,1,0,-660,-1160,-1142
2026-09-20T12:04:08Z,CHANSUM,65170,65229,60,60000,6000,0,1,0,1,0,-660,-1160,-1150,-1159
2026-09-20T12:05:08Z,CHANSUM,65230,65289,60,60000,6000,0,0,0,0,0,-1130,-1160,-1150,-1159
2026-09-20T12:05:38Z,CHAN,65319,65319186,1000,100,0,1,0,-1000,-1160,-1146
2026-09-20T12:06:08Z,CHANSUM,65290,65349,60,60000,6000,0,1,0,1,0,-1000,-1160,-1150,-1159
2026-09-20T12:06:50Z,CHAN,65391,65391186,1000,100,0,5,0,-1030,-1160,-1142
2026-09-20T12:07:08Z,CHANSUM,65350,65409,60,60000,6000,0,5,0,1,0,-1030,-1160,-1150,-1159
2026-09-20T12:07:28Z,CHAN,65429,65429186,1000,100,0,9,0,-620,-1160,-1114
2026-09-20T12:07:49Z,CHAN,65450,65450186,1000,100,0,1,0,-660,-1160,-1143
2026-09-20T12:08:08Z,CHANSUM,65410,65469,60,60000,6000,0,10,0,2,0,-620,-1160,-1150,-1159
2026-09-20T12:08:28Z,CHAN,65489,65489186,1000,100,0,6,0,-710,-1160,-1126
2026-09-20T12:09:08Z,CHANSUM,65470,65529,60,60000,6000,0,6,0,1,0,-710,-1160,-1150,-1159
2026-09-20T12:10:00Z,CHAN,65581,65581186,1000,100,0,1,0,-660,-1150,-1142
2026-09-20T12:10:08Z,CHANSUM,65530,65589,60,60000,6000,0,1,0,1,0,-660,-1160,-1150,-1159
2026-09-20T12:10:39Z,CHAN,65620,65620186,1000,100,0,3,0,-1070,-1160,-1145
2026-09-20T12:11:03Z,CHAN,65644,65644186,1000,100,0,4,0,-1080,-1160,-1145
2026-09-20T12:11:08Z,CHANSUM,65590,65649,60,60000,6000,0,7,0,2,0,-1070,-1160,-1150,-1159
2026-09-20T12:11:27Z,CHAN,65668,65668186,1000,100,0,3,0,-1030,-1150,-1143
2026-09-20T12:11:53Z,CHAN,65694,65694186,1000,100,0,3,0,-940,-1160,-1142
2026-09-20T12:12:08Z,CHANSUM,65650,65709,60,60000,6000,0,6,0,2,0,-940,-1170,-1150,-1159
2026-09-20T12:12:59Z,CHAN,65760,65760186,1000,100,0,1,0,-1100,-1160,-1146
2026-09-20T12:13:08Z,CHANSUM,65710,65769,60,60000,6000,0,1,0,1,0,-1100,-1160,-1150,-1159
2026-09-20T12:14:02Z,CHAN,65823,65823186,1000,100,0,3,0,-920,-1160,-1141
2026-09-20T12:14:08Z,CHANSUM,65770,65829,60,60000,6000,0,3,0,1,0,-920,-1160,-1150,-1159
2026-09-20T12:14:21Z,CHAN,65842,65842186,1000,100,0,1,0,-660,-1150,-1142
2026-09-20T12:14:23Z,CHAN,65844,65844186,1000,100,0,3,0,-950,-1150,-1142
2026-09-20T12:14:29Z,CHAN,65850,65850186,1000,100,0,3,0,-1100,-1160,-1146
2026-09-20T12:14:57Z,CHAN,65878,65878186,1000,100,0,4,0,-1030,-1160,-1144
2026-09-20T12:15:08Z,CHANSUM,65830,65889,60,60000,6000,0,11,0,4,0,-660,-1160,-1150,-1159
2026-09-20T12:15:13Z,CHAN,65894,65894186,1000,100,0,3,0,-1060,-1160,-1145
2026-09-20T12:15:29Z,CHAN,65910,65910186,1000,100,0,2,0,-1100,-1160,-1146
2026-09-20T12:15:31Z,CHAN,65912,65912186,1000,100,0,5,0,-870,-1160,-1133
2026-09-20T12:15:44Z,CHAN,65925,65925186,1000,100,0,2,0,-1090,-1160,-1145
2026-09-20T12:15:52Z,CHAN,65933,65933186,1000,100,0,2,0,-1040,-1160,-1145
2026-09-20T12:16:00Z,CHAN,65941,65941186,1000,100,0,3,0,-1100,-1160,-1145
2026-09-20T12:16:08Z,CHANSUM,65890,65949,60,60000,6000,0,17,0,6,0,-870,-1160,-1150,-1159
2026-09-20T12:16:32Z,CHAN,65973,65973186,1000,100,0,1,0,-670,-1160,-1143
2026-09-20T12:16:40Z,CHAN,65981,65981186,1000,100,0,2,0,-1070,-1160,-1145
2026-09-20T12:16:42Z,CHAN,65983,65983186,1000,100,0,3,0,-980,-1160,-1143
2026-09-20T12:16:54Z,CHAN,65995,65995186,1000,100,0,3,0,-950,-1160,-1142
2026-09-20T12:17:08Z,CHANSUM,65950,66009,60,60000,6000,0,9,0,4,0,-670,-1160,-1150,-1159
2026-09-20T12:17:16Z,CHAN,66017,66017186,1000,100,0,5,0,-1040,-1160,-1142
2026-09-20T12:17:20Z,CHAN,66021,66021186,1000,100,0,3,0,-940,-1160,-1141
2026-09-20T12:17:53Z,CHAN,66054,66054186,1000,100,0,3,0,-1030,-1160,-1144
2026-09-20T12:18:08Z,CHANSUM,66010,66069,60,60000,6000,0,11,0,3,0,-940,-1160,-1150,-1159
2026-09-20T12:18:14Z,CHAN,66075,66075186,1000,100,0,3,0,-1050,-1160,-1145
2026-09-20T12:18:42Z,CHAN,66103,66103186,1000,100,0,2,0,-1050,-1160,-1146
2026-09-20T12:19:00Z,CHAN,66121,66121186,1000,100,0,2,0,-1090,-1160,-1146
2026-09-20T12:19:08Z,CHANSUM,66070,66129,60,60000,6000,0,7,0,3,0,-1050,-1170,-1150,-1160
2026-09-20T12:19:11Z,CHAN,66132,66132186,1000,100,0,3,0,-1090,-1160,-1145
2026-09-20T12:19:24Z,CHAN,66145,66145186,1000,100,0,3,0,-950,-1160,-1141
2026-09-20T12:20:00Z,CHAN,66181,66181186,1000,100,0,2,0,-1100,-1160,-1146
2026-09-20T12:20:08Z,CHANSUM,66130,66189,60,60000,6000,0,8,0,3,0,-950,-1160,-1150,-1159
2026-09-20T12:20:24Z,CHAN,66205,66205186,1000,100,0,3,0,-1060,-1160,-1144
2026-09-20T12:20:32Z,CHAN,66213,66213186,1000,100,0,1,0,-1100,-1160,-1146
2026-09-20T12:20:34Z,CHAN,66215,66215186,1000,100,0,3,0,-1030,-1160,-1144
2026-09-20T12:20:45Z,CHAN,66226,66226186,1000,100,0,4,0,-710,-1160,-1133
2026-09-20T12:20:53Z,CHAN,66234,66234186,1000,100,0,1,0,-650,-1160,-1142
2026-09-20T12:20:58Z,CHAN,66239,66239186,1000,100,0,3,0,-1020,-1160,-1143
2026-09-20T12:21:08Z,CHANSUM,66190,66249,60,60000,6000,0,15,0,6,0,-650,-1160,-1150,-1159
2026-09-20T12:21:42Z,CHAN,66283,66283186,1000,100,0,3,0,-1080,-1160,-1145
2026-09-20T12:21:50Z,CHAN,66291,66291186,1000,100,0,2,0,-1090,-1160,-1146
2026-09-20T12:22:08Z,CHANSUM,66250,66309,60,60000,6000,0,5,0,2,0,-1080,-1160,-1150,-1159
2026-09-20T12:22:30Z,CHAN,66331,66331186,1000,100,0,2,0,-1090,-1150,-1145
2026-09-20T12:23:04Z,CHAN,66365,66365186,1000,100,0,1,0,-660,-1160,-1143
2026-09-20T12:23:08Z,CHANSUM,66310,66369,60,60000,6000,0,3,0,2,0,-660,-1160,-1150,-1159
2026-09-20T12:23:30Z,CHAN,66391,66391186,1000,100,0,3,0,-1090,-1160,-1146
2026-09-20T12:23:51Z,CHAN,66412,66412186,1000,100,0,3,0,-1090,-1160,-1146
2026-09-20T12:24:08Z,CHANSUM,66370,66429,60,60000,6000,0,6,0,2,0,-1090,-1160,-1150,-1159
2026-09-20T12:24:28Z,CHAN,66449,66449186,1000,100,0,3,0,-970,-1160,-1143
2026-09-20T12:24:35Z,CHAN,66456,66456186,1000,100,0,3,0,-1050,-1160,-1145
2026-09-20T12:24:42Z,CHAN,66463,66463186,1000,100,0,1,0,-1090,-1160,-1146
2026-09-20T12:25:08Z,CHANSUM,66430,66489,60,60000,6000,0,7,0,3,0,-970,-1160,-1150,-1159
2026-09-20T12:25:43Z,CHAN,66524,66524186,1000,100,0,3,0,-1090,-1160,-1145
2026-09-20T12:25:49Z,CHAN,66530,66530186,1000,100,0,1,0,-1100,-1160,-1146
2026-09-20T12:25:53Z,CHAN,66534,66534186,1000,100,0,3,0,-880,-1160,-1139
2026-09-20T12:25:58Z,CHAN,66539,66539186,1000,100,0,3,0,-1040,-1160,-1145
2026-09-20T12:26:08Z,CHANSUM,66490,66549,60,60000,6000,0,10,0,4,0,-880,-1160,-1160,-1160
2026-09-20T12:27:08Z,CHANSUM,66550,66609,60,60000,6000,0,0,0,0,0,-1110,-1160,-1150,-1159
2026-09-20T12:27:15Z,CHAN,66616,66616186,1000,100,0,3,0,-860,-1160,-1138
2026-09-20T12:27:25Z,CHAN,66626,66626186,1000,100,0,1,0,-670,-1160,-1142
2026-09-20T12:27:30Z,CHAN,66631,66631186,1000,100,0,3,0,-1030,-1160,-1144
2026-09-20T12:27:45Z,CHAN,66646,66646186,1000,100,0,2,0,-1100,-1160,-1144
2026-09-20T12:27:54Z,CHAN,66655,66655186,1000,100,0,3,0,-1090,-1160,-1146
2026-09-20T12:28:08Z,CHANSUM,66610,66669,60,60000,6000,0,12,0,5,0,-670,-1160,-1150,-1159
2026-09-20T12:28:09Z,CHAN,66670,66670186,1000,100,0,3,0,-970,-1160,-1143
2026-09-20T12:28:24Z,CHAN,66685,66685186,1000,100,0,4,0,-910,-1150,-1138
2026-09-20T12:28:27Z,CHAN,66688,66688186,1000,100,0,7,0,-1020,-1160,-1140
2026-09-20T12:28:35Z,CHAN,66696,66696186,1000,100,0,3,0,-870,-1160,-1139
2026-09-20T12:28:47Z,CHAN,66708,66708186,1000,100,0,4,0,-970,-1160,-1141
2026-09-20T12:28:56Z,CHAN,66717,66717186,1000,100,0,4,0,-1090,-1160,-1145
2026-09-20T12:29:08Z,CHANSUM,66670,66729,60,60000,6000,0,25,0,6,0,-870,-1160,-1150,-1159
2026-09-20T12:29:21Z,CHAN,66742,66742186,1000,100,0,4,0,-1100,-1160,-1145
2026-09-20T12:29:36Z,CHAN,66757,66757186,1000,100,0,1,0,-660,-1160,-1142
2026-09-20T12:29:37Z,CHAN,66758,66758186,1000,100,0,3,0,-950,-1160,-1141
2026-09-20T12:29:44Z,CHAN,66765,66765186,1000,100,0,3,0,-1090,-1160,-1145
2026-09-20T12:29:46Z,CHAN,66767,66767186,1000,100,0,3,0,-930,-1160,-1141
2026-09-20T12:30:03Z,CHAN,66784,66784186,1000,100,0,3,0,-940,-1160,-1141
2026-09-20T12:30:07Z,CHAN,66788,66788186,1000,100,0,5,0,-940,-1160,-1140
2026-09-20T12:30:08Z,CHANSUM,66730,66789,60,60000,6000,0,22,0,7,0,-660,-1160,-1150,-1159
2026-09-20T12:30:12Z,CHAN,66793,66793186,1000,100,0,2,0,-1100,-1160,-1146
2026-09-20T12:30:25Z,CHAN,66806,66806186,1000,100,0,9,0,-640,-1160,-1119
2026-09-20T12:31:08Z,CHANSUM,66790,66849,60,60000,6000,0,11,0,2,0,-640,-1160,-1150,-1159
2026-09-20T12:31:09Z,CHAN,66850,66850186,1000,100,0,4,0,-1090,-1160,-1145
2026-09-20T12:31:19Z,CHAN,66860,66860186,1000,100,0,4,0,-1030,-1160,-1143
2026-09-20T12:31:35Z,CHAN,66876,66876186,1000,100,0,4,0,-1050,-1160,-1143
2026-09-20T12:31:46Z,CHAN,66887,66887186,1000,100,0,1,0,-1050,-1160,-1147
2026-09-20T12:31:54Z,CHAN,66895,66895186,1000,100,0,4,0,-870,-1160,-1136
2026-09-20T12:32:08Z,CHANSUM,66850,66909,60,60000,6000,0,17,0,5,0,-870,-1160,-1160,-1160
2026-09-20T12:33:08Z,CHANSUM,66910,66969,60,60000,6000,0,0,0,0,0,-1130,-1160,-1160,-1160
2026-09-20T12:33:57Z,CHAN,67018,67018186,1000,100,0,1,0,-660,-1160,-1144
2026-09-20T12:34:08Z,CHANSUM,66970,67029,60,60000,6000,0,1,0,1,0,-660,-1160,-1150,-1159
2026-09-20T12:35:08Z,CHANSUM,67030,67089,60,60000,6000,0,0,0,0,0,-1130,-1160,-1150,-1159
2026-09-20T12:36:00Z,CHAN,67141,67141186,1000,100,0,1,0,-1040,-1160,-1146
2026-09-20T12:36:08Z,CHAN,67149,67149186,1000,100,0,1,0,-740,-1160,-1144
2026-09-20T12:36:08Z,CHANSUM,67090,67149,60,60000,6000,0,2,0,2,0,-740,-1160,-1150,-1159
2026-09-20T12:36:39Z,CHAN,67180,67180186,1000,100,0,3,0,-1030,-1160,-1144
2026-09-20T12:36:52Z,CHAN,67193,67193186,1000,100,0,4,0,-1100,-1160,-1145
2026-09-20T12:36:57Z,CHAN,67198,67198186,1000,100,0,2,0,-1100,-1150,-1143
2026-09-20T12:37:08Z,CHANSUM,67150,67209,60,60000,6000,0,9,0,3,0,-1030,-1160,-1150,-1159
2026-09-20T12:37:22Z,CHAN,67223,67223186,1000,100,0,2,0,-1090,-1160,-1146
2026-09-20T12:37:28Z,CHAN,67229,67229186,1000,100,0,1,0,-1090,-1160,-1147
2026-09-20T12:37:55Z,CHAN,67256,67256186,1000,100,0,3,0,-870,-1160,-1139
2026-09-20T12:38:08Z,CHANSUM,67210,67269,60,60000,6000,0,6,0,3,0,-870,-1160,-1150,-1159
2026-09-20T12:38:11Z,CHAN,67272,67272186,1000,100,0,6,0,-1080,-1150,-1143
2026-09-20T12:38:19Z,CHAN,67280,67280186,1000,100,0,1,0,-660,-1160,-1142
2026-09-20T12:38:23Z,CHAN,67284,67284186,1000,100,0,3,0,-910,-1160,-1141
2026-09-20T12:38:37Z,CHAN,67298,67298186,1000,100,0,3,0,-1040,-1160,-1145
2026-09-20T12:39:08Z,CHANSUM,67270,67329,60,60000,6000,0,13,0,4,0,-660,-1160,-1150,-1159
2026-09-20T12:39:51Z,CHAN,67372,67372186,1000,100,0,3,0,-1090,-1160,-1145
2026-09-20T12:39:52Z,CHAN,67373,67373186,1000,100,0,1,0,-1090,-1160,-1147
2026-09-20T12:39:53Z,CHAN,67374,67374186,1000,100,0,7,0,-700,-1160,-1128
2026-09-20T12:40:08Z,CHANSUM,67330,67389,60,60000,6000,0,11,0,3,0,-700,-1160,-1150,-1159
2026-09-20T12:40:09Z,CHAN,67390,67390186,1000,100,0,5,0,-1090,-1160,-1144
2026-09-20T12:40:29Z,CHAN,67410,67410186,1000,100,0,1,0,-660,-1160,-1142
2026-09-20T12:40:42Z,CHAN,67423,67423186,1000,100,0,5,0,-940,-1160,-1137
2026-09-20T12:40:52Z,CHAN,67433,67433186,1000,100,0,3,0,-1020,-1160,-1144
2026-09-20T12:40:58Z,CHAN,67439,67439186,1000,100,0,4,0,-700,-1160,-1133
2026-09-20T12:41:08Z,CHANSUM,67390,67449,60,60000,6000,0,18,0,5,0,-660,-1160,-1150,-1159
2026-09-20T12:41:47Z,CHAN,67488,67488186,1000,100,0,3,0,-940,-1160,-1142
2026-09-20T12:42:08Z,CHANSUM,67450,67509,60,60000,6000,0,3,0,1,0,-940,-1160,-1150,-1159
2026-09-20T12:42:14Z,CHAN,67515,67515186,1000,100,0,1,0,-1100,-1170,-1147
2026-09-20T12:42:40Z,CHAN,67541,67541186,1000,100,0,1,0,-690,-1160,-1143
2026-09-20T12:43:06Z,CHAN,67567,67567186,1000,100,0,3,0,-970,-1160,-1142
2026-09-20T12:43:08Z,CHANSUM,67510,67569,60,60000,6000,0,5,0,3,0,-690,-1170,-1150,-1159
2026-09-20T12:43:11Z,CHAN,67572,67572186,1000,100,0,3,0,-1080,-1160,-1145
2026-09-20T12:43:38Z,CHAN,67599,67599186,1000,100,0,1,0,-1090,-1160,-1146
2026-09-20T12:43:44Z,CHAN,67605,67605186,1000,100,0,3,0,-940,-1160,-1142
2026-09-20T12:44:08Z,CHAN,67629,67629186,1000,100,0,3,0,-1090,-1160,-1146
2026-09-20T12:44:08Z,CHANSUM,67570,67629,60,60000,6000,0,10,0,4,0,-940,-1160,-1150,-1159
2026-09-20T12:44:40Z,CHAN,67661,67661186,1000,100,0,3,0,-1040,-1160,-1145
2026-09-20T12:44:51Z,CHAN,67672,67672186,1000,100,0,1,0,-660,-1160,-1142
2026-09-20T12:45:08Z,CHANSUM,67630,67689,60,60000,6000,0,4,0,2,0,-660,-1160,-1150,-1159
2026-09-20T12:45:12Z,CHAN,67693,67693186,1000,100,0,3,0,-1090,-1160,-1145
2026-09-20T12:45:24Z,CHAN,67705,67705186,1000,100,0,3,0,-1090,-1160,-1145
2026-09-20T12:45:49Z,CHAN,67730,67730186,1000,100,0,3,0,-1030,-1160,-1145
2026-09-20T12:46:00Z,CHAN,67741,67741186,1000,100,0,3,0,-1080,-1160,-1145
2026-09-20T12:46:06Z,CHAN,67747,67747186,1000,100,0,2,0,-1090,-1160,-1145
2026-09-20T12:46:08Z,CHANSUM,67690,67749,60,60000,6000,0,14,0,5,0,-1030,-1160,-1150,-1159
2026-09-20T12:46:42Z,CHAN,67783,67783186,1000,100,0,3,0,-1090,-1160,-1145
2026-09-20T12:47:01Z,CHAN,67802,67802186,1000,100,0,1,0,-660,-1160,-1143
2026-09-20T12:47:08Z,CHAN,67809,67809186,1000,100,0,9,0,-940,-1160,-1130
2026-09-20T12:47:08Z,CHANSUM,67750,67809,60,60000,6000,0,13,0,3,0,-660,-1160,-1160,-1160
2026-09-20T12:47:41Z,CHAN,67842,67842186,1000,100,0,3,0,-1090,-1160,-1145
2026-09-20T12:47:54Z,CHAN,67855,67855186,1000,100,0,3,0,-940,-1160,-1142
2026-09-20T12:48:08Z,CHANSUM,67810,67869,60,60000,6000,0,6,0,2,0,-940,-1160,-1150,-1159
2026-09-20T12:48:16Z,CHAN,67877,67877186,1000,100,0,2,0,-1100,-1160,-1146
2026-09-20T12:48:42Z,CHAN,67903,67903186,1000,100,0,2,0,-1090,-1160,-1146
2026-09-20T12:48:59Z,CHAN,67920,67920186,1000,100,0,4,0,-690,-1160,-1132
2026-09-20T12:49:03Z,CHAN,67924,67924186,1000,100,0,4,0,-1080,-1160,-1145
2026-09-20T12:49:08Z,CHANSUM,67870,67929,60,60000,6000,0,12,0,4,0,-690,-1160,-1150,-1159
2026-09-20T12:49:11Z,CHAN,67932,67932186,1000,100,0,3,0,-1080,-1160,-1145
2026-09-20T12:49:12Z,CHAN,67933,67933186,1000,100,0,1,0,-980,-1160,-1147
2026-09-20T12:49:46Z,CHAN,67967,67967186,1000,100,0,3,0,-950,-1160,-1142
2026-09-20T12:49:55Z,CHAN,67976,67976186,1000,100,0,4,0,-960,-1160,-1140
2026-09-20T12:50:08Z,CHANSUM,67930,67989,60,60000,6000,0,11,0,4,0,-950,-1160,-1150,-1159
2026-09-20T12:50:31Z,CHAN,68012,68012186,1000,100,0,2,0,-1090,-1160,-1146
2026-09-20T12:50:41Z,CHAN,68022,68022186,1000,100,0,5,0,-1040,-1160,-1142
2026-09-20T12:50:55Z,CHAN,68036,68036186,1000,100,0,3,0,-910,-1160,-1141
2026-09-20T12:51:05Z,CHAN,68046,68046186,1000,100,0,1,0,-1100,-1160,-1146
2026-09-20T12:51:08Z,CHANSUM,67990,68049,60,60000,6000,0,11,0,4,0,-910,-1160,-1150,-1159
2026-09-20T12:51:23Z,CHAN,68064,68064186,1000,100,0,2,0,-660,-1160,-1141
2026-09-20T12:51:25Z,CHAN,68066,68066186,1000,100,0,3,0,-1100,-1160,-1145
2026-09-20T12:51:39Z,CHAN,68080,68080186,1000,100,0,3,0,-1040,-1160,-1145
2026-09-20T12:51:43Z,CHAN,68084,68084186,1000,100,0,2,0,-1100,-1160,-1145
2026-09-20T12:51:58Z,CHAN,68099,68099186,1000,100,0,3,0,-1030,-1160,-1144
2026-09-20T12:52:08Z,CHAN,68109,68109186,1000,100,0,3,0,-970,-1160,-1143
2026-09-20T12:52:08Z,CHANSUM,68050,68109,60,60000,6000,0,16,0,6,0,-660,-1160,-1150,-1159
2026-09-20T12:52:21Z,CHAN,68122,68122186,1000,100,0,4,0,-930,-1160,-1139
2026-09-20T12:52:42Z,CHAN,68143,68143186,1000,100,0,3,0,-1030,-1160,-1144
2026-09-20T12:52:56Z,CHAN,68157,68157186,1000,100,0,4,0,-910,-1160,-1138
2026-09-20T12:53:08Z,CHANSUM,68110,68169,60,60000,6000,0,11,0,3,0,-910,-1160,-1150,-1159
2026-09-20T12:53:33Z,CHAN,68194,68194186,1000,100,0,1,0,-660,-1160,-1142
2026-09-20T12:53:35Z,CHAN,68196,68196186,1000,100,0,4,0,-970,-1160,-1141
2026-09-20T12:54:04Z,CHAN,68225,68225186,1000,100,0,2,0,-1090,-1160,-1146
2026-09-20T12:54:08Z,CHANSUM,68170,68229,60,60000,6000,0,7,0,3,0,-660,-1160,-1150,-1159
2026-09-20T12:54:30Z,CHAN,68251,68251186,1000,100,0,2,0,-1100,-1160,-1145
2026-09-20T12:54:56Z,CHAN,68277,68277186,1000,100,0,3,0,-880,-1160,-1139
2026-09-20T12:54:59Z,CHAN,68280,68280186,1000,100,0,3,0,-870,-1160,-1139
2026-09-20T12:55:08Z,CHANSUM,68230,68289,60,60000,6000,0,8,0,3,0,-870,-1160,-1150,-1159
2026-09-20T12:55:31Z,CHAN,68312,68312186,1000,100,0,3,0,-1100,-1160,-1145
2026-09-20T12:55:34Z,CHAN,68315,68315186,1000,100,0,3,0,-1080,-1160,-1146
2026-09-20T12:56:08Z,CHANSUM,68290,68349,60,60000,6000,0,6,0,2,0,-1080,-1160,-1150,-1159
2026-09-20T12:56:21Z,CHAN,68362,68362186,1000,100,0,3,0,-1030,-1160,-1144
2026-09-20T12:56:29Z,CHAN,68370,68370186,1000,100,0,2,0,-1080,-1160,-1145
2026-09-20T12:56:57Z,CHAN,68398,68398186,1000,100,0,2,0,-1100,-1160,-1146
2026-09-20T12:57:08Z,CHANSUM,68350,68409,60,60000,6000,0,7,0,3,0,-1030,-1160,-1150,-1159
2026-09-20T12:57:18Z,CHAN,68419,68419186,1000,100,0,3,0,-950,-1160,-1141
2026-09-20T12:57:32Z,CHAN,68433,68433186,1000,100,0,3,0,-1080,-1160,-1145
2026-09-20T12:57:37Z,CHAN,68438,68438186,1000,100,0,3,0,-1050,-1150,-1144
2026-09-20T12:57:48Z,CHAN,68449,68449186,1000,100,0,2,0,-1100,-1160,-1146
2026-09-20T12:57:55Z,CHAN,68456,68456186,1000,100,0,1,0,-660,-1160,-1142
2026-09-20T12:57:58Z,CHAN,68459,68459186,1000,100,0,4,0,-690,-1160,-1131
2026-09-20T12:58:06Z,CHAN,68467,68467186,1000,100,0,3,0,-970,-1160,-1142
2026-09-20T12:58:08Z,CHANSUM,68410,68469,60,60000,6000,0,19,0,7,0,-660,-1160,-1150,-1159
2026-09-20T12:58:30Z,CHAN,68491,68491186,1000,100,0,4,0,-950,-1160,-1139
2026-09-20T12:58:50Z,CHAN,68511,68511186,1000,100,0,3,0,-980,-1160,-1143
2026-09-20T12:58:52Z,CHAN,68513,68513186,1000,100,0,3,0,-1030,-1160,-1144
2026-09-20T12:59:04Z,CHAN,68525,68525186,1000,100,0,3,0,-1070,-1160,-1146
2026-09-20T12:59:08Z,CHANSUM,68470,68529,60,60000,6000,0,13,0,4,0,-950,-1160,-1150,-1159
2026-09-20T12:59:40Z,CHAN,68561,68561186,1000,100,0,3,0,-1030,-1160,-1144
2026-09-20T12:59:50Z,CHAN,68571,68571186,1000,100,0,3,0,-970,-1160,-1143
2026-09-20T13:00:05Z,CHAN,68586,68586186,1000,100,0,1,0,-660,-1160,-1142
2026-09-20T13:00:08Z,CHANSUM,68530,68589,60,60000,6000,0,7,0,3,0,-660,-1160,-1150,-1159
2026-09-20T13:00:27Z,CHAN,68608,68608186,1000,100,0,3,0,-920,-1160,-1141
2026-09-20T13:00:55Z,CHAN,68636,68636186,1000,100,0,2,0,-1100,-1160,-1145
2026-09-20T13:01:04Z,CHAN,68645,68645186,1000,100,0,7,0,-1040,-1160,-1142
2026-09-20T13:01:08Z,CHANSUM,68590,68649,60,60000,6000,0,12,0,3,0,-920,-1160,-1150,-1159
2026-09-20T13:01:38Z,CHAN,68679,68679186,1000,100,0,3,0,-1040,-1160,-1145
2026-09-20T13:02:08Z,CHANSUM,68650,68709,60,60000,6000,0,3,0,1,0,-1040,-1160,-1150,-1159
2026-09-20T13:02:16Z,CHAN,68717,68717186,1000,100,0,1,0,-1060,-1150,-1146
2026-09-20T13:02:41Z,CHAN,68742,68742186,1000,100,0,3,0,-1020,-1160,-1144
2026-09-20T13:02:51Z,CHAN,68752,68752186,1000,100,0,4,0,-970,-1160,-1141
2026-09-20T13:03:08Z,CHANSUM,68710,68769,60,60000,6000,0,8,0,3,0,-970,-1160,-1150,-1159
2026-09-20T13:03:48Z,CHAN,68809,68809186,1000,100,0,5,0,-1090,-1160,-1145
2026-09-20T13:04:05Z,CHAN,68826,68826186,1000,100,0,2,0,-1030,-1160,-1145
2026-09-20T13:04:08Z,CHANSUM,68770,68829,60,60000,6000,0,7,0,2,0,-1030,-1160,-1150,-1159
2026-09-20T13:04:27Z,CHAN,68848,68848186,1000,100,0,1,0,-660,-1160,-1143
2026-09-20T13:05:08Z,CHANSUM,68830,68889,60,60000,6000,0,1,0,1,0,-660,-1160,-1150,-1159
2026-09-20T13:05:40Z,CHAN,68921,68921186,1000,100,0,1,0,-1080,-1160,-1147
2026-09-20T13:05:54Z,CHAN,68935,68935186,1000,100,0,5,0,-1040,-1160,-1143
2026-09-20T13:06:08Z,CHANSUM,68890,68949,60,60000,6000,0,6,0,2,0,-1040,-1160,-1150,-1159
2026-09-20T13:06:30Z,CHAN,68971,68971186,1000,100,0,1,0,-1100,-1160,-1146
2026-09-20T13:06:37Z,CHAN,68978,68978186,1000,100,0,1,0,-690,-1160,-1143
2026-09-20T13:07:01Z,CHAN,69002,69002186,1000,100,0,5,0,-940,-1160,-1137
2026-09-20T13:07:08Z,CHAN,69009,69009186,1000,100,0,4,0,-1030,-1160,-1143
2026-09-20T13:07:08Z,CHANSUM,68950,69009,60,60000,6000,0,11,0,4,0,-690,-1160,-1150,-1159
2026-09-20T13:07:54Z,CHAN,69055,69055186,1000,100,0,3,0,-1090,-1160,-1145
2026-09-20T13:08:08Z,CHANSUM,69010,69069,60,60000,6000,0,3,0,1,0,-1090,-1160,-1150,-1159
2026-09-20T13:08:48Z,CHAN,69109,69109186,1000,100,0,1,0,-660,-1160,-1143
2026-09-20T13:08:50Z,CHAN,69111,69111186,1000,100,0,4,0,-1090,-1160,-1144
2026-09-20T13:09:08Z,CHANSUM,69070,69129,60,60000,6000,0,5,0,2,0,-660,-1160,-1150,-1159
2026-09-20T13:10:00Z,CHAN,69181,69181186,1000,100,0,2,0,-1100,-1160,-1146
2026-09-20T13:10:06Z,CHAN,69187,69187186,1000,100,0,4,0,-1060,-1160,-1144
2026-09-20T13:10:08Z,CHANSUM,69130,69189,60,60000,6000,0,6,0,2,0,-1060,-1170,-1150,-1160
2026-09-20T13:10:28Z,CHAN,69209,69209186,1000,100,0,5,0,-970,-1160,-1139
2026-09-20T13:10:32Z,CHAN,69213,69213186,1000,100,0,4,0,-1090,-1160,-1145
2026-09-20T13:10:33Z,CHAN,69214,69214186,1000,100,0,2,0,-1090,-1160,-1146
2026-09-20T13:10:37Z,CHAN,69218,69218186,1000,100,0,4,0,-1080,-1160,-1145
2026-09-20T13:10:59Z,CHAN,69240,69240186,1000,100,0,1,0,-660,-1160,-1142
2026-09-20T13:11:08Z,CHANSUM,69190,69249,60,60000,6000,0,16,0,5,0,-660,-1170,-1150,-1160
2026-09-20T13:11:43Z,CHAN,69284,69284186,1000,100,0,9,0,-1030,-1170,-1140
2026-09-20T13:12:08Z,CHANSUM,69250,69309,60,60000,6000,0,9,0,1,0,-1030,-1170,-1150,-1159
2026-09-20T13:12:45Z,CHAN,69346,69346186,1000,100,0,4,0,-690,-1150,-1132
2026-09-20T13:13:08Z,CHAN,69369,69369186,1000,100,0,3,0,-1030,-1160,-1144
2026-09-20T13:13:08Z,CHANSUM,69310,69369,60,60000,6000,0,7,0,2,0,-690,-1160,-1150,-1159
2026-09-20T13:13:10Z,CHAN,69371,69371186,1000,100,0,1,0,-730,-1160,-1143
2026-09-20T13:13:27Z,CHAN,69388,69388186,1000,100,0,4,0,-1020,-1160,-1143
2026-09-20T13:13:38Z,CHAN,69399,69399186,1000,100,0,3,0,-1080,-1160,-1146
2026-09-20T13:14:08Z,CHANSUM,69370,69429,60,60000,6000,0,8,0,3,0,-730,-1160,-1160,-1160
2026-09-20T13:14:18Z,CHAN,69439,69439186,1000,100,0,2,0,-1100,-1160,-1146
2026-09-20T13:15:04Z,CHAN,69485,69485186,1000,100,0,4,0,-1040,-1160,-1142
2026-09-20T13:15:08Z,CHANSUM,69430,69489,60,60000,6000,0,6,0,2,0,-1040,-1160,-1150,-1159
2026-09-20T13:15:20Z,CHAN,69501,69501186,1000,100,0,1,0,-670,-1160,-1142
2026-09-20T13:15:25Z,CHAN,69506,69506186,1000,100,0,4,0,-1040,-1160,-1143
2026-09-20T13:15:53Z,CHAN,69534,69534186,1000,100,0,3,0,-970,-1160,-1143
2026-09-20T13:16:01Z,CHAN,69542,69542186,1000,100,0,1,0,-1100,-1160,-1147
2026-09-20T13:16:08Z,CHANSUM,69490,69549,60,60000,6000,0,9,0,4,0,-670,-1160,-1160,-1160
2026-09-20T13:16:17Z,CHAN,69558,69558186,1000,100,0,3,0,-1090,-1160,-1145
2026-09-20T13:16:21Z,CHAN,69562,69562186,1000,100,0,4,0,-940,-1160,-1140
2026-09-20T13:16:27Z,CHAN,69568,69568186,1000,100,0,3,0,-1020,-1160,-1144
2026-09-20T13:16:53Z,CHAN,69594,69594186,1000,100,0,1,0,-890,-1160,-1146
2026-09-20T13:17:03Z,CHAN,69604,69604186,1000,100,0,9,0,-1090,-1160,-1141
2026-09-20T13:17:08Z,CHANSUM,69550,69609,60,60000,6000,0,20,0,5,0,-890,-1160,-1150,-1159
2026-09-20T13:17:22Z,CHAN,69623,69623186,1000,100,0,5,0,-860,-1160,-1134
2026-09-20T13:17:31Z,CHAN,69632,69632186,1000,100,0,1,0,-660,-1160,-1144
2026-09-20T13:17:57Z,CHAN,69658,69658186,1000,100,0,5,0,-1090,-1160,-1144
2026-09-20T13:18:00Z,CHAN,69661,69661186,1000,100,0,7,0,-860,-1160,-1131
2026-09-20T13:18:08Z,CHANSUM,69610,69669,60,60000,6000,0,18,0,4,0,-660,-1160,-1150,-1159
2026-09-20T13:18:29Z,CHAN,69690,69690186,1000,100,0,1,0,-1100,-1160,-1147
2026-09-20T13:18:44Z,CHAN,69705,69705186,1000,100,0,3,0,-1020,-1160,-1144
2026-09-20T13:19:01Z,CHAN,69722,69722186,1000,100,0,5,0,-1060,-1160,-1145
2026-09-20T13:19:08Z,CHANSUM,69670,69729,60,60000,6000,0,9,0,3,0,-1020,-1160,-1160,-1160
2026-09-20T13:19:10Z,CHAN,69731,69731186,1000,100,0,3,0,-970,-1160,-1143
2026-09-20T13:19:12Z,CHAN,69733,69733186,1000,100,0,1,0,-1100,-1160,-1147
2026-09-20T13:19:27Z,CHAN,69748,69748186,1000,100,0,3,0,-1030,-1160,-1144
2026-09-20T13:19:35Z,CHAN,69756,69756186,1000,100,0,4,0,-1080,-1160,-1145
2026-09-20T13:19:39Z,CHAN,69760,69760186,1000,100,0,2,0,-1090,-1160,-1146
2026-09-20T13:19:42Z,CHAN,69763,69763186,1000,100,0,1,0,-970,-1160,-1145
2026-09-20T13:19:56Z,CHAN,69777,69777186,1000,100,0,3,0,-1020,-1160,-1145
2026-09-20T13:20:08Z,CHANSUM,69730,69789,60,60000,6000,0,17,0,7,0,-970,-1160,-1160,-1160
2026-09-20T13:20:09Z,CHAN,69790,69790186,1000,100,0,3,0,-1090,-1160,-1145
2026-09-20T13:20:19Z,CHAN,69800,69800186,1000,100,0,2,0,-1100,-1160,-1146
2026-09-20T13:20:22Z,CHAN,69803,69803186,1000,100,0,3,0,-940,-1160,-1141
2026-09-20T13:20:28Z,CHAN,69809,69809186,1000,100,0,3,0,-1100,-1160,-1146
2026-09-20T13:20:45Z,CHAN,69826,69826186,1000,100,0,3,0,-1020,-1160,-1144
2026-09-20T13:21:03Z,CHAN,69844,69844186,1000,100,0,5,0,-1080,-1160,-1144
2026-09-20T13:21:08Z,CHANSUM,69790,69849,60,60000,6000,0,19,0,6,0,-940,-1160,-1160,-1160
2026-09-20T13:21:16Z,CHAN,69857,69857186,1000,100,0,3,0,-1080,-1160,-1145
2026-09-20T13:21:21Z,CHAN,69862,69862186,1000,100,0,3,0,-1040,-1160,-1145
2026-09-20T13:21:35Z,CHAN,69876,69876186,1000,100,0,2,0,-1080,-1160,-1146
2026-09-20T13:21:52Z,CHAN,69893,69893186,1000,100,0,1,0,-660,-1160,-1143
2026-09-20T13:22:08Z,CHANSUM,69850,69909,60,60000,6000,0,9,0,4,0,-660,-1160,-1150,-1159
2026-09-20T13:23:04Z,CHAN,69965,69965186,1000,100,0,5,0,-1090,-1160,-1145
2026-09-20T13:23:08Z,CHANSUM,69910,69969,60,60000,6000,0,5,0,1,0,-1090,-1160,-1150,-1159
2026-09-20T13:24:03Z,CHAN,70024,70024186,1000,100,0,1,0,-640,-1160,-1142
2026-09-20T13:24:08Z,CHANSUM,69970,70029,60,60000,6000,0,1,0,1,0,-640,-1160,-1160,-1160
2026-09-20T13:25:08Z,CHANSUM,70030,70089,60,60000,6000,0,0,0,0,0,-1130,-1160,-1160,-1160
2026-09-20T13:25:21Z,CHAN,70102,70102186,1000,100,0,7,0,-960,-1170,-1136
2026-09-20T13:25:22Z,CHAN,70103,70103186,1000,100,0,4,0,-420,-1160,-1131
2026-09-20T13:25:29Z,CHAN,70110,70110186,1000,100,0,1,0,-1030,-1160,-1147
2026-09-20T13:26:08Z,CHANSUM,70090,70149,60,60000,6000,0,12,0,3,0,-420,-1170,-1150,-1159
2026-09-20T13:26:14Z,CHAN,70155,70155186,1000,100,0,1,0,-1080,-1160,-1147
2026-09-20T13:26:31Z,CHAN,70172,70172186,1000,100,0,4,0,-860,-1160,-1137
2026-09-20T13:26:33Z,CHAN,70174,70174186,1000,100,0,4,0,-690,-1160,-1132
2026-09-20T13:27:05Z,CHAN,70206,70206186,1000,100,0,4,0,-1080,-1160,-1145
2026-09-20T13:27:08Z,CHANSUM,70150,70209,60,60000,6000,0,13,0,4,0,-690,-1160,-1150,-1159
2026-09-20T13:27:12Z,CHAN,70213,70213186,1000,100,0,4,0,-1080,-1160,-1145
2026-09-20T13:27:31Z,CHAN,70232,70232186,1000,100,0,4,0,-870,-1170,-1136
2026-09-20T13:27:45Z,CHAN,70246,70246186,1000,100,0,2,0,-1090,-1160,-1146
2026-09-20T13:27:49Z,CHAN,70250,70250186,1000,100,0,6,0,-950,-1160,-1138
2026-09-20T13:28:03Z,CHAN,70264,70264186,1000,100,0,2,0,-1100,-1160,-1146
2026-09-20T13:28:08Z,CHANSUM,70210,70269,60,60000,6000,0,18,0,5,0,-870,-1170,-1150,-1160
2026-09-20T13:28:14Z,CHAN,70275,70275186,1000,100,0,4,0,-1030,-1160,-1144
2026-09-20T13:28:24Z,CHAN,70285,70285186,1000,100,0,1,0,-660,-1160,-1142
2026-09-20T13:28:28Z,CHAN,70289,70289186,1000,100,0,4,0,-1090,-1160,-1145
2026-09-20T13:28:53Z,CHAN,70314,70314186,1000,100,0,4,0,-940,-1160,-1140
2026-09-20T13:29:02Z,CHAN,70323,70323186,1000,100,0,4,0,-910,-1160,-1140
2026-09-20T13:29:08Z,CHANSUM,70270,70329,60,60000,6000,0,17,0,5,0,-660,-1160,-1150,-1159
2026-09-20T13:30:08Z,CHANSUM,70330,70389,60,60000,6000,0,0,0,0,0,-1110,-1160,-1150,-1159
2026-09-20T13:30:23Z,CHAN,70404,70404186,1000,100,0,5,0,-940,-1160,-1139
2026-09-20T13:30:35Z,CHAN,70416,70416186,1000,100,0,1,0,-650,-1160,-1142
2026-09-20T13:31:08Z,CHANSUM,70390,70449,60,60000,6000,0,6,0,2,0,-650,-1160,-1150,-1159
2026-09-20T13:31:22Z,CHAN,70463,70463186,1000,100,0,1,0,-1060,-1160,-1145
2026-09-20T13:32:08Z,CHANSUM,70450,70509,60,60000,6000,0,1,0,1,0,-1060,-1160,-1150,-1159
2026-09-20T13:32:46Z,CHAN,70547,70547186,1000,100,0,1,0,-660,-1160,-1143
2026-09-20T13:33:08Z,CHANSUM,70510,70569,60,60000,6000,0,1,0,1,0,-660,-1160,-1150,-1159
2026-09-20T13:33:54Z,CHAN,70615,70615186,1000,100,0,3,0,-1080,-1160,-1146
2026-09-20T13:34:08Z,CHANSUM,70570,70629,60,60000,6000,0,3,0,1,0,-1080,-1160,-1160,-1160
2026-09-20T13:34:09Z,CHAN,70630,70630186,1000,100,0,1,0,-1100,-1160,-1147
2026-09-20T13:34:56Z,CHAN,70677,70677186,1000,100,0,1,0,-660,-1160,-1143
2026-09-20T13:35:08Z,CHANSUM,70630,70689,60,60000,6000,0,2,0,2,0,-660,-1160,-1160,-1160
2026-09-20T13:35:13Z,CHAN,70694,70694186,1000,100,0,4,0,-1090,-1160,-1146
2026-09-20T13:35:48Z,CHAN,70729,70729186,1000,100,0,2,0,-1090,-1160,-1146
2026-09-20T13:36:08Z,CHANSUM,70690,70749,60,60000,6000,0,6,0,2,0,-1090,-1160,-1150,-1159
2026-09-20T13:37:07Z,CHAN,70808,70808186,1000,100,0,1,0,-690,-1160,-1144
2026-09-20T13:37:08Z,CHANSUM,70750,70809,60,60000,6000,0,1,0,1,0,-690,-1160,-1150,-1159
2026-09-20T13:37:44Z,CHAN,70845,70845186,1000,100,0,1,0,-1100,-1160,-1145
2026-09-20T13:38:08Z,CHANSUM,70810,70869,60,60000,6000,0,1,0,1,0,-1100,-1160,-1150,-1159
2026-09-20T13:39:08Z,CHANSUM,70870,70929,60,60000,6000,0,0,0,0,0,-1130,-1160,-1160,-1160
2026-09-20T13:39:18Z,CHAN,70939,70939186,1000,100,0,2,0,-650,-1160,-1143
2026-09-20T13:39:23Z,CHAN,70944,70944186,1000,100,0,4,0,-1050,-1160,-1144
2026-09-20T13:40:08Z,CHANSUM,70930,70989,60,60000,6000,0,6,0,2,0,-650,-1160,-1160,-1160
2026-09-20T13:40:57Z,CHAN,71038,71038186,1000,100,0,4,0,-1090,-1160,-1144
2026-09-20T13:41:08Z,CHANSUM,70990,71049,60,60000,6000,0,4,0,1,0,-1090,-1160,-1150,-1159
2026-09-20T13:41:15Z,CHAN,71056,71056186,1000,100,0,3,0,-1080,-1160,-1145
2026-09-20T13:41:28Z,CHAN,71069,71069186,1000,100,0,1,0,-650,-1160,-1143
2026-09-20T13:41:54Z,CHAN,71095,71095186,1000,100,0,3,0,-970,-1160,-1142
2026-09-20T13:42:08Z,CHANSUM,71050,71109,60,60000,6000,0,7,0,3,0,-650,-1160,-1160,-1160
2026-09-20T13:42:13Z,CHAN,71114,71114186,1000,100,0,14,0,-940,-1160,-1120
2026-09-20T13:42:14Z,CHAN,71115,71115186,1000,100,0,38,0,-950,-1150,-1080
2026-09-20T13:42:15Z,CHAN,71116,71116186,1000,100,0,14,0,-940,-1160,-1120
2026-09-20T13:42:52Z,CHAN,71153,71153186,1000,100,0,1,0,-1100,-1150,-1146
2026-09-20T13:43:08Z,CHANSUM,71110,71169,60,60000,6000,0,67,0,4,0,-940,-1170,-1150,-1159
2026-09-20T13:43:12Z,CHAN,71173,71173186,1000,100,0,1,0,-1100,-1160,-1146
2026-09-20T13:43:39Z,CHAN,71200,71200186,1000,100,0,1,0,-1100,-1160,-1147
2026-09-20T13:43:41Z,CHAN,71202,71202186,1000,100,0,4,0,-1050,-1160,-1144
2026-09-20T13:43:52Z,CHAN,71213,71213186,1000,100,0,2,0,-1090,-1160,-1145
2026-09-20T13:44:08Z,CHANSUM,71170,71229,60,60000,6000,0,8,0,4,0,-1050,-1160,-1160,-1160
2026-09-20T13:44:42Z,CHAN,71263,71263186,1000,100,0,1,0,-1090,-1160,-1146
2026-09-20T13:45:02Z,CHAN,71283,71283186,1000,100,0,4,0,-1060,-1160,-1144
2026-09-20T13:45:08Z,CHANSUM,71230,71289,60,60000,6000,0,5,0,2,0,-1060,-1160,-1150,-1159
2026-09-20T13:45:19Z,CHAN,71300,71300186,1000,100,0,1,0,-1100,-1160,-1147
2026-09-20T13:45:33Z,CHAN,71314,71314186,1000,100,0,2,0,-1100,-1160,-1146
2026-09-20T13:45:39Z,CHAN,71320,71320186,1000,100,0,3,0,-1080,-1160,-1145
2026-09-20T13:45:50Z,CHAN,71331,71331186,1000,100,0,1,0,-640,-1160,-1143
2026-09-20T13:46:08Z,CHANSUM,71290,71349,60,60000,6000,0,7,0,4,0,-640,-1160,-1150,-1159
2026-09-20T13:46:11Z,CHAN,71352,71352186,1000,100,0,3,0,-970,-1160,-1142
2026-09-20T13:46:12Z,CHAN,71353,71353186,1000,100,0,2,0,-1100,-1160,-1147
2026-09-20T13:46:34Z,CHAN,71375,71375186,1000,100,0,2,0,-1080,-1160,-1145
2026-09-20T13:46:44Z,CHAN,71385,71385186,1000,100,0,3,0,-1030,-1160,-1143
2026-09-20T13:47:08Z,CHANSUM,71350,71409,60,60000,6000,0,10,0,4,0,-970,-1160,-1150,-1159
2026-09-20T13:48:01Z,CHAN,71462,71462186,1000,100,0,1,0,-650,-1160,-1142
2026-09-20T13:48:08Z,CHANSUM,71410,71469,60,60000,6000,0,1,0,1,0,-650,-1160,-1150,-1159
2026-09-20T13:48:34Z,CHAN,71495,71495186,1000,100,0,1,0,-1090,-1160,-1148
2026-09-20T13:48:35Z,CHAN,71496,71496186,1000,100,0,3,0,-1090,-1160,-1146
2026-09-20T13:49:08Z,CHANSUM,71470,71529,60,60000,6000,0,4,0,2,0,-1090,-1160,-1150,-1159
2026-09-20T13:49:32Z,CHAN,71553,71553186,1000,100,0,5,0,-1040,-1160,-1143
2026-09-20T13:50:08Z,CHANSUM,71530,71589,60,60000,6000,0,5,0,1,0,-1040,-1160,-1160,-1160
2026-09-20T13:50:11Z,CHAN,71592,71592186,1000,100,0,1,0,-1010,-1160,-1145
2026-09-20T13:50:20Z,CHAN,71601,71601186,1000,100,0,1,0,-1100,-1170,-1146
2026-09-20T13:50:21Z,CHAN,71602,71602186,1000,100,0,1,0,-1100,-1160,-1146
2026-09-20T13:50:59Z,CHAN,71640,71640186,1000,100,0,3,0,-1070,-1160,-1145
2026-09-20T13:51:00Z,CHAN,71641,71641186,1000,100,0,5,0,-970,-1160,-1140
2026-09-20T13:51:08Z,CHANSUM,71590,71649,60,60000,6000,0,11,0,5,0,-970,-1170,-1150,-1160
2026-09-20T13:52:08Z,CHANSUM,71650,71709,60,60000,6000,0,0,0,0,0,-1110,-1160,-1150,-1159
2026-09-20T13:52:22Z,CHAN,71723,71723186,1000,100,0,1,0,-650,-1160,-1142
2026-09-20T13:52:48Z,CHAN,71749,71749186,1000,100,0,2,0,-1100,-1160,-1146
2026-09-20T13:53:08Z,CHANSUM,71710,71769,60,60000,6000,0,3,0,2,0,-650,-1160,-1150,-1159
2026-09-20T13:53:11Z,CHAN,71772,71772186,1000,100,0,3,0,-960,-1160,-1142
2026-09-20T13:53:36Z,CHAN,71797,71797186,1000,100,0,3,0,-1090,-1160,-1146
2026-09-20T13:53:48Z,CHAN,71809,71809186,1000,100,0,2,0,-1100,-1160,-1147
2026-09-20T13:54:08Z,CHANSUM,71770,71829,60,60000,6000,0,8,0,3,0,-960,-1160,-1160,-1160
2026-09-20T13:54:11Z,CHAN,71832,71832186,1000,100,0,3,0,-950,-1160,-1141
2026-09-20T13:54:28Z,CHAN,71849,71849186,1000,100,0,3,0,-1060,-1160,-1145
2026-09-20T13:54:33Z,CHAN,71854,71854186,1000,100,0,1,0,-740,-1160,-1144
2026-09-20T13:54:57Z,CHAN,71878,71878186,1000,100,0,3,0,-1080,-1160,-1145
2026-09-20T13:55:04Z,CHAN,71885,71885186,1000,100,0,3,0,-1040,-1160,-1144
2026-09-20T13:55:08Z,CHANSUM,71830,71889,60,60000,6000,0,13,0,5,0,-740,-1160,-1160,-1160
2026-09-20T13:55:18Z,CHAN,71899,71899186,1000,100,0,3,0,-1090,-1160,-1145
2026-09-20T13:55:21Z,CHAN,71902,71902186,1000,100,0,3,0,-870,-1160,-1140
2026-09-20T13:55:33Z,CHAN,71914,71914186,1000,100,0,3,0,-1090,-1160,-1146
2026-09-20T13:55:59Z,CHAN,71940,71940186,1000,100,0,2,0,-1080,-1160,-1145
2026-09-20T13:56:08Z,CHANSUM,71890,71949,60,60000,6000,0,11,0,4,0,-870,-1160,-1150,-1159
2026-09-20T13:56:43Z,CHAN,71984,71984186,1000,100,0,1,0,-650,-1160,-1142
2026-09-20T13:56:45Z,CHAN,71986,71986186,1000,100,0,3,0,-1090,-1160,-1146
2026-09-20T13:57:00Z,CHAN,72001,72001186,1000,100,0,1,0,-1100,-1160,-1148
2026-09-20T13:57:08Z,CHANSUM,71950,72009,60,60000,6000,0,5,0,3,0,-650,-1160,-1150,-1159
2026-09-20T13:57:39Z,CHAN,72040,72040186,1000,100,0,3,0,-950,-1160,-1142
2026-09-20T13:57:43Z,CHAN,72044,72044186,1000,100,0,3,0,-1030,-1160,-1145
2026-09-20T13:57:51Z,CHAN,72052,72052186,1000,100,0,3,0,-1080,-1160,-1147
2026-09-20T13:58:05Z,CHAN,72066,72066186,1000,100,0,3,0,-1030,-1160,-1144
2026-09-20T13:58:08Z,CHANSUM,72010,72069,60,60000,6000,0,12,0,4,0,-950,-1160,-1160,-1160
2026-09-20T13:58:09Z,CHAN,72070,72070186,1000,100,0,2,0,-1100,-1160,-1146
2026-09-20T13:58:19Z,CHAN,72080,72080186,1000,100,0,3,0,-1090,-1160,-1146
2026-09-20T13:58:48Z,CHAN,72109,72109186,1000,100,0,3,0,-920,-1160,-1142
2026-09-20T13:58:54Z,CHAN,72115,72115186,1000,100,0,1,0,-650,-1160,-1143
2026-09-20T13:59:00Z,CHAN,72121,72121186,1000,100,0,3,0,-1100,-1160,-1146
2026-09-20T13:59:08Z,CHANSUM,72070,72129,60,60000,6000,0,12,0,5,0,-650,-1160,-1150,-1159
2026-09-20T13:59:09Z,CHAN,72130,72130186,1000,100,0,3,0,-940,-1160,-1140
2026-09-20T13:59:17Z,CHAN,72138,72138186,1000,100,0,3,0,-1030,-1160,-1144
2026-09-20T13:59:22Z,CHAN,72143,72143186,1000,100,0,5,0,-1030,-1160,-1143
2026-09-20T13:59:39Z,CHAN,72160,72160186,1000,100,0,5,0,-1040,-1160,-1143
2026-09-20T13:59:54Z,CHAN,72175,72175186,1000,100,0,1,0,-1100,-1160,-1147
2026-09-20T14:00:08Z,CHANSUM,72130,72189,60,60000,6000,0,17,0,5,0,-940,-1160,-1160,-1160
2026-09-20T14:00:11Z,CHAN,72192,72192186,1000,100,0,2,0,-1090,-1160,-1146
2026-09-20T14:00:20Z,CHAN,72201,72201186,1000,100,0,4,0,-700,-1160,-1132
2026-09-20T14:00:29Z,CHAN,72210,72210186,1000,100,0,1,0,-1080,-1160,-1147
2026-09-20T14:00:30Z,CHAN,72211,72211186,1000,100,0,3,0,-1060,-1160,-1145
2026-09-20T14:01:00Z,CHAN,72241,72241186,1000,100,0,1,0,-1100,-1160,-1146
2026-09-20T14:01:04Z,CHAN,72245,72245186,1000,100,0,3,0,-1100,-1160,-1147
2026-09-20T14:01:05Z,CHAN,72246,72246186,1000,100,0,1,0,-980,-1160,-1145
2026-09-20T14:01:08Z,CHANSUM,72190,72249,60,60000,6000,0,15,0,7,0,-700,-1160,-1160,-1160
2026-09-20T14:01:18Z,CHAN,72259,72259186,1000,100,0,3,0,-870,-1160,-1139
2026-09-20T14:01:33Z,CHAN,72274,72274186,1000,100,0,3,0,-1080,-1160,-1146
2026-09-20T14:01:44Z,CHAN,72285,72285186,1000,100,0,3,0,-970,-1160,-1143
2026-09-20T14:01:49Z,CHAN,72290,72290186,1000,100,0,1,0,-1100,-1160,-1147
2026-09-20T14:02:08Z,CHANSUM,72250,72309,60,60000,6000,0,10,0,4,0,-870,-1160,-1150,-1159
2026-09-20T14:02:10Z,CHAN,72311,72311186,1000,100,0,1,0,-1090,-1160,-1147
2026-09-20T14:03:08Z,CHANSUM,72310,72369,60,60000,6000,0,1,0,1,0,-1090,-1160,-1150,-1159
2026-09-20T14:03:15Z,CHAN,72376,72376186,1000,100,0,1,0,-640,-1160,-1142
2026-09-20T14:03:29Z,CHAN,72390,72390186,1000,100,0,1,0,-1100,-1160,-1147
2026-09-20T14:04:08Z,CHANSUM,72370,72429,60,60000,6000,0,2,0,2,0,-640,-1160,-1150,-1159
2026-09-20T14:05:08Z,CHANSUM,72430,72489,60,60000,6000,0,0,0,0,0,-1120,-1160,-1150,-1159
2026-09-20T14:05:26Z,CHAN,72507,72507186,1000,100,0,1,0,-660,-1160,-1143
2026-09-20T14:06:08Z,CHANSUM,72490,72549,60,60000,6000,0,1,0,1,0,-660,-1160,-1160,-1160
2026-09-20T14:06:14Z,CHAN,72555,72555186,1000,100,0,2,0,-1100,-1160,-1145
2026-09-20T14:07:08Z,CHANSUM,72550,72609,60,60000,6000,0,2,0,1,0,-1100,-1160,-1150,-1159
2026-09-20T14:07:37Z,CHAN,72638,72638186,1000,100,0,1,0,-1050,-1160,-1147
2026-09-20T14:07:57Z,CHAN,72658,72658186,1000,100,0,4,0,-1040,-1160,-1143
2026-09-20T14:08:05Z,CHAN,72666,72666186,1000,100,0,2,0,-1100,-1160,-1146
2026-09-20T14:08:08Z,CHANSUM,72610,72669,60,60000,6000,0,7,0,3,0,-1040,-1160,-1150,-1159
2026-09-20T14:08:11Z,CHAN,72672,72672186,1000,100,0,1,0,-1090,-1160,-1145
2026-09-20T14:08:55Z,CHAN,72716,72716186,1000,100,0,3,0,-1090,-1160,-1146
2026-09-20T14:09:08Z,CHANSUM,72670,72729,60,60000,6000,0,4,0,2,0,-1090,-1160,-1160,-1160
2026-09-20T14:09:11Z,CHAN,72732,72732186,1000,100,0,1,0,-1100,-1160,-1147
2026-09-20T14:09:16Z,CHAN,72737,72737186,1000,100,0,4,0,-700,-1160,-1132
2026-09-20T14:09:19Z,CHAN,72740,72740186,1000,100,0,1,0,-1030,-1160,-1147
2026-09-20T14:09:29Z,CHAN,72750,72750186,1000,100,0,4,0,-1090,-1160,-1146
2026-09-20T14:09:47Z,CHAN,72768,72768186,1000,100,0,1,0,-650,-1160,-1142
2026-09-20T14:09:54Z,CHAN,72775,72775186,1000,100,0,5,0,-940,-1160,-1137
2026-09-20T14:10:08Z,CHANSUM,72730,72789,60,60000,6000,0,16,0,6,0,-650,-1160,-1150,-1159
2026-09-20T14:11:08Z,CHANSUM,72790,72849,60,60000,6000,0,0,0,0,0,-1120,-1160,-1150,-1159
2026-09-20T14:11:50Z,CHAN,72891,72891186,1000,100,0,4,0,-1090,-1160,-1145
2026-09-20T14:11:58Z,CHAN,72899,72899186,1000,100,0,1,0,-920,-1160,-1145
2026-09-20T14:12:08Z,CHANSUM,72850,72909,60,60000,6000,0,5,0,2,0,-920,-1160,-1150,-1159
2026-09-20T14:12:19Z,CHAN,72920,72920186,1000,100,0,1,0,-1090,-1160,-1147
2026-09-20T14:12:53Z,CHAN,72954,72954186,1000,100,0,5,0,-1100,-1160,-1144
2026-09-20T14:13:08Z,CHANSUM,72910,72969,60,60000,6000,0,6,0,2,0,-1090,-1160,-1160,-1160
2026-09-20T14:13:47Z,CHAN,73008,73008186,1000,100,0,5,0,-1080,-1160,-1144
2026-09-20T14:14:08Z,CHANSUM,72970,73029,60,60000,6000,0,5,0,1,0,-1080,-1160,-1160,-1160
2026-09-20T14:14:09Z,CHAN,73030,73030186,1000,100,0,1,0,-650,-1160,-1143
2026-09-20T14:15:08Z,CHANSUM,73030,73089,60,60000,6000,0,1,0,1,0,-650,-1170,-1160,-1160
2026-09-20T14:16:08Z,CHANSUM,73090,73149,60,60000,6000,0,0,0,0,0,-1120,-1160,-1150,-1159
2026-09-20T14:16:19Z,CHAN,73160,73160186,1000,100,0,1,0,-650,-1160,-1142
2026-09-20T14:17:08Z,CHANSUM,73150,73209,60,60000,6000,0,1,0,1,0,-650,-1160,-1150,-1159
2026-09-20T14:18:08Z,CHANSUM,73210,73269,60,60000,6000,0,0,0,0,0,-1130,-1160,-1160,-1160
2026-09-20T14:18:30Z,CHAN,73291,73291186,1000,100,0,2,0,-1040,-1160,-1146
2026-09-20T14:18:54Z,CHAN,73315,73315186,1000,100,0,5,0,-1050,-1160,-1144
2026-09-20T14:19:08Z,CHANSUM,73270,73329,60,60000,6000,0,7,0,2,0,-1040,-1160,-1150,-1159
2026-09-20T14:19:47Z,CHAN,73368,73368186,1000,100,0,1,0,-1100,-1160,-1146
2026-09-20T14:20:08Z,CHANSUM,73330,73389,60,60000,6000,0,1,0,1,0,-1100,-1160,-1150,-1159
2026-09-20T14:20:41Z,CHAN,73422,73422186,1000,100,0,1,0,-650,-1160,-1142
2026-09-20T14:21:08Z,CHANSUM,73390,73449,60,60000,6000,0,1,0,1,0,-650,-1160,-1150,-1159
2026-09-20T14:22:08Z,CHANSUM,73450,73509,60,60000,6000,0,0,0,0,0,-1120,-1160,-1150,-1159
2026-09-20T14:22:51Z,CHAN,73552,73552186,1000,100,0,1,0,-640,-1160,-1142
2026-09-20T14:23:08Z,CHANSUM,73510,73569,60,60000,6000,0,1,0,1,0,-640,-1170,-1160,-1160
2026-09-20T14:23:36Z,CHAN,73597,73597186,1000,100,0,2,0,-1100,-1160,-1146
2026-09-20T14:23:54Z,CHAN,73615,73615186,1000,100,0,4,0,-1090,-1160,-1145
2026-09-20T14:24:08Z,CHANSUM,73570,73629,60,60000,6000,0,6,0,2,0,-1090,-1170,-1150,-1160
2026-09-20T14:25:02Z,CHAN,73683,73683186,1000,100,0,1,0,-660,-1160,-1144
2026-09-20T14:25:08Z,CHANSUM,73630,73689,60,60000,6000,0,1,0,1,0,-660,-1160,-1160,-1160
2026-09-20T14:26:08Z,CHANSUM,73690,73749,60,60000,6000,0,0,0,0,0,-1130,-1170,-1160,-1160
2026-09-20T14:27:08Z,CHANSUM,73750,73809,60,60000,6000,0,0,0,0,0,-1130,-1160,-1150,-1159
2026-09-20T14:27:13Z,CHAN,73814,73814186,1000,100,0,1,0,-660,-1160,-1142
2026-09-20T14:28:08Z,CHANSUM,73810,73869,60,60000,6000,0,1,0,1,0,-660,-1160,-1150,-1159
2026-09-20T14:28:56Z,CHAN,73917,73917186,1000,100,0,1,0,-1100,-1160,-1147
2026-09-20T14:29:08Z,CHANSUM,73870,73929,60,60000,6000,0,1,0,1,0,-1100,-1160,-1150,-1159
2026-09-20T14:29:44Z,CHAN,73965,73965186,1000,100,0,1,0,-1100,-1170,-1147
2026-09-20T14:30:08Z,CHANSUM,73930,73989,60,60000,6000,0,1,0,1,0,-1100,-1170,-1160,-1160
2026-09-20T14:31:08Z,CHANSUM,73990,74049,60,60000,6000,0,0,0,0,0,-1110,-1160,-1150,-1159
2026-09-20T14:31:34Z,CHAN,74075,74075186,1000,100,0,1,0,-640,-1160,-1142
2026-09-20T14:32:08Z,CHANSUM,74050,74109,60,60000,6000,0,1,0,1,0,-640,-1160,-1150,-1159
2026-09-20T14:32:46Z,CHAN,74147,74147186,1000,100,0,9,0,-950,-1160,-1130
2026-09-20T14:32:58Z,CHAN,74159,74159186,1000,100,0,4,0,-1090,-1160,-1145
2026-09-20T14:33:08Z,CHANSUM,74110,74169,60,60000,6000,0,13,0,2,0,-950,-1160,-1150,-1159
2026-09-20T14:33:45Z,CHAN,74206,74206186,1000,100,0,1,0,-650,-1160,-1143
2026-09-20T14:34:08Z,CHANSUM,74170,74229,60,60000,6000,0,1,0,1,0,-650,-1160,-1160,-1160
2026-09-20T14:34:36Z,CHAN,74257,74257186,1000,100,0,5,0,-970,-1160,-1139
2026-09-20T14:35:08Z,CHANSUM,74230,74289,60,60000,6000,0,5,0,1,0,-970,-1160,-1150,-1159
2026-09-20T14:35:56Z,CHAN,74337,74337186,1000,100,0,1,0,-650,-1160,-1141
2026-09-20T14:36:08Z,CHANSUM,74290,74349,60,60000,6000,0,1,0,1,0,-650,-1160,-1160,-1160
2026-09-20T14:36:18Z,CHAN,74359,74359186,1000,100,0,5,0,-950,-1160,-1138
2026-09-20T14:36:54Z,CHAN,74395,74395186,1000,100,0,1,0,-1090,-1160,-1146
2026-09-20T14:37:08Z,CHANSUM,74350,74409,60,60000,6000,0,6,0,2,0,-950,-1160,-1150,-1159
2026-09-20T14:38:06Z,CHAN,74467,74467186,1000,100,0,1,0,-650,-1160,-1143
2026-09-20T14:38:08Z,CHANSUM,74410,74469,60,60000,6000,0,1,0,1,0,-650,-1160,-1150,-1159
2026-09-20T14:38:20Z,CHAN,74481,74481186,1000,100,0,1,0,-1100,-1160,-1145
2026-09-20T14:38:39Z,CHAN,74500,74500186,1000,100,0,10,0,-980,-1160,-1132
2026-09-20T14:39:08Z,CHANSUM,74470,74529,60,60000,6000,0,11,0,2,0,-980,-1160,-1150,-1159
2026-09-20T14:39:11Z,CHAN,74532,74532186,1000,100,0,1,0,-1100,-1160,-1145
2026-09-20T14:39:18Z,CHAN,74539,74539186,1000,100,0,5,0,-940,-1160,-1138
2026-09-20T14:40:08Z,CHANSUM,74530,74589,60,60000,6000,0,6,0,2,0,-940,-1160,-1150,-1159
2026-09-20T14:40:17Z,CHAN,74598,74598186,1000,100,0,1,0,-800,-1160,-1144
2026-09-20T14:41:08Z,CHANSUM,74590,74649,60,60000,6000,0,1,0,1,0,-800,-1160,-1150,-1159
2026-09-20T14:42:08Z,CHANSUM,74650,74709,60,60000,6000,0,0,0,0,0,-1120,-1170,-1150,-1160
2026-09-20T14:42:28Z,CHAN,74729,74729186,1000,100,0,1,0,-660,-1160,-1143
2026-09-20T14:43:08Z,CHANSUM,74710,74769,60,60000,6000,0,1,0,1,0,-660,-1160,-1150,-1159
2026-09-20T14:44:08Z,CHANSUM,74770,74829,60,60000,6000,0,0,0,0,0,-1130,-1160,-1150,-1159
2026-09-20T14:44:22Z,CHAN,74843,74843186,1000,100,0,1,0,-970,-1150,-1144
2026-09-20T14:44:23Z,CHAN,74844,74844186,1000,100,0,3,0,-960,-1160,-1142
2026-09-20T14:44:38Z,CHAN,74859,74859186,1000,100,0,1,0,-650,-1160,-1142
2026-09-20T14:45:08Z,CHANSUM,74830,74889,60,60000,6000,0,5,0,3,0,-650,-1160,-1150,-1159
2026-09-20T14:46:08Z,CHANSUM,74890,74949,60,60000,6000,0,0,0,0,0,-1120,-1160,-1150,-1159
2026-09-20T14:46:29Z,CHAN,74970,74970186,1000,100,0,5,0,-980,-1160,-1140
2026-09-20T14:46:49Z,CHAN,74990,74990186,1000,100,0,1,0,-1040,-1160,-1146
2026-09-20T14:47:08Z,CHANSUM,74950,75009,60,60000,6000,0,6,0,2,0,-980,-1160,-1150,-1159
2026-09-20T14:47:38Z,CHAN,75039,75039186,1000,100,0,1,0,-1100,-1160,-1146
2026-09-20T14:48:08Z,CHANSUM,75010,75069,60,60000,6000,0,1,0,1,0,-1100,-1160,-1150,-1159
2026-09-20T14:49:00Z,CHAN,75121,75121186,1000,100,0,1,0,-660,-1160,-1142
2026-09-20T14:49:08Z,CHANSUM,75070,75129,60,60000,6000,0,1,0,1,0,-660,-1160,-1150,-1159
2026-09-20T14:50:08Z,CHANSUM,75130,75189,60,60000,6000,0,0,0,0,0,-1130,-1160,-1150,-1159
2026-09-20T14:51:08Z,CHANSUM,75190,75249,60,60000,6000,0,0,0,0,0,-1120,-1160,-1160,-1160
2026-09-20T14:51:10Z,CHAN,75251,75251186,1000,100,0,1,0,-920,-1160,-1145
2026-09-20T14:51:24Z,CHAN,75265,75265186,1000,100,0,5,0,-1030,-1160,-1143
2026-09-20T14:52:08Z,CHANSUM,75250,75309,60,60000,6000,0,6,0,2,0,-920,-1160,-1150,-1159
2026-09-20T14:52:58Z,CHAN,75359,75359186,1000,100,0,4,0,-1080,-1160,-1145
2026-09-20T14:53:08Z,CHANSUM,75310,75369,60,60000,6000,0,4,0,1,0,-1080,-1170,-1160,-1160
2026-09-20T14:53:14Z,CHAN,75375,75375186,1000,100,0,3,0,-1090,-1160,-1145
2026-09-20T14:53:21Z,CHAN,75382,75382186,1000,100,0,1,0,-660,-1160,-1142
2026-09-20T14:54:05Z,CHAN,75426,75426186,1000,100,0,1,0,-1100,-1160,-1147
2026-09-20T14:54:08Z,CHANSUM,75370,75429,60,60000,6000,0,5,0,3,0,-660,-1160,-1160,-1160
2026-09-20T14:55:08Z,CHANSUM,75430,75489,60,60000,6000,0,0,0,0,0,-1130,-1160,-1160,-1160
2026-09-20T14:55:32Z,CHAN,75513,75513186,1000,100,0,1,0,-660,-1160,-1143
2026-09-20T14:55:55Z,CHAN,75536,75536186,1000,100,0,3,0,-1090,-1160,-1144
2026-09-20T14:56:08Z,CHANSUM,75490,75549,60,60000,6000,0,4,0,2,0,-660,-1160,-1150,-1159
2026-09-20T14:56:37Z,CHAN,75578,75578186,1000,100,0,5,0,-980,-1160,-1140
2026-09-20T14:57:08Z,CHANSUM,75550,75609,60,60000,6000,0,5,0,1,0,-980,-1160,-1160,-1160
2026-09-20T14:57:42Z,CHAN,75643,75643186,1000,100,0,2,0,-1000,-1160,-1145
2026-09-20T14:58:08Z,CHANSUM,75610,75669,60,60000,6000,0,2,0,1,0,-1000,-1160,-1150,-1159
2026-09-20T14:58:13Z,CHAN,75674,75674186,1000,100,0,4,0,-930,-1160,-1139
2026-09-20T14:58:19Z,CHAN,75680,75680186,1000,100,0,3,0,-1090,-1160,-1145
2026-09-20T14:58:34Z,CHAN,75695,75695186,1000,100,0,1,0,-1100,-1160,-1146
2026-09-20T14:58:38Z,CHAN,75699,75699186,1000,100,0,5,0,-990,-1160,-1140
2026-09-20T14:58:40Z,CHAN,75701,75701186,1000,100,0,3,0,-1100,-1160,-1146
2026-09-20T14:58:44Z,CHAN,75705,75705186,1000,100,0,1,0,-1100,-1160,-1146
2026-09-20T14:58:58Z,CHAN,75719,75719186,1000,100,0,3,0,-1080,-1160,-1145
2026-09-20T14:59:08Z,CHANSUM,75670,75729,60,60000,6000,0,20,0,7,0,-930,-1160,-1150,-1159
2026-09-20T14:59:16Z,CHAN,75737,75737186,1000,100,0,3,0,-1090,-1160,-1145
2026-09-20T14:59:42Z,CHAN,75763,75763186,1000,100,0,3,0,-880,-1160,-1140
2026-09-20T14:59:43Z,CHAN,75764,75764186,1000,100,0,1,0,-880,-1160,-1144
2026-09-20T14:59:45Z,CHAN,75766,75766186,1000,100,0,4,0,-690,-1150,-1131
2026-09-20T14:59:53Z,CHAN,75774,75774186,1000,100,0,1,0,-650,-1160,-1143
2026-09-20T15:00:03Z,CHAN,75784,75784186,1000,100,0,4,0,-1040,-1160,-1144
2026-09-20T15:00:04Z,CHAN,75785,75785186,1000,100,0,4,0,-970,-1160,-1142
2026-09-20T15:00:08Z,CHANSUM,75730,75789,60,60000,6000,0,20,0,7,0,-650,-1160,-1150,-1159
2026-09-20T15:00:27Z,CHAN,75808,75808186,1000,100,0,3,0,-1030,-1160,-1143
2026-09-20T15:01:01Z,CHAN,75842,75842186,1000,100,0,2,0,-1090,-1160,-1145
2026-09-20T15:01:08Z,CHANSUM,75790,75849,60,60000,6000,0,5,0,2,0,-1030,-1160,-1150,-1159
2026-09-20T15:01:24Z,CHAN,75865,75865186,1000,100,0,4,0,-1050,-1160,-1144
2026-09-20T15:01:34Z,CHAN,75875,75875186,1000,100,0,4,0,-970,-1160,-1141
2026-09-20T15:02:04Z,CHAN,75905,75905186,1000,100,0,1,0,-650,-1160,-1144
2026-09-20T15:02:08Z,CHANSUM,75850,75909,60,60000,6000,0,9,0,3,0,-650,-1160,-1150,-1159
2026-09-20T15:03:08Z,CHANSUM,75910,75969,60,60000,6000,0,0,0,0,0,-1120,-1160,-1150,-1159
2026-09-20T15:04:08Z,CHANSUM,75970,76029,60,60000,6000,0,0,0,0,0,-1110,-1160,-1150,-1159
2026-09-20T15:04:11Z,CHAN,76032,76032186,1000,100,0,9,0,-960,-1160,-1130
2026-09-20T15:04:15Z,CHAN,76036,76036186,1000,100,0,1,0,-660,-1160,-1142
2026-09-20T15:05:08Z,CHANSUM,76030,76089,60,60000,6000,0,10,0,2,0,-660,-1160,-1150,-1159
2026-09-20T15:06:08Z,CHANSUM,76090,76149,60,60000,6000,0,0,0,0,0,-1130,-1160,-1150,-1159
2026-09-20T15:06:25Z,CHAN,76166,76166186,1000,100,0,1,0,-650,-1160,-1142
2026-09-20T15:06:32Z,CHAN,76173,76173186,1000,100,0,5,0,-1040,-1160,-1143
2026-09-20T15:07:08Z,CHANSUM,76150,76209,60,60000,6000,0,6,0,2,0,-650,-1160,-1150,-1159
2026-09-20T15:08:04Z,CHAN,76265,76265186,1000,100,0,3,0,-1090,-1160,-1146
2026-09-20T15:08:08Z,CHANSUM,76210,76269,60,60000,6000,0,3,0,1,0,-1090,-1160,-1150,-1159
2026-09-20T15:08:40Z,CHAN,76301,76301186,1000,100,0,4,0,-1090,-1160,-1146
2026-09-20T15:09:08Z,CHANSUM,76270,76329,60,60000,6000,0,4,0,1,0,-1090,-1170,-1150,-1160
2026-09-20T15:09:53Z,CHAN,76374,76374186,1000,100,0,1,0,-1100,-1160,-1145
2026-09-20T15:10:08Z,CHANSUM,76330,76389,60,60000,6000,0,1,0,1,0,-1100,-1160,-1150,-1159
2026-09-20T15:10:47Z,CHAN,76428,76428186,1000,100,0,1,0,-650,-1160,-1142
2026-09-20T15:11:08Z,CHANSUM,76390,76449,60,60000,6000,0,1,0,1,0,-650,-1160,-1150,-1159
2026-09-20T15:11:30Z,CHAN,76471,76471186,1000,100,0,6,0,-1080,-1160,-1144
2026-09-20T15:11:31Z,CHAN,76472,76472186,1000,100,0,1,0,-1090,-1160,-1147
2026-09-20T15:12:08Z,CHANSUM,76450,76509,60,60000,6000,0,7,0,2,0,-1080,-1160,-1160,-1160
2026-09-20T15:12:47Z,CHAN,76548,76548186,1000,100,0,2,0,-1100,-1160,-1146
2026-09-20T15:12:57Z,CHAN,76558,76558186,1000,100,0,1,0,-660,-1160,-1142
2026-09-20T15:13:08Z,CHANSUM,76510,76569,60,60000,6000,0,3,0,2,0,-660,-1160,-1150,-1159
2026-09-20T15:13:37Z,CHAN,76598,76598186,1000,100,0,5,0,-1050,-1160,-1143
2026-09-20T15:14:08Z,CHANSUM,76570,76629,60,60000,6000,0,5,0,1,0,-1050,-1160,-1160,-1160
2026-09-20T15:15:08Z,CHAN,76689,76689186,1000,100,0,1,0,-660,-1160,-1143
2026-09-20T15:15:08Z,CHANSUM,76630,76689,60,60000,6000,0,1,0,1,0,-660,-1160,-1150,-1159
2026-09-20T15:15:15Z,CHAN,76696,76696186,1000,100,0,2,0,-1100,-1160,-1146
2026-09-20T15:16:08Z,CHANSUM,76690,76749,60,60000,6000,0,2,0,1,0,-1100,-1160,-1150,-1159
2026-09-20T15:17:08Z,CHANSUM,76750,76809,60,60000,6000,0,0,0,0,0,-1130,-1160,-1150,-1159
2026-09-20T15:17:19Z,CHAN,76820,76820186,1000,100,0,1,0,-660,-1160,-1143
2026-09-20T15:18:08Z,CHANSUM,76810,76869,60,60000,6000,0,1,0,1,0,-660,-1160,-1150,-1159
2026-09-20T15:18:56Z,CHAN,76917,76917186,1000,100,0,2,0,-1090,-1160,-1146
2026-09-20T15:19:02Z,CHAN,76923,76923186,1000,100,0,6,0,-690,-1160,-1123
2026-09-20T15:19:08Z,CHANSUM,76870,76929,60,60000,6000,0,8,0,2,0,-690,-1160,-1150,-1159
2026-09-20T15:19:12Z,CHAN,76933,76933186,1000,100,0,2,0,-1090,-1160,-1145
2026-09-20T15:19:13Z,CHAN,76934,76934186,1000,100,0,1,0,-1100,-1160,-1148
2026-09-20T15:19:14Z,CHAN,76935,76935186,1000,100,0,1,0,-1100,-1160,-1145
2026-09-20T15:19:28Z,CHAN,76949,76949186,1000,100,0,4,0,-1050,-1160,-1144
2026-09-20T15:19:29Z,CHAN,76950,76950186,1000,100,0,1,0,-740,-1160,-1143
2026-09-20T15:19:55Z,CHAN,76976,76976186,1000,100,0,2,0,-1090,-1160,-1146
2026-09-20T15:20:08Z,CHANSUM,76930,76989,60,60000,6000,0,11,0,6,0,-740,-1160,-1150,-1159
2026-09-20T15:20:21Z,CHAN,77002,77002186,1000,100,0,4,0,-1100,-1160,-1145
2026-09-20T15:20:38Z,CHAN,77019,77019186,1000,100,0,3,0,-960,-1160,-1143
2026-09-20T15:21:08Z,CHANSUM,76990,77049,60,60000,6000,0,7,0,2,0,-960,-1160,-1160,-1160
2026-09-20T15:21:19Z,CHAN,77060,77060186,1000,100,0,2,0,-1100,-1160,-1146
2026-09-20T15:21:20Z,CHAN,77061,77061186,1000,100,0,2,0,-1090,-1160,-1145
2026-09-20T15:21:33Z,CHAN,77074,77074186,1000,100,0,5,0,-910,-1160,-1137
2026-09-20T15:21:40Z,CHAN,77081,77081186,1000,100,0,1,0,-650,-1160,-1143
2026-09-20T15:22:08Z,CHANSUM,77050,77109,60,60000,6000,0,10,0,4,0,-650,-1160,-1160,-1160
2026-09-20T15:22:26Z,CHAN,77127,77127186,1000,100,0,5,0,-950,-1160,-1138
2026-09-20T15:22:43Z,CHAN,77144,77144186,1000,100,0,3,0,-1040,-1160,-1144
2026-09-20T15:22:49Z,CHAN,77150,77150186,1000,100,0,1,0,-1090,-1160,-1147
2026-09-20T15:22:59Z,CHAN,77160,77160186,1000,100,0,1,0,-1090,-1160,-1146
2026-09-20T15:23:08Z,CHANSUM,77110,77169,60,60000,6000,0,10,0,4,0,-950,-1160,-1150,-1159
2026-09-20T15:23:47Z,CHAN,77208,77208186,1000,100,0,2,0,-1090,-1160,-1146
2026-09-20T15:23:51Z,CHAN,77212,77212186,1000,100,0,1,0,-660,-1160,-1143
2026-09-20T15:24:08Z,CHANSUM,77170,77229,60,60000,6000,0,3,0,2,0,-660,-1160,-1150,-1159
2026-09-20T15:24:43Z,CHAN,77264,77264186,1000,100,0,3,0,-1030,-1160,-1144
2026-09-20T15:24:50Z,CHAN,77271,77271186,1000,100,0,4,0,-700,-1160,-1132
2026-09-20T15:25:03Z,CHAN,77284,77284186,1000,100,0,3,0,-1090,-1160,-1145
2026-09-20T15:25:08Z,CHANSUM,77230,77289,60,60000,6000,0,10,0,3,0,-700,-1160,-1160,-1160
2026-09-20T15:25:33Z,CHAN,77314,77314186,1000,100,0,10,0,-960,-1160,-1129
2026-09-20T15:25:57Z,CHAN,77338,77338186,1000,100,0,3,0,-1090,-1160,-1146
2026-09-20T15:26:08Z,CHANSUM,77290,77349,60,60000,6000,0,13,0,2,0,-960,-1160,-1150,-1159
2026-09-20T15:26:28Z,CHAN,77369,77369186,1000,100,0,1,0,-1090,-1160,-1146
2026-09-20T15:26:50Z,CHAN,77391,77391186,1000,100,0,5,0,-1040,-1160,-1143
2026-09-20T15:27:08Z,CHANSUM,77350,77409,60,60000,6000,0,6,0,2,0,-1040,-1160,-1150,-1159
2026-09-20T15:28:08Z,CHANSUM,77410,77469,60,60000,6000,0,0,0,0,0,-1130,-1160,-1160,-1160
2026-09-20T15:28:12Z,CHAN,77473,77473186,1000,100,0,1,0,-660,-1160,-1142
2026-09-20T15:29:08Z,CHANSUM,77470,77529,60,60000,6000,0,1,0,1,0,-660,-1160,-1160,-1160
2026-09-20T15:30:08Z,CHANSUM,77530,77589,60,60000,6000,0,0,0,0,0,-1110,-1160,-1150,-1159
2026-09-20T15:30:23Z,CHAN,77604,77604186,1000,100,0,1,0,-690,-1160,-1142
2026-09-20T15:30:28Z,CHAN,77609,77609186,1000,100,0,1,0,-1100,-1160,-1145
2026-09-20T15:31:08Z,CHANSUM,77590,77649,60,60000,6000,0,2,0,2,0,-690,-1160,-1160,-1160
2026-09-20T15:32:08Z,CHANSUM,77650,77709,60,60000,6000,0,0,0,0,0,-1110,-1160,-1150,-1159
2026-09-20T15:32:25Z,CHAN,77726,77726186,1000,100,0,9,0,-950,-1160,-1129
2026-09-20T15:32:33Z,CHAN,77734,77734186,1000,100,0,1,0,-650,-1160,-1142
2026-09-20T15:33:08Z,CHANSUM,77710,77769,60,60000,6000,0,10,0,2,0,-650,-1160,-1150,-1159
2026-09-20T15:34:08Z,CHANSUM,77770,77829,60,60000,6000,0,0,0,0,0,-1110,-1160,-1150,-1159
2026-09-20T15:34:44Z,CHAN,77865,77865186,1000,100,0,1,0,-660,-1160,-1142
2026-09-20T15:35:08Z,CHANSUM,77830,77889,60,60000,6000,0,1,0,1,0,-660,-1160,-1160,-1160
2026-09-20T15:36:00Z,CHAN,77941,77941186,1000,100,0,4,0,-940,-1150,-1140
2026-09-20T15:36:01Z,CHAN,77942,77942186,1000,100,0,1,0,-950,-1160,-1145
2026-09-20T15:36:08Z,CHANSUM,77890,77949,60,60000,6000,0,5,0,2,0,-940,-1160,-1150,-1159
2026-09-20T15:36:55Z,CHAN,77996,77996186,1000,100,0,1,0,-730,-1160,-1144
2026-09-20T15:37:00Z,CHAN,78001,78001186,1000,100,0,2,0,-1050,-1160,-1145
2026-09-20T15:37:08Z,CHANSUM,77950,78009,60,60000,6000,0,3,0,2,0,-730,-1160,-1150,-1159
2026-09-20T15:38:08Z,CHANSUM,78010,78069,60,60000,6000,0,0,0,0,0,-1130,-1160,-1150,-1159
2026-09-20T15:38:42Z,CHAN,78103,78103186,1000,100,0,1,0,-1100,-1160,-1146
2026-09-20T15:39:06Z,CHAN,78127,78127186,1000,100,0,1,0,-660,-1160,-1142
2026-09-20T15:39:08Z,CHANSUM,78070,78129,60,60000,6000,0,2,0,2,0,-660,-1160,-1150,-1159
2026-09-20T15:40:08Z,CHANSUM,78130,78189,60,60000,6000,0,0,0,0,0,-1120,-1160,-1150,-1159
2026-09-20T15:40:23Z,CHAN,78204,78204186,1000,100,0,1,0,-950,-1160,-1145
2026-09-20T15:40:24Z,CHAN,78205,78205186,1000,100,0,38,0,-950,-1150,-1083
2026-09-20T15:41:06Z,CHAN,78247,78247186,1000,100,0,55,0,-950,-1160,-1050
2026-09-20T15:41:07Z,CHAN,78248,78248186,1000,100,0,34,0,-950,-1160,-1088
2026-09-20T15:41:08Z,CHANSUM,78190,78249,60,60000,6000,0,128,0,4,0,-950,-1160,-1150,-1159
2026-09-20T15:41:16Z,CHAN,78257,78257186,1000,100,0,1,0,-650,-1150,-1142
2026-09-20T15:42:08Z,CHANSUM,78250,78309,60,60000,6000,0,1,0,1,0,-650,-1160,-1150,-1159
2026-09-20T15:42:51Z,CHAN,78352,78352186,1000,100,0,2,0,-1100,-1160,-1146
2026-09-20T15:43:08Z,CHANSUM,78310,78369,60,60000,6000,0,2,0,1,0,-1100,-1160,-1150,-1159
2026-09-20T15:43:13Z,CHAN,78374,78374186,1000,100,0,3,0,-1100,-1160,-1144
2026-09-20T15:43:27Z,CHAN,78388,78388186,1000,100,0,1,0,-1020,-1160,-1146
2026-09-20T15:44:08Z,CHANSUM,78370,78429,60,60000,6000,0,4,0,2,0,-1020,-1160,-1150,-1159
2026-09-20T15:44:28Z,CHAN,78449,78449186,1000,100,0,54,0,-950,-1160,-1058
2026-09-20T15:45:08Z,CHANSUM,78430,78489,60,60000,6000,0,54,0,1,0,-950,-1160,-1150,-1159
2026-09-20T15:45:38Z,CHAN,78519,78519186,1000,100,0,1,0,-670,-1160,-1141
2026-09-20T15:46:08Z,CHANSUM,78490,78549,60,60000,6000,0,1,0,1,0,-670,-1160,-1150,-1159
2026-09-20T15:46:21Z,CHAN,78562,78562186,1000,100,0,1,0,-1100,-1160,-1146
2026-09-20T15:47:05Z,CHAN,78606,78606186,1000,100,0,3,0,-1030,-1160,-1144
2026-09-20T15:47:06Z,CHAN,78607,78607186,1000,100,0,1,0,-1030,-1160,-1145
2026-09-20T15:47:08Z,CHANSUM,78550,78609,60,60000,6000,0,5,0,3,0,-1030,-1160,-1150,-1159
2026-09-20T15:47:48Z,CHAN,78649,78649186,1000,100,0,1,0,-680,-1160,-1142
2026-09-20T15:48:06Z,CHAN,78667,78667186,1000,100,0,4,0,-1030,-1160,-1144
2026-09-20T15:48:08Z,CHANSUM,78610,78669,60,60000,6000,0,5,0,2,0,-680,-1160,-1150,-1159
2026-09-20T15:49:08Z,CHANSUM,78670,78729,60,60000,6000,0,0,0,0,0,-1120,-1160,-1150,-1159
2026-09-20T15:49:59Z,CHAN,78780,78780186,1000,100,0,1,0,-950,-1160,-1145
2026-09-20T15:50:08Z,CHANSUM,78730,78789,60,60000,6000,0,1,0,1,0,-950,-1160,-1150,-1159
2026-09-20T15:51:08Z,CHANSUM,78790,78849,60,60000,6000,0,0,0,0,0,-1130,-1160,-1150,-1159
2026-09-20T15:51:45Z,CHAN,78886,78886186,1000,100,0,3,0,-1040,-1160,-1145
2026-09-20T15:51:46Z,CHAN,78887,78887186,1000,100,0,2,0,-1050,-1160,-1146
2026-09-20T15:52:08Z,CHANSUM,78850,78909,60,60000,6000,0,5,0,2,0,-1040,-1160,-1150,-1159
2026-09-20T15:52:10Z,CHAN,78911,78911186,1000,100,0,1,0,-660,-1150,-1141
2026-09-20T15:53:08Z,CHANSUM,78910,78969,60,60000,6000,0,1,0,1,0,-660,-1160,-1150,-1159
2026-09-20T15:53:43Z,CHAN,79004,79004186,1000,100,0,4,0,-1090,-1160,-1145
2026-09-20T15:54:08Z,CHANSUM,78970,79029,60,60000,6000,0,4,0,1,0,-1090,-1160,-1150,-1159
2026-09-20T15:54:20Z,CHAN,79041,79041186,1000,100,0,1,0,-900,-1160,-1145
2026-09-20T15:55:08Z,CHANSUM,79030,79089,60,60000,6000,0,1,0,1,0,-900,-1160,-1150,-1159
2026-09-20T15:55:32Z,CHAN,79113,79113186,1000,100,0,5,0,-700,-1160,-1126
2026-09-20T15:56:08Z,CHANSUM,79090,79149,60,60000,6000,0,5,0,1,0,-700,-1160,-1150,-1159
2026-09-20T15:56:31Z,CHAN,79172,79172186,1000,100,0,1,0,-660,-1160,-1143
2026-09-20T15:57:08Z,CHANSUM,79150,79209,60,60000,6000,0,1,0,1,0,-660,-1160,-1150,-1159
2026-09-20T15:58:08Z,CHANSUM,79210,79269,60,60000,6000,0,0,0,0,0,-1130,-1160,-1150,-1159
2026-09-20T15:58:42Z,CHAN,79303,79303186,1000,100,0,1,0,-670,-1160,-1142
2026-09-20T15:58:51Z,CHAN,79312,79312186,1000,100,0,5,0,-1030,-1160,-1141
2026-09-20T15:59:08Z,CHANSUM,79270,79329,60,60000,6000,0,6,0,2,0,-670,-1160,-1150,-1159
2026-09-20T15:59:34Z,CHAN,79355,79355186,1000,100,0,3,0,-700,-1160,-1135
2026-09-20T15:59:35Z,CHAN,79356,79356186,1000,100,0,3,0,-700,-1160,-1137
2026-09-20T16:00:08Z,CHANSUM,79330,79389,60,60000,6000,0,6,0,2,0,-700,-1160,-1150,-1159
2026-09-20T16:00:09Z,CHAN,79390,79390186,1000,100,0,1,0,-1100,-1150,-1146
2026-09-20T16:00:35Z,CHAN,79416,79416186,1000,100,0,2,0,-1080,-1160,-1146
2026-09-20T16:00:37Z,CHAN,79418,79418186,1000,100,0,5,0,-700,-1160,-1126
2026-09-20T16:00:52Z,CHAN,79433,79433186,1000,100,0,1,0,-990,-1160,-1146
2026-09-20T16:01:08Z,CHANSUM,79390,79449,60,60000,6000,0,9,0,4,0,-700,-1160,-1150,-1159
2026-09-20T16:01:09Z,CHAN,79450,79450186,1000,100,0,9,0,-960,-1160,-1134
2026-09-20T16:01:32Z,CHAN,79473,79473186,1000,100,0,3,0,-1090,-1160,-1145
2026-09-20T16:01:42Z,CHAN,79483,79483186,1000,100,0,4,0,-980,-1160,-1139
2026-09-20T16:02:08Z,CHANSUM,79450,79509,60,60000,6000,0,16,0,3,0,-960,-1160,-1150,-1159
2026-09-20T16:03:03Z,CHAN,79564,79564186,1000,100,0,1,0,-660,-1150,-1142
2026-09-20T16:03:08Z,CHANSUM,79510,79569,60,60000,6000,0,1,0,1,0,-660,-1160,-1150,-1159
2026-09-20T16:04:08Z,CHANSUM,79570,79629,60,60000,6000,0,0,0,0,0,-1120,-1160,-1150,-1159
2026-09-20T16:05:08Z,CHANSUM,79630,79689,60,60000,6000,0,0,0,0,0,-1130,-1160,-1160,-1160
2026-09-20T16:05:10Z,CHAN,79691,79691186,1000,100,0,1,0,-1100,-1160,-1146
2026-09-20T16:05:14Z,CHAN,79695,79695186,1000,100,0,1,0,-670,-1160,-1142
2026-09-20T16:06:08Z,CHANSUM,79690,79749,60,60000,6000,0,2,0,2,0,-670,-1160,-1150,-1159
2026-09-20T16:07:03Z,CHAN,79804,79804186,1000,100,0,1,0,-1090,-1160,-1146
2026-09-20T16:07:08Z,CHANSUM,79750,79809,60,60000,6000,0,1,0,1,0,-1090,-1160,-1150,-1158
2026-09-20T16:07:42Z,CHAN,79843,79843186,1000,100,0,1,0,-1100,-1160,-1145
2026-09-20T16:08:08Z,CHANSUM,79810,79869,60,60000,6000,0,1,0,1,0,-1100,-1160,-1150,-1159
2026-09-20T16:08:46Z,CHAN,79907,79907186,1000,100,0,1,0,-1100,-1160,-1145
2026-09-20T16:08:54Z,CHAN,79915,79915186,1000,100,0,1,0,-1090,-1160,-1145
2026-09-20T16:09:08Z,CHANSUM,79870,79929,60,60000,6000,0,2,0,2,0,-1090,-1160,-1150,-1159
2026-09-20T16:09:31Z,CHAN,79952,79952186,1000,100,0,1,0,-1100,-1160,-1147
2026-09-20T16:09:35Z,CHAN,79956,79956186,1000,100,0,1,0,-670,-1160,-1142
2026-09-20T16:09:45Z,CHAN,79966,79966186,1000,100,0,1,0,-1100,-1160,-1146
2026-09-20T16:09:54Z,CHAN,79975,79975186,1000,100,0,4,0,-1090,-1160,-1144
2026-09-20T16:10:08Z,CHANSUM,79930,79989,60,60000,6000,0,7,0,4,0,-670,-1160,-1150,-1159
2026-09-20T16:10:14Z,CHAN,79995,79995186,1000,100,0,2,0,-1100,-1150,-1146
2026-09-20T16:10:25Z,CHAN,80006,80006186,1000,100,0,2,0,-1100,-1160,-1147
2026-09-20T16:10:56Z,CHAN,80037,80037186,1000,100,0,3,0,-1040,-1160,-1144
2026-09-20T16:11:08Z,CHANSUM,79990,80049,60,60000,6000,0,7,0,3,0,-1040,-1160,-1150,-1159
2026-09-20T16:11:14Z,CHAN,80055,80055186,1000,100,0,3,0,-920,-1160,-1141
2026-09-20T16:11:15Z,CHAN,80056,80056186,1000,100,0,2,0,-920,-1150,-1142
2026-09-20T16:11:38Z,CHAN,80079,80079186,1000,100,0,4,0,-1030,-1160,-1144
2026-09-20T16:11:45Z,CHAN,80086,80086186,1000,100,0,1,0,-1100,-1160,-1146
2026-09-20T16:11:46Z,CHAN,80087,80087186,1000,100,0,1,0,-690,-1160,-1142
2026-09-20T16:12:08Z,CHANSUM,80050,80109,60,60000,6000,0,11,0,5,0,-690,-1160,-1150,-1159
2026-09-20T16:12:15Z,CHAN,80116,80116186,1000,100,0,4,0,-710,-1160,-1129
2026-09-20T16:12:23Z,CHAN,80124,80124186,1000,100,0,4,0,-970,-1160,-1141
2026-09-20T16:12:36Z,CHAN,80137,80137186,1000,100,0,3,0,-1090,-1160,-1144
2026-09-20T16:12:38Z,CHAN,80139,80139186,1000,100,0,4,0,-1060,-1160,-1143
2026-09-20T16:13:08Z,CHANSUM,80110,80169,60,60000,6000,0,15,0,4,0,-710,-1160,-1150,-1159
2026-09-20T16:13:56Z,CHAN,80217,80217186,1000,100,0,1,0,-1000,-1160,-1145
2026-09-20T16:14:08Z,CHANSUM,80170,80229,60,60000,6000,0,1,0,1,0,-1000,-1170,-1150,-1159
2026-09-20T16:15:08Z,CHANSUM,80230,80289,60,60000,6000,0,0,0,0,0,-1120,-1160,-1150,-1159
2026-09-20T16:16:07Z,CHAN,80348,80348186,1000,100,0,1,0,-670,-1160,-1142
2026-09-20T16:16:08Z,CHANSUM,80290,80349,60,60000,6000,0,1,0,1,0,-670,-1160,-1150,-1159
2026-09-20T16:16:49Z,CHAN,80390,80390186,1000,100,0,4,0,-990,-1160,-1141
2026-09-20T16:17:08Z,CHANSUM,80350,80409,60,60000,6000,0,4,0,1,0,-990,-1160,-1150,-1159
2026-09-20T16:17:40Z,CHAN,80441,80441186,1000,100,0,10,0,-950,-1160,-1134
2026-09-20T16:18:02Z,CHAN,80463,80463186,1000,100,0,1,0,-1090,-1160,-1146
2026-09-20T16:18:08Z,CHANSUM,80410,80469,60,60000,6000,0,11,0,2,0,-950,-1160,-1150,-1159
2026-09-20T16:18:18Z,CHAN,80479,80479186,1000,100,0,4,0,-970,-1160,-1143
2026-09-20T16:19:08Z,CHANSUM,80470,80529,60,60000,6000,0,4,0,1,0,-970,-1160,-1150,-1159
2026-09-20T16:19:18Z,CHAN,80539,80539186,1000,100,0,4,0,-1080,-1160,-1144
2026-09-20T16:19:31Z,CHAN,80552,80552186,1000,100,0,4,0,-1090,-1160,-1144
2026-09-20T16:19:41Z,CHAN,80562,80562186,1000,100,0,1,0,-1100,-1160,-1145
2026-09-20T16:19:50Z,CHAN,80571,80571186,1000,100,0,2,0,-1090,-1160,-1146
2026-09-20T16:20:00Z,CHAN,80581,80581186,1000,100,0,4,0,-1050,-1160,-1143
2026-09-20T16:20:08Z,CHANSUM,80530,80589,60,60000,6000,0,15,0,5,0,-1050,-1160,-1160,-1160
2026-09-20T16:20:29Z,CHAN,80610,80610186,1000,100,0,1,0,-670,-1160,-1142
2026-09-20T16:20:30Z,CHAN,80611,80611186,1000,100,0,3,0,-980,-1160,-1142
2026-09-20T16:20:34Z,CHAN,80615,80615186,1000,100,0,3,0,-1040,-1150,-1143
2026-09-20T16:20:35Z,CHAN,80616,80616186,1000,100,0,2,0,-1040,-1150,-1144
2026-09-20T16:20:45Z,CHAN,80626,80626186,1000,100,0,2,0,-1100,-1160,-1146
2026-09-20T16:20:52Z,CHAN,80633,80633186,1000,100,0,4,0,-1090,-1160,-1145
2026-09-20T16:21:07Z,CHAN,80648,80648186,1000,100,0,3,0,-910,-1160,-1141
2026-09-20T16:21:08Z,CHANSUM,80590,80649,60,60000,6000,0,18,0,7,0,-670,-1160,-1150,-1158
2026-09-20T16:21:13Z,CHAN,80654,80654186,1000,100,0,4,0,-1080,-1160,-1144
2026-09-20T16:21:21Z,CHAN,80662,80662186,1000,100,0,4,0,-1040,-1160,-1142
2026-09-20T16:21:36Z,CHAN,80677,80677186,1000,100,0,3,0,-870,-1160,-1138
2026-09-20T16:22:08Z,CHANSUM,80650,80709,60,60000,6000,0,11,0,3,0,-870,-1160,-1150,-1159
2026-09-20T16:22:23Z,CHAN,80724,80724186,1000,100,0,2,0,-1100,-1160,-1146
2026-09-20T16:22:39Z,CHAN,80740,80740186,1000,100,0,1,0,-680,-1160,-1143
2026-09-20T16:22:51Z,CHAN,80752,80752186,1000,100,0,3,0,-1030,-1160,-1144
2026-09-20T16:23:08Z,CHANSUM,80710,80769,60,60000,6000,0,6,0,3,0,-680,-1160,-1150,-1159
2026-09-20T16:23:14Z,CHAN,80775,80775186,1000,100,0,2,0,-1100,-1160,-1146
2026-09-20T16:23:24Z,CHAN,80785,80785186,1000,100,0,4,0,-1040,-1160,-1143
2026-09-20T16:23:27Z,CHAN,80788,80788186,1000,100,0,3,0,-1090,-1160,-1143
2026-09-20T16:23:32Z,CHAN,80793,80793186,1000,100,0,4,0,-1090,-1160,-1144
2026-09-20T16:23:42Z,CHAN,80803,80803186,1000,100,0,4,0,-870,-1160,-1136
2026-09-20T16:23:43Z,CHAN,80804,80804186,1000,100,0,4,0,-700,-1160,-1130
2026-09-20T16:23:58Z,CHAN,80819,80819186,1000,100,0,5,0,-710,-1160,-1128
2026-09-20T16:24:08Z,CHANSUM,80770,80829,60,60000,6000,0,26,0,7,0,-700,-1160,-1150,-1159
2026-09-20T16:24:50Z,CHAN,80871,80871186,1000,100,0,1,0,-860,-1160,-1145
2026-09-20T16:24:58Z,CHAN,80879,80879186,1000,100,0,4,0,-690,-1160,-1131
2026-09-20T16:25:05Z,CHAN,80886,80886186,1000,100,0,1,0,-1000,-1160,-1146
2026-09-20T16:25:06Z,CHAN,80887,80887186,1000,100,0,2,0,-970,-1160,-1144
2026-09-20T16:25:08Z,CHANSUM,80830,80889,60,60000,6000,0,8,0,4,0,-690,-1160,-1150,-1159
2026-09-20T16:26:08Z,CHANSUM,80890,80949,60,60000,6000,0,0,0,0,0,-1120,-1160,-1150,-1159
2026-09-20T16:26:46Z,CHAN,80987,80987186,1000,100,0,5,0,-1030,-1160,-1142
2026-09-20T16:27:01Z,CHAN,81002,81002186,1000,100,0,1,0,-660,-1160,-1142
2026-09-20T16:27:08Z,CHANSUM,80950,81009,60,60000,6000,0,6,0,2,0,-660,-1160,-1150,-1159
2026-09-20T16:27:20Z,CHAN,81021,81021186,1000,100,0,2,0,-1090,-1160,-1145
2026-09-20T16:27:23Z,CHAN,81024,81024186,1000,100,0,1,0,-1100,-1160,-1145
2026-09-20T16:27:33Z,CHAN,81034,81034186,1000,100,0,1,0,-1050,-1160,-1146
2026-09-20T16:27:35Z,CHAN,81036,81036186,1000,100,0,3,0,-1070,-1160,-1145
2026-09-20T16:27:41Z,CHAN,81042,81042186,1000,100,0,4,0,-880,-1160,-1136
2026-09-20T16:27:46Z,CHAN,81047,81047186,1000,100,0,4,0,-1030,-1160,-1142
2026-09-20T16:28:03Z,CHAN,81064,81064186,1000,100,0,4,0,-950,-1160,-1140
2026-09-20T16:28:08Z,CHANSUM,81010,81069,60,60000,6000,0,19,0,7,0,-880,-1160,-1150,-1159
2026-09-20T16:28:42Z,CHAN,81103,81103186,1000,100,0,3,0,-880,-1160,-1139
2026-09-20T16:29:05Z,CHAN,81126,81126186,1000,100,0,1,0,-1090,-1160,-1146
2026-09-20T16:29:08Z,CHANSUM,81070,81129,60,60000,6000,0,4,0,2,0,-880,-1180,-1150,-1159
2026-09-20T16:29:11Z,CHAN,81132,81132186,1000,100,0,1,0,-680,-1160,-1140
2026-09-20T16:29:20Z,CHAN,81141,81141186,1000,100,0,1,0,-940,-1160,-1145
2026-09-20T16:29:40Z,CHAN,81161,81161186,1000,100,0,4,0,-700,-1160,-1132
2026-09-20T16:30:08Z,CHANSUM,81130,81189,60,60000,6000,0,6,0,3,0,-680,-1160,-1150,-1159
2026-09-20T16:30:26Z,CHAN,81207,81207186,1000,100,0,3,0,-940,-1160,-1142
2026-09-20T16:31:08Z,CHANSUM,81190,81249,60,60000,6000,0,3,0,1,0,-940,-1160,-1150,-1159
2026-09-20T16:31:13Z,CHAN,81254,81254186,1000,100,0,3,0,-920,-1160,-1140
2026-09-20T16:31:22Z,CHAN,81263,81263186,1000,100,0,1,0,-1060,-1160,-1146
2026-09-20T16:31:26Z,CHAN,81267,81267186,1000,100,0,3,0,-1100,-1150,-1144
2026-09-20T16:31:34Z,CHAN,81275,81275186,1000,100,0,3,0,-1090,-1160,-1145
2026-09-20T16:32:06Z,CHAN,81307,81307186,1000,100,0,2,0,-1090,-1150,-1144
2026-09-20T16:32:08Z,CHANSUM,81250,81309,60,60000,6000,0,12,0,5,0,-920,-1160,-1150,-1159
2026-09-20T16:32:32Z,CHAN,81333,81333186,1000,100,0,3,0,-1090,-1160,-1145
2026-09-20T16:32:59Z,CHAN,81360,81360186,1000,100,0,1,0,-1100,-1160,-1146
2026-09-20T16:33:08Z,CHANSUM,81310,81369,60,60000,6000,0,4,0,2,0,-1090,-1160,-1150,-1159
2026-09-20T16:33:33Z,CHAN,81394,81394186,1000,100,0,1,0,-680,-1160,-1141
2026-09-20T16:34:02Z,CHAN,81423,81423186,1000,100,0,5,0,-870,-1160,-1134
2026-09-20T16:34:04Z,CHAN,81425,81425186,1000,100,0,10,0,-940,-1160,-1133
2026-09-20T16:34:08Z,CHANSUM,81370,81429,60,60000,6000,0,16,0,3,0,-680,-1160,-1150,-1159
2026-09-20T16:34:16Z,CHAN,81437,81437186,1000,100,0,1,0,-1100,-1160,-1145
2026-09-20T16:35:08Z,CHANSUM,81430,81489,60,60000,6000,0,1,0,1,0,-1100,-1160,-1150,-1159
2026-09-20T16:35:16Z,CHAN,81497,81497186,1000,100,0,1,0,-1100,-1160,-1146
2026-09-20T16:35:40Z,CHAN,81521,81521186,1000,100,0,2,0,-1090,-1160,-1146
2026-09-20T16:35:43Z,CHAN,81524,81524186,1000,100,0,1,0,-680,-1160,-1143
2026-09-20T16:35:50Z,CHAN,81531,81531186,1000,100,0,2,0,-1100,-1160,-1146
2026-09-20T16:35:59Z,CHAN,81540,81540186,1000,100,0,5,0,-1030,-1160,-1142
2026-09-20T16:36:08Z,CHANSUM,81490,81549,60,60000,6000,0,11,0,5,0,-680,-1160,-1150,-1159
2026-09-20T16:36:34Z,CHAN,81575,81575186,1000,100,0,1,0,-1100,-1160,-1146
2026-09-20T16:37:08Z,CHANSUM,81550,81609,60,60000,6000,0,1,0,1,0,-1100,-1160,-1150,-1159
2026-09-20T16:37:29Z,CHAN,81630,81630186,1000,100,0,3,0,-920,-1160,-1140
2026-09-20T16:37:37Z,CHAN,81638,81638186,1000,100,0,3,0,-1080,-1160,-1145
2026-09-20T16:37:42Z,CHAN,81643,81643186,1000,100,0,3,0,-1020,-1160,-1144
2026-09-20T16:37:50Z,CHAN,81651,81651186,1000,100,0,3,0,-960,-1160,-1141
2026-09-20T16:37:54Z,CHAN,81655,81655186,1000,100,0,1,0,-1070,-1160,-1146
2026-09-20T16:38:01Z,CHAN,81662,81662186,1000,100,0,5,0,-1020,-1160,-1141
2026-09-20T16:38:08Z,CHANSUM,81610,81669,60,60000,6000,0,18,0,6,0,-920,-1160,-1150,-1159
2026-09-20T16:39:08Z,CHANSUM,81670,81729,60,60000,6000,0,0,0,0,0,-1130,-1160,-1150,-1159
2026-09-20T16:40:05Z,CHAN,81786,81786186,1000,100,0,1,0,-670,-1160,-1143
2026-09-20T16:40:08Z,CHANSUM,81730,81789,60,60000,6000,0,1,0,1,0,-670,-1160,-1150,-1159
2026-09-20T16:40:43Z,CHAN,81824,81824186,1000,100,0,5,0,-1090,-1160,-1145
2026-09-20T16:41:08Z,CHANSUM,81790,81849,60,60000,6000,0,5,0,1,0,-1090,-1160,-1150,-1159
2026-09-20T16:42:08Z,CHANSUM,81850,81909,60,60000,6000,0,0,0,0,0,-1130,-1160,-1150,-1159
2026-09-20T16:42:15Z,CHAN,81916,81916186,1000,100,0,1,0,-710,-1160,-1143
2026-09-20T16:43:08Z,CHANSUM,81910,81969,60,60000,6000,0,1,0,1,0,-710,-1160,-1150,-1159
2026-09-20T16:44:08Z,CHANSUM,81970,82029,60,60000,6000,0,0,0,0,0,-1120,-1160,-1150,-1159
2026-09-20T16:44:26Z,CHAN,82047,82047186,1000,100,0,1,0,-680,-1160,-1143
2026-09-20T16:45:08Z,CHANSUM,82030,82089,60,60000,6000,0,1,0,1,0,-680,-1160,-1150,-1158
2026-09-20T16:45:48Z,CHAN,82129,82129186,1000,100,0,5,0,-1090,-1160,-1144
2026-09-20T16:46:08Z,CHANSUM,82090,82149,60,60000,6000,0,5,0,1,0,-1090,-1160,-1150,-1159
2026-09-20T16:46:37Z,CHAN,82178,82178186,1000,100,0,1,0,-670,-1160,-1142
2026-09-20T16:46:50Z,CHAN,82191,82191186,1000,100,0,1,0,-1100,-1160,-1146
2026-09-20T16:47:03Z,CHAN,82204,82204186,1000,100,0,3,0,-950,-1160,-1142
2026-09-20T16:47:04Z,CHAN,82205,82205186,1000,100,0,2,0,-950,-1160,-1142
2026-09-20T16:47:08Z,CHANSUM,82150,82209,60,60000,6000,0,7,0,4,0,-670,-1160,-1150,-1159
2026-09-20T16:48:01Z,CHAN,82262,82262186,1000,100,0,5,0,-950,-1160,-1138
2026-09-20T16:48:08Z,CHANSUM,82210,82269,60,60000,6000,0,5,0,1,0,-950,-1160,-1150,-1159
2026-09-20T16:48:47Z,CHAN,82308,82308186,1000,100,0,1,0,-860,-1160,-1143
2026-09-20T16:48:58Z,CHAN,82319,82319186,1000,100,0,5,0,-1040,-1160,-1141
2026-09-20T16:49:08Z,CHANSUM,82270,82329,60,60000,6000,0,6,0,2,0,-860,-1160,-1150,-1159
2026-09-20T16:49:25Z,CHAN,82346,82346186,1000,100,0,5,0,-980,-1160,-1139
2026-09-20T16:49:26Z,CHAN,82347,82347186,1000,100,0,36,0,-950,-1160,-1091
2026-09-20T16:49:27Z,CHAN,82348,82348186,1000,100,0,46,0,-950,-1160,-1079
2026-09-20T16:49:28Z,CHAN,82349,82349186,1000,100,0,28,0,-970,-1160,-1098
2026-09-20T16:49:29Z,CHAN,82350,82350186,1000,100,0,36,0,-950,-1160,-1090
2026-09-20T16:49:33Z,CHAN,82354,82354186,1000,100,0,47,0,-950,-1150,-1069
2026-09-20T16:49:34Z,CHAN,82355,82355186,1000,100,0,26,0,-950,-1150,-1102
2026-09-20T16:50:01Z,CHAN,82382,82382186,1000,100,0,14,0,-950,-1160,-1129
2026-09-20T16:50:02Z,CHAN,82383,82383186,1000,100,0,39,0,-950,-1160,-1082
2026-09-20T16:50:03Z,CHAN,82384,82384186,1000,100,0,3,0,-950,-1160,-1142
2026-09-20T16:50:08Z,CHANSUM,82330,82389,60,60000,6000,0,280,0,10,0,-950,-1160,-1150,-1159
2026-09-20T16:50:27Z,CHAN,82408,82408186,1000,100,0,2,0,-1090,-1160,-1145
2026-09-20T16:50:28Z,CHAN,82409,82409186,1000,100,0,13,0,-950,-1160,-1124
2026-09-20T16:50:29Z,CHAN,82410,82410186,1000,100,0,23,0,-950,-1150,-1117
2026-09-20T16:50:30Z,CHAN,82411,82411186,1000,100,0,28,0,-950,-1160,-1098
2026-09-20T16:50:58Z,CHAN,82439,82439186,1000,100,0,1,0,-670,-1160,-1142
2026-09-20T16:51:08Z,CHANSUM,82390,82449,60,60000,6000,0,67,0,5,0,-670,-1160,-1150,-1159
2026-09-20T16:51:33Z,CHAN,82474,82474186,1000,100,0,58,0,-950,-1150,-1047
2026-09-20T16:51:34Z,CHAN,82475,82475186,1000,100,0,8,0,-950,-1160,-1132
2026-09-20T16:52:07Z,CHAN,82508,82508186,1000,100,0,22,0,-950,-1160,-1111
2026-09-20T16:52:08Z,CHAN,82509,82509186,1000,100,0,14,0,-970,-1180,-1124
2026-09-20T16:52:08Z,CHANSUM,82450,82509,60,60000,6000,0,102,0,4,0,-950,-1180,-1150,-1159
2026-09-20T16:53:08Z,CHANSUM,82510,82569,60,60000,6000,0,0,0,0,0,-1130,-1160,-1150,-1159
2026-09-20T16:53:09Z,CHAN,82570,82570186,1000,100,0,1,0,-670,-1160,-1142
2026-09-20T16:53:37Z,CHAN,82598,82598186,1000,100,0,4,0,-1100,-1160,-1144
2026-09-20T16:54:08Z,CHANSUM,82570,82629,60,60000,6000,0,5,0,2,0,-670,-1160,-1150,-1159
2026-09-20T16:54:25Z,CHAN,82646,82646186,1000,100,0,1,0,-1100,-1160,-1145
2026-09-20T16:55:04Z,CHAN,82685,82685186,1000,100,0,2,0,-1090,-1160,-1145
2026-09-20T16:55:05Z,CHAN,82686,82686186,1000,100,0,4,0,-1050,-1160,-1143
2026-09-20T16:55:08Z,CHANSUM,82630,82689,60,60000,6000,0,7,0,3,0,-1050,-1160,-1150,-1159
2026-09-20T16:55:20Z,CHAN,82701,82701186,1000,100,0,1,0,-980,-1160,-1144
2026-09-20T16:55:29Z,CHAN,82710,82710186,1000,100,0,8,0,-1040,-1160,-1139
2026-09-20T16:55:34Z,CHAN,82715,82715186,1000,100,0,3,0,-1090,-1160,-1145
2026-09-20T16:55:52Z,CHAN,82733,82733186,1000,100,0,3,0,-1090,-1160,-1145
2026-09-20T16:56:08Z,CHANSUM,82690,82749,60,60000,6000,0,15,0,4,0,-980,-1160,-1150,-1159
2026-09-20T16:56:28Z,CHAN,82769,82769186,1000,100,0,4,0,-890,-1160,-1137
2026-09-20T16:56:34Z,CHAN,82775,82775186,1000,100,0,8,0,-1040,-1160,-1139
2026-09-20T16:57:08Z,CHANSUM,82750,82809,60,60000,6000,0,12,0,2,0,-890,-1160,-1150,-1159
2026-09-20T16:57:30Z,CHAN,82831,82831186,1000,100,0,1,0,-660,-1160,-1142
2026-09-20T16:58:08Z,CHANSUM,82810,82869,60,60000,6000,0,1,0,1,0,-660,-1160,-1150,-1159
2026-09-20T16:58:52Z,CHAN,82913,82913186,1000,100,0,5,0,-920,-1160,-1135
2026-09-20T16:59:08Z,CHANSUM,82870,82929,60,60000,6000,0,5,0,1,0,-920,-1160,-1150,-1159
2026-09-20T16:59:41Z,CHAN,82962,82962186,1000,100,0,1,0,-670,-1160,-1142
2026-09-20T17:00:08Z,CHANSUM,82930,82989,60,60000,6000,0,1,0,1,0,-670,-1160,-1150,-1159
2026-09-20T17:01:08Z,CHANSUM,82990,83049,60,60000,6000,0,0,0,0,0,-1120,-1160,-1150,-1159
2026-09-20T17:01:32Z,CHAN,83073,83073186,1000,100,0,7,0,-1040,-1160,-1141
2026-09-20T17:02:08Z,CHANSUM,83050,83109,60,60000,6000,0,7,0,1,0,-1040,-1160,-1150,-1159
2026-09-20T17:02:20Z,CHAN,83121,83121186,1000,100,0,4,0,-970,-1160,-1140
2026-09-20T17:03:08Z,CHANSUM,83110,83169,60,60000,6000,0,4,0,1,0,-970,-1160,-1150,-1159
2026-09-20T17:03:26Z,CHAN,83187,83187186,1000,100,0,4,0,-960,-1160,-1139
2026-09-20T17:03:57Z,CHAN,83218,83218186,1000,100,0,3,0,-970,-1160,-1141
2026-09-20T17:04:02Z,CHAN,83223,83223186,1000,100,0,1,0,-670,-1160,-1143
2026-09-20T17:04:08Z,CHANSUM,83170,83229,60,60000,6000,0,8,0,3,0,-670,-1160,-1150,-1159
2026-09-20T17:04:14Z,CHAN,83235,83235186,1000,100,0,3,0,-1090,-1160,-1145
2026-09-20T17:04:17Z,CHAN,83238,83238186,1000,100,0,4,0,-1040,-1160,-1144
2026-09-20T17:04:29Z,CHAN,83250,83250186,1000,100,0,3,0,-1080,-1160,-1145
2026-09-20T17:05:02Z,CHAN,83283,83283186,1000,100,0,3,0,-1070,-1160,-1145
2026-09-20T17:05:03Z,CHAN,83284,83284186,1000,100,0,1,0,-1100,-1160,-1146
2026-09-20T17:05:08Z,CHANSUM,83230,83289,60,60000,6000,0,14,0,5,0,-1040,-1160,-1150,-1159
2026-09-20T17:05:17Z,CHAN,83298,83298186,1000,100,0,4,0,-1030,-1160,-1143
2026-09-20T17:05:23Z,CHAN,83304,83304186,1000,100,0,3,0,-950,-1160,-1141
2026-09-20T17:06:08Z,CHANSUM,83290,83349,60,60000,6000,0,7,0,2,0,-950,-1160,-1150,-1159
2026-09-20T17:06:13Z,CHAN,83354,83354186,1000,100,0,1,0,-710,-1160,-1142
2026-09-20T17:06:39Z,CHAN,83380,83380186,1000,100,0,14,0,-960,-1150,-1122
2026-09-20T17:06:40Z,CHAN,83381,83381186,1000,100,0,49,0,-950,-1160,-1077
2026-09-20T17:06:41Z,CHAN,83382,83382186,1000,100,0,9,0,-980,-1160,-1132
2026-09-20T17:07:08Z,CHANSUM,83350,83409,60,60000,6000,0,73,0,4,0,-710,-1160,-1150,-1159
2026-09-20T17:07:36Z,CHAN,83437,83437186,1000,100,0,3,0,-880,-1160,-1140
2026-09-20T17:08:08Z,CHANSUM,83410,83469,60,60000,6000,0,3,0,1,0,-880,-1160,-1150,-1159
2026-09-20T17:08:09Z,CHAN,83470,83470186,1000,100,0,5,0,-1060,-1160,-1143
2026-09-20T17:08:24Z,CHAN,83485,83485186,1000,100,0,1,0,-670,-1160,-1141
2026-09-20T17:09:08Z,CHANSUM,83470,83529,60,60000,6000,0,6,0,2,0,-670,-1160,-1150,-1159
2026-09-20T17:09:20Z,CHAN,83541,83541186,1000,100,0,3,0,-1040,-1160,-1144
2026-09-20T17:09:32Z,CHAN,83553,83553186,1000,100,0,5,0,-990,-1160,-1141
2026-09-20T17:10:08Z,CHANSUM,83530,83589,60,60000,6000,0,8,0,2,0,-990,-1160,-1150,-1159
2026-09-20T17:10:09Z,CHAN,83590,83590186,1000,100,0,3,0,-950,-1160,-1142
2026-09-20T17:10:20Z,CHAN,83601,83601186,1000,100,0,72,0,-940,-1160,-1032
2026-09-20T17:10:21Z,CHAN,83602,83602186,1000,100,0,35,0,-950,-1160,-1087
2026-09-20T17:10:22Z,CHAN,83603,83603186,1000,100,0,88,0,-950,-1160,-1014
2026-09-20T17:10:23Z,CHAN,83604,83604186,1000,100,0,19,0,-940,-1160,-1113
2026-09-20T17:10:34Z,CHAN,83615,83615186,1000,100,0,1,0,-680,-1160,-1142
2026-09-20T17:10:56Z,CHAN,83637,83637186,1000,100,0,2,0,-1090,-1160,-1146
2026-09-20T17:11:08Z,CHANSUM,83590,83649,60,60000,6000,0,220,0,7,0,-680,-1160,-1150,-1159
2026-09-20T17:11:13Z,CHAN,83654,83654186,1000,100,0,4,0,-960,-1160,-1142
2026-09-20T17:11:14Z,CHAN,83655,83655186,1000,100,0,5,0,-1030,-1160,-1142
2026-09-20T17:11:16Z,CHAN,83657,83657186,1000,100,0,3,0,-990,-1160,-1141
2026-09-20T17:12:08Z,CHANSUM,83650,83709,60,60000,6000,0,12,0,3,0,-960,-1160,-1150,-1159
2026-09-20T17:12:45Z,CHAN,83746,83746186,1000,100,0,1,0,-740,-1160,-1144
2026-09-20T17:13:08Z,CHANSUM,83710,83769,60,60000,6000,0,1,0,1,0,-740,-1160,-1150,-1159
2026-09-20T17:14:08Z,CHANSUM,83770,83829,60,60000,6000,0,0,0,0,0,-1130,-1180,-1150,-1160
2026-09-20T17:14:56Z,CHAN,83877,83877186,1000,100,0,1,0,-680,-1160,-1142
2026-09-20T17:15:08Z,CHANSUM,83830,83889,60,60000,6000,0,1,0,1,0,-680,-1170,-1150,-1159
2026-09-20T17:15:24Z,CHAN,83905,83905186,1000,100,0,3,0,-960,-1160,-1141
2026-09-20T17:15:25Z,CHAN,83906,83906186,1000,100,0,2,0,-960,-1160,-1143
2026-09-20T17:16:08Z,CHANSUM,83890,83949,60,60000,6000,0,5,0,2,0,-960,-1160,-1150,-1159
2026-09-20T17:17:06Z,CHAN,84007,84007186,1000,100,0,1,0,-680,-1160,-1142
2026-09-20T17:17:08Z,CHANSUM,83950,84009,60,60000,6000,0,1,0,1,0,-680,-1160,-1150,-1159
2026-09-20T17:18:08Z,CHANSUM,84010,84069,60,60000,6000,0,0,0,0,0,-1130,-1160,-1150,-1159
2026-09-20T17:19:08Z,CHANSUM,84070,84129,60,60000,6000,0,0,0,0,0,-1110,-1160,-1150,-1159
2026-09-20T17:19:17Z,CHAN,84138,84138186,1000,100,0,1,0,-1050,-1160,-1147
2026-09-20T17:19:34Z,CHAN,84155,84155186,1000,100,0,5,0,-1030,-1160,-1142
2026-09-20T17:20:08Z,CHANSUM,84130,84189,60,60000,6000,0,6,0,2,0,-1030,-1160,-1150,-1159
2026-09-20T17:21:08Z,CHANSUM,84190,84249,60,60000,6000,0,0,0,0,0,-1130,-1160,-1150,-1159
2026-09-20T17:21:28Z,CHAN,84269,84269186,1000,100,0,2,0,-680,-1160,-1142
2026-09-20T17:21:57Z,CHAN,84298,84298186,1000,100,0,1,0,-1100,-1150,-1146
2026-09-20T17:22:08Z,CHANSUM,84250,84309,60,60000,6000,0,3,0,2,0,-680,-1160,-1150,-1159
2026-09-20T17:22:13Z,CHAN,84314,84314186,1000,100,0,3,0,-1070,-1150,-1145
2026-09-20T17:22:25Z,CHAN,84326,84326186,1000,100,0,12,0,-920,-1160,-1125
2026-09-20T17:23:08Z,CHANSUM,84310,84369,60,60000,6000,0,15,0,2,0,-920,-1160,-1150,-1159
2026-09-20T17:23:23Z,CHAN,84384,84384186,1000,100,0,3,0,-1090,-1160,-1145
2026-09-20T17:23:38Z,CHAN,84399,84399186,1000,100,0,1,0,-680,-1160,-1142
2026-09-20T17:24:02Z,CHAN,84423,84423186,1000,100,0,4,0,-1090,-1160,-1145
2026-09-20T17:24:08Z,CHANSUM,84370,84429,60,60000,6000,0,8,0,3,0,-680,-1160,-1150,-1159
2026-09-20T17:24:17Z,CHAN,84438,84438186,1000,100,0,3,0,-990,-1160,-1143
2026-09-20T17:24:42Z,CHAN,84463,84463186,1000,100,0,6,0,-870,-1160,-1132
2026-09-20T17:25:08Z,CHANSUM,84430,84489,60,60000,6000,0,9,0,2,0,-870,-1160,-1150,-1159
2026-09-20T17:25:18Z,CHAN,84499,84499186,1000,100,0,4,0,-1040,-1160,-1143
2026-09-20T17:25:34Z,CHAN,84515,84515186,1000,100,0,3,0,-1070,-1160,-1145
2026-09-20T17:25:49Z,CHAN,84530,84530186,1000,100,0,1,0,-1060,-1160,-1146
2026-09-20T17:25:50Z,CHAN,84531,84531186,1000,100,0,4,0,-1090,-1160,-1145
2026-09-20T17:25:58Z,CHAN,84539,84539186,1000,100,0,3,0,-1090,-1160,-1145
2026-09-20T17:26:08Z,CHANSUM,84490,84549,60,60000,6000,0,15,0,5,0,-1040,-1160,-1150,-1159
2026-09-20T17:26:24Z,CHAN,84565,84565186,1000,100,0,4,0,-930,-1160,-1139
2026-09-20T17:27:08Z,CHANSUM,84550,84609,60,60000,6000,0,4,0,1,0,-930,-1160,-1150,-1159
2026-09-20T17:27:58Z,CHAN,84659,84659186,1000,100,0,3,0,-1090,-1160,-1144
2026-09-20T17:28:00Z,CHAN,84661,84661186,1000,100,0,1,0,-680,-1160,-1143
2026-09-20T17:28:08Z,CHANSUM,84610,84669,60,60000,6000,0,4,0,2,0,-680,-1160,-1150,-1159
2026-09-20T17:28:19Z,CHAN,84680,84680186,1000,100,0,3,0,-1090,-1160,-1145
2026-09-20T17:29:08Z,CHANSUM,84670,84729,60,60000,6000,0,3,0,1,0,-1090,-1160,-1150,-1159
2026-09-20T17:30:08Z,CHANSUM,84730,84789,60,60000,6000,0,0,0,0,0,-1130,-1160,-1150,-1159
2026-09-20T17:30:11Z,CHAN,84792,84792186,1000,100,0,1,0,-720,-1160,-1143
2026-09-20T17:30:13Z,CHAN,84794,84794186,1000,100,0,14,0,-950,-1160,-1122
2026-09-20T17:30:14Z,CHAN,84795,84795186,1000,100,0,30,0,-960,-1160,-1115
2026-09-20T17:30:15Z,CHAN,84796,84796186,1000,100,0,46,0,-950,-1160,-1082
2026-09-20T17:30:17Z,CHAN,84798,84798186,1000,100,0,13,0,-960,-1160,-1124
2026-09-20T17:30:18Z,CHAN,84799,84799186,1000,100,0,23,0,-960,-1160,-1111
2026-09-20T17:30:19Z,CHAN,84800,84800186,1000,100,0,28,0,-950,-1160,-1105
2026-09-20T17:30:20Z,CHAN,84801,84801186,1000,100,0,3,0,-1090,-1160,-1145
2026-09-20T17:30:24Z,CHAN,84805,84805186,1000,100,0,42,0,-950,-1160,-1075
2026-09-20T17:30:25Z,CHAN,84806,84806186,1000,100,0,44,0,-960,-1160,-1083
2026-09-20T17:30:26Z,CHAN,84807,84807186,1000,100,0,56,0,-950,-1150,-1055
2026-09-20T17:30:27Z,CHAN,84808,84808186,1000,100,0,13,0,-970,-1160,-1125
2026-09-20T17:30:49Z,CHAN,84830,84830186,1000,100,0,14,0,-980,-1160,-1128
2026-09-20T17:30:50Z,CHAN,84831,84831186,1000,100,0,42,0,-960,-1160,-1079
2026-09-20T17:31:08Z,CHANSUM,84790,84849,60,60000,6000,0,369,0,14,0,-720,-1160,-1150,-1159
2026-09-20T17:31:18Z,CHAN,84859,84859186,1000,100,0,14,0,-960,-1160,-1123
2026-09-20T17:31:19Z,CHAN,84860,84860186,1000,100,0,39,0,-960,-1150,-1088
2026-09-20T17:31:20Z,CHAN,84861,84861186,1000,100,0,15,0,-960,-1160,-1123
2026-09-20T17:31:25Z,CHAN,84866,84866186,1000,100,0,6,0,-960,-1160,-1137
2026-09-20T17:31:26Z,CHAN,84867,84867186,1000,100,0,58,0,-950,-1160,-1058
2026-09-20T17:31:27Z,CHAN,84868,84868186,1000,100,0,14,0,-950,-1160,-1121
2026-09-20T17:31:56Z,CHAN,84897,84897186,1000,100,0,5,0,-980,-1160,-1140
2026-09-20T17:32:08Z,CHANSUM,84850,84909,60,60000,6000,0,151,0,7,0,-950,-1170,-1150,-1159
2026-09-20T17:32:21Z,CHAN,84922,84922186,1000,100,0,1,0,-680,-1160,-1142
2026-09-20T17:32:45Z,CHAN,84946,84946186,1000,100,0,3,0,-1100,-1160,-1144
2026-09-20T17:33:08Z,CHANSUM,84910,84969,60,60000,6000,0,4,0,2,0,-680,-1160,-1150,-1159
2026-09-20T17:34:08Z,CHANSUM,84970,85029,60,60000,6000,0,0,0,0,0,-1130,-1160,-1150,-1159
2026-09-20T17:34:32Z,CHAN,85053,85053186,1000,100,0,1,0,-680,-1160,-1142
2026-09-20T17:35:08Z,CHANSUM,85030,85089,60,60000,6000,0,1,0,1,0,-680,-1160,-1150,-1159
2026-09-20T17:36:08Z,CHANSUM,85090,85149,60,60000,6000,0,0,0,0,0,-1120,-1160,-1150,-1159
2026-09-20T17:36:19Z,CHAN,85160,85160186,1000,100,0,8,0,-1040,-1160,-1140
2026-09-20T17:36:26Z,CHAN,85167,85167186,1000,100,0,8,0,-990,-1160,-1137
2026-09-20T17:36:34Z,CHAN,85175,85175186,1000,100,0,8,0,-980,-1150,-1136
2026-09-20T17:36:43Z,CHAN,85184,85184186,1000,100,0,1,0,-940,-1160,-1146
2026-09-20T17:37:08Z,CHANSUM,85150,85209,60,60000,6000,0,25,0,4,0,-940,-1160,-1150,-1159
2026-09-20T17:38:01Z,CHAN,85262,85262186,1000,100,0,5,0,-980,-1160,-1139
2026-09-20T17:38:08Z,CHANSUM,85210,85269,60,60000,6000,0,5,0,1,0,-980,-1160,-1150,-1159
2026-09-20T17:38:53Z,CHAN,85314,85314186,1000,100,0,1,0,-680,-1160,-1142
2026-09-20T17:39:08Z,CHANSUM,85270,85329,60,60000,6000,0,1,0,1,0,-680,-1160,-1150,-1159
2026-09-20T17:40:08Z,CHANSUM,85330,85389,60,60000,6000,0,0,0,0,0,-1130,-1160,-1150,-1159
2026-09-20T17:41:04Z,CHAN,85445,85445186,1000,100,0,1,0,-670,-1160,-1142
2026-09-20T17:41:08Z,CHANSUM,85390,85449,60,60000,6000,0,1,0,1,0,-670,-1160,-1160,-1160
2026-09-20T17:42:08Z,CHANSUM,85450,85509,60,60000,6000,0,0,0,0,0,-1130,-1160,-1150,-1159
2026-09-20T17:43:08Z,CHANSUM,85510,85569,60,60000,6000,0,0,0,0,0,-1120,-1160,-1150,-1159
2026-09-20T17:43:15Z,CHAN,85576,85576186,1000,100,0,1,0,-990,-1160,-1145
2026-09-20T17:43:41Z,CHAN,85602,85602186,1000,100,0,3,0,-1080,-1160,-1144
2026-09-20T17:43:56Z,CHAN,85617,85617186,1000,100,0,3,0,-960,-1150,-1140
2026-09-20T17:44:06Z,CHAN,85627,85627186,1000,100,0,5,0,-980,-1160,-1140
2026-09-20T17:44:08Z,CHANSUM,85570,85629,60,60000,6000,0,12,0,4,0,-960,-1160,-1150,-1159
2026-09-20T17:44:52Z,CHAN,85673,85673186,1000,100,0,4,0,-950,-1160,-1140
2026-09-20T17:44:57Z,CHAN,85678,85678186,1000,100,0,4,0,-1000,-1160,-1142
2026-09-20T17:45:08Z,CHANSUM,85630,85689,60,60000,6000,0,8,0,2,0,-950,-1160,-1150,-1159
2026-09-20T17:45:25Z,CHAN,85706,85706186,1000,100,0,1,0,-660,-1160,-1142
2026-09-20T17:45:37Z,CHAN,85718,85718186,1000,100,0,2,0,-1090,-1160,-1146
2026-09-20T17:45:41Z,CHAN,85722,85722186,1000,100,0,3,0,-1080,-1160,-1145
2026-09-20T17:45:44Z,CHAN,85725,85725186,1000,100,0,4,0,-1060,-1160,-1145
2026-09-20T17:45:47Z,CHAN,85728,85728186,1000,100,0,4,0,-1040,-1160,-1143
2026-09-20T17:45:57Z,CHAN,85738,85738186,1000,100,0,5,0,-880,-1160,-1133
2026-09-20T17:45:59Z,CHAN,85740,85740186,1000,100,0,4,0,-1030,-1160,-1144
2026-09-20T17:46:08Z,CHANSUM,85690,85749,60,60000,6000,0,23,0,7,0,-660,-1160,-1160,-1160
2026-09-20T17:46:30Z,CHAN,85771,85771186,1000,100,0,4,0,-1040,-1160,-1144
2026-09-20T17:46:42Z,CHAN,85783,85783186,1000,100,0,3,0,-1080,-1160,-1145
2026-09-20T17:46:56Z,CHAN,85797,85797186,1000,100,0,4,0,-970,-1160,-1141
2026-09-20T17:47:08Z,CHANSUM,85750,85809,60,60000,6000,0,11,0,3,0,-970,-1160,-1150,-1159
2026-09-20T17:47:11Z,CHAN,85812,85812186,1000,100,0,4,0,-1080,-1160,-1145
2026-09-20T17:47:36Z,CHAN,85837,85837186,1000,100,0,1,0,-690,-1160,-1142
2026-09-20T17:47:53Z,CHAN,85854,85854186,1000,100,0,3,0,-950,-1160,-1141
2026-09-20T17:48:06Z,CHAN,85867,85867186,1000,100,0,4,0,-1040,-1160,-1143
2026-09-20T17:48:08Z,CHANSUM,85810,85869,60,60000,6000,0,12,0,4,0,-690,-1160,-1150,-1159
2026-09-20T17:48:13Z,CHAN,85874,85874186,1000,100,0,23,0,-950,-1160,-1107
2026-09-20T17:48:14Z,CHAN,85875,85875186,1000,100,0,41,0,-960,-1160,-1080
2026-09-20T17:48:22Z,CHAN,85883,85883186,1000,100,0,14,0,-950,-1160,-1123
2026-09-20T17:48:23Z,CHAN,85884,85884186,1000,100,0,31,0,-960,-1160,-1103
2026-09-20T17:48:24Z,CHAN,85885,85885186,1000,100,0,59,0,-950,-1150,-1060
2026-09-20T17:48:25Z,CHAN,85886,85886186,1000,100,0,14,0,-960,-1160,-1123
2026-09-20T17:48:28Z,CHAN,85889,85889186,1000,100,0,10,0,-950,-1160,-1130
2026-09-20T17:48:29Z,CHAN,85890,85890186,1000,100,0,32,0,-950,-1160,-1091
2026-09-20T17:48:30Z,CHAN,85891,85891186,1000,100,0,15,0,-930,-1160,-1118
2026-09-20T17:48:42Z,CHAN,85903,85903186,1000,100,0,3,0,-1100,-1160,-1146
2026-09-20T17:49:03Z,CHAN,85924,85924186,1000,100,0,16,0,-980,-1160,-1125
2026-09-20T17:49:04Z,CHAN,85925,85925186,1000,100,0,40,0,-950,-1160,-1085
2026-09-20T17:49:08Z,CHANSUM,85870,85929,60,60000,6000,0,298,0,12,0,-930,-1160,-1150,-1159
2026-09-20T17:49:13Z,CHAN,85934,85934186,1000,100,0,32,0,-960,-1150,-1090
2026-09-20T17:49:14Z,CHAN,85935,85935186,1000,100,0,32,0,-950,-1150,-1094
2026-09-20T17:49:23Z,CHAN,85944,85944186,1000,100,0,14,0,-960,-1160,-1130
2026-09-20T17:49:24Z,CHAN,85945,85945186,1000,100,0,36,0,-950,-1150,-1093
2026-09-20T17:49:25Z,CHAN,85946,85946186,1000,100,0,14,0,-960,-1150,-1125
2026-09-20T17:49:36Z,CHAN,85957,85957186,1000,100,0,1,0,-1100,-1160,-1145
2026-09-20T17:49:47Z,CHAN,85968,85968186,1000,100,0,1,0,-1100,-1160,-1146
2026-09-20T17:50:08Z,CHANSUM,85930,85989,60,60000,6000,0,130,0,7,0,-950,-1160,-1150,-1159
2026-09-20T17:51:08Z,CHANSUM,85990,86049,60,60000,6000,0,0,0,0,0,-1110,-1160,-1150,-1158
2026-09-20T17:51:57Z,CHAN,86098,86098186,1000,100,0,1,0,-670,-1160,-1142
2026-09-20T17:52:08Z,CHANSUM,86050,86109,60,60000,6000,0,1,0,1,0,-670,-1160,-1150,-1159
2026-09-20T17:53:08Z,CHANSUM,86110,86169,60,60000,6000,0,0,0,0,0,-1130,-1160,-1150,-1159
2026-09-20T17:53:59Z,CHAN,86220,86220186,1000,100,0,5,0,-1040,-1160,-1142
2026-09-20T17:54:08Z,CHAN,86229,86229186,1000,100,0,1,0,-670,-1160,-1142
2026-09-20T17:54:08Z,CHANSUM,86170,86229,60,60000,6000,0,6,0,2,0,-670,-1160,-1150,-1159
2026-09-20T17:54:24Z,CHAN,86245,86245186,1000,100,0,8,0,-1050,-1160,-1140
2026-09-20T17:55:08Z,CHANSUM,86230,86289,60,60000,6000,0,8,0,1,0,-1050,-1160,-1150,-1159
2026-09-20T17:55:19Z,CHAN,86300,86300186,1000,100,0,4,0,-1100,-1160,-1145
2026-09-20T17:56:08Z,CHANSUM,86290,86349,60,60000,6000,0,4,0,1,0,-1100,-1170,-1150,-1159
2026-09-20T17:56:19Z,CHAN,86360,86360186,1000,100,0,1,0,-1070,-1160,-1147
2026-09-20T17:56:47Z,CHAN,86388,86388186,1000,100,0,5,0,-1060,-1160,-1144
# M25 capture closed 2026-09-20T17:56:58Z
