     0.14 CMD <run: ports ['BRG', 'HEL', 'XIA'], mqtt on>
     0.16 MQTT <connected, subscribed lran/#>
     0.18 MQTT lran/bridge/availability online
     0.18 MQTT lran/bridge/version {"version":"0.1.0","git":"32503d5","slot":"app0","ota_state":"verified_or_usb"}
     0.18 MQTT lran/bridge/diag/state {"rx_crc_err":0,"rx_runt":0,"rx_oversize":0,"rx_bad_crc":0,"rx_bad_ver":0,"rx_not_addressed":0,"rx_unknown_hdr_ext":0,"rx_bad_frag":0,"rx_unknown_type":0,"rx_unknown_schema":0,"rx_bad_length":0,"rx_not_fragmentable":0,"rx_rejected_ctx":0,"rx_rejected_mac":0,"rx_unknown_src":0,"rx_reassembly_timeout":0,"rx_fragment_overflow":0,"rx_reassembly_abandoned":0,"rx_rejected_seq":0,"rx_frag_duplicate":0,"rx_frag_late":0,"rx_dup_command":0,"rx_dropped":0,"rx_frames":0,"ctx_rolls":0,"ctx_roll_failed":0}
     0.18 MQTT lran/bridge/diag/radio/state {"tx_frames":0,"cad_backoffs":0,"errors_suppressed":0,"cad_deferred":0,"cad_free":0,"rx_deaf_ms":0,"cad_errors":0,"tx_forced":0,"tx_errors":0,"tx_timeouts":0,"tx_dropped_no_radio":0,"rx_driver_errors":0,"rx_no_interrupt":0,"rx_wake_empty":0,"begin_failures":0,"last_begin_status":0,"q_rx_dropped":0,"q_rx_high_water":0,"q_publish_dropped":0,"q_publish_high_water":4,"q_tx_dropped":0,"q_tx_high_water":0,"q_log_dropped":0,"q_log_high_water":2,"q_command_dropped":0,"q_command_high_water":0,"q_config_dropped":0,"q_config_high_water":0,"q_event_dropped":0,"q_event_high_water":0,"q_hex_dropped":0,"q_hex_high_water":0}
     0.18 MQTT lran/bridge/diag/cmd/state {"cmd_submitted":0,"cmd_refused_busy":0,"cmd_sent":0,"cmd_retries":0,"cmd_acked":0,"cmd_no_ack":0,"cmd_resyncs":0,"cmd_resync_failed":0,"cmd_unconfirmed":0,"cmd_ack_ignored":0,"cmd_refused_roll_pending":0,"roll_sent":0,"roll_retries":0,"roll_busy":0,"roll_by_rejected_ctx":0}
     0.18 MQTT lran/bridge/diag/publish/state {"status_frames":0,"documents":0,"unchanged":0,"heartbeats":0,"event_frames":0,"events":0,"event_repeats":0,"bench_withheld":0,"queue_refused":0,"undecodable":0}
     0.18 MQTT lran/bridge/config/state {"simnode_diag_enable":{"value":0,"source":"override"},"diag_interval_s":{"value":60,"source":"override"},"missed_poll_threshold":{"value":3,"source":"default"},"poll_reply_timeout_ms":{"value":10000,"source":"default"},"command_ack_timeout_ms":{"value":3000,"source":"default"},"cmd_retries":{"value":3,"source":"override"},"cad_retries":{"value":5,"source":"default"},"backoff_max_ms":{"value":1500,"source":"default"},"frag_reassembly_timeout_ms":{"value":5000,"source":"default"},"error_min_interval_ms":{"value":1000,"source":"default"},"config_readback_timeout_ms":{"value":15000,"source":"default"},"config_ack_timeout_ms":{"value":8000,"source":"default"},"republish_interval_s":{"value":900,"source":"override"},"bms_stale_s":{"value":600,"source":"default"},"cell_mv_deadband":{"value":5,"source":"default"},"freq_hz":{"value":917400000,"source":"override"},"spreading_factor":{"value":9,"source":"override"},"bandwidth_khz":{"value":125,"source":"override"},"coding_rate_denominator":{"value":5,"source":"override"},"tx_power_dbm":{"value":-4,"source":"override"},"phy_trial_s":{"value":120,"source":"override"},"mppt_write_arm_timeout_s":{"value":300,"source":"default"},"hex_rsp_timeout_ms":{"value":3000,"source":"default"},"charge_readback_interval_h":{"value":0,"source":"override"}}
     0.18 MQTT lran/gatelink/diag/state {"rssi_dbm":null,"snr_db":null,"last_seen_s":null,"missed_polls":0,"proto_ver":null,"unsupported_ver":null}
     0.18 MQTT lran/gatelink/availability offline
     0.18 MQTT lran/gatelink/config/state {"poll_interval_s":{"value":60,"source":"override"},"deployed":{"value":0,"source":"default"},"dedup_cache_depth":{"value":null,"source":"default"},"frag_reassembly_timeout_ms":{"value":null,"source":"default"},"cad_retries":{"value":null,"source":"default"},"backoff_max_ms":{"value":null,"source":"default"},"freq_hz":{"value":null,"source":"default"},"spreading_factor":{"value":null,"source":"default"},"bandwidth_khz":{"value":null,"source":"default"},"coding_rate_denominator":{"value":null,"source":"default"},"tx_power_dbm":{"value":null,"source":"default"},"phy_trial_s":{"value":null,"source":"default"},"relay_pulse_ms":{"value":null,"source":"default"},"relay_min_spacing_ms":{"value":null,"source":"default"},"unlock_settle_ms":{"value":null,"source":"default"},"post_wake_settle_ms":{"value":null,"source":"default"},"command_confirm_timeout_s":{"value":null,"source":"default"},"input_poll_ms":{"value":null,"source":"default"},"input_debounce_samples":{"value":null,"source":"default"},"hold_confirm_ms":{"value":null,"source":"default"},"detect_sequence_window_ms":{"value":null,"source":"default"},"detect_sequence_idle_ms":{"value":null,"source":"default"},"held_open_alert_repeat_s":{"value":null,"source":"default"},"cause_window_ms":{"value":null,"source":"default"},"hex_timeout_ms":{"value":null,"source":"default"},"vedirect_stale_s":{"value":null,"source":"default"},"bms_poll_s":{"value":null,"source":"default"},"charge_inhibit_confirm_s":{"value":null,"source":"default"},"display_timeout_s":{"value":null,"source":"default"},"buzzer_enable":{"value":null,"source":"default"},"inject_spacing_ms":{"value":null,"source":"default"}}
     0.18 MQTT lran/gatelink/gate/state {"state":"closed","held_open":false,"hold_source":"none","movement_cause":"unknown","last_direction":"entry","in_open":false,"in_moving":false,"in_safety":false,"in_exit":false,"in_fire":false,"in_alarm":false,"input_bits":0,"synthetic":true}
     0.18 MQTT lran/gatelink/detect/state {"safety":false,"exit":false,"classifying":false,"vehicle_while_held":false,"suppressed":false,"last_traversal":"2026-09-27T12:33:42Z","traversal_persisted":true,"synthetic":true}
     0.18 MQTT lran/gatelink/solar/state {"available":true,"batt_mv":13250,"batt_ma":1200,"pv_mv":18500,"pv_w":20,"load_ma":150,"yield_today_kwh":0.12,"yield_yesterday_kwh":0.34,"pmax_today_w":45,"yield_total_kwh":123.45,"charge_state":3,"charge_state_name":"bulk","error":0,"error_name":"no_error","tracker":2,"load_on":false,"charge_inhibited":false,"temp_c":25.0,"hex_pending":false,"synthetic":true}
     0.18 MQTT lran/gatelink/battery/state {"available":true,"soc":80,"soc_source":"bms_ble","pack_mv":13240,"pack_ma":1100,"cell_count":4,"cell1_mv":3310,"cell2_mv":3310,"cell3_mv":3310,"cell4_mv":3310,"cell1_temp_c":22,"cell2_temp_c":22,"cell3_temp_c":22,"cell4_temp_c":22,"cycles":12,"capacity_ah":100.0,"alarms":0,"charge_fet":true,"discharge_fet":true,"charge_inhibited":false,"protection":false,"balancing":false,"ble_rssi_dbm":-70,"age_s":5,"synthetic":true}
     0.18 MQTT lran/gatelink/node/state {"boot_count":1,"node_mv":13200,"node_ma":45,"enclosure_temp_c":28.5,"config_persisted":true,"sd_ok":true,"dry_run":false,"bms_ble":true,"debug":false,"shutdown_latch":false,"reason":"debug_synthetic","synthetic":true,"uptime_s":3600}
     0.18 MQTT lran/gatelink/vedirect/write_enable/state OFF
     0.18 MQTT lran/gatelink/vedirect/charge/state {"charge_absorption_voltage_v":null,"charge_float_voltage_v":null,"charge_equalisation_voltage_v":null,"charge_auto_equalisation":null,"charge_temp_compensation_mv_k":null,"charge_battery_type":null,"charge_max_current_a":null,"charge_absorption_time_limit_h":null,"charge_system_voltage_v":null,"charge_low_temp_level_c":null}
     0.18 MQTT lran/welllink/diag/state {"rssi_dbm":null,"snr_db":null,"last_seen_s":null,"missed_polls":0,"proto_ver":null,"unsupported_ver":null}
     0.18 MQTT lran/welllink/availability offline
     0.18 MQTT lran/welllink/config/state {"poll_interval_s":{"value":60,"source":"default"},"deployed":{"value":0,"source":"default"},"dedup_cache_depth":{"value":null,"source":"default"},"frag_reassembly_timeout_ms":{"value":null,"source":"default"},"cad_retries":{"value":null,"source":"default"},"backoff_max_ms":{"value":null,"source":"default"},"freq_hz":{"value":null,"source":"default"},"spreading_factor":{"value":null,"source":"default"},"bandwidth_khz":{"value":null,"source":"default"},"coding_rate_denominator":{"value":null,"source":"default"},"tx_power_dbm":{"value":null,"source":"default"},"phy_trial_s":{"value":null,"source":"default"}}
     0.18 MQTT lran/simnode0/config/state {"poll_interval_s":{"value":60,"source":"override"},"deployed":{"value":0,"source":"override"},"dedup_cache_depth":{"value":null,"source":"default"},"frag_reassembly_timeout_ms":{"value":null,"source":"default"},"cad_retries":{"value":null,"source":"default"},"backoff_max_ms":{"value":null,"source":"default"},"freq_hz":{"value":null,"source":"default"},"spreading_factor":{"value":null,"source":"default"},"bandwidth_khz":{"value":null,"source":"default"},"coding_rate_denominator":{"value":null,"source":"default"},"tx_power_dbm":{"value":null,"source":"default"},"phy_trial_s":{"value":null,"source":"default"}}
     0.18 MQTT lran/simnode0/diag/state {"rssi_dbm":-28,"snr_db":12,"last_seen_s":14,"missed_polls":0,"proto_ver":2,"unsupported_ver":null}
     0.18 MQTT lran/simnode0/availability offline
     0.18 MQTT lran/simnode0/vedirect/write_enable/state OFF
     0.18 MQTT lran/simnode0/vedirect/charge/state {"charge_absorption_voltage_v":null,"charge_float_voltage_v":null,"charge_equalisation_voltage_v":null,"charge_auto_equalisation":null,"charge_temp_compensation_mv_k":null,"charge_battery_type":null,"charge_max_current_a":null,"charge_absorption_time_limit_h":null,"charge_system_voltage_v":null,"charge_low_temp_level_c":null}
     0.18 MQTT lran/simnode1/config/state {"poll_interval_s":{"value":60,"source":"override"},"deployed":{"value":0,"source":"override"},"dedup_cache_depth":{"value":null,"source":"default"},"frag_reassembly_timeout_ms":{"value":null,"source":"default"},"cad_retries":{"value":null,"source":"default"},"backoff_max_ms":{"value":null,"source":"default"},"freq_hz":{"value":917400000,"source":"override"},"spreading_factor":{"value":9,"source":"override"},"bandwidth_khz":{"value":125,"source":"override"},"coding_rate_denominator":{"value":5,"source":"override"},"tx_power_dbm":{"value":-4,"source":"override"},"phy_trial_s":{"value":120,"source":"override"}}
     0.18 MQTT lran/simnode1/availability offline
     0.18 MQTT lran/simnode1/diag/state {"rssi_dbm":-35,"snr_db":11,"last_seen_s":7,"missed_polls":0,"proto_ver":2,"unsupported_ver":null}
     0.18 MQTT lran/simnode1/vedirect/charge/state {"charge_absorption_voltage_v":14.20,"charge_float_voltage_v":13.50,"charge_equalisation_voltage_v":14.20,"charge_auto_equalisation":0,"charge_temp_compensation_mv_k":0.00,"charge_battery_type":255,"charge_max_current_a":15.0,"charge_absorption_time_limit_h":2.00,"charge_system_voltage_v":12,"charge_low_temp_level_c":5.00}
     0.18 MQTT lran/simnode1/vedirect/hex/audit {"request":":8F7ED007805EC","seq":4,"outcome":"refused_disarmed","status":null,"response":null,"authorization":"disarmed","at":"2026-09-26T00:46:35Z"}
     0.18 MQTT lran/simnode1/vedirect/write_enable/state OFF
     0.18 MQTT lran/simnode2/config/state {"poll_interval_s":{"value":60,"source":"override"},"deployed":{"value":0,"source":"override"},"dedup_cache_depth":{"value":null,"source":"default"},"frag_reassembly_timeout_ms":{"value":null,"source":"default"},"cad_retries":{"value":null,"source":"default"},"backoff_max_ms":{"value":null,"source":"default"},"freq_hz":{"value":null,"source":"default"},"spreading_factor":{"value":null,"source":"default"},"bandwidth_khz":{"value":null,"source":"default"},"coding_rate_denominator":{"value":null,"source":"default"},"tx_power_dbm":{"value":null,"source":"default"},"phy_trial_s":{"value":null,"source":"default"}}
     0.18 MQTT lran/simnode2/diag/state {"rssi_dbm":-28,"snr_db":11,"last_seen_s":9,"missed_polls":0,"proto_ver":2,"unsupported_ver":null}
     0.18 MQTT lran/simnode2/availability offline
     0.18 MQTT lran/simnode2/vedirect/write_enable/state OFF
     0.18 MQTT lran/simnode2/vedirect/charge/state {"charge_absorption_voltage_v":null,"charge_float_voltage_v":null,"charge_equalisation_voltage_v":null,"charge_auto_equalisation":null,"charge_temp_compensation_mv_k":null,"charge_battery_type":null,"charge_max_current_a":null,"charge_absorption_time_limit_h":null,"charge_system_voltage_v":null,"charge_low_temp_level_c":null}
     0.18 MQTT lran/simnode3/config/state {"poll_interval_s":{"value":60,"source":"default"},"deployed":{"value":0,"source":"default"},"dedup_cache_depth":{"value":null,"source":"default"},"frag_reassembly_timeout_ms":{"value":null,"source":"default"},"cad_retries":{"value":null,"source":"default"},"backoff_max_ms":{"value":null,"source":"default"},"freq_hz":{"value":null,"source":"default"},"spreading_factor":{"value":null,"source":"default"},"bandwidth_khz":{"value":null,"source":"default"},"coding_rate_denominator":{"value":null,"source":"default"},"tx_power_dbm":{"value":null,"source":"default"},"phy_trial_s":{"value":null,"source":"default"}}
     0.18 MQTT lran/simnode3/vedirect/write_enable/state OFF
     0.18 MQTT lran/simnode3/vedirect/charge/state {"charge_absorption_voltage_v":null,"charge_float_voltage_v":null,"charge_equalisation_voltage_v":null,"charge_auto_equalisation":null,"charge_temp_compensation_mv_k":null,"charge_battery_type":null,"charge_max_current_a":null,"charge_absorption_time_limit_h":null,"charge_system_voltage_v":null,"charge_low_temp_level_c":null}
     0.27 BRG ESP-ROM:esp32s3-20210327
     0.27 BRG Build:Mar 27 2021
     0.27 BRG rst:0x1 (POWERON),boot:0x9 (SPI_FAST_FLASH_BOOT)
     0.27 BRG SPIWP:0xee
     0.27 BRG mode:DIO, clock div:1
     0.27 BRG load:0x3fce3808,len:0x4bc
     0.27 BRG load:0x403c9700,len:0xbd8
     0.28 BRG load:0x403cc700,len:0x2a0c
     0.28 BRG entry 0x403c98d0
     0.35 HEL ESP-ROM:esp32s3-20210327
     0.35 HEL Build:Mar 27 2021
     0.35 HEL rst:0x1 (POWERON),boot:0x29 (SPI_FAST_FLASH_BOOT)
     0.35 HEL SPIWP:0xee
     0.35 HEL mode:DIO, clock div:1
     0.35 HEL load:0x3fce3808,len:0x4bc
     0.35 HEL load:0x403c9700,len:0xbd8
     0.35 HEL load:0x403cc700,len:0x2a0c
     0.35 HEL entry 0x403c98d0
     0.35 XIA ESP-ROM:esp32s3-20210327
     0.35 XIA Build:Mar 27 2021
     0.35 XIA rst:0x15 (USB_UART_CHIP_RESET),boot:0x28 (SPI_FAST_FLASH_BOOT)
     0.35 XIA Saved PC:0x420661b2
     0.35 XIA SPIWP:0xee
     0.35 XIA mode:DIO, clock div:1
     0.35 XIA load:0x3fce3808,len:0x4bc
     0.35 XIA load:0x403c9700,len:0xbd8
     0.35 XIA load:0x403cc700,len:0x2a0c
     0.35 XIA entry 0x403c98d0
     0.66 BRG LRAN Bridge Node - node 0x00
     0.66 BRG Binding spec: LRAN-Protocol-Specification v0.17 (ver = 2)
     0.66 BRG PHY: 917.4 MHz, SF9, BW 125 kHz, CR 4/5, -4 dBm conducted, 3.0 dBi
     0.66 BRG Version: 0.1.0 (32503d5)
     0.66 BRG Slot: app0
     0.66 BRG Image state: not_pending
     0.66 BRG Reset: power_on
     0.66 BRG CHAN-BOOT,32503d5,917400000,9,1250,1000,-1100,10
     0.66 BRG WiFi SSID: McLeeNet
     0.66 BRG MQTT broker: 192.168.2.52:1883
     0.66 BRG Registry: 0x01 0x02 0xF0(bench) 0xF1(bench) 0xF2(bench) 0xF3(bench)
     0.66 BRG boot: count 51
     0.66 BRG Config: 18 stored value(s) restored
     0.66 BRG Tasks started: 7
     0.83 BRG WiFi, MQTT, OTA, the radio link, the registry and HA discovery.
     0.83 BRG levers: gen 2 - diag 60 s, poll reply 10000 ms, mi[   583][W][WiFiGeneric.cpp:1062] _eventCallback(): Reason: 8 - ASSOC_LEAVE
     0.83 BRG ssed 3, cmd ack 3000 ms x3, config ack 8000 ms, readback 15000 ms, hex rsp 3000 ms, arm 300 s, charge readback 0 h, simnode diag off
     0.83 BRG mqtt: stack high-water 4608 bytes free of 6144
     0.83 BRG LoRa: radio up - 917400000 Hz, SF9, BW 125.0 kHz, CR 4/5, -4 dBm conducted, 3.0 dBi antenna
     0.83 BRG LoRa: stack high-water 6036 bytes free
     1.04 BRG [   752][I][esp32-hal-i2c.c:75] i2cInit(): Initialising I2C Master: sda=17 scl=18 freq=100000
     1.04 BRG [   761][W][Wire.cpp:301] begin(): Bus already started in Master Mode.
     1.04 BRG [   800][I][ArduinoOTA.cpp:141] begin(): OTA server at: lran-bridge.local:3232
     1.04 BRG OTA: listening as lran-bridge
     1.59 MQTT lran/bridge/availability offline
     1.61 MQTT lran/bridge/availability online
     1.62 MQTT lran/bridge/version {"version":"0.1.0","git":"32503d5","slot":"app0","ota_state":"verified_or_usb"}
     1.62 MQTT lran/bridge/diag/state {"rx_crc_err":0,"rx_runt":0,"rx_oversize":0,"rx_bad_crc":0,"rx_bad_ver":0,"rx_not_addressed":0,"rx_unknown_hdr_ext":0,"rx_bad_frag":0,"rx_unknown_type":0,"rx_unknown_schema":0,"rx_bad_length":0,"rx_not_fragmentable":0,"rx_rejected_ctx":0,"rx_rejected_mac":0,"rx_unknown_src":0,"rx_reassembly_timeout":0,"rx_fragment_overflow":0,"rx_reassembly_abandoned":0,"rx_rejected_seq":0,"rx_frag_duplicate":0,"rx_frag_late":0,"rx_dup_command":0,"rx_dropped":0,"rx_frames":0,"ctx_rolls":0,"ctx_roll_failed":0}
     1.63 MQTT lran/bridge/diag/radio/state {"tx_frames":0,"cad_backoffs":0,"errors_suppressed":0,"cad_deferred":0,"cad_free":0,"rx_deaf_ms":0,"cad_errors":0,"tx_forced":0,"tx_errors":0,"tx_timeouts":0,"tx_dropped_no_radio":0,"rx_driver_errors":0,"rx_no_interrupt":0,"rx_wake_empty":0,"begin_failures":0,"last_begin_status":0,"q_rx_dropped":0,"q_rx_high_water":0,"q_publish_dropped":0,"q_publish_high_water":0,"q_tx_dropped":0,"q_tx_high_water":0,"q_log_dropped":0,"q_log_high_water":1,"q_command_dropped":0,"q_command_high_water":0,"q_config_dropped":0,"q_config_high_water":0,"q_event_dropped":0,"q_event_high_water":0,"q_hex_dropped":0,"q_hex_high_water":0}
     1.64 MQTT lran/bridge/diag/cmd/state {"cmd_submitted":0,"cmd_refused_busy":0,"cmd_sent":0,"cmd_retries":0,"cmd_acked":0,"cmd_no_ack":0,"cmd_resyncs":0,"cmd_resync_failed":0,"cmd_unconfirmed":0,"cmd_ack_ignored":0,"cmd_refused_roll_pending":0,"roll_sent":0,"roll_retries":0,"roll_busy":0,"roll_by_rejected_ctx":0}
     1.64 MQTT lran/bridge/diag/publish/state {"status_frames":0,"documents":0,"unchanged":0,"heartbeats":0,"event_frames":0,"events":0,"event_repeats":0,"bench_withheld":0,"queue_refused":0,"undecodable":0}
     1.64 BRG mqtt: connected, heap free 32688, lowest 27596
     1.65 MQTT lran/bridge/config/state {"simnode_diag_enable":{"value":0,"source":"override"},"diag_interval_s":{"value":60,"source":"override"},"missed_poll_threshold":{"value":3,"source":"default"},"poll_reply_timeout_ms":{"value":10000,"source":"default"},"command_ack_timeout_ms":{"value":3000,"source":"default"},"cmd_retries":{"value":3,"source":"override"},"cad_retries":{"value":5,"source":"default"},"backoff_max_ms":{"value":1500,"source":"default"},"frag_reassembly_timeout_ms":{"value":5000,"source":"default"},"error_min_interval_ms":{"value":1000,"source":"default"},"config_readback_timeout_ms":{"value":15000,"source":"default"},"config_ack_timeout_ms":{"value":8000,"source":"default"},"republish_interval_s":{"value":900,"source":"override"},"bms_stale_s":{"value":600,"source":"default"},"cell_mv_deadband":{"value":5,"source":"default"},"freq_hz":{"value":917400000,"source":"override"},"spreading_factor":{"value":9,"source":"override"},"bandwidth_khz":{"value":125,"source":"override"},"coding_rate_denominator":{"value":5,"source":"override"},"tx_power_dbm":{"value":-4,"source":"override"},"phy_trial_s":{"value":120,"source":"override"},"mppt_write_arm_timeout_s":{"value":300,"source":"default"},"hex_rsp_timeout_ms":{"value":3000,"source":"default"},"charge_readback_interval_h":{"value":0,"source":"override"}}
     1.65 MQTT lran/gatelink/config/state {"poll_interval_s":{"value":60,"source":"override"},"deployed":{"value":0,"source":"default"},"dedup_cache_depth":{"value":null,"source":"default"},"frag_reassembly_timeout_ms":{"value":null,"source":"default"},"cad_retries":{"value":null,"source":"default"},"backoff_max_ms":{"value":null,"source":"default"},"freq_hz":{"value":null,"source":"default"},"spreading_factor":{"value":null,"source":"default"},"bandwidth_khz":{"value":null,"source":"default"},"coding_rate_denominator":{"value":null,"source":"default"},"tx_power_dbm":{"value":null,"source":"default"},"phy_trial_s":{"value":null,"source":"default"},"relay_pulse_ms":{"value":null,"source":"default"},"relay_min_spacing_ms":{"value":null,"source":"default"},"unlock_settle_ms":{"value":null,"source":"default"},"post_wake_settle_ms":{"value":null,"source":"default"},"command_confirm_timeout_s":{"value":null,"source":"default"},"input_poll_ms":{"value":null,"source":"default"},"input_debounce_samples":{"value":null,"source":"default"},"hold_confirm_ms":{"value":null,"source":"default"},"detect_sequence_window_ms":{"value":null,"source":"default"},"detect_sequence_idle_ms":{"value":null,"source":"default"},"held_open_alert_repeat_s":{"value":null,"source":"default"},"cause_window_ms":{"value":null,"source":"default"},"hex_timeout_ms":{"value":null,"source":"default"},"vedirect_stale_s":{"value":null,"source":"default"},"bms_poll_s":{"value":null,"source":"default"},"charge_inhibit_confirm_s":{"value":null,"source":"default"},"display_timeout_s":{"value":null,"source":"default"},"buzzer_enable":{"value":null,"source":"default"},"inject_spacing_ms":{"value":null,"source":"default"}}
     1.67 MQTT lran/welllink/config/state {"poll_interval_s":{"value":60,"source":"default"},"deployed":{"value":0,"source":"default"},"dedup_cache_depth":{"value":null,"source":"default"},"frag_reassembly_timeout_ms":{"value":null,"source":"default"},"cad_retries":{"value":null,"source":"default"},"backoff_max_ms":{"value":null,"source":"default"},"freq_hz":{"value":null,"source":"default"},"spreading_factor":{"value":null,"source":"default"},"bandwidth_khz":{"value":null,"source":"default"},"coding_rate_denominator":{"value":null,"source":"default"},"tx_power_dbm":{"value":null,"source":"default"},"phy_trial_s":{"value":null,"source":"default"}}
     1.68 MQTT lran/simnode0/config/state {"poll_interval_s":{"value":60,"source":"override"},"deployed":{"value":0,"source":"override"},"dedup_cache_depth":{"value":null,"source":"default"},"frag_reassembly_timeout_ms":{"value":null,"source":"default"},"cad_retries":{"value":null,"source":"default"},"backoff_max_ms":{"value":null,"source":"default"},"freq_hz":{"value":null,"source":"default"},"spreading_factor":{"value":null,"source":"default"},"bandwidth_khz":{"value":null,"source":"default"},"coding_rate_denominator":{"value":null,"source":"default"},"tx_power_dbm":{"value":null,"source":"default"},"phy_trial_s":{"value":null,"source":"default"}}
     1.68 MQTT lran/gatelink/vedirect/write_enable/state OFF
     1.68 MQTT lran/gatelink/vedirect/charge/state {"charge_absorption_voltage_v":null,"charge_float_voltage_v":null,"charge_equalisation_voltage_v":null,"charge_auto_equalisation":null,"charge_temp_compensation_mv_k":null,"charge_battery_type":null,"charge_max_current_a":null,"charge_absorption_time_limit_h":null,"charge_system_voltage_v":null,"charge_low_temp_level_c":null}
     1.68 MQTT lran/bridge/diag/state {"rx_crc_err":0,"rx_runt":0,"rx_oversize":0,"rx_bad_crc":0,"rx_bad_ver":0,"rx_not_addressed":0,"rx_unknown_hdr_ext":0,"rx_bad_frag":0,"rx_unknown_type":0,"rx_unknown_schema":0,"rx_bad_length":0,"rx_not_fragmentable":0,"rx_rejected_ctx":0,"rx_rejected_mac":0,"rx_unknown_src":0,"rx_reassembly_timeout":0,"rx_fragment_overflow":0,"rx_reassembly_abandoned":0,"rx_rejected_seq":0,"rx_frag_duplicate":0,"rx_frag_late":0,"rx_dup_command":0,"rx_dropped":0,"rx_frames":0,"ctx_rolls":0,"ctx_roll_failed":0}
     1.68 MQTT lran/bridge/diag/radio/state {"tx_frames":0,"cad_backoffs":0,"errors_suppressed":0,"cad_deferred":0,"cad_free":0,"rx_deaf_ms":0,"cad_errors":0,"tx_forced":0,"tx_errors":0,"tx_timeouts":0,"tx_dropped_no_radio":0,"rx_driver_errors":0,"rx_no_interrupt":0,"rx_wake_empty":0,"begin_failures":0,"last_begin_status":0,"q_rx_dropped":0,"q_rx_high_water":0,"q_publish_dropped":0,"q_publish_high_water":4,"q_tx_dropped":0,"q_tx_high_water":0,"q_log_dropped":0,"q_log_high_water":2,"q_command_dropped":0,"q_command_high_water":0,"q_config_dropped":0,"q_config_high_water":0,"q_event_dropped":0,"q_event_high_water":0,"q_hex_dropped":0,"q_hex_high_water":0}
     1.68 MQTT lran/bridge/diag/cmd/state {"cmd_submitted":0,"cmd_refused_busy":0,"cmd_sent":0,"cmd_retries":0,"cmd_acked":0,"cmd_no_ack":0,"cmd_resyncs":0,"cmd_resync_failed":0,"cmd_unconfirmed":0,"cmd_ack_ignored":0,"cmd_refused_roll_pending":0,"roll_sent":0,"roll_retries":0,"roll_busy":0,"roll_by_rejected_ctx":0}
     1.69 MQTT lran/bridge/diag/publish/state {"status_frames":0,"documents":0,"unchanged":0,"heartbeats":0,"event_frames":0,"events":0,"event_repeats":0,"bench_withheld":0,"queue_refused":0,"undecodable":0}
     1.71 MQTT lran/simnode1/config/state {"poll_interval_s":{"value":60,"source":"override"},"deployed":{"value":0,"source":"override"},"dedup_cache_depth":{"value":null,"source":"default"},"frag_reassembly_timeout_ms":{"value":null,"source":"default"},"cad_retries":{"value":null,"source":"default"},"backoff_max_ms":{"value":null,"source":"default"},"freq_hz":{"value":null,"source":"default"},"spreading_factor":{"value":null,"source":"default"},"bandwidth_khz":{"value":null,"source":"default"},"coding_rate_denominator":{"value":null,"source":"default"},"tx_power_dbm":{"value":null,"source":"default"},"phy_trial_s":{"value":null,"source":"default"}}
     1.71 MQTT lran/simnode2/config/state {"poll_interval_s":{"value":60,"source":"override"},"deployed":{"value":0,"source":"override"},"dedup_cache_depth":{"value":null,"source":"default"},"frag_reassembly_timeout_ms":{"value":null,"source":"default"},"cad_retries":{"value":null,"source":"default"},"backoff_max_ms":{"value":null,"source":"default"},"freq_hz":{"value":null,"source":"default"},"spreading_factor":{"value":null,"source":"default"},"bandwidth_khz":{"value":null,"source":"default"},"coding_rate_denominator":{"value":null,"source":"default"},"tx_power_dbm":{"value":null,"source":"default"},"phy_trial_s":{"value":null,"source":"default"}}
     1.72 MQTT lran/simnode3/config/state {"poll_interval_s":{"value":60,"source":"default"},"deployed":{"value":0,"source":"default"},"dedup_cache_depth":{"value":null,"source":"default"},"frag_reassembly_timeout_ms":{"value":null,"source":"default"},"cad_retries":{"value":null,"source":"default"},"backoff_max_ms":{"value":null,"source":"default"},"freq_hz":{"value":null,"source":"default"},"spreading_factor":{"value":null,"source":"default"},"bandwidth_khz":{"value":null,"source":"default"},"coding_rate_denominator":{"value":null,"source":"default"},"tx_power_dbm":{"value":null,"source":"default"},"phy_trial_s":{"value":null,"source":"default"}}
     1.85 BRG CHAN,0,650,1000,99,1,5,0,-1070,-1160,-1141
     1.89 XIA LRAN simnode - bench nodes 0xF0-0xF3
     1.90 XIA Binding spec: LRAN-Protocol-Specification v0.17 (ver = 2)
     1.90 XIA Board: xiao_esp32s3+wio_sx1262_kit
     1.90 XIA Reset cause: EXTERNAL (esp_reset_reason 0), boot_count 162
     1.90 XIA id f1 ROLE_GATELINK ctx 0x07a19fc4
     1.90 XIA [  1678][W][Wire.cpp:301] begin(): Bus already started in Master Mode.
     1.90 XIA OLED: up
     1.90 XIA radio: up - 917400000 Hz, SF9, BW 125.0 kHz, CR 4/5, -4 dBm conducted, 3.0 dBi antenna
     1.90 XIA id f1 boot: ctx 0x07a19fc4, reset cause EXTERNAL, boot_count 162
     1.98 HEL LRAN simnode - bench nodes 0xF0-0xF3
     1.98 HEL Binding spec: LRAN-Protocol-Specification v0.17 (ver = 2)
     1.98 HEL Board: heltec_wifi_lora_32_V3
     1.98 HEL Reset cause: POWER_ON (esp_reset_reason 1), boot_count 21
     1.98 HEL id f0 ROLE_RANGE ctx 0x28a20ccc
     1.98 HEL id f2 ROLE_HEALTH ctx 0x31ef522e
     2.10 XIA B0: identities, console, faults, OLED; all four roles. Type 'help'.
     2.18 HEL [  1847][W][Wire.cpp:301] begin(): Bus already started in Master Mode.
     2.18 HEL OLED: up
     2.18 HEL radio: up - 917400000 Hz, SF9, BW 125.0 kHz, CR 4/5, -4 dBm conducted, 3.0 dBi antenna
     2.18 HEL B0: identities, console, faults, OLED; all four roles. Type 'help'.
     2.66 BRG config: f1 rebooted, readback owed
     2.66 BRG FRAME #0 rx t=2388 peer=0xf1 type=4 schema=254 frag=0x01 seq=1 rssi=-35 snr=11 st=0 rx=0 deaf=0
     2.67 MQTT lran/bridge/diag/rxlog/log {"lost":0,"f":[{"i":0,"ms":2388,"deaf":0,"d":"rx","peer":241,"type":4,"schema":254,"frag":1,"seq":1,"rssi":-35,"snr":11,"st":0,"rx":0}]}
     2.87 BRG availability: simnode1 online (missed_polls 0, threshold 3)
     2.87 BRG FRAME #1 rx t=2674 peer=0xf1 type=5 schema=17 frag=0x01 seq=2 rssi=-35 snr=11 st=0 rx=0 deaf=0
     2.87 BRG CHAN,1,1650,1000,55,45,31,1,-340,-1160,-705
     2.96 MQTT lran/bridge/diag/rxlog/log {"lost":0,"f":[{"i":1,"ms":2674,"deaf":0,"d":"rx","peer":241,"type":5,"schema":17,"frag":1,"seq":2,"rssi":-35,"snr":11,"st":0,"rx":0}]}
     3.89 BRG CHAN,2,2650,1005,97,4,5,1,-1070,-1160,-1142
     4.29 BRG FRAME #2 tx t=4100 peer=0xf1 type=1 schema=0 frag=0x01 seq=1 rssi=- snr=- st=0 rx=5 deaf=25
     4.36 MQTT lran/bridge/diag/rxlog/log {"lost":0,"f":[{"i":2,"ms":4100,"deaf":25,"d":"tx","peer":241,"type":1,"schema":0,"frag":1,"seq":1,"rssi":null,"snr":null,"st":0,"rx":5}]}
     4.54 XIA roll f1 <- 00 seq 1: ctx 0x07a19fc4 -> 0x010d48b4, ACCEPTED
     4.90 BRG CHAN,3,3655,1004,74,25,16,0,-340,-1160,-1030
     5.06 MQTT lran/bridge/diag/rxlog/log {"lost":0,"f":[{"i":3,"ms":4749,"deaf":258,"d":"rx","peer":241,"type":2,"schema":0,"frag":1,"seq":1,"rssi":-35,"snr":11,"st":0,"rx":0}]}
     5.10 BRG FRAME #3 rx t=4749 peer=0xf1 type=2 schema=0 frag=0x01 seq=1 rssi=-35 snr=11 st=0 rx=0 deaf=258
     5.71 BRG roll: f1 rolled to ctx 0x010d48b4 after 1 attempt(s)
     5.86 MQTT lran/bridge/diag/rxlog/log {"lost":0,"f":[{"i":4,"ms":5605,"deaf":283,"d":"tx","peer":241,"type":3,"schema":0,"frag":1,"seq":1,"rssi":null,"snr":null,"st":0,"rx":5}]}
     5.92 BRG FRAME #4 tx t=5605 peer=0xf1 type=3 schema=0 frag=0x01 seq=1 rssi=- snr=- st=0 rx=5 deaf=283
     5.92 BRG CHAN,4,4659,1003,86,14,3,1,-340,-1160,-1118
     7.96 BRG CHAN,6,6663,1000,100,0,28,0,-330,-1160,-922
     8.16 BRG FRAME #5 rx t=7912 peer=0xf1 type=4 schema=254 frag=0x01 seq=2 rssi=-34 snr=11 st=0 rx=0 deaf=475
     8.16 MQTT lran/bridge/diag/rxlog/log {"lost":0,"f":[{"i":5,"ms":7912,"deaf":475,"d":"rx","peer":241,"type":4,"schema":254,"frag":1,"seq":2,"rssi":-34,"snr":11,"st":0,"rx":0}]}
     8.35 CMD mark 171ba8
     8.35 CMD reset BRG
     8.57 BRG ESP-ROM:esp32s3-20210327
     8.57 BRG Build:Mar 27 2021
     8.57 BRG rst:0x1 (POWERON),boot:0x9 (SPI_FAST_FLASH_BOOT)
     8.57 BRG SPIWP:0xee
     8.57 BRG mode:DIO, clock div:1
     8.57 BRG load:0x3fce3808,len:0x4bc
     8.57 BRG load:0x403c9700,len:0xbd8
     8.57 BRG load:0x403cc700,len:0x2a0c
     8.57 BRG entry 0x403c98d0
     8.97 BRG LRAN Bridge Node - node 0x00
     8.97 BRG Binding spec: LRAN-Protocol-Specification v0.17 (ver = 2)
     8.97 BRG PHY: 917.4 MHz, SF9, BW 125 kHz, CR 4/5, -4 dBm conducted, 3.0 dBi
     9.10 BRG Version: 0.1.0 (32503d5)
     9.10 BRG Slot: app0
     9.10 BRG Image state: not_pending
     9.10 BRG Reset: power_on
     9.10 BRG CHAN-BOOT,32503d5,917400000,9,1250,1000,-1100,10
     9.10 BRG WiFi SSID: McLeeNet
     9.10 BRG MQTT broker: 192.168.2.52:1883
     9.10 BRG Registry: 0x01 0x02 0xF0(bench) 0xF1(bench) 0xF2(bench) 0xF3(bench)
     9.10 BRG boot: count 52
     9.10 BRG Config: 18 stored value(s) restored
     9.10 BRG Tasks started: 7
     9.10 BRG WiFi, MQTT, OTA, the radio link, the registry and HA discovery.
     9.30 BRG levers: gen 2 - diag 60 s, poll reply 10000 ms, missed 3, cmd ack 3000 ms x3, config ack 8000 ms, readback 15000 ms, hex rsp 3000 ms, arm 300 s, charge readback 0 h, simnode diag off
     9.30 BRG mqtt: stack high-water 4608 bytes free of 6144
     9.30 BRG LoRa: radio up - 917400000 Hz, SF9, BW 125.0 kHz, CR 4/5, -4 dBm conducted, 3.0 dBi antenna
     9.30 BRG LoRa: stack high-water 6036 bytes free
     9.30 BRG [   746][I][esp32-hal-i2c.c:75] i2cInit(): Initialising I2C Master: sda=17 scl=18 freq=100000
     9.30 BRG [   755][W][Wire.cpp:301] begin(): Bus already started in Master Mode.
     9.50 BRG [   790][I][ArduinoOTA.cpp:141] begin(): OTA server at: lran-bridge.local:3232
     9.50 BRG OTA: listening as lran-bridge
    11.01 MQTT lran/bridge/availability offline
    11.04 MQTT lran/bridge/availability online
    11.04 MQTT lran/bridge/version {"version":"0.1.0","git":"32503d5","slot":"app0","ota_state":"verified_or_usb"}
    11.05 MQTT lran/bridge/diag/state {"rx_crc_err":0,"rx_runt":0,"rx_oversize":0,"rx_bad_crc":0,"rx_bad_ver":0,"rx_not_addressed":0,"rx_unknown_hdr_ext":0,"rx_bad_frag":0,"rx_unknown_type":0,"rx_unknown_schema":0,"rx_bad_length":0,"rx_not_fragmentable":0,"rx_rejected_ctx":0,"rx_rejected_mac":0,"rx_unknown_src":0,"rx_reassembly_timeout":0,"rx_fragment_overflow":0,"rx_reassembly_abandoned":0,"rx_rejected_seq":0,"rx_frag_duplicate":0,"rx_frag_late":0,"rx_dup_command":0,"rx_dropped":0,"rx_frames":0,"ctx_rolls":0,"ctx_roll_failed":0}
    11.06 MQTT lran/bridge/diag/radio/state {"tx_frames":0,"cad_backoffs":0,"errors_suppressed":0,"cad_deferred":0,"cad_free":0,"rx_deaf_ms":0,"cad_errors":0,"tx_forced":0,"tx_errors":0,"tx_timeouts":0,"tx_dropped_no_radio":0,"rx_driver_errors":0,"rx_no_interrupt":0,"rx_wake_empty":0,"begin_failures":0,"last_begin_status":0,"q_rx_dropped":0,"q_rx_high_water":0,"q_publish_dropped":0,"q_publish_high_water":0,"q_tx_dropped":0,"q_tx_high_water":0,"q_log_dropped":0,"q_log_high_water":1,"q_command_dropped":0,"q_command_high_water":0,"q_config_dropped":0,"q_config_high_water":0,"q_event_dropped":0,"q_event_high_water":0,"q_hex_dropped":0,"q_hex_high_water":0}
    11.06 MQTT lran/bridge/diag/cmd/state {"cmd_submitted":0,"cmd_refused_busy":0,"cmd_sent":0,"cmd_retries":0,"cmd_acked":0,"cmd_no_ack":0,"cmd_resyncs":0,"cmd_resync_failed":0,"cmd_unconfirmed":0,"cmd_ack_ignored":0,"cmd_refused_roll_pending":0,"roll_sent":0,"roll_retries":0,"roll_busy":0,"roll_by_rejected_ctx":0}
    11.06 MQTT lran/bridge/diag/publish/state {"status_frames":0,"documents":0,"unchanged":0,"heartbeats":0,"event_frames":0,"events":0,"event_repeats":0,"bench_withheld":0,"queue_refused":0,"undecodable":0}
    11.08 MQTT lran/bridge/config/state {"simnode_diag_enable":{"value":0,"source":"override"},"diag_interval_s":{"value":60,"source":"override"},"missed_poll_threshold":{"value":3,"source":"default"},"poll_reply_timeout_ms":{"value":10000,"source":"default"},"command_ack_timeout_ms":{"value":3000,"source":"default"},"cmd_retries":{"value":3,"source":"override"},"cad_retries":{"value":5,"source":"default"},"backoff_max_ms":{"value":1500,"source":"default"},"frag_reassembly_timeout_ms":{"value":5000,"source":"default"},"error_min_interval_ms":{"value":1000,"source":"default"},"config_readback_timeout_ms":{"value":15000,"source":"default"},"config_ack_timeout_ms":{"value":8000,"source":"default"},"republish_interval_s":{"value":900,"source":"override"},"bms_stale_s":{"value":600,"source":"default"},"cell_mv_deadband":{"value":5,"source":"default"},"freq_hz":{"value":917400000,"source":"override"},"spreading_factor":{"value":9,"source":"override"},"bandwidth_khz":{"value":125,"source":"override"},"coding_rate_denominator":{"value":5,"source":"override"},"tx_power_dbm":{"value":-4,"source":"override"},"phy_trial_s":{"value":120,"source":"override"},"mppt_write_arm_timeout_s":{"value":300,"source":"default"},"hex_rsp_timeout_ms":{"value":3000,"source":"default"},"charge_readback_interval_h":{"value":0,"source":"override"}}
    11.09 MQTT lran/gatelink/config/state {"poll_interval_s":{"value":60,"source":"override"},"deployed":{"value":0,"source":"default"},"dedup_cache_depth":{"value":null,"source":"default"},"frag_reassembly_timeout_ms":{"value":null,"source":"default"},"cad_retries":{"value":null,"source":"default"},"backoff_max_ms":{"value":null,"source":"default"},"freq_hz":{"value":null,"source":"default"},"spreading_factor":{"value":null,"source":"default"},"bandwidth_khz":{"value":null,"source":"default"},"coding_rate_denominator":{"value":null,"source":"default"},"tx_power_dbm":{"value":null,"source":"default"},"phy_trial_s":{"value":null,"source":"default"},"relay_pulse_ms":{"value":null,"source":"default"},"relay_min_spacing_ms":{"value":null,"source":"default"},"unlock_settle_ms":{"value":null,"source":"default"},"post_wake_settle_ms":{"value":null,"source":"default"},"command_confirm_timeout_s":{"value":null,"source":"default"},"input_poll_ms":{"value":null,"source":"default"},"input_debounce_samples":{"value":null,"source":"default"},"hold_confirm_ms":{"value":null,"source":"default"},"detect_sequence_window_ms":{"value":null,"source":"default"},"detect_sequence_idle_ms":{"value":null,"source":"default"},"held_open_alert_repeat_s":{"value":null,"source":"default"},"cause_window_ms":{"value":null,"source":"default"},"hex_timeout_ms":{"value":null,"source":"default"},"vedirect_stale_s":{"value":null,"source":"default"},"bms_poll_s":{"value":null,"source":"default"},"charge_inhibit_confirm_s":{"value":null,"source":"default"},"display_timeout_s":{"value":null,"source":"default"},"buzzer_enable":{"value":null,"source":"default"},"inject_spacing_ms":{"value":null,"source":"default"}}
    11.10 MQTT lran/gatelink/vedirect/write_enable/state OFF
    11.10 MQTT lran/gatelink/vedirect/charge/state {"charge_absorption_voltage_v":null,"charge_float_voltage_v":null,"charge_equalisation_voltage_v":null,"charge_auto_equalisation":null,"charge_temp_compensation_mv_k":null,"charge_battery_type":null,"charge_max_current_a":null,"charge_absorption_time_limit_h":null,"charge_system_voltage_v":null,"charge_low_temp_level_c":null}
    11.10 MQTT lran/bridge/diag/state {"rx_crc_err":0,"rx_runt":0,"rx_oversize":0,"rx_bad_crc":0,"rx_bad_ver":0,"rx_not_addressed":0,"rx_unknown_hdr_ext":0,"rx_bad_frag":0,"rx_unknown_type":0,"rx_unknown_schema":0,"rx_bad_length":0,"rx_not_fragmentable":0,"rx_rejected_ctx":0,"rx_rejected_mac":0,"rx_unknown_src":0,"rx_reassembly_timeout":0,"rx_fragment_overflow":0,"rx_reassembly_abandoned":0,"rx_rejected_seq":0,"rx_frag_duplicate":0,"rx_frag_late":0,"rx_dup_command":0,"rx_dropped":0,"rx_frames":0,"ctx_rolls":0,"ctx_roll_failed":0}
    11.10 MQTT lran/bridge/diag/radio/state {"tx_frames":0,"cad_backoffs":0,"errors_suppressed":0,"cad_deferred":0,"cad_free":0,"rx_deaf_ms":0,"cad_errors":0,"tx_forced":0,"tx_errors":0,"tx_timeouts":0,"tx_dropped_no_radio":0,"rx_driver_errors":0,"rx_no_interrupt":0,"rx_wake_empty":0,"begin_failures":0,"last_begin_status":0,"q_rx_dropped":0,"q_rx_high_water":0,"q_publish_dropped":0,"q_publish_high_water":4,"q_tx_dropped":0,"q_tx_high_water":0,"q_log_dropped":0,"q_log_high_water":2,"q_command_dropped":0,"q_command_high_water":0,"q_config_dropped":0,"q_config_high_water":0,"q_event_dropped":0,"q_event_high_water":0,"q_hex_dropped":0,"q_hex_high_water":0}
    11.10 MQTT lran/bridge/diag/cmd/state {"cmd_submitted":0,"cmd_refused_busy":0,"cmd_sent":0,"cmd_retries":0,"cmd_acked":0,"cmd_no_ack":0,"cmd_resyncs":0,"cmd_resync_failed":0,"cmd_unconfirmed":0,"cmd_ack_ignored":0,"cmd_refused_roll_pending":0,"roll_sent":0,"roll_retries":0,"roll_busy":0,"roll_by_rejected_ctx":0}
    11.10 MQTT lran/bridge/diag/publish/state {"status_frames":0,"documents":0,"unchanged":0,"heartbeats":0,"event_frames":0,"events":0,"event_repeats":0,"bench_withheld":0,"queue_refused":0,"undecodable":0}
    11.13 MQTT lran/welllink/config/state {"poll_interval_s":{"value":60,"source":"default"},"deployed":{"value":0,"source":"default"},"dedup_cache_depth":{"value":null,"source":"default"},"frag_reassembly_timeout_ms":{"value":null,"source":"default"},"cad_retries":{"value":null,"source":"default"},"backoff_max_ms":{"value":null,"source":"default"},"freq_hz":{"value":null,"source":"default"},"spreading_factor":{"value":null,"source":"default"},"bandwidth_khz":{"value":null,"source":"default"},"coding_rate_denominator":{"value":null,"source":"default"},"tx_power_dbm":{"value":null,"source":"default"},"phy_trial_s":{"value":null,"source":"default"}}
    11.13 MQTT lran/simnode0/config/state {"poll_interval_s":{"value":60,"source":"override"},"deployed":{"value":0,"source":"override"},"dedup_cache_depth":{"value":null,"source":"default"},"frag_reassembly_timeout_ms":{"value":null,"source":"default"},"cad_retries":{"value":null,"source":"default"},"backoff_max_ms":{"value":null,"source":"default"},"freq_hz":{"value":null,"source":"default"},"spreading_factor":{"value":null,"source":"default"},"bandwidth_khz":{"value":null,"source":"default"},"coding_rate_denominator":{"value":null,"source":"default"},"tx_power_dbm":{"value":null,"source":"default"},"phy_trial_s":{"value":null,"source":"default"}}
    11.14 BRG mqtt: connected, heap free 32964, lowest 26576
    11.15 MQTT lran/simnode1/config/state {"poll_interval_s":{"value":60,"source":"override"},"deployed":{"value":0,"source":"override"},"dedup_cache_depth":{"value":null,"source":"default"},"frag_reassembly_timeout_ms":{"value":null,"source":"default"},"cad_retries":{"value":null,"source":"default"},"backoff_max_ms":{"value":null,"source":"default"},"freq_hz":{"value":null,"source":"default"},"spreading_factor":{"value":null,"source":"default"},"bandwidth_khz":{"value":null,"source":"default"},"coding_rate_denominator":{"value":null,"source":"default"},"tx_power_dbm":{"value":null,"source":"default"},"phy_trial_s":{"value":null,"source":"default"}}
    11.15 MQTT lran/simnode2/config/state {"poll_interval_s":{"value":60,"source":"override"},"deployed":{"value":0,"source":"override"},"dedup_cache_depth":{"value":null,"source":"default"},"frag_reassembly_timeout_ms":{"value":null,"source":"default"},"cad_retries":{"value":null,"source":"default"},"backoff_max_ms":{"value":null,"source":"default"},"freq_hz":{"value":null,"source":"default"},"spreading_factor":{"value":null,"source":"default"},"bandwidth_khz":{"value":null,"source":"default"},"coding_rate_denominator":{"value":null,"source":"default"},"tx_power_dbm":{"value":null,"source":"default"},"phy_trial_s":{"value":null,"source":"default"}}
    11.16 MQTT lran/simnode3/config/state {"poll_interval_s":{"value":60,"source":"default"},"deployed":{"value":0,"source":"default"},"dedup_cache_depth":{"value":null,"source":"default"},"frag_reassembly_timeout_ms":{"value":null,"source":"default"},"cad_retries":{"value":null,"source":"default"},"backoff_max_ms":{"value":null,"source":"default"},"freq_hz":{"value":null,"source":"default"},"spreading_factor":{"value":null,"source":"default"},"bandwidth_khz":{"value":null,"source":"default"},"coding_rate_denominator":{"value":null,"source":"default"},"tx_power_dbm":{"value":null,"source":"default"},"phy_trial_s":{"value":null,"source":"default"}}
    11.35 BRG CHAN,1,1618,1000,100,0,3,0,-1060,-1160,-1143
    12.37 BRG CHAN,2,2618,1000,100,0,15,0,-1060,-1160,-1135
    13.39 BRG CHAN,3,3618,1000,100,0,8,0,-1060,-1170,-1140
    14.41 BRG CHAN,4,4618,1000,100,0,1,0,-1090,-1160,-1145
    19.31 BRG mqtt: stack high-water 2276 bytes free of 6144
    19.31 BRG CHANSUM,0,9,10,10001,999,1,27,0,4,0,-1060,-1170,-1150,-1160
    39.27 BRG CHAN,29,29618,1000,100,0,1,0,-790,-1160,-1142
    72.19 MQTT lran/bridge/diag/state {"rx_crc_err":0,"rx_runt":0,"rx_oversize":0,"rx_bad_crc":0,"rx_bad_ver":0,"rx_not_addressed":0,"rx_unknown_hdr_ext":0,"rx_bad_frag":0,"rx_unknown_type":0,"rx_unknown_schema":0,"rx_bad_length":0,"rx_not_fragmentable":0,"rx_rejected_ctx":0,"rx_rejected_mac":0,"rx_unknown_src":0,"rx_reassembly_timeout":0,"rx_fragment_overflow":0,"rx_reassembly_abandoned":0,"rx_rejected_seq":0,"rx_frag_duplicate":0,"rx_frag_late":0,"rx_dup_command":0,"rx_dropped":0,"rx_frames":0,"ctx_rolls":0,"ctx_roll_failed":0}
    72.20 MQTT lran/bridge/diag/radio/state {"tx_frames":0,"cad_backoffs":0,"errors_suppressed":0,"cad_deferred":0,"cad_free":0,"rx_deaf_ms":0,"cad_errors":0,"tx_forced":0,"tx_errors":0,"tx_timeouts":0,"tx_dropped_no_radio":0,"rx_driver_errors":0,"rx_no_interrupt":0,"rx_wake_empty":0,"begin_failures":0,"last_begin_status":0,"q_rx_dropped":0,"q_rx_high_water":0,"q_publish_dropped":0,"q_publish_high_water":6,"q_tx_dropped":0,"q_tx_high_water":0,"q_log_dropped":0,"q_log_high_water":2,"q_command_dropped":0,"q_command_high_water":0,"q_config_dropped":0,"q_config_high_water":0,"q_event_dropped":0,"q_event_high_water":0,"q_hex_dropped":0,"q_hex_high_water":0}
    72.20 MQTT lran/bridge/diag/cmd/state {"cmd_submitted":0,"cmd_refused_busy":0,"cmd_sent":0,"cmd_retries":0,"cmd_acked":0,"cmd_no_ack":0,"cmd_resyncs":0,"cmd_resync_failed":0,"cmd_unconfirmed":0,"cmd_ack_ignored":0,"cmd_refused_roll_pending":0,"roll_sent":0,"roll_retries":0,"roll_busy":0,"roll_by_rejected_ctx":0}
    72.20 MQTT lran/bridge/diag/publish/state {"status_frames":0,"documents":0,"unchanged":0,"heartbeats":0,"event_frames":0,"events":0,"event_repeats":0,"bench_withheld":0,"queue_refused":0,"undecodable":0}
    73.29 BRG CHAN,63,63618,1000,100,0,1,0,-1080,-1150,-1144
    79.39 BRG CHANSUM,10,69,60,60000,6000,0,2,0,2,0,-790,-1160,-1150,-1158
    84.45 CMD mark 4e9ec8
    84.45 CMD mark runA-start
    84.45 CMD pub lran/bridge/config/set {"set":{"simnode_diag_enable":true}}
    84.45 CMD pub lran/simnode0/config/set {"set":{"deployed":true}}
    84.45 CMD pub lran/simnode1/config/set {"set":{"deployed":true}}
    84.45 CMD pub lran/simnode2/config/set {"set":{"deployed":true}}
    84.45 CMD HEL push f0
    84.45 CMD XIA push f1
    84.45 CMD HEL push f2
    84.45 MQTT lran/bridge/config/set {"set":{"simnode_diag_enable":true}}
    84.46 MQTT lran/simnode0/config/set {"set":{"deployed":true}}
    84.46 MQTT lran/simnode1/config/set {"set":{"deployed":true}}
    84.46 MQTT lran/simnode2/config/set {"set":{"deployed":true}}
    84.49 XIA OK push f1 -> 00 schema 0xFE DEBUG_SYNTHETIC
    84.51 HEL ERR push f0: needs ROLE_GATELINK
    84.51 HEL ERR push f2: needs ROLE_GATELINK
    84.69 MQTT lran/bridge/config/ack {"op":"set","persist":"persisted","results":{"simnode_diag_enable":{"status":"ok","value":1}}}
    84.69 MQTT lran/bridge/config/state {"simnode_diag_enable":{"value":1,"source":"override"},"diag_interval_s":{"value":60,"source":"override"},"missed_poll_threshold":{"value":3,"source":"default"},"poll_reply_timeout_ms":{"value":10000,"source":"default"},"command_ack_timeout_ms":{"value":3000,"source":"default"},"cmd_retries":{"value":3,"source":"override"},"cad_retries":{"value":5,"source":"default"},"backoff_max_ms":{"value":1500,"source":"default"},"frag_reassembly_timeout_ms":{"value":5000,"source":"default"},"error_min_interval_ms":{"value":1000,"source":"default"},"config_readback_timeout_ms":{"value":15000,"source":"default"},"config_ack_timeout_ms":{"value":8000,"source":"default"},"republish_interval_s":{"value":900,"source":"override"},"bms_stale_s":{"value":600,"source":"default"},"cell_mv_deadband":{"value":5,"source":"default"},"freq_hz":{"value":917400000,"source":"override"},"spreading_factor":{"value":9,"source":"override"},"bandwidth_khz":{"value":125,"source":"override"},"coding_rate_denominator":{"value":5,"source":"override"},"tx_power_dbm":{"value":-4,"source":"override"},"phy_trial_s":{"value":120,"source":"override"},"mppt_write_arm_timeout_s":{"value":300,"source":"default"},"hex_rsp_timeout_ms":{"value":3000,"source":"default"},"charge_readback_interval_h":{"value":0,"source":"override"}}
    84.70 MQTT lran/simnode0/config/ack {"op":"set","persist":"persisted","results":{"deployed":{"status":"ok","value":1}}}
    84.70 MQTT lran/simnode0/config/state {"poll_interval_s":{"value":60,"source":"override"},"deployed":{"value":1,"source":"override"},"dedup_cache_depth":{"value":null,"source":"default"},"frag_reassembly_timeout_ms":{"value":null,"source":"default"},"cad_retries":{"value":null,"source":"default"},"backoff_max_ms":{"value":null,"source":"default"},"freq_hz":{"value":null,"source":"default"},"spreading_factor":{"value":null,"source":"default"},"bandwidth_khz":{"value":null,"source":"default"},"coding_rate_denominator":{"value":null,"source":"default"},"tx_power_dbm":{"value":null,"source":"default"},"phy_trial_s":{"value":null,"source":"default"}}
    84.70 MQTT lran/simnode1/config/ack {"op":"set","persist":"persisted","results":{"deployed":{"status":"ok","value":1}}}
    84.70 MQTT lran/simnode1/config/state {"poll_interval_s":{"value":60,"source":"override"},"deployed":{"value":1,"source":"override"},"dedup_cache_depth":{"value":null,"source":"default"},"frag_reassembly_timeout_ms":{"value":null,"source":"default"},"cad_retries":{"value":null,"source":"default"},"backoff_max_ms":{"value":null,"source":"default"},"freq_hz":{"value":null,"source":"default"},"spreading_factor":{"value":null,"source":"default"},"bandwidth_khz":{"value":null,"source":"default"},"coding_rate_denominator":{"value":null,"source":"default"},"tx_power_dbm":{"value":null,"source":"default"},"phy_trial_s":{"value":null,"source":"default"}}
    84.70 MQTT lran/simnode2/config/ack {"op":"set","persist":"persisted","results":{"deployed":{"status":"ok","value":1}}}
    84.70 MQTT lran/simnode2/config/state {"poll_interval_s":{"value":60,"source":"override"},"deployed":{"value":1,"source":"override"},"dedup_cache_depth":{"value":null,"source":"default"},"frag_reassembly_timeout_ms":{"value":null,"source":"default"},"cad_retries":{"value":null,"source":"default"},"backoff_max_ms":{"value":null,"source":"default"},"freq_hz":{"value":null,"source":"default"},"spreading_factor":{"value":null,"source":"default"},"bandwidth_khz":{"value":null,"source":"default"},"coding_rate_denominator":{"value":null,"source":"default"},"tx_power_dbm":{"value":null,"source":"default"},"phy_trial_s":{"value":null,"source":"default"}}
    85.19 MQTT lran/simnode1/availability online
    85.19 MQTT lran/bridge/diag/state {"rx_crc_err":0,"rx_runt":0,"rx_oversize":0,"rx_bad_crc":0,"rx_bad_ver":0,"rx_not_addressed":0,"rx_unknown_hdr_ext":0,"rx_bad_frag":0,"rx_unknown_type":0,"rx_unknown_schema":0,"rx_bad_length":0,"rx_not_fragmentable":0,"rx_rejected_ctx":0,"rx_rejected_mac":0,"rx_unknown_src":0,"rx_reassembly_timeout":0,"rx_fragment_overflow":0,"rx_reassembly_abandoned":0,"rx_rejected_seq":0,"rx_frag_duplicate":0,"rx_frag_late":0,"rx_dup_command":0,"rx_dropped":0,"rx_frames":0,"ctx_rolls":0,"ctx_roll_failed":0}
    85.19 MQTT lran/bridge/diag/radio/state {"tx_frames":0,"cad_backoffs":0,"errors_suppressed":0,"cad_deferred":0,"cad_free":0,"rx_deaf_ms":0,"cad_errors":0,"tx_forced":0,"tx_errors":0,"tx_timeouts":0,"tx_dropped_no_radio":0,"rx_driver_errors":0,"rx_no_interrupt":0,"rx_wake_empty":0,"begin_failures":0,"last_begin_status":0,"q_rx_dropped":0,"q_rx_high_water":1,"q_publish_dropped":0,"q_publish_high_water":6,"q_tx_dropped":0,"q_tx_high_water":1,"q_log_dropped":0,"q_log_high_water":2,"q_command_dropped":0,"q_command_high_water":0,"q_config_dropped":0,"q_config_high_water":0,"q_event_dropped":0,"q_event_high_water":0,"q_hex_dropped":0,"q_hex_high_water":0}
    85.19 MQTT lran/bridge/diag/cmd/state {"cmd_submitted":0,"cmd_refused_busy":0,"cmd_sent":0,"cmd_retries":0,"cmd_acked":0,"cmd_no_ack":0,"cmd_resyncs":0,"cmd_resync_failed":0,"cmd_unconfirmed":0,"cmd_ack_ignored":0,"cmd_refused_roll_pending":0,"roll_sent":0,"roll_retries":0,"roll_busy":0,"roll_by_rejected_ctx":0}
    85.19 MQTT lran/bridge/diag/publish/state {"status_frames":1,"documents":0,"unchanged":0,"heartbeats":0,"event_frames":0,"events":0,"event_repeats":0,"bench_withheld":1,"queue_refused":0,"undecodable":0}
    85.20 MQTT lran/simnode0/diag/state {"rssi_dbm":null,"snr_db":null,"last_seen_s":null,"missed_polls":0,"proto_ver":null,"unsupported_ver":null}
    85.20 MQTT lran/simnode1/diag/state {"rssi_dbm":-35,"snr_db":10,"last_seen_s":0,"missed_polls":0,"proto_ver":2,"unsupported_ver":null}
    85.21 MQTT lran/simnode2/diag/state {"rssi_dbm":null,"snr_db":null,"last_seen_s":null,"missed_polls":0,"proto_ver":null,"unsupported_ver":null}
    85.29 MQTT lran/bridge/diag/rxlog/log {"lost":0,"f":[{"i":0,"ms":76509,"deaf":0,"d":"rx","peer":241,"type":4,"schema":254,"frag":1,"seq":4,"rssi":-35,"snr":10,"st":0,"rx":0}]}
    85.29 BRG levers: gen 10 - diag 60 s, poll reply 10000 ms, missed 3, cmd ack 3000 ms x3, config ack 8000 ms, readback 15000 ms, hex rsp 3000 ms, arm 300 s, charge readback 0 h, simnode diag on
    85.29 BRG availability: simnode1 online (missed_polls 0, threshold 3)
    85.29 BRG FRAME #0 rx t=76509 peer=0xf1 type=4 schema=254 frag=0x01 seq=4 rssi=-35 snr=10 st=0 rx=0 deaf=0
    85.29 BRG CHAN,75,75618,1002,93,8,48,1,-330,-1160,-749
    85.29 BRG FRAME #1 tx t=76711 peer=0xf0 type=3 schema=0 frag=0x01 seq=1 rssi=- snr=- st=0 rx=5 deaf=21
    85.38 MQTT lran/bridge/diag/rxlog/log {"lost":0,"f":[{"i":1,"ms":76711,"deaf":21,"d":"tx","peer":240,"type":3,"schema":0,"frag":1,"seq":1,"rssi":null,"snr":null,"st":0,"rx":5}]}
    85.90 BRG poll: f0 answered in 809 ms (window 10000 ms)
    86.09 MQTT lran/bridge/diag/rxlog/log {"lost":0,"f":[{"i":2,"ms":77380,"deaf":213,"d":"rx","peer":240,"type":4,"schema":240,"frag":1,"seq":1,"rssi":-28,"snr":11,"st":0,"rx":0}]}
    86.10 BRG FRAME #2 rx t=77380 peer=0xf0 type=4 schema=240 frag=0x01 seq=1 rssi=-28 snr=11 st=0 rx=0 deaf=213
    86.19 MQTT lran/simnode0/availability online
    86.29 MQTT lran/bridge/diag/rxlog/log {"lost":0,"f":[{"i":3,"ms":77597,"deaf":238,"d":"tx","peer":241,"type":3,"schema":0,"frag":1,"seq":2,"rssi":null,"snr":null,"st":0,"rx":5}]}
    86.30 BRG availability: simnode0 online (missed_polls 0, threshold 3)
    86.30 BRG FRAME #3 tx t=77597 peer=0xf1 type=3 schema=0 frag=0x01 seq=2 rssi=- snr=- st=0 rx=5 deaf=238
    86.30 BRG CHAN,76,76620,1004,75,24,29,1,-270,-1160,-830
    87.12 BRG poll: f1 answered in 962 ms (window 10000 ms)
    87.12 BRG FRAME #4 rx t=78533 peer=0xf1 type=4 schema=254 frag=0x01 seq=5 rssi=-34 snr=11 st=0 rx=0 deaf=430
    87.18 MQTT lran/bridge/diag/rxlog/log {"lost":0,"f":[{"i":4,"ms":78533,"deaf":430,"d":"rx","peer":241,"type":4,"schema":254,"frag":1,"seq":5,"rssi":-34,"snr":11,"st":0,"rx":0}]}
    87.32 BRG CHAN,77,77624,1001,67,33,39,1,-340,-1160,-688
    87.32 BRG FRAME #5 tx t=78736 peer=0xf2 type=3 schema=0 frag=0x01 seq=3 rssi=- snr=- st=0 rx=5 deaf=451
    87.39 MQTT lran/bridge/diag/rxlog/log {"lost":0,"f":[{"i":5,"ms":78736,"deaf":451,"d":"tx","peer":242,"type":3,"schema":0,"frag":1,"seq":3,"rssi":null,"snr":null,"st":0,"rx":5}]}
    87.93 BRG poll: f2 answered in 834 ms (window 10000 ms)
    88.09 MQTT lran/bridge/diag/rxlog/log {"lost":0,"f":[{"i":6,"ms":79405,"deaf":643,"d":"rx","peer":242,"type":4,"schema":240,"frag":1,"seq":1,"rssi":-28,"snr":11,"st":0,"rx":0}]}
    88.14 BRG FRAME #6 rx t=79405 peer=0xf2 type=4 schema=240 frag=0x01 seq=1 rssi=-28 snr=11 st=0 rx=0 deaf=643
    88.19 MQTT lran/simnode2/availability online
    88.29 MQTT lran/bridge/diag/rxlog/log {"lost":0,"f":[{"i":7,"ms":79608,"deaf":664,"d":"tx","peer":240,"type":1,"schema":0,"frag":1,"seq":1,"rssi":null,"snr":null,"st":0,"rx":5}]}
    88.34 BRG availability: simnode2 online (missed_polls 0, threshold 3)
    88.34 BRG FRAME #7 tx t=79608 peer=0xf0 type=1 schema=0 frag=0x01 seq=1 rssi=- snr=- st=0 rx=5 deaf=664
    88.34 BRG CHAN,78,78625,1000,76,23,29,1,-270,-1160,-833
    88.39 HEL roll f0 <- 00 seq 1: ctx 0x28a20ccc -> 0xdfe55f72, ACCEPTED
    88.95 BRG FRAME #8 rx t=80257 peer=0xf0 type=2 schema=0 frag=0x01 seq=1 rssi=-28 snr=11 st=0 rx=0 deaf=897
    88.99 MQTT lran/bridge/diag/rxlog/log {"lost":0,"f":[{"i":8,"ms":80257,"deaf":897,"d":"rx","peer":240,"type":2,"schema":0,"frag":1,"seq":1,"rssi":-28,"snr":11,"st":0,"rx":0}]}
    89.29 MQTT lran/bridge/diag/rxlog/log {"lost":0,"f":[{"i":9,"ms":80599,"deaf":918,"d":"tx","peer":240,"type":8,"schema":0,"frag":1,"seq":1,"rssi":null,"snr":null,"st":0,"rx":5}]}
    89.36 BRG roll: f0 rolled to ctx 0xdfe55f72 after 1 attempt(s)
    89.36 BRG FRAME #9 tx t=80599 peer=0xf0 type=8 schema=0 frag=0x01 seq=1 rssi=- snr=- st=0 rx=5 deaf=918
    89.36 BRG CHAN,79,79625,1000,73,26,24,1,-270,-1160,-896
    89.36 BRG mqtt: stack high-water 1920 bytes free of 6144
    90.38 BRG CHAN,80,80625,1003,78,22,3,0,-1100,-1160,-1143
    93.23 BRG hex: f0 seq 1 read -> no_response status 0 result 0, sched stack 2448 bytes free
    93.23 BRG WARN hex: f0 readback abandoned at 0xEDF7
    94.25 BRG FRAME #10 tx t=85599 peer=0xf1 type=1 schema=0 frag=0x01 seq=1 rssi=- snr=- st=0 rx=5 deaf=1172
    94.29 MQTT lran/bridge/diag/rxlog/log {"lost":0,"f":[{"i":10,"ms":85599,"deaf":1172,"d":"tx","peer":241,"type":1,"schema":0,"frag":1,"seq":1,"rssi":null,"snr":null,"st":0,"rx":5}]}
    94.47 XIA roll f1 <- 00 seq 1: ctx 0x010d48b4 -> 0xe63afb93, ACCEPTED
    94.86 BRG FRAME #11 rx t=86248 peer=0xf1 type=2 schema=0 frag=0x01 seq=1 rssi=-35 snr=11 st=0 rx=0 deaf=1405
    94.89 MQTT lran/bridge/diag/rxlog/log {"lost":0,"f":[{"i":11,"ms":86248,"deaf":1405,"d":"rx","peer":241,"type":2,"schema":0,"frag":1,"seq":1,"rssi":-35,"snr":11,"st":0,"rx":0}]}
    95.27 BRG roll: f1 rolled to ctx 0xe63afb93 after 1 attempt(s)
    95.27 BRG FRAME #12 tx t=86604 peer=0xf1 type=8 schema=0 frag=0x01 seq=2 rssi=- snr=- st=0 rx=5 deaf=1430
    95.27 BRG CHAN,85,85636,1005,74,25,21,1,-340,-1170,-924
    95.40 MQTT lran/bridge/diag/rxlog/log {"lost":0,"f":[{"i":12,"ms":86604,"deaf":1430,"d":"tx","peer":241,"type":8,"schema":0,"frag":1,"seq":2,"rssi":null,"snr":null,"st":0,"rx":5}]}
    95.49 XIA hex f1 <- 00 seq 2: read :7F7ED006A -> :7F7ED008C05D9
    96.08 BRG FRAME #13 rx t=87299 peer=0xf1 type=9 schema=0 frag=0x01 seq=2 rssi=-35 snr=11 st=0 rx=0 deaf=1663
    96.21 MQTT lran/bridge/diag/rxlog/log {"lost":0,"f":[{"i":13,"ms":87299,"deaf":1663,"d":"rx","peer":241,"type":9,"schema":0,"frag":1,"seq":2,"rssi":-35,"snr":11,"st":0,"rx":0}]}
    96.22 MQTT lran/simnode1/vedirect/charge/state {"charge_absorption_voltage_v":14.20,"charge_float_voltage_v":null,"charge_equalisation_voltage_v":null,"charge_auto_equalisation":null,"charge_temp_compensation_mv_k":null,"charge_battery_type":null,"charge_max_current_a":null,"charge_absorption_time_limit_h":null,"charge_system_voltage_v":null,"charge_low_temp_level_c":null}
    96.28 BRG hex: f1 seq 2 read -> answered status 0 result 0, sched stack 2448 bytes free
    96.28 BRG CHAN,86,86641,1009,75,26,21,1,-340,-1150,-921
    97.30 BRG FRAME #14 tx t=88605 peer=0xf2 type=1 schema=0 frag=0x01 seq=1 rssi=- snr=- st=0 rx=5 deaf=1688
    97.44 MQTT lran/bridge/diag/rxlog/log {"lost":0,"f":[{"i":14,"ms":88605,"deaf":1688,"d":"tx","peer":242,"type":1,"schema":0,"frag":1,"seq":1,"rssi":null,"snr":null,"st":0,"rx":5}]}
    97.56 HEL roll f2 <- 00 seq 1: ctx 0x31ef522e -> 0xf8da87e5, ACCEPTED
    97.92 BRG FRAME #15 rx t=89259 peer=0xf2 type=2 schema=0 frag=0x01 seq=1 rssi=-28 snr=11 st=0 rx=0 deaf=1921
    97.99 MQTT lran/bridge/diag/rxlog/log {"lost":0,"f":[{"i":15,"ms":89259,"deaf":1921,"d":"rx","peer":242,"type":2,"schema":0,"frag":1,"seq":1,"rssi":-28,"snr":11,"st":0,"rx":0}]}
    98.12 BRG roll: f2 rolled to ctx 0xf8da87e5 after 1 attempt(s)
    98.33 BRG FRAME #16 tx t=89601 peer=0xf1 type=8 schema=0 frag=0x01 seq=3 rssi=- snr=- st=0 rx=5 deaf=1942
    98.33 BRG CHAN,88,88652,1006,74,26,23,1,-270,-1160,-893
    98.35 XIA hex f1 <- 00 seq 3: read :7F6ED006B -> :7F6ED00460520
    98.39 MQTT lran/bridge/diag/rxlog/log {"lost":0,"f":[{"i":16,"ms":89601,"deaf":1942,"d":"tx","peer":241,"type":8,"schema":0,"frag":1,"seq":3,"rssi":null,"snr":null,"st":0,"rx":5}]}
    98.94 BRG FRAME #17 rx t=90291 peer=0xf1 type=9 schema=0 frag=0x01 seq=3 rssi=-34 snr=12 st=0 rx=0 deaf=2175
    99.09 MQTT lran/bridge/diag/rxlog/log {"lost":0,"f":[{"i":17,"ms":90291,"deaf":2175,"d":"rx","peer":241,"type":9,"schema":0,"frag":1,"seq":3,"rssi":-34,"snr":12,"st":0,"rx":0}]}
    99.14 BRG hex: f1 seq 3 read -> answered status 0 result 0, sched stack 2448 bytes free
    99.19 MQTT lran/simnode1/vedirect/charge/state {"charge_absorption_voltage_v":14.20,"charge_float_voltage_v":13.50,"charge_equalisation_voltage_v":null,"charge_auto_equalisation":null,"charge_temp_compensation_mv_k":null,"charge_battery_type":null,"charge_max_current_a":null,"charge_absorption_time_limit_h":null,"charge_system_voltage_v":null,"charge_low_temp_level_c":null}
    99.34 BRG CHAN,89,89658,1004,78,23,22,1,-330,-1160,-920
   100.36 BRG FRAME #18 tx t=91738 peer=0xf1 type=8 schema=0 frag=0x01 seq=4 rssi=- snr=- st=0 rx=5 deaf=2225
   100.52 MQTT lran/bridge/diag/rxlog/log {"lost":0,"f":[{"i":18,"ms":91738,"deaf":2225,"d":"tx","peer":241,"type":8,"schema":0,"frag":1,"seq":4,"rssi":null,"snr":null,"st":0,"rx":5}]}
   100.60 XIA hex f1 <- 00 seq 4: read :7F4ED006D -> :7F4ED008C05DC
   101.18 BRG FRAME #19 rx t=92428 peer=0xf1 type=9 schema=0 frag=0x01 seq=4 rssi=-35 snr=11 st=0 rx=0 deaf=2458
   101.18 BRG hex: f1 seq 4 read -> answered status 0 result 0, sched stack 2448 bytes free
   101.18 MQTT lran/bridge/diag/rxlog/log {"lost":0,"f":[{"i":19,"ms":92428,"deaf":2458,"d":"rx","peer":241,"type":9,"schema":0,"frag":1,"seq":4,"rssi":-35,"snr":11,"st":0,"rx":0}]}
   101.19 MQTT lran/simnode1/vedirect/charge/state {"charge_absorption_voltage_v":14.20,"charge_float_voltage_v":13.50,"charge_equalisation_voltage_v":14.20,"charge_auto_equalisation":null,"charge_temp_compensation_mv_k":null,"charge_battery_type":null,"charge_max_current_a":null,"charge_absorption_time_limit_h":null,"charge_system_voltage_v":null,"charge_low_temp_level_c":null}
   101.38 BRG CHAN,91,91663,1006,61,39,12,1,-330,-1160,-988
   102.39 MQTT lran/bridge/diag/rxlog/log {"lost":0,"f":[{"i":20,"ms":93600,"deaf":2479,"d":"tx","peer":241,"type":8,"schema":0,"frag":1,"seq":5,"rssi":null,"snr":null,"st":0,"rx":5}]}
   102.40 BRG FRAME #20 tx t=93600 peer=0xf1 type=8 schema=0 frag=0x01 seq=5 rssi=- snr=- st=0 rx=5 deaf=2479
   102.43 XIA hex f1 <- 00 seq 5: read :7FDED0064 -> :7FDED000064
   103.01 BRG FRAME #21 rx t=94294 peer=0xf1 type=9 schema=0 frag=0x01 seq=5 rssi=-35 snr=11 st=0 rx=0 deaf=2712
   103.09 MQTT lran/bridge/diag/rxlog/log {"lost":0,"f":[{"i":21,"ms":94294,"deaf":2712,"d":"rx","peer":241,"type":9,"schema":0,"frag":1,"seq":5,"rssi":-35,"snr":11,"st":0,"rx":0}]}
   103.19 MQTT lran/simnode1/vedirect/charge/state {"charge_absorption_voltage_v":14.20,"charge_float_voltage_v":13.50,"charge_equalisation_voltage_v":14.20,"charge_auto_equalisation":0,"charge_temp_compensation_mv_k":null,"charge_battery_type":null,"charge_max_current_a":null,"charge_absorption_time_limit_h":null,"charge_system_voltage_v":null,"charge_low_temp_level_c":null}
   103.21 BRG hex: f1 seq 5 read -> answered status 0 result 0, sched stack 2448 bytes free
   103.21 BRG CHAN,93,93677,1009,84,17,26,1,-340,-1160,-903
   104.23 BRG FRAME #22 tx t=95601 peer=0xf1 type=8 schema=0 frag=0x01 seq=6 rssi=- snr=- st=0 rx=5 deaf=2737
   104.39 MQTT lran/bridge/diag/rxlog/log {"lost":0,"f":[{"i":22,"ms":95601,"deaf":2737,"d":"tx","peer":241,"type":8,"schema":0,"frag":1,"seq":6,"rssi":null,"snr":null,"st":0,"rx":5}]}
   104.48 XIA hex f1 <- 00 seq 6: read :7F2ED006F -> :7F2ED0000006F
   106.48 BRG FRAME #23 rx t=97763 peer=0xf1 type=9 schema=0 frag=0x01 seq=6 rssi=-35 snr=11 st=0 rx=0 deaf=2970
   106.48 BRG CHAN,96,96691,1000,100,0,17,0,-330,-1160,-1009
   106.49 MQTT lran/bridge/diag/rxlog/log {"lost":0,"f":[{"i":23,"ms":97763,"deaf":2970,"d":"rx","peer":241,"type":9,"schema":0,"frag":1,"seq":6,"rssi":-35,"snr":11,"st":0,"rx":0}]}
   107.19 MQTT lran/simnode1/vedirect/charge/state {"charge_absorption_voltage_v":14.20,"charge_float_voltage_v":13.50,"charge_equalisation_voltage_v":14.20,"charge_auto_equalisation":0,"charge_temp_compensation_mv_k":0.00,"charge_battery_type":null,"charge_max_current_a":null,"charge_absorption_time_limit_h":null,"charge_system_voltage_v":null,"charge_low_temp_level_c":null}
   107.29 BRG hex: f1 seq 6 read -> answered status 0 result 0, sched stack 2448 bytes free
   107.29 BRG CHAN,97,97691,1004,101,0,9,1,-330,-1160,-1077
   108.32 BRG FRAME #24 tx t=99596 peer=0xf1 type=8 schema=0 frag=0x01 seq=7 rssi=- snr=- st=0 rx=5 deaf=2991
   108.35 XIA hex f1 <- 00 seq 7: read :7F1ED0070 -> :7F1ED00FF71
   108.39 MQTT lran/bridge/diag/rxlog/log {"lost":0,"f":[{"i":24,"ms":99596,"deaf":2991,"d":"tx","peer":241,"type":8,"schema":0,"frag":1,"seq":7,"rssi":null,"snr":null,"st":0,"rx":5}]}
   108.92 BRG FRAME #25 rx t=100290 peer=0xf1 type=9 schema=0 frag=0x01 seq=7 rssi=-35 snr=11 st=0 rx=0 deaf=3224
   108.99 MQTT lran/bridge/diag/rxlog/log {"lost":0,"f":[{"i":25,"ms":100290,"deaf":3224,"d":"rx","peer":241,"type":9,"schema":0,"frag":1,"seq":7,"rssi":-35,"snr":11,"st":0,"rx":0}]}
   109.12 BRG hex: f1 seq 7 read -> answered status 0 result 0, sched stack 2448 bytes free
   109.19 MQTT lran/simnode1/vedirect/charge/state {"charge_absorption_voltage_v":14.20,"charge_float_voltage_v":13.50,"charge_equalisation_voltage_v":14.20,"charge_auto_equalisation":0,"charge_temp_compensation_mv_k":0.00,"charge_battery_type":255,"charge_max_current_a":null,"charge_absorption_time_limit_h":null,"charge_system_voltage_v":null,"charge_low_temp_level_c":null}
   109.33 BRG CHAN,99,99703,1009,87,14,26,1,-340,-1160,-910
   110.35 BRG FRAME #26 tx t=101597 peer=0xf1 type=8 schema=0 frag=0x01 seq=8 rssi=- snr=- st=0 rx=5 deaf=3249
   110.39 MQTT lran/bridge/diag/rxlog/log {"lost":0,"f":[{"i":26,"ms":101597,"deaf":3249,"d":"tx","peer":241,"type":8,"schema":0,"frag":1,"seq":8,"rssi":null,"snr":null,"st":0,"rx":5}]}
   110.39 XIA hex f1 <- 00 seq 8: read :7F0ED0071 -> :7F0ED009600DB
   110.96 BRG FRAME #27 rx t=102291 peer=0xf1 type=9 schema=0 frag=0x01 seq=8 rssi=-35 snr=11 st=0 rx=0 deaf=3482
   110.99 MQTT lran/bridge/diag/rxlog/log {"lost":0,"f":[{"i":27,"ms":102291,"deaf":3482,"d":"rx","peer":241,"type":9,"schema":0,"frag":1,"seq":8,"rssi":-35,"snr":11,"st":0,"rx":0}]}
   111.16 BRG hex: f1 seq 8 read -> answered status 0 result 0, sched stack 2448 bytes free
   111.19 MQTT lran/simnode1/vedirect/charge/state {"charge_absorption_voltage_v":14.20,"charge_float_voltage_v":13.50,"charge_equalisation_voltage_v":14.20,"charge_auto_equalisation":0,"charge_temp_compensation_mv_k":0.00,"charge_battery_type":255,"charge_max_current_a":15.0,"charge_absorption_time_limit_h":null,"charge_system_voltage_v":null,"charge_low_temp_level_c":null}
   111.37 BRG CHAN,101,101714,1009,88,13,26,1,-340,-1150,-914
   112.36 CMD mark 5ac9c3
   112.36 CMD pub lran/simnode1/config/set {"op":"get_all"}
   112.36 MQTT lran/simnode1/config/set {"op":"get_all"}
   112.38 BRG FRAME #28 tx t=103598 peer=0xf1 type=8 schema=0 frag=0x01 seq=9 rssi=- snr=- st=0 rx=5 deaf=3507
   112.39 MQTT lran/bridge/diag/rxlog/log {"lost":0,"f":[{"i":28,"ms":103598,"deaf":3507,"d":"tx","peer":241,"type":8,"schema":0,"frag":1,"seq":9,"rssi":null,"snr":null,"st":0,"rx":5}]}
   112.43 XIA hex f1 <- 00 seq 9: read :7FBED0066 -> :7FBED00C8009E
   112.99 MQTT lran/bridge/diag/rxlog/log {"lost":0,"f":[{"i":29,"ms":104292,"deaf":3740,"d":"rx","peer":241,"type":9,"schema":0,"frag":1,"seq":9,"rssi":-35,"snr":11,"st":0,"rx":0}]}
   112.99 BRG FRAME #29 rx t=104292 peer=0xf1 type=9 schema=0 frag=0x01 seq=9 rssi=-35 snr=11 st=0 rx=0 deaf=3740
   113.19 MQTT lran/simnode1/vedirect/charge/state {"charge_absorption_voltage_v":14.20,"charge_float_voltage_v":13.50,"charge_equalisation_voltage_v":14.20,"charge_auto_equalisation":0,"charge_temp_compensation_mv_k":0.00,"charge_battery_type":255,"charge_max_current_a":15.0,"charge_absorption_time_limit_h":2.00,"charge_system_voltage_v":null,"charge_low_temp_level_c":null}
   113.20 BRG hex: f1 seq 9 read -> answered status 0 result 0, sched stack 2448 bytes free
   113.40 BRG CHAN,103,103725,1009,89,12,26,1,-330,-1160,-914
   114.39 MQTT lran/bridge/diag/rxlog/log {"lost":0,"f":[{"i":30,"ms":105599,"deaf":3765,"d":"tx","peer":241,"type":10,"schema":18,"frag":1,"seq":1,"rssi":null,"snr":null,"st":0,"rx":5}]}
   114.41 BRG FRAME #30 tx t=105599 peer=0xf1 type=10 schema=18 frag=0x01 seq=1 rssi=- snr=- st=0 rx=5 deaf=3765
   114.47 XIA config f1 <- 00 seq 1: op 3, 0 entries, 6 result(s)
   115.02 BRG FRAME #31 rx t=106437 peer=0xf1 type=11 schema=18 frag=0x01 seq=1 rssi=-35 snr=11 st=0 rx=0 deaf=3998
   115.19 MQTT lran/bridge/diag/rxlog/log {"lost":0,"f":[{"i":31,"ms":106437,"deaf":3998,"d":"rx","peer":241,"type":11,"schema":18,"frag":1,"seq":1,"rssi":-35,"snr":11,"st":0,"rx":0}]}
   115.19 MQTT lran/simnode1/config/ack {"op":"get_all","persist":"persisted","results":{"poll_interval_s":{"status":"ok","value":60},"deployed":{"status":"ok","value":1},"freq_hz":{"status":"ok","value":917400000},"spreading_factor":{"status":"ok","value":9},"bandwidth_khz":{"status":"ok","value":125},"coding_rate_denominator":{"status":"ok","value":5},"tx_power_dbm":{"status":"ok","value":-4},"phy_trial_s":{"status":"ok","value":120}}}
   115.19 MQTT lran/simnode1/config/state {"poll_interval_s":{"value":60,"source":"override"},"deployed":{"value":1,"source":"override"},"dedup_cache_depth":{"value":null,"source":"default"},"frag_reassembly_timeout_ms":{"value":null,"source":"default"},"cad_retries":{"value":null,"source":"default"},"backoff_max_ms":{"value":null,"source":"default"},"freq_hz":{"value":917400000,"source":"override"},"spreading_factor":{"value":9,"source":"override"},"bandwidth_khz":{"value":125,"source":"override"},"coding_rate_denominator":{"value":5,"source":"override"},"tx_power_dbm":{"value":-4,"source":"override"},"phy_trial_s":{"value":120,"source":"override"}}
   115.22 BRG config: f1 outcome 1, sched stack high-water 2288 bytes free
   115.22 BRG FRAME #32 tx t=106639 peer=0xf1 type=8 schema=0 frag=0x01 seq=10 rssi=- snr=- st=0 rx=5 deaf=4019
   115.39 MQTT lran/bridge/diag/rxlog/log {"lost":0,"f":[{"i":32,"ms":106639,"deaf":4019,"d":"tx","peer":241,"type":8,"schema":0,"frag":1,"seq":10,"rssi":null,"snr":null,"st":0,"rx":5}]}
   115.43 BRG CHAN,105,105736,1000,64,35,26,1,-340,-1150,-821
   115.48 XIA hex f1 <- 00 seq 10: read :7EAED0077 -> :7EAED000C6B
   116.04 BRG FRAME #33 rx t=107333 peer=0xf1 type=9 schema=0 frag=0x01 seq=10 rssi=-35 snr=12 st=0 rx=0 deaf=4252
   116.09 MQTT lran/bridge/diag/rxlog/log {"lost":0,"f":[{"i":33,"ms":107333,"deaf":4252,"d":"rx","peer":241,"type":9,"schema":0,"frag":1,"seq":10,"rssi":-35,"snr":12,"st":0,"rx":0}]}
   116.19 MQTT lran/simnode1/vedirect/charge/state {"charge_absorption_voltage_v":14.20,"charge_float_voltage_v":13.50,"charge_equalisation_voltage_v":14.20,"charge_auto_equalisation":0,"charge_temp_compensation_mv_k":0.00,"charge_battery_type":255,"charge_max_current_a":15.0,"charge_absorption_time_limit_h":2.00,"charge_system_voltage_v":12,"charge_low_temp_level_c":null}
   116.24 BRG hex: f1 seq 10 read -> answered status 0 result 0, sched stack 1844 bytes free
   116.45 BRG CHAN,106,106736,1008,86,15,26,1,-340,-1160,-908
   117.27 BRG FRAME #34 tx t=108599 peer=0xf1 type=8 schema=0 frag=0x01 seq=11 rssi=- snr=- st=0 rx=5 deaf=4277
   117.39 MQTT lran/bridge/diag/rxlog/log {"lost":0,"f":[{"i":34,"ms":108599,"deaf":4277,"d":"tx","peer":241,"type":8,"schema":0,"frag":1,"seq":11,"rssi":null,"snr":null,"st":0,"rx":5}]}
   117.52 XIA hex f1 <- 00 seq 11: read :7E0ED0081 -> :7E0ED00F4018C
   117.88 BRG FRAME #35 rx t=109289 peer=0xf1 type=9 schema=0 frag=0x01 seq=11 rssi=-35 snr=11 st=0 rx=0 deaf=4510
   117.99 MQTT lran/bridge/diag/rxlog/log {"lost":0,"f":[{"i":35,"ms":109289,"deaf":4510,"d":"rx","peer":241,"type":9,"schema":0,"frag":1,"seq":11,"rssi":-35,"snr":11,"st":0,"rx":0}]}
   118.19 MQTT lran/simnode1/vedirect/charge/state {"charge_absorption_voltage_v":14.20,"charge_float_voltage_v":13.50,"charge_equalisation_voltage_v":14.20,"charge_auto_equalisation":0,"charge_temp_compensation_mv_k":0.00,"charge_battery_type":255,"charge_max_current_a":15.0,"charge_absorption_time_limit_h":2.00,"charge_system_voltage_v":12,"charge_low_temp_level_c":5.00}
   118.28 BRG hex: f1 seq 11 read -> answered status 0 result 0, sched stack 1844 bytes free
   118.48 BRG CHAN,108,108746,1005,91,10,28,1,-340,-1160,-924
   119.30 BRG FRAME #36 tx t=110602 peer=0xf2 type=8 schema=0 frag=0x01 seq=12 rssi=- snr=- st=0 rx=5 deaf=4531
   119.39 MQTT lran/bridge/diag/rxlog/log {"lost":0,"f":[{"i":36,"ms":110602,"deaf":4531,"d":"tx","peer":242,"type":8,"schema":0,"frag":1,"seq":12,"rssi":null,"snr":null,"st":0,"rx":5}]}
   121.29 CMD mark 182d57
   121.29 CMD pub lran/bridge/config/set {"set":{"freq_hz":917000000}}
   121.29 MQTT lran/bridge/config/set {"set":{"freq_hz":917000000}}
   123.16 BRG hex: f2 seq 12 read -> no_response status 0 result 0, sched stack 1844 bytes free
   123.16 BRG WARN hex: f2 readback abandoned at 0xEDF7
   124.18 BRG phy: change started across 3 node(s)
   124.39 MQTT lran/bridge/diag/rxlog/log {"lost":0,"f":[{"i":37,"ms":115602,"deaf":4785,"d":"tx","peer":240,"type":10,"schema":18,"frag":1,"seq":1,"rssi":null,"snr":null,"st":0,"rx":5}]}
   124.39 BRG FRAME #37 tx t=115602 peer=0xf0 type=10 schema=18 frag=0x01 seq=1 rssi=- snr=- st=0 rx=5 deaf=4785
   124.67 HEL phy f0: SET accepted, board pending, accepted 0x01 of 0x03
   124.67 HEL config f0 <- 00 seq 1: op 1, 6 entries, 6 result(s)
   125.39 MQTT lran/bridge/diag/rxlog/log {"lost":0,"f":[{"i":38,"ms":116604,"deaf":5182,"d":"rx","peer":240,"type":11,"schema":18,"frag":1,"seq":1,"rssi":-28,"snr":12,"st":0,"rx":0}]}
   125.40 BRG FRAME #38 rx t=116604 peer=0xf0 type=11 schema=18 frag=0x01 seq=1 rssi=-28 snr=12 st=0 rx=0 deaf=5182
   125.40 BRG CHAN,115,115769,1007,68,33,32,1,-270,-1160,-742
   126.39 MQTT lran/bridge/diag/rxlog/log {"lost":0,"f":[{"i":39,"ms":117597,"deaf":5203,"d":"tx","peer":241,"type":10,"schema":18,"frag":1,"seq":2,"rssi":null,"snr":null,"st":0,"rx":5}]}
   126.41 BRG FRAME #39 tx t=117597 peer=0xf1 type=10 schema=18 frag=0x01 seq=2 rssi=- snr=- st=0 rx=5 deaf=5203
   126.69 XIA phy f1: SET accepted, board pending, accepted 0x01 of 0x01
   126.69 XIA config f1 <- 00 seq 2: op 1, 6 entries, 6 result(s)
   127.23 BRG FRAME #40 rx t=118595 peer=0xf1 type=11 schema=18 frag=0x01 seq=2 rssi=-35 snr=11 st=0 rx=0 deaf=5600
   127.29 MQTT lran/bridge/diag/rxlog/log {"lost":0,"f":[{"i":40,"ms":118595,"deaf":5600,"d":"rx","peer":241,"type":11,"schema":18,"frag":1,"seq":2,"rssi":-35,"snr":11,"st":0,"rx":0}]}
   127.30 XIA radio: up - 917000000 Hz, SF9, BW 125.0 kHz, CR 4/5, -4 dBm conducted, 3.0 dBi antenna
   127.30 XIA phy: retuned, board trial
   127.43 BRG CHAN,117,117784,1002,78,23,40,1,-330,-1160,-741
   128.25 BRG FRAME #41 tx t=119597 peer=0xf2 type=10 schema=18 frag=0x01 seq=1 rssi=- snr=- st=0 rx=5 deaf=5621
   128.39 MQTT lran/bridge/diag/rxlog/log {"lost":0,"f":[{"i":41,"ms":119597,"deaf":5621,"d":"tx","peer":242,"type":10,"schema":18,"frag":1,"seq":1,"rssi":null,"snr":null,"st":0,"rx":5}]}
   128.55 HEL phy f2: SET accepted, board pending, accepted 0x03 of 0x03
   128.55 HEL config f2 <- 00 seq 1: op 1, 6 entries, 6 result(s)
   129.16 HEL radio: up - 917000000 Hz, SF9, BW 125.0 kHz, CR 4/5, -4 dBm conducted, 3.0 dBi antenna
   129.27 BRG FRAME #42 rx t=120604 peer=0xf2 type=11 schema=18 frag=0x01 seq=1 rssi=-28 snr=12 st=0 rx=0 deaf=6018
   129.36 HEL phy: retuned, board trial
   129.40 MQTT lran/bridge/diag/rxlog/log {"lost":0,"f":[{"i":42,"ms":120604,"deaf":6018,"d":"rx","peer":242,"type":11,"schema":18,"frag":1,"seq":1,"rssi":-28,"snr":12,"st":0,"rx":0}]}
   129.47 BRG CHAN,119,119794,1002,79,22,40,1,-270,-1160,-711
   130.28 BRG phy: every node accepted - retuning
   130.28 BRG LoRa: radio up - 917000000 Hz, SF9, BW 125.0 kHz, CR 4/5, -4 dBm conducted, 3.0 dBi antenna
   130.28 BRG LoRa: stack high-water 5972 bytes free
   131.29 MQTT lran/bridge/diag/rxlog/log {"lost":0,"f":[{"i":43,"ms":122595,"deaf":6039,"d":"tx","peer":240,"type":3,"schema":0,"frag":1,"seq":4,"rssi":null,"snr":null,"st":0,"rx":5}]}
   131.30 BRG FRAME #43 tx t=122595 peer=0xf0 type=3 schema=0 frag=0x01 seq=4 rssi=- snr=- st=0 rx=5 deaf=6039
   132.11 BRG FRAME #44 rx t=123488 peer=0xf0 type=4 schema=240 frag=0x01 seq=2 rssi=-28 snr=12 st=0 rx=0 deaf=6231
   132.19 MQTT lran/bridge/diag/rxlog/log {"lost":0,"f":[{"i":44,"ms":123488,"deaf":6231,"d":"rx","peer":240,"type":4,"schema":240,"frag":1,"seq":2,"rssi":-28,"snr":12,"st":0,"rx":0}]}
   132.32 BRG FRAME #45 tx t=123691 peer=0xf1 type=3 schema=0 frag=0x01 seq=5 rssi=- snr=- st=0 rx=5 deaf=6252
   132.39 MQTT lran/bridge/diag/rxlog/log {"lost":0,"f":[{"i":45,"ms":123691,"deaf":6252,"d":"tx","peer":241,"type":3,"schema":0,"frag":1,"seq":5,"rssi":null,"snr":null,"st":0,"rx":5}]}
   132.52 BRG CHAN,122,122813,1004,87,13,28,1,-270,-1150,-868
   134.16 BRG FRAME #46 rx t=125468 peer=0xf1 type=4 schema=254 frag=0x01 seq=2 rssi=-35 snr=11 st=0 rx=0 deaf=6444
   134.19 MQTT lran/bridge/diag/rxlog/log {"lost":0,"f":[{"i":46,"ms":125468,"deaf":6444,"d":"rx","peer":241,"type":4,"schema":254,"frag":1,"seq":2,"rssi":-35,"snr":11,"st":0,"rx":0}]}
   134.36 BRG FRAME #47 tx t=125671 peer=0xf2 type=3 schema=0 frag=0x01 seq=6 rssi=- snr=- st=0 rx=5 deaf=6465
   134.39 MQTT lran/bridge/diag/rxlog/log {"lost":0,"f":[{"i":47,"ms":125671,"deaf":6465,"d":"tx","peer":242,"type":3,"schema":0,"frag":1,"seq":6,"rssi":null,"snr":null,"st":0,"rx":5}]}
   134.56 BRG CHAN,124,124819,1008,84,16,54,1,-330,-1150,-633
   134.97 BRG FRAME #48 rx t=126340 peer=0xf2 type=4 schema=240 frag=0x01 seq=2 rssi=-28 snr=11 st=0 rx=0 deaf=6657
   135.09 MQTT lran/bridge/diag/rxlog/log {"lost":0,"f":[{"i":48,"ms":126340,"deaf":6657,"d":"rx","peer":242,"type":4,"schema":240,"frag":1,"seq":2,"rssi":-28,"snr":11,"st":0,"rx":0}]}
   135.17 BRG phy: every node heard - committed
   135.21 MQTT lran/bridge/config/ack {"op":"set","persist":"persisted","results":{"freq_hz":{"status":"ok","value":917000000}}}
   135.29 MQTT lran/bridge/config/state {"simnode_diag_enable":{"value":1,"source":"override"},"diag_interval_s":{"value":60,"source":"override"},"missed_poll_threshold":{"value":3,"source":"default"},"poll_reply_timeout_ms":{"value":10000,"source":"default"},"command_ack_timeout_ms":{"value":3000,"source":"default"},"cmd_retries":{"value":3,"source":"override"},"cad_retries":{"value":5,"source":"default"},"backoff_max_ms":{"value":1500,"source":"default"},"frag_reassembly_timeout_ms":{"value":5000,"source":"default"},"error_min_interval_ms":{"value":1000,"source":"default"},"config_readback_timeout_ms":{"value":15000,"source":"default"},"config_ack_timeout_ms":{"value":8000,"source":"default"},"republish_interval_s":{"value":900,"source":"override"},"bms_stale_s":{"value":600,"source":"default"},"cell_mv_deadband":{"value":5,"source":"default"},"freq_hz":{"value":917000000,"source":"override"},"spreading_factor":{"value":9,"source":"override"},"bandwidth_khz":{"value":125,"source":"override"},"coding_rate_denominator":{"value":5,"source":"override"},"tx_power_dbm":{"value":-4,"source":"override"},"phy_trial_s":{"value":120,"source":"override"},"mppt_write_arm_timeout_s":{"value":300,"source":"default"},"hex_rsp_timeout_ms":{"value":3000,"source":"default"},"charge_readback_interval_h":{"value":0,"source":"override"}}
   135.38 BRG FRAME #49 tx t=126607 peer=0xf0 type=10 schema=18 frag=0x01 seq=2 rssi=- snr=- st=0 rx=5 deaf=6682
   135.39 MQTT lran/bridge/diag/rxlog/log {"lost":0,"f":[{"i":49,"ms":126607,"deaf":6682,"d":"tx","peer":240,"type":10,"schema":18,"frag":1,"seq":2,"rssi":null,"snr":null,"st":0,"rx":5}]}
   135.47 HEL config f0 <- 00 seq 2: op 2, 6 entries, 6 result(s)
   135.50 CMD mark 937a43
   135.50 CMD pub lran/simnode1/config/set {"op":"get_all"}
   135.50 MQTT lran/simnode1/config/set {"op":"get_all"}
   135.58 BRG CHAN,125,125827,1007,72,28,30,1,-270,-1150,-823
   136.19 BRG FRAME #50 rx t=127547 peer=0xf0 type=11 schema=18 frag=0x01 seq=2 rssi=-28 snr=12 st=0 rx=0 deaf=7018
   136.21 MQTT lran/simnode0/config/state {"poll_interval_s":{"value":60,"source":"override"},"deployed":{"value":1,"source":"override"},"dedup_cache_depth":{"value":null,"source":"default"},"frag_reassembly_timeout_ms":{"value":null,"source":"default"},"cad_retries":{"value":null,"source":"default"},"backoff_max_ms":{"value":null,"source":"default"},"freq_hz":{"value":917000000,"source":"override"},"spreading_factor":{"value":9,"source":"override"},"bandwidth_khz":{"value":125,"source":"override"},"coding_rate_denominator":{"value":5,"source":"override"},"tx_power_dbm":{"value":-4,"source":"override"},"phy_trial_s":{"value":120,"source":"override"}}
   136.29 MQTT lran/bridge/diag/rxlog/log {"lost":0,"f":[{"i":50,"ms":127547,"deaf":7018,"d":"rx","peer":240,"type":11,"schema":18,"frag":1,"seq":2,"rssi":-28,"snr":12,"st":0,"rx":0}]}
   136.39 BRG FRAME #51 tx t=127750 peer=0xf1 type=10 schema=18 frag=0x01 seq=3 rssi=- snr=- st=0 rx=5 deaf=7039
   136.49 MQTT lran/bridge/diag/rxlog/log {"lost":0,"f":[{"i":51,"ms":127750,"deaf":7039,"d":"tx","peer":241,"type":10,"schema":18,"frag":1,"seq":3,"rssi":null,"snr":null,"st":0,"rx":5}]}
   136.60 BRG CHAN,126,126834,1003,58,41,22,1,-260,-1160,-841
   136.68 XIA config f1 <- 00 seq 3: op 2, 6 entries, 6 result(s)
   137.39 MQTT lran/bridge/diag/rxlog/log {"lost":0,"f":[{"i":52,"ms":128685,"deaf":7374,"d":"rx","peer":241,"type":11,"schema":18,"frag":1,"seq":3,"rssi":-35,"snr":11,"st":0,"rx":0}]}
   137.41 BRG FRAME #52 rx t=128685 peer=0xf1 type=11 schema=18 frag=0x01 seq=3 rssi=-35 snr=11 st=0 rx=0 deaf=7374
   137.62 BRG CHAN,127,127837,1000,60,40,26,1,-330,-1160,-797
   138.19 MQTT lran/simnode1/config/state {"poll_interval_s":{"value":60,"source":"override"},"deployed":{"value":1,"source":"override"},"dedup_cache_depth":{"value":null,"source":"default"},"frag_reassembly_timeout_ms":{"value":null,"source":"default"},"cad_retries":{"value":null,"source":"default"},"backoff_max_ms":{"value":null,"source":"default"},"freq_hz":{"value":917000000,"source":"override"},"spreading_factor":{"value":9,"source":"override"},"bandwidth_khz":{"value":125,"source":"override"},"coding_rate_denominator":{"value":5,"source":"override"},"tx_power_dbm":{"value":-4,"source":"override"},"phy_trial_s":{"value":120,"source":"override"}}
   138.23 BRG FRAME #53 tx t=129598 peer=0xf2 type=10 schema=18 frag=0x01 seq=2 rssi=- snr=- st=0 rx=5 deaf=7395
   138.29 MQTT lran/bridge/diag/rxlog/log {"lost":0,"f":[{"i":53,"ms":129598,"deaf":7395,"d":"tx","peer":242,"type":10,"schema":18,"frag":1,"seq":2,"rssi":null,"snr":null,"st":0,"rx":5}]}
   138.52 HEL config f2 <- 00 seq 2: op 2, 6 entries, 6 result(s)
   139.19 MQTT lran/simnode2/config/state {"poll_interval_s":{"value":60,"source":"override"},"deployed":{"value":1,"source":"override"},"dedup_cache_depth":{"value":null,"source":"default"},"frag_reassembly_timeout_ms":{"value":null,"source":"default"},"cad_retries":{"value":null,"source":"default"},"backoff_max_ms":{"value":null,"source":"default"},"freq_hz":{"value":917000000,"source":"override"},"spreading_factor":{"value":9,"source":"override"},"bandwidth_khz":{"value":125,"source":"override"},"coding_rate_denominator":{"value":5,"source":"override"},"tx_power_dbm":{"value":-4,"source":"override"},"phy_trial_s":{"value":120,"source":"override"}}
   139.25 BRG FRAME #54 rx t=130538 peer=0xf2 type=11 schema=18 frag=0x01 seq=2 rssi=-28 snr=11 st=0 rx=0 deaf=7731
   139.29 MQTT lran/bridge/diag/rxlog/log {"lost":0,"f":[{"i":54,"ms":130538,"deaf":7731,"d":"rx","peer":242,"type":11,"schema":18,"frag":1,"seq":2,"rssi":-28,"snr":11,"st":0,"rx":0}]}
   139.45 BRG CHAN,129,129845,1005,90,10,40,1,-260,-1160,-760
   139.45 BRG CHANSUM,70,129,60,60232,5135,862,793,27,29,0,-260,-1170,-1150,-1158
   140.27 BRG FRAME #55 tx t=131601 peer=0xf1 type=10 schema=18 frag=0x01 seq=4 rssi=- snr=- st=0 rx=5 deaf=7752
   140.34 XIA config f1 <- 00 seq 4: op 3, 0 entries, 6 result(s)
   140.39 MQTT lran/bridge/diag/rxlog/log {"lost":0,"f":[{"i":55,"ms":131601,"deaf":7752,"d":"tx","peer":241,"type":10,"schema":18,"frag":1,"seq":4,"rssi":null,"snr":null,"st":0,"rx":5}]}
   141.09 BRG FRAME #56 rx t=132434 peer=0xf1 type=11 schema=18 frag=0x01 seq=4 rssi=-35 snr=11 st=0 rx=0 deaf=7985
   141.19 MQTT lran/bridge/diag/rxlog/log {"lost":0,"f":[{"i":56,"ms":132434,"deaf":7985,"d":"rx","peer":241,"type":11,"schema":18,"frag":1,"seq":4,"rssi":-35,"snr":11,"st":0,"rx":0}]}
   141.19 MQTT lran/simnode1/config/ack {"op":"get_all","persist":"persisted","results":{"poll_interval_s":{"status":"ok","value":60},"deployed":{"status":"ok","value":1},"freq_hz":{"status":"ok","value":917000000},"spreading_factor":{"status":"ok","value":9},"bandwidth_khz":{"status":"ok","value":125},"coding_rate_denominator":{"status":"ok","value":5},"tx_power_dbm":{"status":"ok","value":-4},"phy_trial_s":{"status":"ok","value":120}}}
   141.19 MQTT lran/simnode1/config/state {"poll_interval_s":{"value":60,"source":"override"},"deployed":{"value":1,"source":"override"},"dedup_cache_depth":{"value":null,"source":"default"},"frag_reassembly_timeout_ms":{"value":null,"source":"default"},"cad_retries":{"value":null,"source":"default"},"backoff_max_ms":{"value":null,"source":"default"},"freq_hz":{"value":917000000,"source":"override"},"spreading_factor":{"value":9,"source":"override"},"bandwidth_khz":{"value":125,"source":"override"},"coding_rate_denominator":{"value":5,"source":"override"},"tx_power_dbm":{"value":-4,"source":"override"},"phy_trial_s":{"value":120,"source":"override"}}
   141.29 BRG config: f1 outcome 1, sched stack high-water 1264 bytes free
   141.49 BRG CHAN,131,131850,1006,101,0,40,1,-340,-1150,-835
   145.17 BRG FRAME #57 tx t=136597 peer=0xf0 type=3 schema=0 frag=0x01 seq=7 rssi=- snr=- st=0 rx=5 deaf=8006
   145.29 MQTT lran/bridge/diag/rxlog/log {"lost":0,"f":[{"i":57,"ms":136597,"deaf":8006,"d":"tx","peer":240,"type":3,"schema":0,"frag":1,"seq":7,"rssi":null,"snr":null,"st":0,"rx":5}]}
   145.98 BRG poll: f0 answered in 696 ms (window 10000 ms)
   145.98 BRG FRAME #58 rx t=137267 peer=0xf0 type=4 schema=240 frag=0x01 seq=3 rssi=-28 snr=12 st=0 rx=0 deaf=8198
   145.99 MQTT lran/bridge/diag/rxlog/log {"lost":0,"f":[{"i":58,"ms":137267,"deaf":8198,"d":"rx","peer":240,"type":4,"schema":240,"frag":1,"seq":3,"rssi":-28,"snr":12,"st":0,"rx":0}]}
   146.26 MQTT lran/bridge/diag/state {"rx_crc_err":0,"rx_runt":0,"rx_oversize":0,"rx_bad_crc":0,"rx_bad_ver":0,"rx_not_addressed":0,"rx_unknown_hdr_ext":0,"rx_bad_frag":0,"rx_unknown_type":0,"rx_unknown_schema":0,"rx_bad_length":0,"rx_not_fragmentable":0,"rx_rejected_ctx":0,"rx_rejected_mac":0,"rx_unknown_src":0,"rx_reassembly_timeout":0,"rx_fragment_overflow":0,"rx_reassembly_abandoned":0,"rx_rejected_seq":0,"rx_frag_duplicate":0,"rx_frag_late":0,"rx_dup_command":0,"rx_dropped":0,"rx_frames":28,"ctx_rolls":3,"ctx_roll_failed":0}
   146.26 MQTT lran/bridge/diag/radio/state {"tx_frames":30,"cad_backoffs":1,"errors_suppressed":0,"cad_deferred":0,"cad_free":30,"rx_deaf_ms":8198,"cad_errors":0,"tx_forced":0,"tx_errors":0,"tx_timeouts":0,"tx_dropped_no_radio":0,"rx_driver_errors":0,"rx_no_interrupt":0,"rx_wake_empty":0,"begin_failures":0,"last_begin_status":0,"q_rx_dropped":0,"q_rx_high_water":1,"q_publish_dropped":0,"q_publish_high_water":8,"q_tx_dropped":0,"q_tx_high_water":1,"q_log_dropped":0,"q_log_high_water":2,"q_command_dropped":0,"q_command_high_water":0,"q_config_dropped":0,"q_config_high_water":1,"q_event_dropped":0,"q_event_high_water":0,"q_hex_dropped":0,"q_hex_high_water":0}
   146.26 MQTT lran/bridge/diag/cmd/state {"cmd_submitted":0,"cmd_refused_busy":0,"cmd_sent":0,"cmd_retries":0,"cmd_acked":0,"cmd_no_ack":0,"cmd_resyncs":0,"cmd_resync_failed":0,"cmd_unconfirmed":0,"cmd_ack_ignored":0,"cmd_refused_roll_pending":0,"roll_sent":3,"roll_retries":0,"roll_busy":0,"roll_by_rejected_ctx":0}
   146.26 MQTT lran/bridge/diag/publish/state {"status_frames":8,"documents":0,"unchanged":0,"heartbeats":0,"event_frames":0,"events":0,"event_repeats":0,"bench_withheld":8,"queue_refused":0,"undecodable":0}
   146.26 MQTT lran/simnode0/diag/state {"rssi_dbm":-28,"snr_db":12,"last_seen_s":0,"missed_polls":0,"proto_ver":2,"unsupported_ver":null}
   146.26 MQTT lran/simnode1/diag/state {"rssi_dbm":-35,"snr_db":11,"last_seen_s":5,"missed_polls":0,"proto_ver":2,"unsupported_ver":null}
   146.26 MQTT lran/simnode2/diag/state {"rssi_dbm":-28,"snr_db":11,"last_seen_s":7,"missed_polls":0,"proto_ver":2,"unsupported_ver":null}
   146.38 BRG FRAME #59 tx t=137603 peer=0xf1 type=3 schema=0 frag=0x01 seq=8 rssi=- snr=- st=0 rx=5 deaf=8224
   146.39 MQTT lran/bridge/diag/rxlog/log {"lost":0,"f":[{"i":59,"ms":137603,"deaf":8224,"d":"tx","peer":241,"type":3,"schema":0,"frag":1,"seq":8,"rssi":null,"snr":null,"st":0,"rx":5}]}
   146.59 BRG CHAN,136,136865,1006,79,21,28,1,-270,-1160,-851
   147.20 BRG poll: f1 answered in 972 ms (window 10000 ms)
   147.20 BRG FRAME #60 rx t=138543 peer=0xf1 type=4 schema=254 frag=0x01 seq=3 rssi=-35 snr=12 st=0 rx=0 deaf=8416
   147.29 MQTT lran/bridge/diag/rxlog/log {"lost":0,"f":[{"i":60,"ms":138543,"deaf":8416,"d":"rx","peer":241,"type":4,"schema":254,"frag":1,"seq":3,"rssi":-35,"snr":12,"st":0,"rx":0}]}
   147.40 BRG FRAME #61 tx t=138746 peer=0xf2 type=3 schema=0 frag=0x01 seq=9 rssi=- snr=- st=0 rx=5 deaf=8437
   147.49 MQTT lran/bridge/diag/rxlog/log {"lost":0,"f":[{"i":61,"ms":138746,"deaf":8437,"d":"tx","peer":242,"type":3,"schema":0,"frag":1,"seq":9,"rssi":null,"snr":null,"st":0,"rx":5}]}
   147.60 BRG CHAN,137,137871,1001,59,41,27,1,-340,-1160,-779
   148.01 BRG poll: f2 answered in 845 ms (window 10000 ms)
   148.19 MQTT lran/bridge/diag/rxlog/log {"lost":0,"f":[{"i":62,"ms":139416,"deaf":8629,"d":"rx","peer":242,"type":4,"schema":240,"frag":1,"seq":3,"rssi":-28,"snr":11,"st":0,"rx":0}]}
   148.22 BRG FRAME #62 rx t=139416 peer=0xf2 type=4 schema=240 frag=0x01 seq=3 rssi=-28 snr=11 st=0 rx=0 deaf=8629
   148.42 BRG CHAN,138,138872,1005,93,8,28,1,-260,-1160,-895
   156.94 CMD mark bdb87c
   156.94 CMD pub lran/bridge/config/set {"set":{"freq_hz":917400000}}
   156.94 MQTT lran/bridge/config/set {"set":{"freq_hz":917400000}}
   157.04 CMD mark d533e8
   157.04 CMD reset BRG
   157.36 BRG ESP-ROM:esp32s3-20210327
   157.36 BRG Build:Mar 27 2021
   157.36 BRG rst:0x1 (POWERON),boot:0x9 (SPI_FAST_FLASH_BOOT)
   157.36 BRG SPIWP:0xee
   157.36 BRG mode:DIO, clock div:1
   157.36 BRG load:0x3fce3808,len:0x4bc
   157.36 BRG load:0x403c9700,len:0xbd8
   157.36 BRG load:0x403cc700,len:0x2a0c
   157.36 BRG entry 0x403c98d0
   157.76 BRG LRAN Bridge Node - node 0x00
   157.76 BRG Binding spec: LRAN-Protocol-Specification v0.17 (ver = 2)
   157.76 BRG PHY: 917.4 MHz, SF9, BW 125 kHz, CR 4/5, -4 dBm conducted, 3.0 dBi
   157.76 BRG Version: 0.1.0 (32503d5)
   157.76 BRG Slot: app0
   157.76 BRG Image state: not_pending
   157.76 BRG Reset: power_on
   157.76 BRG CHAN-BOOT,32503d5,917400000,9,1250,1000,-1100,10
   157.76 BRG WiFi SSID: McLeeNet
   157.76 BRG MQTT broker: 192.168.2.52:1883
   157.76 BRG Registry: 0x01 0x02 0xF0(bench) 0xF1(bench) 0xF2(bench) 0xF3(bench)
   157.76 BRG boot: count 53
   157.92 BRG Config: 18 stored value(s) restored
   157.92 BRG Tasks started: 7
   157.92 BRG WiFi, MQTT, OTA, the radio link, the registry and HA discovery.
   157.92 BRG levers: gen 2 - diag 60 s, poll reply 10000 ms, mi[   581][W][WiFiGeneric.cpp:1062] _eventCallback(): Reason: 8 - ASSOC_LEAVE
   157.92 BRG ssed 3, cmd ack 3000 ms x3, config ack 8000 ms, readback 15000 ms, hex rsp 3000 ms, arm 300 s, charge readback 0 h, simnode diag on
   157.92 BRG mqtt: stack high-water 4608 bytes free of 6144
   158.12 BRG LoRa: radio up - 917000000 Hz, SF9, BW 125.0 kHz, CR 4/5, -4 dBm conducted, 3.0 dBi antenna
   158.12 BRG LoRa: stack high-water 6036 bytes free
   158.12 BRG FRAME #0 tx t=672 peer=0xf0 type=3 schema=0 frag=0x01 seq=1 rssi=- snr=- st=0 rx=5 deaf=25
   158.12 BRG [   750][I][esp32-hal-i2c.c:75] i2cInit(): Initialising I2C Master: sda=17 scl=18 freq=100000
   158.12 BRG [   759][W][Wire.cpp:301] begin(): Bus already started in Master Mode.
   158.68 MQTT lran/bridge/availability offline
   158.69 MQTT lran/bridge/availability online
   158.69 MQTT lran/bridge/version {"version":"0.1.0","git":"32503d5","slot":"app0","ota_state":"verified_or_usb"}
   158.74 BRG poll: f0 answered in 770 ms (window 10000 ms)
   158.74 BRG [  1393][I][ArduinoOTA.cpp:141] begin(): OTA server at: lran-bridge.local:3232
   158.74 BRG OTA: listening as lran-bridge
   158.74 BRG FRAME #1 rx t=1346 peer=0xf0 type=4 schema=240 frag=0x01 seq=4 rssi=-28 snr=11 st=0 rx=0 deaf=217
   158.74 BRG mqtt: connected, heap free 32804, lowest 27920
   158.79 MQTT lran/bridge/diag/state {"rx_crc_err":0,"rx_runt":0,"rx_oversize":0,"rx_bad_crc":0,"rx_bad_ver":0,"rx_not_addressed":0,"rx_unknown_hdr_ext":0,"rx_bad_frag":0,"rx_unknown_type":0,"rx_unknown_schema":0,"rx_bad_length":0,"rx_not_fragmentable":0,"rx_rejected_ctx":0,"rx_rejected_mac":0,"rx_unknown_src":0,"rx_reassembly_timeout":0,"rx_fragment_overflow":0,"rx_reassembly_abandoned":0,"rx_rejected_seq":0,"rx_frag_duplicate":0,"rx_frag_late":0,"rx_dup_command":0,"rx_dropped":0,"rx_frames":0,"ctx_rolls":0,"ctx_roll_failed":0}
   158.79 MQTT lran/bridge/diag/radio/state {"tx_frames":0,"cad_backoffs":0,"errors_suppressed":0,"cad_deferred":0,"cad_free":0,"rx_deaf_ms":0,"cad_errors":0,"tx_forced":0,"tx_errors":0,"tx_timeouts":0,"tx_dropped_no_radio":0,"rx_driver_errors":0,"rx_no_interrupt":0,"rx_wake_empty":0,"begin_failures":0,"last_begin_status":0,"q_rx_dropped":0,"q_rx_high_water":0,"q_publish_dropped":0,"q_publish_high_water":0,"q_tx_dropped":0,"q_tx_high_water":1,"q_log_dropped":0,"q_log_high_water":1,"q_command_dropped":0,"q_command_high_water":0,"q_config_dropped":0,"q_config_high_water":0,"q_event_dropped":0,"q_event_high_water":0,"q_hex_dropped":0,"q_hex_high_water":0}
   158.80 MQTT lran/bridge/diag/cmd/state {"cmd_submitted":0,"cmd_refused_busy":0,"cmd_sent":0,"cmd_retries":0,"cmd_acked":0,"cmd_no_ack":0,"cmd_resyncs":0,"cmd_resync_failed":0,"cmd_unconfirmed":0,"cmd_ack_ignored":0,"cmd_refused_roll_pending":0,"roll_sent":0,"roll_retries":0,"roll_busy":0,"roll_by_rejected_ctx":0}
   158.80 MQTT lran/bridge/diag/publish/state {"status_frames":0,"documents":0,"unchanged":0,"heartbeats":0,"event_frames":0,"events":0,"event_repeats":0,"bench_withheld":0,"queue_refused":0,"undecodable":0}
   158.89 MQTT lran/simnode0/diag/state {"rssi_dbm":null,"snr_db":null,"last_seen_s":null,"missed_polls":0,"proto_ver":null,"unsupported_ver":null}
   158.89 MQTT lran/simnode1/diag/state {"rssi_dbm":null,"snr_db":null,"last_seen_s":null,"missed_polls":0,"proto_ver":null,"unsupported_ver":null}
   158.90 MQTT lran/simnode2/diag/state {"rssi_dbm":null,"snr_db":null,"last_seen_s":null,"missed_polls":0,"proto_ver":null,"unsupported_ver":null}
   158.90 MQTT lran/bridge/diag/rxlog/log {"lost":0,"f":[{"i":0,"ms":672,"deaf":25,"d":"tx","peer":240,"type":3,"schema":0,"frag":1,"seq":1,"rssi":null,"snr":null,"st":0,"rx":5}]}
   158.90 MQTT lran/bridge/diag/rxlog/log {"lost":0,"f":[{"i":1,"ms":1346,"deaf":217,"d":"rx","peer":240,"type":4,"schema":240,"frag":1,"seq":4,"rssi":-28,"snr":11,"st":0,"rx":0}]}
   158.90 MQTT lran/gatelink/vedirect/write_enable/state OFF
   158.91 MQTT lran/gatelink/vedirect/charge/state {"charge_absorption_voltage_v":null,"charge_float_voltage_v":null,"charge_equalisation_voltage_v":null,"charge_auto_equalisation":null,"charge_temp_compensation_mv_k":null,"charge_battery_type":null,"charge_max_current_a":null,"charge_absorption_time_limit_h":null,"charge_system_voltage_v":null,"charge_low_temp_level_c":null}
   158.91 MQTT lran/simnode0/vedirect/write_enable/state OFF
   158.94 BRG availability: simnode0 online (missed_polls 0, threshold 3)
   158.94 BRG FRAME #2 tx t=1598 peer=0xf1 type=3 schema=0 frag=0x01 seq=2 rssi=- snr=- st=0 rx=5 deaf=238
   158.94 BRG CHAN,0,647,1008,71,28,29,1,-260,-1160,-803
   158.99 MQTT lran/simnode0/vedirect/charge/state {"charge_absorption_voltage_v":null,"charge_float_voltage_v":null,"charge_equalisation_voltage_v":null,"charge_auto_equalisation":null,"charge_temp_compensation_mv_k":null,"charge_battery_type":null,"charge_max_current_a":null,"charge_absorption_time_limit_h":null,"charge_system_voltage_v":null,"charge_low_temp_level_c":null}
   158.99 MQTT lran/simnode1/vedirect/write_enable/state OFF
   159.00 MQTT lran/simnode1/vedirect/charge/state {"charge_absorption_voltage_v":null,"charge_float_voltage_v":null,"charge_equalisation_voltage_v":null,"charge_auto_equalisation":null,"charge_temp_compensation_mv_k":null,"charge_battery_type":null,"charge_max_current_a":null,"charge_absorption_time_limit_h":null,"charge_system_voltage_v":null,"charge_low_temp_level_c":null}
   159.00 MQTT lran/simnode2/vedirect/write_enable/state OFF
   159.00 MQTT lran/simnode2/vedirect/charge/state {"charge_absorption_voltage_v":null,"charge_float_voltage_v":null,"charge_equalisation_voltage_v":null,"charge_auto_equalisation":null,"charge_temp_compensation_mv_k":null,"charge_battery_type":null,"charge_max_current_a":null,"charge_absorption_time_limit_h":null,"charge_system_voltage_v":null,"charge_low_temp_level_c":null}
   159.00 MQTT lran/simnode3/vedirect/write_enable/state OFF
   159.00 MQTT lran/simnode3/vedirect/charge/state {"charge_absorption_voltage_v":null,"charge_float_voltage_v":null,"charge_equalisation_voltage_v":null,"charge_auto_equalisation":null,"charge_temp_compensation_mv_k":null,"charge_battery_type":null,"charge_max_current_a":null,"charge_absorption_time_limit_h":null,"charge_system_voltage_v":null,"charge_low_temp_level_c":null}
   159.00 MQTT lran/simnode0/availability online
   159.09 MQTT lran/bridge/diag/state {"rx_crc_err":0,"rx_runt":0,"rx_oversize":0,"rx_bad_crc":0,"rx_bad_ver":0,"rx_not_addressed":0,"rx_unknown_hdr_ext":0,"rx_bad_frag":0,"rx_unknown_type":0,"rx_unknown_schema":0,"rx_bad_length":0,"rx_not_fragmentable":0,"rx_rejected_ctx":0,"rx_rejected_mac":0,"rx_unknown_src":0,"rx_reassembly_timeout":0,"rx_fragment_overflow":0,"rx_reassembly_abandoned":0,"rx_rejected_seq":0,"rx_frag_duplicate":0,"rx_frag_late":0,"rx_dup_command":0,"rx_dropped":0,"rx_frames":0,"ctx_rolls":0,"ctx_roll_failed":0}
   159.10 MQTT lran/bridge/diag/radio/state {"tx_frames":1,"cad_backoffs":0,"errors_suppressed":0,"cad_deferred":0,"cad_free":1,"rx_deaf_ms":217,"cad_errors":0,"tx_forced":0,"tx_errors":0,"tx_timeouts":0,"tx_dropped_no_radio":0,"rx_driver_errors":0,"rx_no_interrupt":0,"rx_wake_empty":0,"begin_failures":0,"last_begin_status":0,"q_rx_dropped":0,"q_rx_high_water":1,"q_publish_dropped":0,"q_publish_high_water":16,"q_tx_dropped":0,"q_tx_high_water":1,"q_log_dropped":0,"q_log_high_water":2,"q_command_dropped":0,"q_command_high_water":0,"q_config_dropped":0,"q_config_high_water":0,"q_event_dropped":0,"q_event_high_water":0,"q_hex_dropped":0,"q_hex_high_water":0}
   159.10 MQTT lran/bridge/diag/cmd/state {"cmd_submitted":0,"cmd_refused_busy":0,"cmd_sent":0,"cmd_retries":0,"cmd_acked":0,"cmd_no_ack":0,"cmd_resyncs":0,"cmd_resync_failed":0,"cmd_unconfirmed":0,"cmd_ack_ignored":0,"cmd_refused_roll_pending":0,"roll_sent":0,"roll_retries":0,"roll_busy":0,"roll_by_rejected_ctx":0}
   159.10 MQTT lran/bridge/diag/publish/state {"status_frames":1,"documents":0,"unchanged":0,"heartbeats":0,"event_frames":0,"events":0,"event_repeats":0,"bench_withheld":1,"queue_refused":0,"undecodable":0}
   159.10 MQTT lran/simnode0/diag/state {"rssi_dbm":-28,"snr_db":11,"last_seen_s":0,"missed_polls":0,"proto_ver":2,"unsupported_ver":null}
   159.10 MQTT lran/simnode1/diag/state {"rssi_dbm":null,"snr_db":null,"last_seen_s":null,"missed_polls":0,"proto_ver":null,"unsupported_ver":null}
   159.10 MQTT lran/simnode2/diag/state {"rssi_dbm":null,"snr_db":null,"last_seen_s":null,"missed_polls":0,"proto_ver":null,"unsupported_ver":null}
   159.11 MQTT lran/bridge/diag/rxlog/log {"lost":0,"f":[{"i":2,"ms":1598,"deaf":238,"d":"tx","peer":241,"type":3,"schema":0,"frag":1,"seq":2,"rssi":null,"snr":null,"st":0,"rx":5}]}
   159.20 MQTT lran/bridge/config/state {"simnode_diag_enable":{"value":1,"source":"override"},"diag_interval_s":{"value":60,"source":"override"},"missed_poll_threshold":{"value":3,"source":"default"},"poll_reply_timeout_ms":{"value":10000,"source":"default"},"command_ack_timeout_ms":{"value":3000,"source":"default"},"cmd_retries":{"value":3,"source":"override"},"cad_retries":{"value":5,"source":"default"},"backoff_max_ms":{"value":1500,"source":"default"},"frag_reassembly_timeout_ms":{"value":5000,"source":"default"},"error_min_interval_ms":{"value":1000,"source":"default"},"config_readback_timeout_ms":{"value":15000,"source":"default"},"config_ack_timeout_ms":{"value":8000,"source":"default"},"republish_interval_s":{"value":900,"source":"override"},"bms_stale_s":{"value":600,"source":"default"},"cell_mv_deadband":{"value":5,"source":"default"},"freq_hz":{"value":917000000,"source":"override"},"spreading_factor":{"value":9,"source":"override"},"bandwidth_khz":{"value":125,"source":"override"},"coding_rate_denominator":{"value":5,"source":"override"},"tx_power_dbm":{"value":-4,"source":"override"},"phy_trial_s":{"value":120,"source":"override"},"mppt_write_arm_timeout_s":{"value":300,"source":"default"},"hex_rsp_timeout_ms":{"value":3000,"source":"default"},"charge_readback_interval_h":{"value":0,"source":"override"}}
   159.21 MQTT lran/gatelink/config/state {"poll_interval_s":{"value":60,"source":"override"},"deployed":{"value":0,"source":"default"},"dedup_cache_depth":{"value":null,"source":"default"},"frag_reassembly_timeout_ms":{"value":null,"source":"default"},"cad_retries":{"value":null,"source":"default"},"backoff_max_ms":{"value":null,"source":"default"},"freq_hz":{"value":null,"source":"default"},"spreading_factor":{"value":null,"source":"default"},"bandwidth_khz":{"value":null,"source":"default"},"coding_rate_denominator":{"value":null,"source":"default"},"tx_power_dbm":{"value":null,"source":"default"},"phy_trial_s":{"value":null,"source":"default"},"relay_pulse_ms":{"value":null,"source":"default"},"relay_min_spacing_ms":{"value":null,"source":"default"},"unlock_settle_ms":{"value":null,"source":"default"},"post_wake_settle_ms":{"value":null,"source":"default"},"command_confirm_timeout_s":{"value":null,"source":"default"},"input_poll_ms":{"value":null,"source":"default"},"input_debounce_samples":{"value":null,"source":"default"},"hold_confirm_ms":{"value":null,"source":"default"},"detect_sequence_window_ms":{"value":null,"source":"default"},"detect_sequence_idle_ms":{"value":null,"source":"default"},"held_open_alert_repeat_s":{"value":null,"source":"default"},"cause_window_ms":{"value":null,"source":"default"},"hex_timeout_ms":{"value":null,"source":"default"},"vedirect_stale_s":{"value":null,"source":"default"},"bms_poll_s":{"value":null,"source":"default"},"charge_inhibit_confirm_s":{"value":null,"source":"default"},"display_timeout_s":{"value":null,"source":"default"},"buzzer_enable":{"value":null,"source":"default"},"inject_spacing_ms":{"value":null,"source":"default"}}
   159.30 MQTT lran/welllink/config/state {"poll_interval_s":{"value":60,"source":"default"},"deployed":{"value":0,"source":"default"},"dedup_cache_depth":{"value":null,"source":"default"},"frag_reassembly_timeout_ms":{"value":null,"source":"default"},"cad_retries":{"value":null,"source":"default"},"backoff_max_ms":{"value":null,"source":"default"},"freq_hz":{"value":null,"source":"default"},"spreading_factor":{"value":null,"source":"default"},"bandwidth_khz":{"value":null,"source":"default"},"coding_rate_denominator":{"value":null,"source":"default"},"tx_power_dbm":{"value":null,"source":"default"},"phy_trial_s":{"value":null,"source":"default"}}
   159.30 MQTT lran/simnode0/config/state {"poll_interval_s":{"value":60,"source":"override"},"deployed":{"value":1,"source":"override"},"dedup_cache_depth":{"value":null,"source":"default"},"frag_reassembly_timeout_ms":{"value":null,"source":"default"},"cad_retries":{"value":null,"source":"default"},"backoff_max_ms":{"value":null,"source":"default"},"freq_hz":{"value":null,"source":"default"},"spreading_factor":{"value":null,"source":"default"},"bandwidth_khz":{"value":null,"source":"default"},"coding_rate_denominator":{"value":null,"source":"default"},"tx_power_dbm":{"value":null,"source":"default"},"phy_trial_s":{"value":null,"source":"default"}}
   159.40 MQTT lran/simnode1/config/state {"poll_interval_s":{"value":60,"source":"override"},"deployed":{"value":1,"source":"override"},"dedup_cache_depth":{"value":null,"source":"default"},"frag_reassembly_timeout_ms":{"value":null,"source":"default"},"cad_retries":{"value":null,"source":"default"},"backoff_max_ms":{"value":null,"source":"default"},"freq_hz":{"value":null,"source":"default"},"spreading_factor":{"value":null,"source":"default"},"bandwidth_khz":{"value":null,"source":"default"},"coding_rate_denominator":{"value":null,"source":"default"},"tx_power_dbm":{"value":null,"source":"default"},"phy_trial_s":{"value":null,"source":"default"}}
   159.40 MQTT lran/simnode2/config/state {"poll_interval_s":{"value":60,"source":"override"},"deployed":{"value":1,"source":"override"},"dedup_cache_depth":{"value":null,"source":"default"},"frag_reassembly_timeout_ms":{"value":null,"source":"default"},"cad_retries":{"value":null,"source":"default"},"backoff_max_ms":{"value":null,"source":"default"},"freq_hz":{"value":null,"source":"default"},"spreading_factor":{"value":null,"source":"default"},"bandwidth_khz":{"value":null,"source":"default"},"coding_rate_denominator":{"value":null,"source":"default"},"tx_power_dbm":{"value":null,"source":"default"},"phy_trial_s":{"value":null,"source":"default"}}
   159.50 MQTT lran/simnode3/config/state {"poll_interval_s":{"value":60,"source":"default"},"deployed":{"value":0,"source":"default"},"dedup_cache_depth":{"value":null,"source":"default"},"frag_reassembly_timeout_ms":{"value":null,"source":"default"},"cad_retries":{"value":null,"source":"default"},"backoff_max_ms":{"value":null,"source":"default"},"freq_hz":{"value":null,"source":"default"},"spreading_factor":{"value":null,"source":"default"},"bandwidth_khz":{"value":null,"source":"default"},"coding_rate_denominator":{"value":null,"source":"default"},"tx_power_dbm":{"value":null,"source":"default"},"phy_trial_s":{"value":null,"source":"default"}}
   159.75 BRG poll: f1 answered in 959 ms (window 10000 ms)
   159.89 MQTT lran/simnode1/availability online
   159.95 BRG availability: simnode1 online (missed_polls 0, threshold 3)
   159.95 BRG FRAME #3 rx t=2534 peer=0xf1 type=4 schema=254 frag=0x01 seq=4 rssi=-35 snr=11 st=0 rx=0 deaf=430
   159.95 BRG CHAN,1,1655,1001,66,34,36,1,-340,-1150,-717
   159.99 MQTT lran/bridge/diag/rxlog/log {"lost":0,"f":[{"i":3,"ms":2534,"deaf":430,"d":"rx","peer":241,"type":4,"schema":254,"frag":1,"seq":4,"rssi":-35,"snr":11,"st":0,"rx":0}]}
   160.15 BRG FRAME #4 tx t=2737 peer=0xf2 type=3 schema=0 frag=0x01 seq=3 rssi=- snr=- st=0 rx=5 deaf=451
   160.19 MQTT lran/bridge/diag/rxlog/log {"lost":0,"f":[{"i":4,"ms":2737,"deaf":451,"d":"tx","peer":242,"type":3,"schema":0,"frag":1,"seq":3,"rssi":null,"snr":null,"st":0,"rx":5}]}
   160.77 BRG poll: f2 answered in 836 ms (window 10000 ms)
   160.77 BRG FRAME #5 rx t=3411 peer=0xf2 type=4 schema=240 frag=0x01 seq=4 rssi=-28 snr=12 st=0 rx=0 deaf=643
   160.79 MQTT lran/bridge/diag/rxlog/log {"lost":0,"f":[{"i":5,"ms":3411,"deaf":643,"d":"rx","peer":242,"type":4,"schema":240,"frag":1,"seq":4,"rssi":-28,"snr":12,"st":0,"rx":0}]}
   160.89 MQTT lran/simnode2/availability online
   160.97 BRG availability: simnode2 online (missed_polls 0, threshold 3)
   160.97 BRG FRAME #6 tx t=3613 peer=0xf0 type=1 schema=0 frag=0x01 seq=1 rssi=- snr=- st=0 rx=5 deaf=664
   160.97 BRG CHAN,2,2656,1004,73,26,31,1,-270,-1160,-812
   160.99 MQTT lran/bridge/diag/rxlog/log {"lost":0,"f":[{"i":6,"ms":3613,"deaf":664,"d":"tx","peer":240,"type":1,"schema":0,"frag":1,"seq":1,"rssi":null,"snr":null,"st":0,"rx":5}]}
   161.14 HEL roll f0 <- 00 seq 1: ctx 0xdfe55f72 -> 0x5c3fde36, ACCEPTED
   161.58 BRG FRAME #7 rx t=4267 peer=0xf0 type=2 schema=0 frag=0x01 seq=1 rssi=-28 snr=11 st=0 rx=0 deaf=897
   161.69 MQTT lran/bridge/diag/rxlog/log {"lost":0,"f":[{"i":7,"ms":4267,"deaf":897,"d":"rx","peer":240,"type":2,"schema":0,"frag":1,"seq":1,"rssi":-28,"snr":11,"st":0,"rx":0}]}
   161.98 BRG roll: f0 rolled to ctx 0x5c3fde36 after 1 attempt(s)
   161.98 BRG FRAME #8 tx t=4603 peer=0xf0 type=8 schema=0 frag=0x01 seq=1 rssi=- snr=- st=0 rx=5 deaf=922
   161.98 BRG CHAN,3,3660,1000,73,26,23,1,-260,-1160,-884
   161.99 MQTT lran/bridge/diag/rxlog/log {"lost":0,"f":[{"i":8,"ms":4603,"deaf":922,"d":"tx","peer":240,"type":8,"schema":0,"frag":1,"seq":1,"rssi":null,"snr":null,"st":0,"rx":5}]}
   163.00 BRG CHAN,4,4660,1002,81,19,3,0,-1100,-1160,-1139
   164.03 BRG CHAN,5,5662,1000,100,0,3,0,-1080,-1160,-1140
   166.06 BRG hex: f0 seq 1 read -> no_response status 0 result 0, sched stack 2448 bytes free
   166.06 BRG WARN hex: f0 readback abandoned at 0xEDF7
   166.99 MQTT lran/bridge/diag/rxlog/log {"lost":0,"f":[{"i":9,"ms":9603,"deaf":1176,"d":"tx","peer":241,"type":1,"schema":0,"frag":1,"seq":1,"rssi":null,"snr":null,"st":0,"rx":5}]}
   167.04 XIA roll f1 <- 00 seq 1: ctx 0xe63afb93 -> 0x06f764be, ACCEPTED
   167.07 BRG FRAME #9 tx t=9603 peer=0xf1 type=1 schema=0 frag=0x01 seq=1 rssi=- snr=- st=0 rx=5 deaf=1176
   168.09 BRG mqtt: stack high-water 2276 bytes free of 6144
   168.09 BRG CHAN,9,9670,1002,82,18,4,0,-810,-1160,-1131
   168.09 BRG CHANSUM,0,9,10,10025,839,158,129,4,7,0,-260,-1160,-1150,-1159
   168.30 BRG FRAME #10 rx t=11025 peer=0xf1 type=2 schema=0 frag=0x01 seq=1 rssi=-34 snr=10 st=0 rx=0 deaf=1409
   168.39 MQTT lran/bridge/diag/rxlog/log {"lost":0,"f":[{"i":10,"ms":11025,"deaf":1409,"d":"rx","peer":241,"type":2,"schema":0,"frag":1,"seq":1,"rssi":-34,"snr":10,"st":0,"rx":0}]}
   168.91 BRG roll: f1 rolled to ctx 0x06f764be after 1 attempt(s)
   168.91 BRG FRAME #11 tx t=11597 peer=0xf1 type=8 schema=0 frag=0x01 seq=2 rssi=- snr=- st=0 rx=5 deaf=1430
   168.91 BRG CHAN,10,10672,1002,92,8,22,1,-330,-1160,-956
   169.00 MQTT lran/bridge/diag/rxlog/log {"lost":0,"f":[{"i":11,"ms":11597,"deaf":1430,"d":"tx","peer":241,"type":8,"schema":0,"frag":1,"seq":2,"rssi":null,"snr":null,"st":0,"rx":5}]}
   169.08 XIA hex f1 <- 00 seq 2: read :7F7ED006A -> :7F7ED008C05D9
   169.69 MQTT lran/bridge/diag/rxlog/log {"lost":0,"f":[{"i":12,"ms":12287,"deaf":1663,"d":"rx","peer":241,"type":9,"schema":0,"frag":1,"seq":2,"rssi":-35,"snr":11,"st":0,"rx":0}]}
   169.72 BRG FRAME #12 rx t=12287 peer=0xf1 type=9 schema=0 frag=0x01 seq=2 rssi=-35 snr=11 st=0 rx=0 deaf=1663
   169.89 MQTT lran/simnode1/vedirect/charge/state {"charge_absorption_voltage_v":14.20,"charge_float_voltage_v":null,"charge_equalisation_voltage_v":null,"charge_auto_equalisation":null,"charge_temp_compensation_mv_k":null,"charge_battery_type":null,"charge_max_current_a":null,"charge_absorption_time_limit_h":null,"charge_system_voltage_v":null,"charge_low_temp_level_c":null}
   169.92 BRG hex: f1 seq 2 read -> answered status 0 result 0, sched stack 2448 bytes free
   169.92 BRG CHAN,11,11674,1004,84,17,26,1,-330,-1160,-908
   170.95 BRG FRAME #13 tx t=13599 peer=0xf2 type=1 schema=0 frag=0x01 seq=1 rssi=- snr=- st=0 rx=5 deaf=1684
   171.00 MQTT lran/bridge/diag/rxlog/log {"lost":0,"f":[{"i":13,"ms":13599,"deaf":1684,"d":"tx","peer":242,"type":1,"schema":0,"frag":1,"seq":1,"rssi":null,"snr":null,"st":0,"rx":5}]}
   171.12 HEL roll f2 <- 00 seq 1: ctx 0xf8da87e5 -> 0x8327db94, ACCEPTED
   171.56 BRG FRAME #14 rx t=14248 peer=0xf2 type=2 schema=0 frag=0x01 seq=1 rssi=-28 snr=12 st=0 rx=0 deaf=1917
   171.59 MQTT lran/bridge/diag/rxlog/log {"lost":0,"f":[{"i":14,"ms":14248,"deaf":1917,"d":"rx","peer":242,"type":2,"schema":0,"frag":1,"seq":1,"rssi":-28,"snr":12,"st":0,"rx":0}]}
   171.97 BRG roll: f2 rolled to ctx 0x8327db94 after 1 attempt(s)
   171.97 BRG FRAME #15 tx t=14604 peer=0xf1 type=8 schema=0 frag=0x01 seq=3 rssi=- snr=- st=0 rx=5 deaf=1942
   172.00 MQTT lran/bridge/diag/rxlog/log {"lost":0,"f":[{"i":15,"ms":14604,"deaf":1942,"d":"tx","peer":241,"type":8,"schema":0,"frag":1,"seq":3,"rssi":null,"snr":null,"st":0,"rx":5}]}
   172.15 XIA hex f1 <- 00 seq 3: read :7F6ED006B -> :7F6ED00460520
   172.17 BRG CHAN,13,13686,1005,74,25,21,1,-270,-1150,-905
   174.61 BRG FRAME #16 rx t=17301 peer=0xf1 type=9 schema=0 frag=0x01 seq=3 rssi=-35 snr=11 st=0 rx=0 deaf=2175
   174.70 MQTT lran/bridge/diag/rxlog/log {"lost":0,"f":[{"i":16,"ms":17301,"deaf":2175,"d":"rx","peer":241,"type":9,"schema":0,"frag":1,"seq":3,"rssi":-35,"snr":11,"st":0,"rx":0}]}
   174.82 BRG hex: f1 seq 3 read -> answered status 0 result 0, sched stack 2448 bytes free
   174.89 MQTT lran/simnode1/vedirect/charge/state {"charge_absorption_voltage_v":14.20,"charge_float_voltage_v":13.50,"charge_equalisation_voltage_v":null,"charge_auto_equalisation":null,"charge_temp_compensation_mv_k":null,"charge_battery_type":null,"charge_max_current_a":null,"charge_absorption_time_limit_h":null,"charge_system_voltage_v":null,"charge_low_temp_level_c":null}
   175.02 BRG CHAN,16,16693,1009,96,5,22,1,-330,-1160,-970
   175.99 MQTT lran/bridge/diag/rxlog/log {"lost":0,"f":[{"i":17,"ms":18607,"deaf":2200,"d":"tx","peer":241,"type":8,"schema":0,"frag":1,"seq":4,"rssi":null,"snr":null,"st":0,"rx":5}]}
   176.04 BRG FRAME #17 tx t=18607 peer=0xf1 type=8 schema=0 frag=0x01 seq=4 rssi=- snr=- st=0 rx=5 deaf=2200
   176.22 XIA hex f1 <- 00 seq 4: read :7F4ED006D -> :7F4ED008C05DC
   176.65 BRG FRAME #18 rx t=19297 peer=0xf1 type=9 schema=0 frag=0x01 seq=4 rssi=-34 snr=11 st=0 rx=0 deaf=2433
   176.70 MQTT lran/bridge/diag/rxlog/log {"lost":0,"f":[{"i":18,"ms":19297,"deaf":2433,"d":"rx","peer":241,"type":9,"schema":0,"frag":1,"seq":4,"rssi":-34,"snr":11,"st":0,"rx":0}]}
   176.85 BRG hex: f1 seq 4 read -> answered status 0 result 0, sched stack 2448 bytes free
   176.89 MQTT lran/simnode1/vedirect/charge/state {"charge_absorption_voltage_v":14.20,"charge_float_voltage_v":13.50,"charge_equalisation_voltage_v":14.20,"charge_auto_equalisation":null,"charge_temp_compensation_mv_k":null,"charge_battery_type":null,"charge_max_current_a":null,"charge_absorption_time_limit_h":null,"charge_system_voltage_v":null,"charge_low_temp_level_c":null}
   177.06 BRG CHAN,18,18704,1004,86,15,26,1,-330,-1160,-913
   177.99 MQTT lran/bridge/diag/rxlog/log {"lost":0,"f":[{"i":19,"ms":20603,"deaf":2458,"d":"tx","peer":241,"type":8,"schema":0,"frag":1,"seq":5,"rssi":null,"snr":null,"st":0,"rx":5}]}
   178.05 XIA hex f1 <- 00 seq 5: read :7FDED0064 -> :7FDED000064
   178.07 BRG FRAME #19 tx t=20603 peer=0xf1 type=8 schema=0 frag=0x01 seq=5 rssi=- snr=- st=0 rx=5 deaf=2458
   180.09 MQTT lran/bridge/diag/rxlog/log {"lost":0,"f":[{"i":20,"ms":22728,"deaf":2691,"d":"rx","peer":241,"type":9,"schema":0,"frag":1,"seq":5,"rssi":-34,"snr":11,"st":0,"rx":0}]}
   180.11 BRG FRAME #20 rx t=22728 peer=0xf1 type=9 schema=0 frag=0x01 seq=5 rssi=-34 snr=11 st=0 rx=0 deaf=2691
   180.11 BRG CHAN,21,21712,1000,100,0,23,0,-330,-1160,-960
   180.89 MQTT lran/simnode1/vedirect/charge/state {"charge_absorption_voltage_v":14.20,"charge_float_voltage_v":13.50,"charge_equalisation_voltage_v":14.20,"charge_auto_equalisation":0,"charge_temp_compensation_mv_k":null,"charge_battery_type":null,"charge_max_current_a":null,"charge_absorption_time_limit_h":null,"charge_system_voltage_v":null,"charge_low_temp_level_c":null}
   180.92 BRG hex: f1 seq 5 read -> answered status 0 result 0, sched stack 2448 bytes free
   181.12 BRG CHAN,22,22712,1007,101,0,4,1,-350,-1160,-1125
   181.94 BRG FRAME #21 tx t=24604 peer=0xf1 type=8 schema=0 frag=0x01 seq=6 rssi=- snr=- st=0 rx=5 deaf=2716
   182.09 MQTT lran/bridge/diag/rxlog/log {"lost":0,"f":[{"i":21,"ms":24604,"deaf":2716,"d":"tx","peer":241,"type":8,"schema":0,"frag":1,"seq":6,"rssi":null,"snr":null,"st":0,"rx":5}]}
   182.13 XIA hex f1 <- 00 seq 6: read :7F2ED006F -> :7F2ED0000006F
   182.75 BRG FRAME #22 rx t=25294 peer=0xf1 type=9 schema=0 frag=0x01 seq=6 rssi=-34 snr=11 st=0 rx=0 deaf=2949
   182.80 MQTT lran/bridge/diag/rxlog/log {"lost":0,"f":[{"i":22,"ms":25294,"deaf":2949,"d":"rx","peer":241,"type":9,"schema":0,"frag":1,"seq":6,"rssi":-34,"snr":11,"st":0,"rx":0}]}
   182.91 MQTT lran/simnode1/vedirect/charge/state {"charge_absorption_voltage_v":14.20,"charge_float_voltage_v":13.50,"charge_equalisation_voltage_v":14.20,"charge_auto_equalisation":0,"charge_temp_compensation_mv_k":0.00,"charge_battery_type":null,"charge_max_current_a":null,"charge_absorption_time_limit_h":null,"charge_system_voltage_v":null,"charge_low_temp_level_c":null}
   182.96 BRG hex: f1 seq 6 read -> answered status 0 result 0, sched stack 2448 bytes free
   183.16 BRG CHAN,24,24721,1004,87,13,27,1,-330,-1160,-916
   183.98 BRG FRAME #23 tx t=26606 peer=0xf1 type=8 schema=0 frag=0x01 seq=7 rssi=- snr=- st=0 rx=5 deaf=2970
   184.10 MQTT lran/bridge/diag/rxlog/log {"lost":0,"f":[{"i":23,"ms":26606,"deaf":2970,"d":"tx","peer":241,"type":8,"schema":0,"frag":1,"seq":7,"rssi":null,"snr":null,"st":0,"rx":5}]}
   184.17 XIA hex f1 <- 00 seq 7: read :7F1ED0070 -> :7F1ED00FF71
   185.81 BRG hex: f1 seq 7 read -> answered status 0 result 0, sched stack 2448 bytes free
   185.81 BRG FRAME #24 rx t=28552 peer=0xf1 type=9 schema=0 frag=0x01 seq=7 rssi=-35 snr=11 st=0 rx=0 deaf=3203
   185.90 MQTT lran/simnode1/vedirect/charge/state {"charge_absorption_voltage_v":14.20,"charge_float_voltage_v":13.50,"charge_equalisation_voltage_v":14.20,"charge_auto_equalisation":0,"charge_temp_compensation_mv_k":0.00,"charge_battery_type":255,"charge_max_current_a":null,"charge_absorption_time_limit_h":null,"charge_system_voltage_v":null,"charge_low_temp_level_c":null}
   186.00 MQTT lran/bridge/diag/rxlog/log {"lost":0,"f":[{"i":24,"ms":28552,"deaf":3203,"d":"rx","peer":241,"type":9,"schema":0,"frag":1,"seq":7,"rssi":-35,"snr":11,"st":0,"rx":0}]}
   186.01 BRG CHAN,27,27735,1008,101,0,27,1,-340,-1160,-943
   187.03 BRG FRAME #25 tx t=29608 peer=0xf1 type=8 schema=0 frag=0x01 seq=8 rssi=- snr=- st=0 rx=5 deaf=3228
   187.03 BRG CHAN,28,28743,1002,85,14,1,0,-1090,-1150,-1144
   187.09 MQTT lran/bridge/diag/rxlog/log {"lost":0,"f":[{"i":25,"ms":29608,"deaf":3228,"d":"tx","peer":241,"type":8,"schema":0,"frag":1,"seq":8,"rssi":null,"snr":null,"st":0,"rx":5}]}
   187.22 XIA hex f1 <- 00 seq 8: read :7F0ED0071 -> :7F0ED009600DB
   187.64 BRG FRAME #26 rx t=30298 peer=0xf1 type=9 schema=0 frag=0x01 seq=8 rssi=-34 snr=11 st=0 rx=0 deaf=3461
   187.69 MQTT lran/bridge/diag/rxlog/log {"lost":0,"f":[{"i":26,"ms":30298,"deaf":3461,"d":"rx","peer":241,"type":9,"schema":0,"frag":1,"seq":8,"rssi":-34,"snr":11,"st":0,"rx":0}]}
   187.84 BRG hex: f1 seq 8 read -> answered status 0 result 0, sched stack 2448 bytes free
   187.89 MQTT lran/simnode1/vedirect/charge/state {"charge_absorption_voltage_v":14.20,"charge_float_voltage_v":13.50,"charge_equalisation_voltage_v":14.20,"charge_auto_equalisation":0,"charge_temp_compensation_mv_k":0.00,"charge_battery_type":255,"charge_max_current_a":15.0,"charge_absorption_time_limit_h":null,"charge_system_voltage_v":null,"charge_low_temp_level_c":null}
   188.05 BRG CHAN,29,29745,1004,90,11,26,1,-330,-1160,-922
   190.30 BRG FRAME #27 tx t=32971 peer=0xf1 type=8 schema=0 frag=0x01 seq=9 rssi=- snr=- st=0 rx=5 deaf=3507
   190.39 MQTT lran/bridge/diag/rxlog/log {"lost":0,"f":[{"i":27,"ms":32971,"deaf":3507,"d":"tx","peer":241,"type":8,"schema":0,"frag":1,"seq":9,"rssi":null,"snr":null,"st":0,"rx":5}]}
   190.48 XIA hex f1 <- 00 seq 9: read :7FBED0066 -> :7FBED00C8009E
   192.13 BRG CHAN,33,33750,1000,100,0,17,0,-340,-1160,-1010
   192.13 BRG FRAME #28 rx t=34829 peer=0xf1 type=9 schema=0 frag=0x01 seq=9 rssi=-35 snr=11 st=0 rx=0 deaf=3740
   192.30 MQTT lran/bridge/diag/rxlog/log {"lost":0,"f":[{"i":28,"ms":34829,"deaf":3740,"d":"rx","peer":241,"type":9,"schema":0,"frag":1,"seq":9,"rssi":-35,"snr":11,"st":0,"rx":0}]}
   192.90 MQTT lran/simnode1/vedirect/charge/state {"charge_absorption_voltage_v":14.20,"charge_float_voltage_v":13.50,"charge_equalisation_voltage_v":14.20,"charge_auto_equalisation":0,"charge_temp_compensation_mv_k":0.00,"charge_battery_type":255,"charge_max_current_a":15.0,"charge_absorption_time_limit_h":2.00,"charge_system_voltage_v":null,"charge_low_temp_level_c":null}
   192.95 BRG hex: f1 seq 9 read -> answered status 0 result 0, sched stack 2448 bytes free
   193.15 BRG CHAN,34,34750,1000,100,0,9,1,-340,-1150,-1077
   193.96 BRG FRAME #29 tx t=36601 peer=0xf1 type=8 schema=0 frag=0x01 seq=10 rssi=- snr=- st=0 rx=5 deaf=3761
   194.09 MQTT lran/bridge/diag/rxlog/log {"lost":0,"f":[{"i":29,"ms":36601,"deaf":3761,"d":"tx","peer":241,"type":8,"schema":0,"frag":1,"seq":10,"rssi":null,"snr":null,"st":0,"rx":5}]}
   194.14 XIA hex f1 <- 00 seq 10: read :7EAED0077 -> :7EAED000C6B
   194.16 BRG CHAN,35,35750,1008,84,16,1,0,-1100,-1150,-1144
   194.57 BRG FRAME #30 rx t=37296 peer=0xf1 type=9 schema=0 frag=0x01 seq=10 rssi=-35 snr=11 st=0 rx=0 deaf=3994
   194.69 MQTT lran/bridge/diag/rxlog/log {"lost":0,"f":[{"i":30,"ms":37296,"deaf":3994,"d":"rx","peer":241,"type":9,"schema":0,"frag":1,"seq":10,"rssi":-35,"snr":11,"st":0,"rx":0}]}
   194.89 MQTT lran/simnode1/vedirect/charge/state {"charge_absorption_voltage_v":14.20,"charge_float_voltage_v":13.50,"charge_equalisation_voltage_v":14.20,"charge_auto_equalisation":0,"charge_temp_compensation_mv_k":0.00,"charge_battery_type":255,"charge_max_current_a":15.0,"charge_absorption_time_limit_h":2.00,"charge_system_voltage_v":12,"charge_low_temp_level_c":null}
   194.98 BRG hex: f1 seq 10 read -> answered status 0 result 0, sched stack 2448 bytes free
   195.18 BRG CHAN,36,36758,1009,92,9,26,1,-340,-1160,-923
   196.00 BRG FRAME #31 tx t=38602 peer=0xf1 type=8 schema=0 frag=0x01 seq=11 rssi=- snr=- st=0 rx=5 deaf=4019
   196.11 MQTT lran/bridge/diag/rxlog/log {"lost":0,"f":[{"i":31,"ms":38602,"deaf":4019,"d":"tx","peer":241,"type":8,"schema":0,"frag":1,"seq":11,"rssi":null,"snr":null,"st":0,"rx":5}]}
   196.18 XIA hex f1 <- 00 seq 11: read :7E0ED0081 -> :7E0ED00F4018C
   197.21 BRG CHAN,38,38769,1002,92,8,6,0,-340,-1160,-1092
   197.39 MQTT lran/bridge/diag/rxlog/log {"lost":0,"f":[{"i":32,"ms":39951,"deaf":4252,"d":"rx","peer":241,"type":9,"schema":0,"frag":1,"seq":11,"rssi":-35,"snr":11,"st":0,"rx":0}]}
   197.41 BRG FRAME #32 rx t=39951 peer=0xf1 type=9 schema=0 frag=0x01 seq=11 rssi=-35 snr=11 st=0 rx=0 deaf=4252
   197.82 BRG hex: f1 seq 11 read -> answered status 0 result 0, sched stack 2448 bytes free
   197.89 MQTT lran/simnode1/vedirect/charge/state {"charge_absorption_voltage_v":14.20,"charge_float_voltage_v":13.50,"charge_equalisation_voltage_v":14.20,"charge_auto_equalisation":0,"charge_temp_compensation_mv_k":0.00,"charge_battery_type":255,"charge_max_current_a":15.0,"charge_absorption_time_limit_h":2.00,"charge_system_voltage_v":12,"charge_low_temp_level_c":5.00}
   198.02 BRG CHAN,39,39771,1001,100,0,19,1,-340,-1160,-996
   199.04 BRG FRAME #33 tx t=41603 peer=0xf2 type=8 schema=0 frag=0x01 seq=12 rssi=- snr=- st=0 rx=5 deaf=4273
   199.09 MQTT lran/bridge/diag/rxlog/log {"lost":0,"f":[{"i":33,"ms":41603,"deaf":4273,"d":"tx","peer":242,"type":8,"schema":0,"frag":1,"seq":12,"rssi":null,"snr":null,"st":0,"rx":5}]}
   202.92 BRG hex: f2 seq 12 read -> no_response status 0 result 0, sched stack 2448 bytes free
   202.92 BRG WARN hex: f2 readback abandoned at 0xEDF7
   219.01 BRG FRAME #34 tx t=61603 peer=0xf0 type=3 schema=0 frag=0x01 seq=4 rssi=- snr=- st=0 rx=5 deaf=4527
   219.10 MQTT lran/bridge/diag/rxlog/log {"lost":0,"f":[{"i":34,"ms":61603,"deaf":4527,"d":"tx","peer":240,"type":3,"schema":0,"frag":1,"seq":4,"rssi":null,"snr":null,"st":0,"rx":5}]}
   219.62 BRG poll: f0 answered in 697 ms (window 10000 ms)
   219.62 BRG FRAME #35 rx t=62272 peer=0xf0 type=4 schema=240 frag=0x01 seq=2 rssi=-27 snr=11 st=0 rx=0 deaf=4719
   219.69 MQTT lran/bridge/diag/rxlog/log {"lost":0,"f":[{"i":35,"ms":62272,"deaf":4719,"d":"rx","peer":240,"type":4,"schema":240,"frag":1,"seq":2,"rssi":-27,"snr":11,"st":0,"rx":0}]}
   219.89 MQTT lran/bridge/diag/state {"rx_crc_err":0,"rx_runt":0,"rx_oversize":0,"rx_bad_crc":0,"rx_bad_ver":0,"rx_not_addressed":0,"rx_unknown_hdr_ext":0,"rx_bad_frag":0,"rx_unknown_type":0,"rx_unknown_schema":0,"rx_bad_length":0,"rx_not_fragmentable":0,"rx_rejected_ctx":0,"rx_rejected_mac":0,"rx_unknown_src":0,"rx_reassembly_timeout":0,"rx_fragment_overflow":0,"rx_reassembly_abandoned":0,"rx_rejected_seq":0,"rx_frag_duplicate":0,"rx_frag_late":0,"rx_dup_command":0,"rx_dropped":0,"rx_frames":16,"ctx_rolls":3,"ctx_roll_failed":0}
   219.90 MQTT lran/bridge/diag/radio/state {"tx_frames":19,"cad_backoffs":1,"errors_suppressed":0,"cad_deferred":0,"cad_free":19,"rx_deaf_ms":4719,"cad_errors":0,"tx_forced":0,"tx_errors":0,"tx_timeouts":0,"tx_dropped_no_radio":0,"rx_driver_errors":0,"rx_no_interrupt":0,"rx_wake_empty":0,"begin_failures":0,"last_begin_status":0,"q_rx_dropped":0,"q_rx_high_water":1,"q_publish_dropped":0,"q_publish_high_water":23,"q_tx_dropped":0,"q_tx_high_water":1,"q_log_dropped":0,"q_log_high_water":2,"q_command_dropped":0,"q_command_high_water":0,"q_config_dropped":0,"q_config_high_water":0,"q_event_dropped":0,"q_event_high_water":0,"q_hex_dropped":0,"q_hex_high_water":0}
   219.90 MQTT lran/bridge/diag/cmd/state {"cmd_submitted":0,"cmd_refused_busy":0,"cmd_sent":0,"cmd_retries":0,"cmd_acked":0,"cmd_no_ack":0,"cmd_resyncs":0,"cmd_resync_failed":0,"cmd_unconfirmed":0,"cmd_ack_ignored":0,"cmd_refused_roll_pending":0,"roll_sent":3,"roll_retries":0,"roll_busy":0,"roll_by_rejected_ctx":0}
   219.90 MQTT lran/bridge/diag/publish/state {"status_frames":4,"documents":0,"unchanged":0,"heartbeats":0,"event_frames":0,"events":0,"event_repeats":0,"bench_withheld":4,"queue_refused":0,"undecodable":0}
   219.91 MQTT lran/simnode0/diag/state {"rssi_dbm":-27,"snr_db":11,"last_seen_s":0,"missed_polls":0,"proto_ver":2,"unsupported_ver":null}
   219.91 MQTT lran/simnode1/diag/state {"rssi_dbm":-35,"snr_db":11,"last_seen_s":22,"missed_polls":0,"proto_ver":2,"unsupported_ver":null}
   219.91 MQTT lran/simnode2/diag/state {"rssi_dbm":-28,"snr_db":12,"last_seen_s":48,"missed_polls":0,"proto_ver":2,"unsupported_ver":null}
   220.03 BRG FRAME #36 tx t=62609 peer=0xf1 type=3 schema=0 frag=0x01 seq=5 rssi=- snr=- st=0 rx=5 deaf=4744
   220.03 BRG CHAN,61,61790,1006,79,21,28,1,-270,-1160,-844
   220.10 MQTT lran/bridge/diag/rxlog/log {"lost":0,"f":[{"i":36,"ms":62609,"deaf":4744,"d":"tx","peer":241,"type":3,"schema":0,"frag":1,"seq":5,"rssi":null,"snr":null,"st":0,"rx":5}]}
   221.05 BRG CHAN,62,62796,1001,98,2,1,0,-1100,-1150,-1143
   222.06 BRG poll: f1 answered in 2074 ms (window 10000 ms)
   222.06 BRG FRAME #37 rx t=64649 peer=0xf1 type=4 schema=254 frag=0x01 seq=2 rssi=-34 snr=11 st=0 rx=0 deaf=4936
   222.09 MQTT lran/bridge/diag/rxlog/log {"lost":0,"f":[{"i":37,"ms":64649,"deaf":4936,"d":"rx","peer":241,"type":4,"schema":254,"frag":1,"seq":2,"rssi":-34,"snr":11,"st":0,"rx":0}]}
   222.27 BRG CHAN,63,63797,1004,63,38,17,1,-340,-1160,-938
   223.69 BRG FRAME #38 tx t=66283 peer=0xf2 type=3 schema=0 frag=0x01 seq=6 rssi=- snr=- st=0 rx=5 deaf=4982
   223.70 MQTT lran/bridge/diag/rxlog/log {"lost":0,"f":[{"i":38,"ms":66283,"deaf":4982,"d":"tx","peer":242,"type":3,"schema":0,"frag":1,"seq":6,"rssi":null,"snr":null,"st":0,"rx":5}]}
   224.30 BRG CHAN,65,65808,1003,78,21,13,0,-270,-1160,-1010
   224.30 BRG poll: f2 answered in 1377 ms (window 10000 ms)
   224.30 BRG FRAME #39 rx t=66952 peer=0xf2 type=4 schema=240 frag=0x01 seq=2 rssi=-28 snr=12 st=0 rx=0 deaf=5174
   224.40 MQTT lran/bridge/diag/rxlog/log {"lost":0,"f":[{"i":39,"ms":66952,"deaf":5174,"d":"rx","peer":242,"type":4,"schema":240,"frag":1,"seq":2,"rssi":-28,"snr":12,"st":0,"rx":0}]}
   225.12 BRG CHAN,66,66811,1003,101,0,16,1,-270,-1150,-1012
   228.17 BRG CHANSUM,10,69,60,60142,5590,410,378,15,22,0,-270,-1160,-1150,-1157
   230.05 CMD mark 355758
   230.05 CMD pub lran/bridge/config/set {"set":{"freq_hz":917400000}}
   230.06 MQTT lran/bridge/config/set {"set":{"freq_hz":917400000}}
   230.83 BRG phy: change started across 3 node(s)
   231.03 BRG FRAME #40 tx t=73609 peer=0xf0 type=10 schema=18 frag=0x01 seq=1 rssi=- snr=- st=0 rx=5 deaf=5199
   231.23 BRG CHAN,72,72814,1002,78,21,11,0,-910,-1160,-1109
   231.39 MQTT lran/bridge/diag/rxlog/log {"lost":0,"f":[{"i":40,"ms":73609,"deaf":5199,"d":"tx","peer":240,"type":10,"schema":18,"frag":1,"seq":1,"rssi":null,"snr":null,"st":0,"rx":5}]}
   231.42 HEL phy f0: SET accepted, board pending, accepted 0x01 of 0x03
   231.42 HEL config f0 <- 00 seq 1: op 1, 6 entries, 6 result(s)
   232.05 BRG FRAME #41 rx t=74606 peer=0xf0 type=11 schema=18 frag=0x01 seq=1 rssi=-28 snr=11 st=0 rx=0 deaf=5596
   232.25 MQTT lran/bridge/diag/rxlog/log {"lost":0,"f":[{"i":41,"ms":74606,"deaf":5596,"d":"rx","peer":240,"type":11,"schema":18,"frag":1,"seq":1,"rssi":-28,"snr":11,"st":0,"rx":0}]}
   232.26 BRG CHAN,73,73816,1002,80,21,41,1,-270,-1150,-714
   233.07 BRG FRAME #42 tx t=75599 peer=0xf1 type=10 schema=18 frag=0x01 seq=1 rssi=- snr=- st=0 rx=5 deaf=5617
   233.09 MQTT lran/bridge/diag/rxlog/log {"lost":0,"f":[{"i":42,"ms":75599,"deaf":5617,"d":"tx","peer":241,"type":10,"schema":18,"frag":1,"seq":1,"rssi":null,"snr":null,"st":0,"rx":5}]}
   233.30 XIA phy f1: SET accepted, board pending, accepted 0x01 of 0x01
   233.30 XIA config f1 <- 00 seq 1: op 1, 6 entries, 6 result(s)
   233.89 BRG FRAME #43 rx t=76597 peer=0xf1 type=11 schema=18 frag=0x01 seq=1 rssi=-35 snr=11 st=0 rx=0 deaf=6014
   233.92 XIA radio: up - 917400000 Hz, SF9, BW 125.0 kHz, CR 4/5, -4 dBm conducted, 3.0 dBi antenna
   233.92 XIA phy: retuned, board trial
   233.99 MQTT lran/bridge/diag/rxlog/log {"lost":0,"f":[{"i":43,"ms":76597,"deaf":6014,"d":"rx","peer":241,"type":11,"schema":18,"frag":1,"seq":1,"rssi":-35,"snr":11,"st":0,"rx":0}]}
   234.29 BRG CHAN,75,75826,1002,82,19,40,1,-340,-1160,-767
   235.09 MQTT lran/bridge/diag/rxlog/log {"lost":0,"f":[{"i":44,"ms":77599,"deaf":6035,"d":"tx","peer":242,"type":10,"schema":18,"frag":1,"seq":1,"rssi":null,"snr":null,"st":0,"rx":5}]}
   235.11 BRG FRAME #44 tx t=77599 peer=0xf2 type=10 schema=18 frag=0x01 seq=1 rssi=- snr=- st=0 rx=5 deaf=6035
   235.29 HEL phy f2: SET accepted, board pending, accepted 0x03 of 0x03
   235.29 HEL config f2 <- 00 seq 1: op 1, 6 entries, 6 result(s)
   235.90 HEL radio: up - 917400000 Hz, SF9, BW 125.0 kHz, CR 4/5, -4 dBm conducted, 3.0 dBi antenna
   235.90 HEL phy: retuned, board trial
   235.93 BRG FRAME #45 rx t=78596 peer=0xf2 type=11 schema=18 frag=0x01 seq=1 rssi=-28 snr=11 st=0 rx=0 deaf=6432
   235.99 MQTT lran/bridge/diag/rxlog/log {"lost":0,"f":[{"i":45,"ms":78596,"deaf":6432,"d":"rx","peer":242,"type":11,"schema":18,"frag":1,"seq":1,"rssi":-28,"snr":11,"st":0,"rx":0}]}
   236.13 BRG CHAN,77,77836,1002,83,18,40,1,-270,-1160,-732
   236.95 BRG phy: every node accepted - retuning
   236.95 BRG LoRa: radio up - 917400000 Hz, SF9, BW 125.0 kHz, CR 4/5, -4 dBm conducted, 3.0 dBi antenna
   236.95 BRG LoRa: stack high-water 5972 bytes free
   237.97 BRG FRAME #46 tx t=80597 peer=0xf0 type=3 schema=0 frag=0x01 seq=7 rssi=- snr=- st=0 rx=5 deaf=6453
   238.04 MQTT lran/bridge/diag/rxlog/log {"lost":0,"f":[{"i":46,"ms":80597,"deaf":6453,"d":"tx","peer":240,"type":3,"schema":0,"frag":1,"seq":7,"rssi":null,"snr":null,"st":0,"rx":5}]}
   238.58 BRG FRAME #47 rx t=81270 peer=0xf0 type=4 schema=240 frag=0x01 seq=3 rssi=-28 snr=11 st=0 rx=0 deaf=6645
   238.75 MQTT lran/bridge/diag/rxlog/log {"lost":0,"f":[{"i":47,"ms":81270,"deaf":6645,"d":"rx","peer":240,"type":4,"schema":240,"frag":1,"seq":3,"rssi":-28,"snr":11,"st":0,"rx":0}]}
   238.99 BRG FRAME #48 tx t=81607 peer=0xf1 type=3 schema=0 frag=0x01 seq=8 rssi=- snr=- st=0 rx=5 deaf=6670
   239.09 MQTT lran/bridge/diag/rxlog/log {"lost":0,"f":[{"i":48,"ms":81607,"deaf":6670,"d":"tx","peer":241,"type":3,"schema":0,"frag":1,"seq":8,"rssi":null,"snr":null,"st":0,"rx":5}]}
   239.19 BRG CHAN,80,80855,1000,78,21,29,1,-270,-1160,-837
   239.99 MQTT lran/bridge/diag/rxlog/log {"lost":0,"f":[{"i":49,"ms":82543,"deaf":6862,"d":"rx","peer":241,"type":4,"schema":254,"frag":1,"seq":3,"rssi":-35,"snr":12,"st":0,"rx":0}]}
   240.00 BRG FRAME #49 rx t=82543 peer=0xf1 type=4 schema=254 frag=0x01 seq=3 rssi=-35 snr=12 st=0 rx=0 deaf=6862
   240.19 MQTT lran/bridge/diag/rxlog/log {"lost":0,"f":[{"i":50,"ms":82746,"deaf":6883,"d":"tx","peer":242,"type":3,"schema":0,"frag":1,"seq":9,"rssi":null,"snr":null,"st":0,"rx":5}]}
   240.21 BRG FRAME #50 tx t=82746 peer=0xf2 type=3 schema=0 frag=0x01 seq=9 rssi=- snr=- st=0 rx=5 deaf=6883
   240.21 BRG CHAN,81,81855,1007,61,39,27,1,-330,-1160,-801
   242.05 BRG FRAME #51 rx t=84695 peer=0xf2 type=4 schema=240 frag=0x01 seq=3 rssi=-28 snr=12 st=0 rx=0 deaf=7075
   242.25 BRG CHAN,83,83864,1003,85,16,12,1,-270,-1160,-1031
   242.35 MQTT lran/bridge/diag/rxlog/log {"lost":0,"f":[{"i":51,"ms":84695,"deaf":7075,"d":"rx","peer":242,"type":4,"schema":240,"frag":1,"seq":3,"rssi":-28,"snr":12,"st":0,"rx":0}]}
   242.86 BRG phy: every node heard - committed
   243.02 CMD mark 378e06
   243.02 CMD reset BRG
   243.25 MQTT lran/bridge/config/ack {"op":"set","persist":"persisted","results":{"freq_hz":{"status":"ok","value":917400000}}}
   243.26 MQTT lran/bridge/config/state {"simnode_diag_enable":{"value":1,"source":"override"},"diag_interval_s":{"value":60,"source":"override"},"missed_poll_threshold":{"value":3,"source":"default"},"poll_reply_timeout_ms":{"value":10000,"source":"default"},"command_ack_timeout_ms":{"value":3000,"source":"default"},"cmd_retries":{"value":3,"source":"override"},"cad_retries":{"value":5,"source":"default"},"backoff_max_ms":{"value":1500,"source":"default"},"frag_reassembly_timeout_ms":{"value":5000,"source":"default"},"error_min_interval_ms":{"value":1000,"source":"default"},"config_readback_timeout_ms":{"value":15000,"source":"default"},"config_ack_timeout_ms":{"value":8000,"source":"default"},"republish_interval_s":{"value":900,"source":"override"},"bms_stale_s":{"value":600,"source":"default"},"cell_mv_deadband":{"value":5,"source":"default"},"freq_hz":{"value":917400000,"source":"override"},"spreading_factor":{"value":9,"source":"override"},"bandwidth_khz":{"value":125,"source":"override"},"coding_rate_denominator":{"value":5,"source":"override"},"tx_power_dbm":{"value":-4,"source":"override"},"phy_trial_s":{"value":120,"source":"override"},"mppt_write_arm_timeout_s":{"value":300,"source":"default"},"hex_rsp_timeout_ms":{"value":3000,"source":"default"},"charge_readback_interval_h":{"value":0,"source":"override"}}
   243.27 BRG ESP-ROM:esp32s3-20210327
   243.27 BRG Build:Mar 27 2021
   243.27 BRG rst:0x1 (POWERON),boot:0x9 (SPI_FAST_FLASH_BOOT)
   243.27 BRG SPIWP:0xee
   243.27 BRG mode:DIO, clock div:1
   243.27 BRG load:0x3fce3808,len:0x4bc
   243.27 BRG load:0x403c9700,len:0xbd8
   243.27 BRG load:0x403cc700,len:0x2a0c
   243.27 BRG entry 0x403c98d0
   243.67 BRG LRAN Bridge Node - node 0x00
   243.67 BRG Binding spec: LRAN-Protocol-Specification v0.17 (ver = 2)
   243.67 BRG PHY: 917.4 MHz, SF9, BW 125 kHz, CR 4/5, -4 dBm conducted, 3.0 dBi
   243.67 BRG Version: 0.1.0 (32503d5)
   243.67 BRG Slot: app0
   243.67 BRG Image state: not_pending
   243.67 BRG Reset: power_on
   243.67 BRG CHAN-BOOT,32503d5,917400000,9,1250,1000,-1100,10
   243.79 BRG WiFi SSID: McLeeNet
   243.79 BRG MQTT broker: 192.168.2.52:1883
   243.79 BRG Registry: 0x01 0x02 0xF0(bench) 0xF1(bench) 0xF2(bench) 0xF3(bench)
   243.79 BRG boot: count 54
   243.79 BRG Config: 18 stored value(s) restored
   243.79 BRG Tasks started: 7
   243.79 BRG WiFi, MQTT, OTA, the radio link, the registry and HA discovery.
   243.79 BRG levers: gen 2 - diag 60 s, poll reply 10000 ms, mi[   583][W][WiFiGeneric.cpp:1062] _eventCallback(): Reason: 8 - ASSOC_LEAVE
   244.00 BRG ssed 3, cmd ack 3000 ms x3, config ack 8000 ms, readback 15000 ms, hex rsp 3000 ms, arm 300 s, charge readback 0 h, simnode diag on
   244.00 BRG mqtt: stack high-water 4608 bytes free of 6144
   244.00 BRG LoRa: radio up - 917400000 Hz, SF9, BW 125.0 kHz, CR 4/5, -4 dBm conducted, 3.0 dBi antenna
   244.00 BRG LoRa: stack high-water 6036 bytes free
   244.00 BRG FRAME #0 tx t=677 peer=0xf0 type=3 schema=0 frag=0x01 seq=1 rssi=- snr=- st=0 rx=5 deaf=25
   244.00 BRG [   752][I][esp32-hal-i2c.c:75] i2cInit(): Initialising I2C Master: sda=17 scl=18 freq=100000
   244.00 BRG [   761][W][Wire.cpp:301] begin(): Bus already started in Master Mode.
   244.60 BRG [  1295][I][ArduinoOTA.cpp:141] begin(): OTA server at: lran-bridge.local:3232
   244.60 BRG OTA: listening as lran-bridge
   244.60 BRG poll: f0 answered in 770 ms (window 10000 ms)
   244.80 BRG FRAME #1 rx t=1347 peer=0xf0 type=4 schema=240 frag=0x01 seq=4 rssi=-28 snr=11 st=0 rx=0 deaf=217
   245.01 BRG availability: simnode0 online (missed_polls 0, threshold 3)
   245.01 BRG FRAME #2 tx t=1600 peer=0xf1 type=3 schema=0 frag=0x01 seq=2 rssi=- snr=- st=0 rx=5 deaf=238
   245.01 BRG CHAN,0,652,1005,71,28,28,1,-270,-1160,-813
   245.82 BRG poll: f1 answered in 959 ms (window 10000 ms)
   245.82 BRG availability: simnode1 online (missed_polls 0, threshold 3)
   246.02 BRG FRAME #3 rx t=2536 peer=0xf1 type=4 schema=254 frag=0x01 seq=4 rssi=-35 snr=11 st=0 rx=0 deaf=430
   246.02 BRG CHAN,1,1657,1000,66,34,35,1,-330,-1160,-719
   246.03 MQTT lran/bridge/availability offline
   246.06 MQTT lran/bridge/availability online
   246.06 MQTT lran/bridge/version {"version":"0.1.0","git":"32503d5","slot":"app0","ota_state":"verified_or_usb"}
   246.07 MQTT lran/bridge/diag/state {"rx_crc_err":0,"rx_runt":0,"rx_oversize":0,"rx_bad_crc":0,"rx_bad_ver":0,"rx_not_addressed":0,"rx_unknown_hdr_ext":0,"rx_bad_frag":0,"rx_unknown_type":0,"rx_unknown_schema":0,"rx_bad_length":0,"rx_not_fragmentable":0,"rx_rejected_ctx":0,"rx_rejected_mac":0,"rx_unknown_src":0,"rx_reassembly_timeout":0,"rx_fragment_overflow":0,"rx_reassembly_abandoned":0,"rx_rejected_seq":0,"rx_frag_duplicate":0,"rx_frag_late":0,"rx_dup_command":0,"rx_dropped":0,"rx_frames":0,"ctx_rolls":0,"ctx_roll_failed":0}
   246.08 MQTT lran/bridge/diag/radio/state {"tx_frames":0,"cad_backoffs":0,"errors_suppressed":0,"cad_deferred":0,"cad_free":0,"rx_deaf_ms":0,"cad_errors":0,"tx_forced":0,"tx_errors":0,"tx_timeouts":0,"tx_dropped_no_radio":0,"rx_driver_errors":0,"rx_no_interrupt":0,"rx_wake_empty":0,"begin_failures":0,"last_begin_status":0,"q_rx_dropped":0,"q_rx_high_water":0,"q_publish_dropped":0,"q_publish_high_water":0,"q_tx_dropped":0,"q_tx_high_water":1,"q_log_dropped":0,"q_log_high_water":1,"q_command_dropped":0,"q_command_high_water":0,"q_config_dropped":0,"q_config_high_water":0,"q_event_dropped":0,"q_event_high_water":0,"q_hex_dropped":0,"q_hex_high_water":0}
   246.08 MQTT lran/bridge/diag/cmd/state {"cmd_submitted":0,"cmd_refused_busy":0,"cmd_sent":0,"cmd_retries":0,"cmd_acked":0,"cmd_no_ack":0,"cmd_resyncs":0,"cmd_resync_failed":0,"cmd_unconfirmed":0,"cmd_ack_ignored":0,"cmd_refused_roll_pending":0,"roll_sent":0,"roll_retries":0,"roll_busy":0,"roll_by_rejected_ctx":0}
   246.08 MQTT lran/bridge/diag/publish/state {"status_frames":0,"documents":0,"unchanged":0,"heartbeats":0,"event_frames":0,"events":0,"event_repeats":0,"bench_withheld":0,"queue_refused":0,"undecodable":0}
   246.08 MQTT lran/simnode0/diag/state {"rssi_dbm":null,"snr_db":null,"last_seen_s":null,"missed_polls":0,"proto_ver":null,"unsupported_ver":null}
   246.08 MQTT lran/simnode1/diag/state {"rssi_dbm":null,"snr_db":null,"last_seen_s":null,"missed_polls":0,"proto_ver":null,"unsupported_ver":null}
   246.08 MQTT lran/simnode2/diag/state {"rssi_dbm":null,"snr_db":null,"last_seen_s":null,"missed_polls":0,"proto_ver":null,"unsupported_ver":null}
   246.08 MQTT lran/bridge/diag/rxlog/log {"lost":0,"f":[{"i":0,"ms":677,"deaf":25,"d":"tx","peer":240,"type":3,"schema":0,"frag":1,"seq":1,"rssi":null,"snr":null,"st":0,"rx":5}]}
   246.09 MQTT lran/bridge/diag/rxlog/log {"lost":0,"f":[{"i":1,"ms":1347,"deaf":217,"d":"rx","peer":240,"type":4,"schema":240,"frag":1,"seq":4,"rssi":-28,"snr":11,"st":0,"rx":0}]}
   246.09 MQTT lran/simnode0/availability online
   246.09 MQTT lran/bridge/diag/rxlog/log {"lost":0,"f":[{"i":2,"ms":1600,"deaf":238,"d":"tx","peer":241,"type":3,"schema":0,"frag":1,"seq":2,"rssi":null,"snr":null,"st":0,"rx":5}]}
   246.09 MQTT lran/simnode1/availability online
   246.10 MQTT lran/bridge/diag/rxlog/log {"lost":0,"f":[{"i":3,"ms":2536,"deaf":430,"d":"rx","peer":241,"type":4,"schema":254,"frag":1,"seq":4,"rssi":-35,"snr":11,"st":0,"rx":0}]}
   246.10 MQTT lran/bridge/diag/rxlog/log {"lost":0,"f":[{"i":4,"ms":2738,"deaf":451,"d":"tx","peer":242,"type":3,"schema":0,"frag":1,"seq":3,"rssi":null,"snr":null,"st":0,"rx":5}]}
   246.14 MQTT lran/bridge/config/state {"simnode_diag_enable":{"value":1,"source":"override"},"diag_interval_s":{"value":60,"source":"override"},"missed_poll_threshold":{"value":3,"source":"default"},"poll_reply_timeout_ms":{"value":10000,"source":"default"},"command_ack_timeout_ms":{"value":3000,"source":"default"},"cmd_retries":{"value":3,"source":"override"},"cad_retries":{"value":5,"source":"default"},"backoff_max_ms":{"value":1500,"source":"default"},"frag_reassembly_timeout_ms":{"value":5000,"source":"default"},"error_min_interval_ms":{"value":1000,"source":"default"},"config_readback_timeout_ms":{"value":15000,"source":"default"},"config_ack_timeout_ms":{"value":8000,"source":"default"},"republish_interval_s":{"value":900,"source":"override"},"bms_stale_s":{"value":600,"source":"default"},"cell_mv_deadband":{"value":5,"source":"default"},"freq_hz":{"value":917400000,"source":"override"},"spreading_factor":{"value":9,"source":"override"},"bandwidth_khz":{"value":125,"source":"override"},"coding_rate_denominator":{"value":5,"source":"override"},"tx_power_dbm":{"value":-4,"source":"override"},"phy_trial_s":{"value":120,"source":"override"},"mppt_write_arm_timeout_s":{"value":300,"source":"default"},"hex_rsp_timeout_ms":{"value":3000,"source":"default"},"charge_readback_interval_h":{"value":0,"source":"override"}}
   246.14 MQTT lran/gatelink/config/state {"poll_interval_s":{"value":60,"source":"override"},"deployed":{"value":0,"source":"default"},"dedup_cache_depth":{"value":null,"source":"default"},"frag_reassembly_timeout_ms":{"value":null,"source":"default"},"cad_retries":{"value":null,"source":"default"},"backoff_max_ms":{"value":null,"source":"default"},"freq_hz":{"value":null,"source":"default"},"spreading_factor":{"value":null,"source":"default"},"bandwidth_khz":{"value":null,"source":"default"},"coding_rate_denominator":{"value":null,"source":"default"},"tx_power_dbm":{"value":null,"source":"default"},"phy_trial_s":{"value":null,"source":"default"},"relay_pulse_ms":{"value":null,"source":"default"},"relay_min_spacing_ms":{"value":null,"source":"default"},"unlock_settle_ms":{"value":null,"source":"default"},"post_wake_settle_ms":{"value":null,"source":"default"},"command_confirm_timeout_s":{"value":null,"source":"default"},"input_poll_ms":{"value":null,"source":"default"},"input_debounce_samples":{"value":null,"source":"default"},"hold_confirm_ms":{"value":null,"source":"default"},"detect_sequence_window_ms":{"value":null,"source":"default"},"detect_sequence_idle_ms":{"value":null,"source":"default"},"held_open_alert_repeat_s":{"value":null,"source":"default"},"cause_window_ms":{"value":null,"source":"default"},"hex_timeout_ms":{"value":null,"source":"default"},"vedirect_stale_s":{"value":null,"source":"default"},"bms_poll_s":{"value":null,"source":"default"},"charge_inhibit_confirm_s":{"value":null,"source":"default"},"display_timeout_s":{"value":null,"source":"default"},"buzzer_enable":{"value":null,"source":"default"},"inject_spacing_ms":{"value":null,"source":"default"}}
   246.16 MQTT lran/welllink/config/state {"poll_interval_s":{"value":60,"source":"default"},"deployed":{"value":0,"source":"default"},"dedup_cache_depth":{"value":null,"source":"default"},"frag_reassembly_timeout_ms":{"value":null,"source":"default"},"cad_retries":{"value":null,"source":"default"},"backoff_max_ms":{"value":null,"source":"default"},"freq_hz":{"value":null,"source":"default"},"spreading_factor":{"value":null,"source":"default"},"bandwidth_khz":{"value":null,"source":"default"},"coding_rate_denominator":{"value":null,"source":"default"},"tx_power_dbm":{"value":null,"source":"default"},"phy_trial_s":{"value":null,"source":"default"}}
   246.16 MQTT lran/simnode0/config/state {"poll_interval_s":{"value":60,"source":"override"},"deployed":{"value":1,"source":"override"},"dedup_cache_depth":{"value":null,"source":"default"},"frag_reassembly_timeout_ms":{"value":null,"source":"default"},"cad_retries":{"value":null,"source":"default"},"backoff_max_ms":{"value":null,"source":"default"},"freq_hz":{"value":null,"source":"default"},"spreading_factor":{"value":null,"source":"default"},"bandwidth_khz":{"value":null,"source":"default"},"coding_rate_denominator":{"value":null,"source":"default"},"tx_power_dbm":{"value":null,"source":"default"},"phy_trial_s":{"value":null,"source":"default"}}
   246.18 MQTT lran/simnode1/config/state {"poll_interval_s":{"value":60,"source":"override"},"deployed":{"value":1,"source":"override"},"dedup_cache_depth":{"value":null,"source":"default"},"frag_reassembly_timeout_ms":{"value":null,"source":"default"},"cad_retries":{"value":null,"source":"default"},"backoff_max_ms":{"value":null,"source":"default"},"freq_hz":{"value":null,"source":"default"},"spreading_factor":{"value":null,"source":"default"},"bandwidth_khz":{"value":null,"source":"default"},"coding_rate_denominator":{"value":null,"source":"default"},"tx_power_dbm":{"value":null,"source":"default"},"phy_trial_s":{"value":null,"source":"default"}}
   246.18 MQTT lran/simnode2/config/state {"poll_interval_s":{"value":60,"source":"override"},"deployed":{"value":1,"source":"override"},"dedup_cache_depth":{"value":null,"source":"default"},"frag_reassembly_timeout_ms":{"value":null,"source":"default"},"cad_retries":{"value":null,"source":"default"},"backoff_max_ms":{"value":null,"source":"default"},"freq_hz":{"value":null,"source":"default"},"spreading_factor":{"value":null,"source":"default"},"bandwidth_khz":{"value":null,"source":"default"},"coding_rate_denominator":{"value":null,"source":"default"},"tx_power_dbm":{"value":null,"source":"default"},"phy_trial_s":{"value":null,"source":"default"}}
   246.19 MQTT lran/simnode3/config/state {"poll_interval_s":{"value":60,"source":"default"},"deployed":{"value":0,"source":"default"},"dedup_cache_depth":{"value":null,"source":"default"},"frag_reassembly_timeout_ms":{"value":null,"source":"default"},"cad_retries":{"value":null,"source":"default"},"backoff_max_ms":{"value":null,"source":"default"},"freq_hz":{"value":null,"source":"default"},"spreading_factor":{"value":null,"source":"default"},"bandwidth_khz":{"value":null,"source":"default"},"coding_rate_denominator":{"value":null,"source":"default"},"tx_power_dbm":{"value":null,"source":"default"},"phy_trial_s":{"value":null,"source":"default"}}
   246.22 BRG FRAME #4 tx t=2738 peer=0xf2 type=3 schema=0 frag=0x01 seq=3 rssi=- snr=- st=0 rx=5 deaf=451
   246.22 BRG mqtt: connected, heap free 32776, lowest 27672
   246.63 BRG poll: f2 answered in 839 ms (window 10000 ms)
   246.83 BRG FRAME #5 rx t=3416 peer=0xf2 type=4 schema=240 frag=0x01 seq=4 rssi=-28 snr=11 st=0 rx=0 deaf=643
   246.83 BRG availability: simnode2 online (missed_polls 0, threshold 3)
   246.96 MQTT lran/bridge/diag/rxlog/log {"lost":0,"f":[{"i":5,"ms":3416,"deaf":643,"d":"rx","peer":242,"type":4,"schema":240,"frag":1,"seq":4,"rssi":-28,"snr":11,"st":0,"rx":0}]}
   246.96 MQTT lran/gatelink/vedirect/write_enable/state OFF
   246.96 MQTT lran/gatelink/vedirect/charge/state {"charge_absorption_voltage_v":null,"charge_float_voltage_v":null,"charge_equalisation_voltage_v":null,"charge_auto_equalisation":null,"charge_temp_compensation_mv_k":null,"charge_battery_type":null,"charge_max_current_a":null,"charge_absorption_time_limit_h":null,"charge_system_voltage_v":null,"charge_low_temp_level_c":null}
   246.96 MQTT lran/simnode0/vedirect/write_enable/state OFF
   246.96 MQTT lran/simnode0/vedirect/charge/state {"charge_absorption_voltage_v":null,"charge_float_voltage_v":null,"charge_equalisation_voltage_v":null,"charge_auto_equalisation":null,"charge_temp_compensation_mv_k":null,"charge_battery_type":null,"charge_max_current_a":null,"charge_absorption_time_limit_h":null,"charge_system_voltage_v":null,"charge_low_temp_level_c":null}
   246.96 MQTT lran/simnode1/vedirect/write_enable/state OFF
   246.97 MQTT lran/simnode1/vedirect/charge/state {"charge_absorption_voltage_v":null,"charge_float_voltage_v":null,"charge_equalisation_voltage_v":null,"charge_auto_equalisation":null,"charge_temp_compensation_mv_k":null,"charge_battery_type":null,"charge_max_current_a":null,"charge_absorption_time_limit_h":null,"charge_system_voltage_v":null,"charge_low_temp_level_c":null}
   246.97 MQTT lran/simnode2/vedirect/write_enable/state OFF
   246.98 MQTT lran/simnode2/vedirect/charge/state {"charge_absorption_voltage_v":null,"charge_float_voltage_v":null,"charge_equalisation_voltage_v":null,"charge_auto_equalisation":null,"charge_temp_compensation_mv_k":null,"charge_battery_type":null,"charge_max_current_a":null,"charge_absorption_time_limit_h":null,"charge_system_voltage_v":null,"charge_low_temp_level_c":null}
   246.98 MQTT lran/simnode3/vedirect/write_enable/state OFF
   246.98 MQTT lran/simnode3/vedirect/charge/state {"charge_absorption_voltage_v":null,"charge_float_voltage_v":null,"charge_equalisation_voltage_v":null,"charge_auto_equalisation":null,"charge_temp_compensation_mv_k":null,"charge_battery_type":null,"charge_max_current_a":null,"charge_absorption_time_limit_h":null,"charge_system_voltage_v":null,"charge_low_temp_level_c":null}
   246.98 MQTT lran/simnode0/availability online
   246.98 MQTT lran/simnode1/availability online
   246.98 MQTT lran/simnode2/availability online
   246.99 MQTT lran/bridge/diag/state {"rx_crc_err":0,"rx_runt":0,"rx_oversize":0,"rx_bad_crc":0,"rx_bad_ver":0,"rx_not_addressed":0,"rx_unknown_hdr_ext":0,"rx_bad_frag":0,"rx_unknown_type":0,"rx_unknown_schema":0,"rx_bad_length":0,"rx_not_fragmentable":0,"rx_rejected_ctx":0,"rx_rejected_mac":0,"rx_unknown_src":0,"rx_reassembly_timeout":0,"rx_fragment_overflow":0,"rx_reassembly_abandoned":0,"rx_rejected_seq":0,"rx_frag_duplicate":0,"rx_frag_late":0,"rx_dup_command":0,"rx_dropped":0,"rx_frames":2,"ctx_rolls":0,"ctx_roll_failed":0}
   246.99 MQTT lran/bridge/diag/radio/state {"tx_frames":3,"cad_backoffs":0,"errors_suppressed":0,"cad_deferred":0,"cad_free":3,"rx_deaf_ms":643,"cad_errors":0,"tx_forced":0,"tx_errors":0,"tx_timeouts":0,"tx_dropped_no_radio":0,"rx_driver_errors":0,"rx_no_interrupt":0,"rx_wake_empty":0,"begin_failures":0,"last_begin_status":0,"q_rx_dropped":0,"q_rx_high_water":1,"q_publish_dropped":0,"q_publish_high_water":14,"q_tx_dropped":0,"q_tx_high_water":1,"q_log_dropped":0,"q_log_high_water":2,"q_command_dropped":0,"q_command_high_water":0,"q_config_dropped":0,"q_config_high_water":0,"q_event_dropped":0,"q_event_high_water":0,"q_hex_dropped":0,"q_hex_high_water":0}
   247.00 MQTT lran/bridge/diag/cmd/state {"cmd_submitted":0,"cmd_refused_busy":0,"cmd_sent":0,"cmd_retries":0,"cmd_acked":0,"cmd_no_ack":0,"cmd_resyncs":0,"cmd_resync_failed":0,"cmd_unconfirmed":0,"cmd_ack_ignored":0,"cmd_refused_roll_pending":0,"roll_sent":1,"roll_retries":0,"roll_busy":0,"roll_by_rejected_ctx":0}
   247.00 MQTT lran/bridge/diag/publish/state {"status_frames":3,"documents":0,"unchanged":0,"heartbeats":0,"event_frames":0,"events":0,"event_repeats":0,"bench_withheld":3,"queue_refused":0,"undecodable":0}
   247.00 MQTT lran/simnode0/diag/state {"rssi_dbm":-28,"snr_db":11,"last_seen_s":2,"missed_polls":0,"proto_ver":2,"unsupported_ver":null}
   247.00 MQTT lran/simnode1/diag/state {"rssi_dbm":-35,"snr_db":11,"last_seen_s":1,"missed_polls":0,"proto_ver":2,"unsupported_ver":null}
   247.00 MQTT lran/simnode2/diag/state {"rssi_dbm":-28,"snr_db":11,"last_seen_s":0,"missed_polls":0,"proto_ver":2,"unsupported_ver":null}
   247.00 MQTT lran/bridge/diag/rxlog/log {"lost":0,"f":[{"i":6,"ms":3618,"deaf":664,"d":"tx","peer":240,"type":1,"schema":0,"frag":1,"seq":1,"rssi":null,"snr":null,"st":0,"rx":5}]}
   247.03 BRG FRAME #6 tx t=3618 peer=0xf0 type=1 schema=0 frag=0x01 seq=1 rssi=- snr=- st=0 rx=5 deaf=664
   247.03 BRG CHAN,2,2657,1007,73,26,34,1,-270,-1160,-814
   247.11 HEL roll f0 <- 00 seq 1: ctx 0x5c3fde36 -> 0x2c0ae50e, ACCEPTED
   247.64 BRG FRAME #7 rx t=4267 peer=0xf0 type=2 schema=0 frag=0x01 seq=1 rssi=-28 snr=12 st=0 rx=0 deaf=897
   247.84 BRG roll: f0 rolled to ctx 0x2c0ae50e after 1 attempt(s)
   247.87 MQTT lran/bridge/diag/rxlog/log {"lost":0,"f":[{"i":7,"ms":4267,"deaf":897,"d":"rx","peer":240,"type":2,"schema":0,"frag":1,"seq":1,"rssi":-28,"snr":12,"st":0,"rx":0}]}
   247.97 MQTT lran/bridge/diag/rxlog/log {"lost":0,"f":[{"i":8,"ms":4603,"deaf":922,"d":"tx","peer":240,"type":8,"schema":0,"frag":1,"seq":1,"rssi":null,"snr":null,"st":0,"rx":5}]}
   248.04 BRG FRAME #8 tx t=4603 peer=0xf0 type=8 schema=0 frag=0x01 seq=1 rssi=- snr=- st=0 rx=5 deaf=922
   248.04 BRG CHAN,3,3664,1006,72,27,23,1,-270,-1160,-895
   249.06 BRG CHAN,4,4670,1003,82,18,5,0,-1070,-1150,-1141
   250.07 BRG CHAN,5,5673,1000,100,0,4,0,-1090,-1150,-1141
   251.09 BRG CHAN,6,6673,1000,100,0,1,0,-1100,-1160,-1145
   251.90 BRG hex: f0 seq 1 read -> no_response status 0 result 0, sched stack 2596 bytes free
   251.90 BRG WARN hex: f0 readback abandoned at 0xEDF7
   252.92 BRG FRAME #9 tx t=9604 peer=0xf1 type=1 schema=0 frag=0x01 seq=1 rssi=- snr=- st=0 rx=5 deaf=1177
   252.97 MQTT lran/bridge/diag/rxlog/log {"lost":0,"f":[{"i":9,"ms":9604,"deaf":1177,"d":"tx","peer":241,"type":1,"schema":0,"frag":1,"seq":1,"rssi":null,"snr":null,"st":0,"rx":5}]}
   253.09 XIA roll f1 <- 00 seq 1: ctx 0x06f764be -> 0x81a0df19, ACCEPTED
   253.53 BRG FRAME #10 rx t=10257 peer=0xf1 type=2 schema=0 frag=0x01 seq=1 rssi=-35 snr=11 st=0 rx=0 deaf=1410
   253.57 MQTT lran/bridge/diag/rxlog/log {"lost":0,"f":[{"i":10,"ms":10257,"deaf":1410,"d":"rx","peer":241,"type":2,"schema":0,"frag":1,"seq":1,"rssi":-35,"snr":11,"st":0,"rx":0}]}
   253.94 BRG roll: f1 rolled to ctx 0x81a0df19 after 1 attempt(s)
   253.94 BRG FRAME #11 tx t=10600 peer=0xf1 type=8 schema=0 frag=0x01 seq=2 rssi=- snr=- st=0 rx=5 deaf=1431
   253.97 MQTT lran/bridge/diag/rxlog/log {"lost":0,"f":[{"i":11,"ms":10600,"deaf":1431,"d":"tx","peer":241,"type":8,"schema":0,"frag":1,"seq":2,"rssi":null,"snr":null,"st":0,"rx":5}]}
   254.11 XIA hex f1 <- 00 seq 2: read :7F7ED006A -> :7F7ED008C05D9
   254.14 BRG mqtt: stack high-water 2276 bytes free of 6144
   254.14 BRG CHAN,9,9681,1006,74,26,22,1,-340,-1160,-913
   254.14 BRG CHANSUM,0,9,10,10035,830,167,152,5,8,0,-270,-1160,-1150,-1157
   254.67 MQTT lran/bridge/diag/rxlog/log {"lost":0,"f":[{"i":12,"ms":11294,"deaf":1664,"d":"rx","peer":241,"type":9,"schema":0,"frag":1,"seq":2,"rssi":-35,"snr":11,"st":0,"rx":0}]}
   254.76 BRG FRAME #12 rx t=11294 peer=0xf1 type=9 schema=0 frag=0x01 seq=2 rssi=-35 snr=11 st=0 rx=0 deaf=1664
   254.87 MQTT lran/simnode1/vedirect/charge/state {"charge_absorption_voltage_v":14.20,"charge_float_voltage_v":null,"charge_equalisation_voltage_v":null,"charge_auto_equalisation":null,"charge_temp_compensation_mv_k":null,"charge_battery_type":null,"charge_max_current_a":null,"charge_absorption_time_limit_h":null,"charge_system_voltage_v":null,"charge_low_temp_level_c":null}
   254.96 BRG hex: f1 seq 2 read -> answered status 0 result 0, sched stack 2564 bytes free
   255.16 BRG CHAN,10,10687,1009,81,20,22,1,-340,-1150,-927
   255.97 MQTT lran/bridge/diag/rxlog/log {"lost":0,"f":[{"i":13,"ms":12607,"deaf":1685,"d":"tx","peer":242,"type":1,"schema":0,"frag":1,"seq":1,"rssi":null,"snr":null,"st":0,"rx":5}]}
   255.98 BRG FRAME #13 tx t=12607 peer=0xf2 type=1 schema=0 frag=0x01 seq=1 rssi=- snr=- st=0 rx=5 deaf=1685
   256.06 HEL roll f2 <- 00 seq 1: ctx 0x8327db94 -> 0x8de00208, ACCEPTED
   256.58 MQTT lran/bridge/diag/rxlog/log {"lost":0,"f":[{"i":14,"ms":13256,"deaf":1918,"d":"rx","peer":242,"type":2,"schema":0,"frag":1,"seq":1,"rssi":-28,"snr":11,"st":0,"rx":0}]}
   256.59 BRG FRAME #14 rx t=13256 peer=0xf2 type=2 schema=0 frag=0x01 seq=1 rssi=-28 snr=11 st=0 rx=0 deaf=1918
   256.80 BRG roll: f2 rolled to ctx 0x8de00208 after 1 attempt(s)
   256.98 MQTT lran/bridge/diag/rxlog/log {"lost":0,"f":[{"i":15,"ms":13612,"deaf":1943,"d":"tx","peer":241,"type":8,"schema":0,"frag":1,"seq":3,"rssi":null,"snr":null,"st":0,"rx":5}]}
   257.00 BRG FRAME #15 tx t=13612 peer=0xf1 type=8 schema=0 frag=0x01 seq=3 rssi=- snr=- st=0 rx=5 deaf=1943
   257.00 BRG CHAN,12,12704,1005,74,25,21,1,-270,-1160,-904
   257.17 XIA hex f1 <- 00 seq 3: read :7F6ED006B -> :7F6ED00460520
   257.61 BRG FRAME #16 rx t=14306 peer=0xf1 type=9 schema=0 frag=0x01 seq=3 rssi=-35 snr=11 st=0 rx=0 deaf=2176
   257.68 MQTT lran/bridge/diag/rxlog/log {"lost":0,"f":[{"i":16,"ms":14306,"deaf":2176,"d":"rx","peer":241,"type":9,"schema":0,"frag":1,"seq":3,"rssi":-35,"snr":11,"st":0,"rx":0}]}
   257.82 BRG hex: f1 seq 3 read -> answered status 0 result 0, sched stack 2564 bytes free
   257.87 MQTT lran/simnode1/vedirect/charge/state {"charge_absorption_voltage_v":14.20,"charge_float_voltage_v":13.50,"charge_equalisation_voltage_v":null,"charge_auto_equalisation":null,"charge_temp_compensation_mv_k":null,"charge_battery_type":null,"charge_max_current_a":null,"charge_absorption_time_limit_h":null,"charge_system_voltage_v":null,"charge_low_temp_level_c":null}
   258.02 BRG CHAN,13,13709,1009,81,20,21,1,-340,-1150,-938
   258.97 MQTT lran/bridge/diag/rxlog/log {"lost":0,"f":[{"i":17,"ms":15599,"deaf":2197,"d":"tx","peer":241,"type":8,"schema":0,"frag":1,"seq":4,"rssi":null,"snr":null,"st":0,"rx":5}]}
   259.04 BRG FRAME #17 tx t=15599 peer=0xf1 type=8 schema=0 frag=0x01 seq=4 rssi=- snr=- st=0 rx=5 deaf=2197
   259.21 XIA hex f1 <- 00 seq 4: read :7F4ED006D -> :7F4ED008C05DC
   259.65 BRG FRAME #18 rx t=16288 peer=0xf1 type=9 schema=0 frag=0x01 seq=4 rssi=-35 snr=11 st=0 rx=0 deaf=2430
   259.67 MQTT lran/bridge/diag/rxlog/log {"lost":0,"f":[{"i":18,"ms":16288,"deaf":2430,"d":"rx","peer":241,"type":9,"schema":0,"frag":1,"seq":4,"rssi":-35,"snr":11,"st":0,"rx":0}]}
   259.85 BRG hex: f1 seq 4 read -> answered status 0 result 0, sched stack 2564 bytes free
   259.87 MQTT lran/simnode1/vedirect/charge/state {"charge_absorption_voltage_v":14.20,"charge_float_voltage_v":13.50,"charge_equalisation_voltage_v":14.20,"charge_auto_equalisation":null,"charge_temp_compensation_mv_k":null,"charge_battery_type":null,"charge_max_current_a":null,"charge_absorption_time_limit_h":null,"charge_system_voltage_v":null,"charge_low_temp_level_c":null}
   260.06 BRG CHAN,15,15725,1005,89,12,26,1,-330,-1160,-918
   260.87 BRG FRAME #19 tx t=17601 peer=0xf1 type=8 schema=0 frag=0x01 seq=5 rssi=- snr=- st=0 rx=5 deaf=2451
   260.98 MQTT lran/bridge/diag/rxlog/log {"lost":0,"f":[{"i":19,"ms":17601,"deaf":2451,"d":"tx","peer":241,"type":8,"schema":0,"frag":1,"seq":5,"rssi":null,"snr":null,"st":0,"rx":5}]}
   261.04 XIA hex f1 <- 00 seq 5: read :7FDED0064 -> :7FDED000064
   261.67 MQTT lran/bridge/diag/rxlog/log {"lost":0,"f":[{"i":20,"ms":18295,"deaf":2684,"d":"rx","peer":241,"type":9,"schema":0,"frag":1,"seq":5,"rssi":-35,"snr":11,"st":0,"rx":0}]}
   261.68 BRG FRAME #20 rx t=18295 peer=0xf1 type=9 schema=0 frag=0x01 seq=5 rssi=-35 snr=11 st=0 rx=0 deaf=2684
   261.87 MQTT lran/simnode1/vedirect/charge/state {"charge_absorption_voltage_v":14.20,"charge_float_voltage_v":13.50,"charge_equalisation_voltage_v":14.20,"charge_auto_equalisation":0,"charge_temp_compensation_mv_k":null,"charge_battery_type":null,"charge_max_current_a":null,"charge_absorption_time_limit_h":null,"charge_system_voltage_v":null,"charge_low_temp_level_c":null}
   261.89 BRG hex: f1 seq 5 read -> answered status 0 result 0, sched stack 2564 bytes free
   262.09 BRG CHAN,17,17738,1008,89,12,26,1,-340,-1160,-921
   262.91 BRG FRAME #21 tx t=19607 peer=0xf1 type=8 schema=0 frag=0x01 seq=6 rssi=- snr=- st=0 rx=5 deaf=2705
   262.97 MQTT lran/bridge/diag/rxlog/log {"lost":0,"f":[{"i":21,"ms":19607,"deaf":2705,"d":"tx","peer":241,"type":8,"schema":0,"frag":1,"seq":6,"rssi":null,"snr":null,"st":0,"rx":5}]}
   263.08 XIA hex f1 <- 00 seq 6: read :7F2ED006F -> :7F2ED0000006F
   263.67 MQTT lran/bridge/diag/rxlog/log {"lost":0,"f":[{"i":22,"ms":20301,"deaf":2938,"d":"rx","peer":241,"type":9,"schema":0,"frag":1,"seq":6,"rssi":-35,"snr":11,"st":0,"rx":0}]}
   263.73 BRG FRAME #22 rx t=20301 peer=0xf1 type=9 schema=0 frag=0x01 seq=6 rssi=-35 snr=11 st=0 rx=0 deaf=2938
   263.87 MQTT lran/simnode1/vedirect/charge/state {"charge_absorption_voltage_v":14.20,"charge_float_voltage_v":13.50,"charge_equalisation_voltage_v":14.20,"charge_auto_equalisation":0,"charge_temp_compensation_mv_k":0.00,"charge_battery_type":null,"charge_max_current_a":null,"charge_absorption_time_limit_h":null,"charge_system_voltage_v":null,"charge_low_temp_level_c":null}
   263.93 BRG hex: f1 seq 6 read -> answered status 0 result 0, sched stack 2564 bytes free
   264.14 BRG CHAN,19,19754,1008,90,11,25,1,-340,-1160,-924
   264.96 BRG FRAME #23 tx t=21607 peer=0xf1 type=8 schema=0 frag=0x01 seq=7 rssi=- snr=- st=0 rx=5 deaf=2963
   264.97 MQTT lran/bridge/diag/rxlog/log {"lost":0,"f":[{"i":23,"ms":21607,"deaf":2963,"d":"tx","peer":241,"type":8,"schema":0,"frag":1,"seq":7,"rssi":null,"snr":null,"st":0,"rx":5}]}
   265.11 XIA hex f1 <- 00 seq 7: read :7F1ED0070 -> :7F1ED00FF71
   266.79 BRG hex: f1 seq 7 read -> answered status 0 result 0, sched stack 2564 bytes free
   266.79 BRG FRAME #24 rx t=23489 peer=0xf1 type=9 schema=0 frag=0x01 seq=7 rssi=-35 snr=11 st=0 rx=0 deaf=3196
   266.92 MQTT lran/simnode1/vedirect/charge/state {"charge_absorption_voltage_v":14.20,"charge_float_voltage_v":13.50,"charge_equalisation_voltage_v":14.20,"charge_auto_equalisation":0,"charge_temp_compensation_mv_k":0.00,"charge_battery_type":255,"charge_max_current_a":null,"charge_absorption_time_limit_h":null,"charge_system_voltage_v":null,"charge_low_temp_level_c":null}
   266.97 MQTT lran/bridge/diag/rxlog/log {"lost":0,"f":[{"i":24,"ms":23489,"deaf":3196,"d":"rx","peer":241,"type":9,"schema":0,"frag":1,"seq":7,"rssi":-35,"snr":11,"st":0,"rx":0}]}
   267.00 BRG CHAN,22,22767,1003,93,8,18,1,-340,-1160,-996
   268.02 BRG FRAME #25 tx t=24601 peer=0xf1 type=8 schema=0 frag=0x01 seq=8 rssi=- snr=- st=0 rx=5 deaf=3217
   268.07 MQTT lran/bridge/diag/rxlog/log {"lost":0,"f":[{"i":25,"ms":24601,"deaf":3217,"d":"tx","peer":241,"type":8,"schema":0,"frag":1,"seq":8,"rssi":null,"snr":null,"st":0,"rx":5}]}
   268.17 XIA hex f1 <- 00 seq 8: read :7F0ED0071 -> :7F0ED009600DB
   268.63 BRG FRAME #26 rx t=25291 peer=0xf1 type=9 schema=0 frag=0x01 seq=8 rssi=-34 snr=11 st=0 rx=0 deaf=3450
   268.83 BRG hex: f1 seq 8 read -> answered status 0 result 0, sched stack 2564 bytes free
   268.86 MQTT lran/bridge/diag/rxlog/log {"lost":0,"f":[{"i":26,"ms":25291,"deaf":3450,"d":"rx","peer":241,"type":9,"schema":0,"frag":1,"seq":8,"rssi":-34,"snr":11,"st":0,"rx":0}]}
   268.87 MQTT lran/simnode1/vedirect/charge/state {"charge_absorption_voltage_v":14.20,"charge_float_voltage_v":13.50,"charge_equalisation_voltage_v":14.20,"charge_auto_equalisation":0,"charge_temp_compensation_mv_k":0.00,"charge_battery_type":255,"charge_max_current_a":15.0,"charge_absorption_time_limit_h":null,"charge_system_voltage_v":null,"charge_low_temp_level_c":null}
   269.04 BRG CHAN,24,24778,1004,94,7,26,1,-330,-1160,-937
   270.06 BRG FRAME #27 tx t=26603 peer=0xf1 type=8 schema=0 frag=0x01 seq=9 rssi=- snr=- st=0 rx=5 deaf=3471
   270.07 MQTT lran/bridge/diag/rxlog/log {"lost":0,"f":[{"i":27,"ms":26603,"deaf":3471,"d":"tx","peer":241,"type":8,"schema":0,"frag":1,"seq":9,"rssi":null,"snr":null,"st":0,"rx":5}]}
   270.20 XIA hex f1 <- 00 seq 9: read :7FBED0066 -> :7FBED00C8009E
   270.67 BRG FRAME #28 rx t=27293 peer=0xf1 type=9 schema=0 frag=0x01 seq=9 rssi=-35 snr=11 st=0 rx=0 deaf=3704
   270.78 MQTT lran/bridge/diag/rxlog/log {"lost":0,"f":[{"i":28,"ms":27293,"deaf":3704,"d":"rx","peer":241,"type":9,"schema":0,"frag":1,"seq":9,"rssi":-35,"snr":11,"st":0,"rx":0}]}
   270.87 BRG hex: f1 seq 9 read -> answered status 0 result 0, sched stack 2564 bytes free
   270.89 MQTT lran/simnode1/vedirect/charge/state {"charge_absorption_voltage_v":14.20,"charge_float_voltage_v":13.50,"charge_equalisation_voltage_v":14.20,"charge_auto_equalisation":0,"charge_temp_compensation_mv_k":0.00,"charge_battery_type":255,"charge_max_current_a":15.0,"charge_absorption_time_limit_h":2.00,"charge_system_voltage_v":null,"charge_low_temp_level_c":null}
   271.27 BRG CHAN,26,26790,1004,94,7,27,1,-340,-1160,-943
   272.03 XIA hex f1 <- 00 seq 10: read :7EAED0077 -> :7EAED000C6B
   272.07 MQTT lran/bridge/diag/rxlog/log {"lost":0,"f":[{"i":29,"ms":28605,"deaf":3725,"d":"tx","peer":241,"type":8,"schema":0,"frag":1,"seq":10,"rssi":null,"snr":null,"st":0,"rx":5}]}
   272.08 BRG FRAME #29 tx t=28605 peer=0xf1 type=8 schema=0 frag=0x01 seq=10 rssi=- snr=- st=0 rx=5 deaf=3725
   274.13 BRG FRAME #30 rx t=30745 peer=0xf1 type=9 schema=0 frag=0x01 seq=10 rssi=-35 snr=12 st=0 rx=0 deaf=3958
   274.13 BRG CHAN,29,29804,1002,101,0,26,1,-340,-1160,-953
   274.17 MQTT lran/bridge/diag/rxlog/log {"lost":0,"f":[{"i":30,"ms":30745,"deaf":3958,"d":"rx","peer":241,"type":9,"schema":0,"frag":1,"seq":10,"rssi":-35,"snr":12,"st":0,"rx":0}]}
   274.91 MQTT lran/simnode1/vedirect/charge/state {"charge_absorption_voltage_v":14.20,"charge_float_voltage_v":13.50,"charge_equalisation_voltage_v":14.20,"charge_auto_equalisation":0,"charge_temp_compensation_mv_k":0.00,"charge_battery_type":255,"charge_max_current_a":15.0,"charge_absorption_time_limit_h":2.00,"charge_system_voltage_v":12,"charge_low_temp_level_c":null}
   274.95 BRG hex: f1 seq 10 read -> answered status 0 result 0, sched stack 2564 bytes free
   275.96 BRG FRAME #31 tx t=32607 peer=0xf1 type=8 schema=0 frag=0x01 seq=11 rssi=- snr=- st=0 rx=5 deaf=3979
   276.07 MQTT lran/bridge/diag/rxlog/log {"lost":0,"f":[{"i":31,"ms":32607,"deaf":3979,"d":"tx","peer":241,"type":8,"schema":0,"frag":1,"seq":11,"rssi":null,"snr":null,"st":0,"rx":5}]}
   276.11 XIA hex f1 <- 00 seq 11: read :7E0ED0081 -> :7E0ED00F4018C
   276.98 BRG FRAME #32 rx t=33719 peer=0xf1 type=9 schema=0 frag=0x01 seq=11 rssi=-36 snr=12 st=0 rx=0 deaf=4212
   277.17 MQTT lran/bridge/diag/rxlog/log {"lost":0,"f":[{"i":32,"ms":33719,"deaf":4212,"d":"rx","peer":241,"type":9,"schema":0,"frag":1,"seq":11,"rssi":-36,"snr":12,"st":0,"rx":0}]}
   277.18 BRG CHAN,32,32814,1006,97,4,26,1,-340,-1150,-939
   277.80 BRG hex: f1 seq 11 read -> answered status 0 result 0, sched stack 2564 bytes free
   277.87 MQTT lran/simnode1/vedirect/charge/state {"charge_absorption_voltage_v":14.20,"charge_float_voltage_v":13.50,"charge_equalisation_voltage_v":14.20,"charge_auto_equalisation":0,"charge_temp_compensation_mv_k":0.00,"charge_battery_type":255,"charge_max_current_a":15.0,"charge_absorption_time_limit_h":2.00,"charge_system_voltage_v":12,"charge_low_temp_level_c":5.00}
   279.02 BRG FRAME #33 tx t=35601 peer=0xf2 type=8 schema=0 frag=0x01 seq=12 rssi=- snr=- st=0 rx=5 deaf=4233
   279.07 MQTT lran/bridge/diag/rxlog/log {"lost":0,"f":[{"i":33,"ms":35601,"deaf":4233,"d":"tx","peer":242,"type":8,"schema":0,"frag":1,"seq":12,"rssi":null,"snr":null,"st":0,"rx":5}]}
   282.89 BRG hex: f2 seq 12 read -> no_response status 0 result 0, sched stack 2564 bytes free
   282.89 BRG WARN hex: f2 readback abandoned at 0xEDF7
   301.22 BRG CHAN,56,56830,1000,100,0,1,0,-810,-1160,-1143
   304.07 MQTT lran/bridge/diag/rxlog/log {"lost":0,"f":[{"i":34,"ms":60601,"deaf":4487,"d":"tx","peer":240,"type":3,"schema":0,"frag":1,"seq":4,"rssi":null,"snr":null,"st":0,"rx":5}]}
   304.07 BRG FRAME #34 tx t=60601 peer=0xf0 type=3 schema=0 frag=0x01 seq=4 rssi=- snr=- st=0 rx=5 deaf=4487
   304.48 BRG poll: f0 answered in 693 ms (window 10000 ms)
   304.67 MQTT lran/bridge/diag/rxlog/log {"lost":0,"f":[{"i":35,"ms":61270,"deaf":4679,"d":"rx","peer":240,"type":4,"schema":240,"frag":1,"seq":2,"rssi":-28,"snr":11,"st":0,"rx":0}]}
   304.68 BRG FRAME #35 rx t=61270 peer=0xf0 type=4 schema=240 frag=0x01 seq=2 rssi=-28 snr=11 st=0 rx=0 deaf=4679
   304.89 BRG FRAME #36 tx t=61603 peer=0xf1 type=3 schema=0 frag=0x01 seq=5 rssi=- snr=- st=0 rx=5 deaf=4700
   305.07 MQTT lran/bridge/diag/rxlog/log {"lost":0,"f":[{"i":36,"ms":61603,"deaf":4700,"d":"tx","peer":241,"type":3,"schema":0,"frag":1,"seq":5,"rssi":null,"snr":null,"st":0,"rx":5}]}
   305.09 BRG CHAN,60,60839,1002,79,21,28,1,-260,-1160,-853
   305.91 BRG poll: f1 answered in 962 ms (window 10000 ms)
   305.91 BRG FRAME #37 rx t=62539 peer=0xf1 type=4 schema=254 frag=0x01 seq=2 rssi=-35 snr=11 st=0 rx=0 deaf=4892
   305.98 MQTT lran/bridge/diag/rxlog/log {"lost":0,"f":[{"i":37,"ms":62539,"deaf":4892,"d":"rx","peer":241,"type":4,"schema":254,"frag":1,"seq":2,"rssi":-35,"snr":11,"st":0,"rx":0}]}
   306.11 BRG FRAME #38 tx t=62741 peer=0xf2 type=3 schema=0 frag=0x01 seq=6 rssi=- snr=- st=0 rx=5 deaf=4913
   306.11 BRG CHAN,61,61841,1006,62,38,27,1,-330,-1150,-804
   306.17 MQTT lran/bridge/diag/rxlog/log {"lost":0,"f":[{"i":38,"ms":62741,"deaf":4913,"d":"tx","peer":242,"type":3,"schema":0,"frag":1,"seq":6,"rssi":null,"snr":null,"st":0,"rx":5}]}
   306.73 BRG poll: f2 answered in 836 ms (window 10000 ms)
   306.73 BRG FRAME #39 rx t=63413 peer=0xf2 type=4 schema=240 frag=0x01 seq=2 rssi=-28 snr=11 st=0 rx=0 deaf=5105
   306.87 MQTT lran/bridge/diag/rxlog/log {"lost":0,"f":[{"i":39,"ms":63413,"deaf":5105,"d":"rx","peer":242,"type":4,"schema":240,"frag":1,"seq":2,"rssi":-28,"snr":11,"st":0,"rx":0}]}
   307.13 BRG CHAN,62,62847,1008,91,10,28,1,-260,-1150,-882
   307.24 CMD mark a9fd76
   307.24 CMD pub lran/bridge/config/set {"set":{"command_ack_timeout_ms":20000}}
   307.24 MQTT lran/bridge/config/set {"set":{"command_ack_timeout_ms":20000}}
   307.47 MQTT lran/bridge/config/ack {"op":"set","persist":"persisted","results":{"command_ack_timeout_ms":{"status":"ok","value":20000}}}
   307.47 MQTT lran/bridge/config/state {"simnode_diag_enable":{"value":1,"source":"override"},"diag_interval_s":{"value":60,"source":"override"},"missed_poll_threshold":{"value":3,"source":"default"},"poll_reply_timeout_ms":{"value":10000,"source":"default"},"command_ack_timeout_ms":{"value":20000,"source":"override"},"cmd_retries":{"value":3,"source":"override"},"cad_retries":{"value":5,"source":"default"},"backoff_max_ms":{"value":1500,"source":"default"},"frag_reassembly_timeout_ms":{"value":5000,"source":"default"},"error_min_interval_ms":{"value":1000,"source":"default"},"config_readback_timeout_ms":{"value":15000,"source":"default"},"config_ack_timeout_ms":{"value":8000,"source":"default"},"republish_interval_s":{"value":900,"source":"override"},"bms_stale_s":{"value":600,"source":"default"},"cell_mv_deadband":{"value":5,"source":"default"},"freq_hz":{"value":917400000,"source":"override"},"spreading_factor":{"value":9,"source":"override"},"bandwidth_khz":{"value":125,"source":"override"},"coding_rate_denominator":{"value":5,"source":"override"},"tx_power_dbm":{"value":-4,"source":"override"},"phy_trial_s":{"value":120,"source":"override"},"mppt_write_arm_timeout_s":{"value":300,"source":"default"},"hex_rsp_timeout_ms":{"value":3000,"source":"default"},"charge_readback_interval_h":{"value":0,"source":"override"}}
   307.87 MQTT lran/bridge/diag/state {"rx_crc_err":0,"rx_runt":0,"rx_oversize":0,"rx_bad_crc":0,"rx_bad_ver":0,"rx_not_addressed":0,"rx_unknown_hdr_ext":0,"rx_bad_frag":0,"rx_unknown_type":0,"rx_unknown_schema":0,"rx_bad_length":0,"rx_not_fragmentable":0,"rx_rejected_ctx":0,"rx_rejected_mac":0,"rx_unknown_src":0,"rx_reassembly_timeout":0,"rx_fragment_overflow":0,"rx_reassembly_abandoned":0,"rx_rejected_seq":0,"rx_frag_duplicate":0,"rx_frag_late":0,"rx_dup_command":0,"rx_dropped":0,"rx_frames":19,"ctx_rolls":3,"ctx_roll_failed":0}
   307.88 MQTT lran/bridge/diag/radio/state {"tx_frames":21,"cad_backoffs":0,"errors_suppressed":0,"cad_deferred":0,"cad_free":21,"rx_deaf_ms":5105,"cad_errors":0,"tx_forced":0,"tx_errors":0,"tx_timeouts":0,"tx_dropped_no_radio":0,"rx_driver_errors":0,"rx_no_interrupt":0,"rx_wake_empty":0,"begin_failures":0,"last_begin_status":0,"q_rx_dropped":0,"q_rx_high_water":1,"q_publish_dropped":0,"q_publish_high_water":22,"q_tx_dropped":0,"q_tx_high_water":1,"q_log_dropped":0,"q_log_high_water":2,"q_command_dropped":0,"q_command_high_water":0,"q_config_dropped":0,"q_config_high_water":0,"q_event_dropped":0,"q_event_high_water":0,"q_hex_dropped":0,"q_hex_high_water":0}
   307.89 MQTT lran/bridge/diag/cmd/state {"cmd_submitted":0,"cmd_refused_busy":0,"cmd_sent":0,"cmd_retries":0,"cmd_acked":0,"cmd_no_ack":0,"cmd_resyncs":0,"cmd_resync_failed":0,"cmd_unconfirmed":0,"cmd_ack_ignored":0,"cmd_refused_roll_pending":0,"roll_sent":3,"roll_retries":0,"roll_busy":0,"roll_by_rejected_ctx":0}
   307.89 MQTT lran/bridge/diag/publish/state {"status_frames":6,"documents":0,"unchanged":0,"heartbeats":0,"event_frames":0,"events":0,"event_repeats":0,"bench_withheld":6,"queue_refused":0,"undecodable":0}
   307.89 MQTT lran/simnode0/diag/state {"rssi_dbm":-28,"snr_db":11,"last_seen_s":3,"missed_polls":0,"proto_ver":2,"unsupported_ver":null}
   307.89 MQTT lran/simnode1/diag/state {"rssi_dbm":-35,"snr_db":11,"last_seen_s":2,"missed_polls":0,"proto_ver":2,"unsupported_ver":null}
   307.89 MQTT lran/simnode2/diag/state {"rssi_dbm":-28,"snr_db":11,"last_seen_s":1,"missed_polls":0,"proto_ver":2,"unsupported_ver":null}
   307.95 BRG levers: gen 4 - diag 60 s, poll reply 10000 ms, missed 3, cmd ack 20000 ms x3, config ack 8000 ms, readback 15000 ms, hex rsp 3000 ms, arm 300 s, charge readback 0 h, simnode diag on
   308.16 BRG CHAN,63,63855,1000,100,0,3,0,-1070,-1150,-1142
   312.23 CMD mark ee148f
   312.23 CMD mark ota-run
   312.23 CMD hold XIA
   312.23 CMD pub lran/simnode1/cmd/open/set PRESS
   312.24 MQTT lran/simnode1/cmd/open/set PRESS
   312.44 XIA ESP-ROM:esp32s3-20210327
   312.44 XIA Build:Mar 27 2021
   312.44 XIA rst:0x15 (USB_UART_CHIP_RESET),boot:0x28 (SPI_FAST_FLASH_BOOT)
   312.44 XIA Saved PC:0x420661b2
   312.44 XIA SPIWP:0xee
   312.44 XIA mode:DIO, clock div:1
   312.44 XIA load:0x3fce3808,len:0x4bc
   312.44 XIA load:0x403c9700,len:0xbd8
   312.44 XIA load:0x403cc700,len:0x2a0c
   312.44 XIA entry 0x403c98d0
   313.04 BRG FRAME #40 tx t=69610 peer=0xf1 type=1 schema=0 frag=0x01 seq=1 rssi=- snr=- st=0 rx=5 deaf=5130
   313.08 MQTT lran/bridge/diag/rxlog/log {"lost":0,"f":[{"i":40,"ms":69610,"deaf":5130,"d":"tx","peer":241,"type":1,"schema":0,"frag":1,"seq":1,"rssi":null,"snr":null,"st":0,"rx":5}]}
   313.25 BRG CHAN,68,68855,1004,74,25,2,0,-1090,-1150,-1144
   313.99 XIA LRAN simnode - bench nodes 0xF0-0xF3
   313.99 XIA Binding spec: LRAN-Protocol-Specification v0.17 (ver = 2)
   313.99 XIA Board: xiao_esp32s3+wio_sx1262_kit
   313.99 XIA Reset cause: EXTERNAL (esp_reset_reason 0), boot_count 163
   313.99 XIA id f1 ROLE_GATELINK ctx 0xc33f5395
   313.99 XIA [  1678][W][Wire.cpp:301] begin(): Bus already started in Master Mode.
   313.99 XIA OLED: up
   313.99 XIA radio: up - 917400000 Hz, SF9, BW 125.0 kHz, CR 4/5, -4 dBm conducted, 3.0 dBi antenna
   313.99 XIA id f1 boot: ctx 0xc33f5395, reset cause EXTERNAL, boot_count 163
   314.06 BRG mqtt: stack high-water 2020 bytes free of 6144
   314.19 XIA B0: identities, console, faults, OLED; all four roles. Type 'help'.
   314.26 BRG CHAN,69,69859,1000,100,0,7,0,-340,-1160,-1127
   314.26 BRG CHANSUM,10,69,60,60172,5582,426,360,14,18,0,-260,-1170,-1150,-1157
   314.67 BRG config: f1 rebooted, readback owed
   314.67 BRG FRAME #41 rx t=71374 peer=0xf1 type=4 schema=254 frag=0x01 seq=1 rssi=-35 snr=11 st=0 rx=0 deaf=5363
   314.78 MQTT lran/bridge/diag/rxlog/log {"lost":0,"f":[{"i":41,"ms":71374,"deaf":5363,"d":"rx","peer":241,"type":4,"schema":254,"frag":1,"seq":1,"rssi":-35,"snr":11,"st":0,"rx":0}]}
   315.08 MQTT lran/bridge/diag/rxlog/log {"lost":0,"f":[{"i":42,"ms":71660,"deaf":5363,"d":"rx","peer":241,"type":5,"schema":17,"frag":1,"seq":2,"rssi":-34,"snr":12,"st":0,"rx":0}]}
   315.08 BRG FRAME #42 rx t=71660 peer=0xf1 type=5 schema=17 frag=0x01 seq=2 rssi=-34 snr=12 st=0 rx=0 deaf=5363
   315.29 BRG CHAN,70,70859,1002,101,0,79,2,-330,-1160,-527
   332.18 BRG CHAN,87,87861,1000,100,0,1,0,-1100,-1160,-1145
   335.04 BRG FRAME #43 tx t=91623 peer=0xf1 type=1 schema=0 frag=0x01 seq=1 rssi=- snr=- st=0 rx=5 deaf=5409
   335.07 MQTT lran/bridge/diag/rxlog/log {"lost":0,"f":[{"i":43,"ms":91623,"deaf":5409,"d":"tx","peer":241,"type":1,"schema":0,"frag":1,"seq":1,"rssi":null,"snr":null,"st":0,"rx":5}]}
   335.18 XIA cmd f1 <- 00 seq 1: REJECTED_CTX (frame ctx 0x81a0df19, own 0xc33f5395)
   335.65 BRG FRAME #44 rx t=92276 peer=0xf1 type=2 schema=0 frag=0x01 seq=3 rssi=-35 snr=11 st=0 rx=0 deaf=5642
   335.67 MQTT lran/bridge/diag/rxlog/log {"lost":0,"f":[{"i":44,"ms":92276,"deaf":5642,"d":"rx","peer":241,"type":2,"schema":0,"frag":1,"seq":3,"rssi":-35,"snr":11,"st":0,"rx":0}]}
   335.85 BRG cmd: f1 seq 1 -> outcome 4 result 3 detail 0
   335.88 MQTT lran/simnode1/cmd/ack {"outcome":"unconfirmed","seq":1,"attempts":2,"result":3,"detail":0}
   336.26 BRG CHAN,91,91872,1003,98,2,23,1,-340,-1170,-970
   337.28 BRG FRAME #45 tx t=93896 peer=0xf1 type=3 schema=0 frag=0x01 seq=7 rssi=- snr=- st=0 rx=5 deaf=5684
   337.37 MQTT lran/bridge/diag/rxlog/log {"lost":0,"f":[{"i":45,"ms":93896,"deaf":5684,"d":"tx","peer":241,"type":3,"schema":0,"frag":1,"seq":7,"rssi":null,"snr":null,"st":0,"rx":5}]}
   338.10 BRG FRAME #46 rx t=94831 peer=0xf1 type=4 schema=254 frag=0x01 seq=4 rssi=-35 snr=12 st=0 rx=0 deaf=5876
   338.10 BRG CHAN,93,93875,1008,79,21,56,1,-340,-1160,-594
   338.27 MQTT lran/bridge/diag/rxlog/log {"lost":0,"f":[{"i":46,"ms":94831,"deaf":5876,"d":"rx","peer":241,"type":4,"schema":254,"frag":1,"seq":4,"rssi":-35,"snr":12,"st":0,"rx":0}]}
   338.50 BRG FRAME #47 rx t=95261 peer=0xf1 type=11 schema=18 frag=0x01 seq=5 rssi=-36 snr=11 st=0 rx=0 deaf=5876
   338.67 MQTT lran/bridge/diag/rxlog/log {"lost":0,"f":[{"i":47,"ms":95261,"deaf":5876,"d":"rx","peer":241,"type":11,"schema":18,"frag":1,"seq":5,"rssi":-36,"snr":11,"st":0,"rx":0}]}
   338.87 MQTT lran/simnode1/config/state {"poll_interval_s":{"value":60,"source":"override"},"deployed":{"value":1,"source":"override"},"dedup_cache_depth":{"value":null,"source":"default"},"frag_reassembly_timeout_ms":{"value":null,"source":"default"},"cad_retries":{"value":null,"source":"default"},"backoff_max_ms":{"value":null,"source":"default"},"freq_hz":{"value":917400000,"source":"override"},"spreading_factor":{"value":9,"source":"override"},"bandwidth_khz":{"value":125,"source":"override"},"coding_rate_denominator":{"value":5,"source":"override"},"tx_power_dbm":{"value":-4,"source":"override"},"phy_trial_s":{"value":120,"source":"override"}}
   338.91 BRG config: f1 outcome 3, sched stack high-water 2452 bytes free
   339.11 BRG CHAN,94,94883,1009,101,0,39,1,-340,-1160,-843
   342.18 BRG CHAN,97,97892,1000,100,0,1,0,-1090,-1160,-1145
   343.18 BRG CHAN,98,98892,1000,100,0,1,0,-1090,-1160,-1144
   350.58 CMD mark b7a71b
   350.58 CMD pub lran/bridge/config/set {"set":{"command_ack_timeout_ms":60000}}
   350.58 MQTT lran/bridge/config/set {"set":{"command_ack_timeout_ms":60000}}
   350.89 MQTT lran/bridge/config/ack {"op":"set","persist":"persisted","results":{"command_ack_timeout_ms":{"status":"clamped","value":30000}}}
   350.89 MQTT lran/bridge/config/state {"simnode_diag_enable":{"value":1,"source":"override"},"diag_interval_s":{"value":60,"source":"override"},"missed_poll_threshold":{"value":3,"source":"default"},"poll_reply_timeout_ms":{"value":10000,"source":"default"},"command_ack_timeout_ms":{"value":30000,"source":"override"},"cmd_retries":{"value":3,"source":"override"},"cad_retries":{"value":5,"source":"default"},"backoff_max_ms":{"value":1500,"source":"default"},"frag_reassembly_timeout_ms":{"value":5000,"source":"default"},"error_min_interval_ms":{"value":1000,"source":"default"},"config_readback_timeout_ms":{"value":15000,"source":"default"},"config_ack_timeout_ms":{"value":8000,"source":"default"},"republish_interval_s":{"value":900,"source":"override"},"bms_stale_s":{"value":600,"source":"default"},"cell_mv_deadband":{"value":5,"source":"default"},"freq_hz":{"value":917400000,"source":"override"},"spreading_factor":{"value":9,"source":"override"},"bandwidth_khz":{"value":125,"source":"override"},"coding_rate_denominator":{"value":5,"source":"override"},"tx_power_dbm":{"value":-4,"source":"override"},"phy_trial_s":{"value":120,"source":"override"},"mppt_write_arm_timeout_s":{"value":300,"source":"default"},"hex_rsp_timeout_ms":{"value":3000,"source":"default"},"charge_readback_interval_h":{"value":0,"source":"override"}}
   351.95 BRG levers: gen 6 - diag 60 s, poll reply 10000 ms, missed 3, cmd ack 30000 ms x3, config ack 8000 ms, readback 15000 ms, hex rsp 3000 ms, arm 300 s, charge readback 0 h, simnode diag on
   353.99 BRG mqtt: stack high-water 1956 bytes free of 6144
   363.98 BRG FRAME #48 tx t=120607 peer=0xf0 type=3 schema=0 frag=0x01 seq=8 rssi=- snr=- st=0 rx=5 deaf=5901
   363.99 MQTT lran/bridge/diag/rxlog/log {"lost":0,"f":[{"i":48,"ms":120607,"deaf":5901,"d":"tx","peer":240,"type":3,"schema":0,"frag":1,"seq":8,"rssi":null,"snr":null,"st":0,"rx":5}]}
   364.59 BRG poll: f0 answered in 700 ms (window 10000 ms)
   364.59 BRG FRAME #49 rx t=121277 peer=0xf0 type=4 schema=240 frag=0x01 seq=3 rssi=-28 snr=11 st=0 rx=0 deaf=6093
   364.71 MQTT lran/bridge/diag/rxlog/log {"lost":0,"f":[{"i":49,"ms":121277,"deaf":6093,"d":"rx","peer":240,"type":4,"schema":240,"frag":1,"seq":3,"rssi":-28,"snr":11,"st":0,"rx":0}]}
   364.97 MQTT lran/bridge/diag/rxlog/log {"lost":0,"f":[{"i":50,"ms":121599,"deaf":6114,"d":"tx","peer":241,"type":3,"schema":0,"frag":1,"seq":9,"rssi":null,"snr":null,"st":0,"rx":5}]}
   365.00 BRG FRAME #50 tx t=121599 peer=0xf1 type=3 schema=0 frag=0x01 seq=9 rssi=- snr=- st=0 rx=5 deaf=6114
   365.21 BRG CHAN,120,120896,1001,77,23,26,1,-260,-1160,-852
   365.81 BRG poll: f1 answered in 962 ms (window 10000 ms)
   365.81 BRG FRAME #51 rx t=122539 peer=0xf1 type=4 schema=254 frag=0x01 seq=6 rssi=-35 snr=11 st=0 rx=0 deaf=6306
   365.97 MQTT lran/bridge/diag/rxlog/log {"lost":0,"f":[{"i":51,"ms":122539,"deaf":6306,"d":"rx","peer":241,"type":4,"schema":254,"frag":1,"seq":6,"rssi":-35,"snr":11,"st":0,"rx":0}]}
   366.01 BRG FRAME #52 tx t=122742 peer=0xf2 type=3 schema=0 frag=0x01 seq=10 rssi=- snr=- st=0 rx=5 deaf=6327
   366.17 MQTT lran/bridge/diag/rxlog/log {"lost":0,"f":[{"i":52,"ms":122742,"deaf":6327,"d":"tx","peer":242,"type":3,"schema":0,"frag":1,"seq":10,"rssi":null,"snr":null,"st":0,"rx":5}]}
   366.22 BRG CHAN,121,121897,1001,57,43,28,1,-340,-1160,-756
   366.62 BRG poll: f2 answered in 837 ms (window 10000 ms)
   366.62 BRG FRAME #53 rx t=123414 peer=0xf2 type=4 schema=240 frag=0x01 seq=3 rssi=-28 snr=11 st=0 rx=0 deaf=6519
   366.86 MQTT lran/bridge/diag/rxlog/log {"lost":0,"f":[{"i":53,"ms":123414,"deaf":6519,"d":"rx","peer":242,"type":4,"schema":240,"frag":1,"seq":3,"rssi":-28,"snr":11,"st":0,"rx":0}]}
   367.23 BRG CHAN,122,122898,1007,96,5,28,1,-260,-1160,-897
   368.88 MQTT lran/bridge/diag/state {"rx_crc_err":0,"rx_runt":0,"rx_oversize":0,"rx_bad_crc":0,"rx_bad_ver":0,"rx_not_addressed":0,"rx_unknown_hdr_ext":0,"rx_bad_frag":0,"rx_unknown_type":0,"rx_unknown_schema":0,"rx_bad_length":0,"rx_not_fragmentable":0,"rx_rejected_ctx":0,"rx_rejected_mac":0,"rx_unknown_src":0,"rx_reassembly_timeout":0,"rx_fragment_overflow":0,"rx_reassembly_abandoned":0,"rx_rejected_seq":0,"rx_frag_duplicate":0,"rx_frag_late":0,"rx_dup_command":0,"rx_dropped":0,"rx_frames":27,"ctx_rolls":3,"ctx_roll_failed":0}
   368.88 MQTT lran/bridge/diag/radio/state {"tx_frames":27,"cad_backoffs":2,"errors_suppressed":0,"cad_deferred":0,"cad_free":27,"rx_deaf_ms":6519,"cad_errors":0,"tx_forced":0,"tx_errors":0,"tx_timeouts":0,"tx_dropped_no_radio":0,"rx_driver_errors":0,"rx_no_interrupt":0,"rx_wake_empty":0,"begin_failures":0,"last_begin_status":0,"q_rx_dropped":0,"q_rx_high_water":1,"q_publish_dropped":0,"q_publish_high_water":22,"q_tx_dropped":0,"q_tx_high_water":1,"q_log_dropped":0,"q_log_high_water":2,"q_command_dropped":0,"q_command_high_water":1,"q_config_dropped":0,"q_config_high_water":0,"q_event_dropped":0,"q_event_high_water":0,"q_hex_dropped":0,"q_hex_high_water":0}
   368.88 MQTT lran/bridge/diag/cmd/state {"cmd_submitted":1,"cmd_refused_busy":0,"cmd_sent":2,"cmd_retries":1,"cmd_acked":0,"cmd_no_ack":0,"cmd_resyncs":0,"cmd_resync_failed":0,"cmd_unconfirmed":1,"cmd_ack_ignored":0,"cmd_refused_roll_pending":0,"roll_sent":3,"roll_retries":0,"roll_busy":0,"roll_by_rejected_ctx":0}
   368.88 MQTT lran/bridge/diag/publish/state {"status_frames":11,"documents":0,"unchanged":0,"heartbeats":0,"event_frames":1,"events":0,"event_repeats":0,"bench_withheld":12,"queue_refused":0,"undecodable":0}
   368.88 MQTT lran/simnode0/diag/state {"rssi_dbm":-28,"snr_db":11,"last_seen_s":4,"missed_polls":0,"proto_ver":2,"unsupported_ver":null}
   368.88 MQTT lran/simnode1/diag/state {"rssi_dbm":-35,"snr_db":11,"last_seen_s":3,"missed_polls":0,"proto_ver":2,"unsupported_ver":null}
   368.89 MQTT lran/simnode2/diag/state {"rssi_dbm":-28,"snr_db":11,"last_seen_s":2,"missed_polls":0,"proto_ver":2,"unsupported_ver":null}
   369.26 BRG CHAN,124,124905,1000,100,0,2,0,-1080,-1160,-1145
   374.14 BRG CHANSUM,70,129,60,60046,5859,142,284,8,11,0,-260,-1170,-1150,-1158
   382.30 BRG CHAN,137,137905,1000,100,0,1,0,-1090,-1150,-1144
   414.75 CMD mark 681341
   414.75 CMD mark ota-run-2
   414.75 CMD hold HEL
   414.75 CMD pub lran/simnode0/cmd/reboot/set 165
   414.75 MQTT lran/simnode0/cmd/reboot/set 165
   415.97 BRG FRAME #54 tx t=172610 peer=0xf0 type=1 schema=0 frag=0x01 seq=1 rssi=- snr=- st=0 rx=5 deaf=6544
   415.97 MQTT lran/bridge/diag/rxlog/log {"lost":0,"f":[{"i":54,"ms":172610,"deaf":6544,"d":"tx","peer":240,"type":1,"schema":0,"frag":1,"seq":1,"rssi":null,"snr":null,"st":0,"rx":5}]}
   428.87 MQTT lran/bridge/diag/state {"rx_crc_err":0,"rx_runt":0,"rx_oversize":0,"rx_bad_crc":0,"rx_bad_ver":0,"rx_not_addressed":0,"rx_unknown_hdr_ext":0,"rx_bad_frag":0,"rx_unknown_type":0,"rx_unknown_schema":0,"rx_bad_length":0,"rx_not_fragmentable":0,"rx_rejected_ctx":0,"rx_rejected_mac":0,"rx_unknown_src":0,"rx_reassembly_timeout":0,"rx_fragment_overflow":0,"rx_reassembly_abandoned":0,"rx_rejected_seq":0,"rx_frag_duplicate":0,"rx_frag_late":0,"rx_dup_command":0,"rx_dropped":0,"rx_frames":27,"ctx_rolls":3,"ctx_roll_failed":0}
   428.88 MQTT lran/bridge/diag/radio/state {"tx_frames":28,"cad_backoffs":2,"errors_suppressed":0,"cad_deferred":0,"cad_free":28,"rx_deaf_ms":6777,"cad_errors":0,"tx_forced":0,"tx_errors":0,"tx_timeouts":0,"tx_dropped_no_radio":0,"rx_driver_errors":0,"rx_no_interrupt":0,"rx_wake_empty":0,"begin_failures":0,"last_begin_status":0,"q_rx_dropped":0,"q_rx_high_water":1,"q_publish_dropped":0,"q_publish_high_water":22,"q_tx_dropped":0,"q_tx_high_water":1,"q_log_dropped":0,"q_log_high_water":2,"q_command_dropped":0,"q_command_high_water":1,"q_config_dropped":0,"q_config_high_water":0,"q_event_dropped":0,"q_event_high_water":0,"q_hex_dropped":0,"q_hex_high_water":0}
   428.90 MQTT lran/bridge/diag/cmd/state {"cmd_submitted":2,"cmd_refused_busy":0,"cmd_sent":3,"cmd_retries":1,"cmd_acked":0,"cmd_no_ack":0,"cmd_resyncs":0,"cmd_resync_failed":0,"cmd_unconfirmed":1,"cmd_ack_ignored":0,"cmd_refused_roll_pending":0,"roll_sent":3,"roll_retries":0,"roll_busy":0,"roll_by_rejected_ctx":0}
   428.90 MQTT lran/bridge/diag/publish/state {"status_frames":11,"documents":0,"unchanged":0,"heartbeats":0,"event_frames":1,"events":0,"event_repeats":0,"bench_withheld":12,"queue_refused":0,"undecodable":0}
   428.90 MQTT lran/simnode0/diag/state {"rssi_dbm":-28,"snr_db":11,"last_seen_s":64,"missed_polls":0,"proto_ver":2,"unsupported_ver":null}
   428.90 MQTT lran/simnode1/diag/state {"rssi_dbm":-35,"snr_db":11,"last_seen_s":63,"missed_polls":0,"proto_ver":2,"unsupported_ver":null}
   428.90 MQTT lran/simnode2/diag/state {"rssi_dbm":-28,"snr_db":11,"last_seen_s":62,"missed_polls":0,"proto_ver":2,"unsupported_ver":null}
   431.23 BRG CHAN,186,186909,1000,100,0,1,0,-870,-1160,-1143
   434.27 BRG CHANSUM,130,189,60,60004,5974,25,2,0,2,0,-870,-1160,-1150,-1156
   446.91 BRG FRAME #55 tx t=203600 peer=0xf0 type=1 schema=0 frag=0x01 seq=1 rssi=- snr=- st=0 rx=5 deaf=6798
   447.04 MQTT lran/bridge/diag/rxlog/log {"lost":0,"f":[{"i":55,"ms":203600,"deaf":6798,"d":"tx","peer":240,"type":1,"schema":0,"frag":1,"seq":1,"rssi":null,"snr":null,"st":0,"rx":5}]}
   477.91 BRG FRAME #56 tx t=234604 peer=0xf0 type=1 schema=0 frag=0x01 seq=1 rssi=- snr=- st=0 rx=5 deaf=7056
   477.97 MQTT lran/bridge/diag/rxlog/log {"lost":0,"f":[{"i":56,"ms":234604,"deaf":7056,"d":"tx","peer":240,"type":1,"schema":0,"frag":1,"seq":1,"rssi":null,"snr":null,"st":0,"rx":5}]}
   489.87 MQTT lran/bridge/diag/state {"rx_crc_err":0,"rx_runt":0,"rx_oversize":0,"rx_bad_crc":0,"rx_bad_ver":0,"rx_not_addressed":0,"rx_unknown_hdr_ext":0,"rx_bad_frag":0,"rx_unknown_type":0,"rx_unknown_schema":0,"rx_bad_length":0,"rx_not_fragmentable":0,"rx_rejected_ctx":0,"rx_rejected_mac":0,"rx_unknown_src":0,"rx_reassembly_timeout":0,"rx_fragment_overflow":0,"rx_reassembly_abandoned":0,"rx_rejected_seq":0,"rx_frag_duplicate":0,"rx_frag_late":0,"rx_dup_command":0,"rx_dropped":0,"rx_frames":27,"ctx_rolls":3,"ctx_roll_failed":0}
   489.87 MQTT lran/bridge/diag/radio/state {"tx_frames":30,"cad_backoffs":2,"errors_suppressed":0,"cad_deferred":0,"cad_free":30,"rx_deaf_ms":7289,"cad_errors":0,"tx_forced":0,"tx_errors":0,"tx_timeouts":0,"tx_dropped_no_radio":0,"rx_driver_errors":0,"rx_no_interrupt":0,"rx_wake_empty":0,"begin_failures":0,"last_begin_status":0,"q_rx_dropped":0,"q_rx_high_water":1,"q_publish_dropped":0,"q_publish_high_water":22,"q_tx_dropped":0,"q_tx_high_water":1,"q_log_dropped":0,"q_log_high_water":2,"q_command_dropped":0,"q_command_high_water":1,"q_config_dropped":0,"q_config_high_water":0,"q_event_dropped":0,"q_event_high_water":0,"q_hex_dropped":0,"q_hex_high_water":0}
   489.88 MQTT lran/bridge/diag/cmd/state {"cmd_submitted":2,"cmd_refused_busy":0,"cmd_sent":5,"cmd_retries":3,"cmd_acked":0,"cmd_no_ack":0,"cmd_resyncs":0,"cmd_resync_failed":0,"cmd_unconfirmed":1,"cmd_ack_ignored":0,"cmd_refused_roll_pending":0,"roll_sent":3,"roll_retries":0,"roll_busy":0,"roll_by_rejected_ctx":0}
   489.88 MQTT lran/bridge/diag/publish/state {"status_frames":11,"documents":0,"unchanged":0,"heartbeats":0,"event_frames":1,"events":0,"event_repeats":0,"bench_withheld":12,"queue_refused":0,"undecodable":0}
   489.88 MQTT lran/simnode0/diag/state {"rssi_dbm":-28,"snr_db":11,"last_seen_s":125,"missed_polls":0,"proto_ver":2,"unsupported_ver":null}
   489.88 MQTT lran/simnode1/diag/state {"rssi_dbm":-35,"snr_db":11,"last_seen_s":124,"missed_polls":0,"proto_ver":2,"unsupported_ver":null}
   489.89 MQTT lran/simnode2/diag/state {"rssi_dbm":-28,"snr_db":11,"last_seen_s":123,"missed_polls":0,"proto_ver":2,"unsupported_ver":null}
   494.19 BRG CHANSUM,190,249,60,60004,5948,50,0,0,0,0,-1110,-1160,-1150,-1158
   500.31 BRG CHAN,255,255913,1000,100,0,1,0,-1100,-1160,-1145
   508.86 BRG FRAME #57 tx t=265608 peer=0xf0 type=1 schema=0 frag=0x01 seq=1 rssi=- snr=- st=0 rx=5 deaf=7314
   508.97 MQTT lran/bridge/diag/rxlog/log {"lost":0,"f":[{"i":57,"ms":265608,"deaf":7314,"d":"tx","peer":240,"type":1,"schema":0,"frag":1,"seq":1,"rssi":null,"snr":null,"st":0,"rx":5}]}
   517.21 BRG CHAN,272,272917,1000,100,0,1,0,-1090,-1160,-1146
   518.23 BRG CHAN,273,273917,1000,100,0,1,0,-1100,-1160,-1145
   522.12 BRG CHAN,277,277917,1000,100,0,1,0,-1090,-1150,-1144
   533.11 BRG CHAN,288,288917,1000,100,0,1,0,-1090,-1160,-1145
   539.84 BRG cmd: f0 seq 1 -> outcome 2 result 0 detail 0
   539.87 MQTT lran/simnode0/cmd/ack {"outcome":"no_ack","seq":1,"attempts":4,"result":0,"detail":0}
   540.04 BRG [296703][E][ArduinoOTA.cpp:211] _onRx(): 200 was expected. got 0 instead
   540.25 BRG [296910][E][ArduinoOTA.cpp:211] _onRx(): 200 was expected. got 0 instead
   540.45 BRG [297117][E][ArduinoOTA.cpp:211] _onRx(): 200 was expected. got 0 instead
   540.85 BRG FRAME #58 tx t=297608 peer=0xf0 type=3 schema=0 frag=0x01 seq=11 rssi=- snr=- st=0 rx=5 deaf=7568
   540.97 MQTT lran/bridge/diag/rxlog/log {"lost":0,"f":[{"i":58,"ms":297608,"deaf":7568,"d":"tx","peer":240,"type":3,"schema":0,"frag":1,"seq":11,"rssi":null,"snr":null,"st":0,"rx":5}]}
   549.88 MQTT lran/bridge/diag/state {"rx_crc_err":0,"rx_runt":0,"rx_oversize":0,"rx_bad_crc":0,"rx_bad_ver":0,"rx_not_addressed":0,"rx_unknown_hdr_ext":0,"rx_bad_frag":0,"rx_unknown_type":0,"rx_unknown_schema":0,"rx_bad_length":0,"rx_not_fragmentable":0,"rx_rejected_ctx":0,"rx_rejected_mac":0,"rx_unknown_src":0,"rx_reassembly_timeout":0,"rx_fragment_overflow":0,"rx_reassembly_abandoned":0,"rx_rejected_seq":0,"rx_frag_duplicate":0,"rx_frag_late":0,"rx_dup_command":0,"rx_dropped":0,"rx_frames":27,"ctx_rolls":3,"ctx_roll_failed":0}
   549.88 MQTT lran/bridge/diag/radio/state {"tx_frames":32,"cad_backoffs":2,"errors_suppressed":0,"cad_deferred":0,"cad_free":32,"rx_deaf_ms":7760,"cad_errors":0,"tx_forced":0,"tx_errors":0,"tx_timeouts":0,"tx_dropped_no_radio":0,"rx_driver_errors":0,"rx_no_interrupt":0,"rx_wake_empty":0,"begin_failures":0,"last_begin_status":0,"q_rx_dropped":0,"q_rx_high_water":1,"q_publish_dropped":0,"q_publish_high_water":22,"q_tx_dropped":0,"q_tx_high_water":1,"q_log_dropped":0,"q_log_high_water":2,"q_command_dropped":0,"q_command_high_water":1,"q_config_dropped":0,"q_config_high_water":0,"q_event_dropped":0,"q_event_high_water":0,"q_hex_dropped":0,"q_hex_high_water":0}
   549.88 MQTT lran/bridge/diag/cmd/state {"cmd_submitted":2,"cmd_refused_busy":0,"cmd_sent":6,"cmd_retries":4,"cmd_acked":0,"cmd_no_ack":1,"cmd_resyncs":0,"cmd_resync_failed":0,"cmd_unconfirmed":1,"cmd_ack_ignored":0,"cmd_refused_roll_pending":0,"roll_sent":3,"roll_retries":0,"roll_busy":0,"roll_by_rejected_ctx":0}
   549.88 MQTT lran/bridge/diag/publish/state {"status_frames":11,"documents":0,"unchanged":0,"heartbeats":0,"event_frames":1,"events":0,"event_repeats":0,"bench_withheld":12,"queue_refused":0,"undecodable":0}
   549.88 MQTT lran/simnode0/diag/state {"rssi_dbm":-28,"snr_db":11,"last_seen_s":185,"missed_polls":0,"proto_ver":2,"unsupported_ver":null}
   549.88 MQTT lran/simnode1/diag/state {"rssi_dbm":-35,"snr_db":11,"last_seen_s":184,"missed_polls":0,"proto_ver":2,"unsupported_ver":null}
   549.89 MQTT lran/simnode2/diag/state {"rssi_dbm":-28,"snr_db":11,"last_seen_s":183,"missed_polls":0,"proto_ver":2,"unsupported_ver":null}
   550.83 BRG FRAME #59 tx t=307611 peer=0xf1 type=3 schema=0 frag=0x01 seq=12 rssi=- snr=- st=0 rx=5 deaf=7785
   550.97 MQTT lran/bridge/diag/rxlog/log {"lost":0,"f":[{"i":59,"ms":307611,"deaf":7785,"d":"tx","peer":241,"type":3,"schema":0,"frag":1,"seq":12,"rssi":null,"snr":null,"st":0,"rx":5}]}
   551.85 BRG poll: f1 answered in 970 ms (window 10000 ms)
   551.85 BRG FRAME #60 rx t=308547 peer=0xf1 type=4 schema=254 frag=0x01 seq=7 rssi=-35 snr=11 st=0 rx=0 deaf=7977
   551.99 MQTT lran/bridge/diag/rxlog/log {"lost":0,"f":[{"i":60,"ms":308547,"deaf":7977,"d":"rx","peer":241,"type":4,"schema":254,"frag":1,"seq":7,"rssi":-35,"snr":11,"st":0,"rx":0}]}
   552.05 BRG FRAME #61 tx t=308750 peer=0xf2 type=3 schema=0 frag=0x01 seq=13 rssi=- snr=- st=0 rx=5 deaf=7998
   552.17 MQTT lran/bridge/diag/rxlog/log {"lost":0,"f":[{"i":61,"ms":308750,"deaf":7998,"d":"tx","peer":242,"type":3,"schema":0,"frag":1,"seq":13,"rssi":null,"snr":null,"st":0,"rx":5}]}
   552.26 BRG CHAN,307,307929,1007,70,30,43,1,-340,-1150,-662
   554.30 BRG CHANSUM,250,309,60,60025,5899,99,48,1,6,0,-340,-1160,-1150,-1158
   562.25 BRG CHAN,317,317938,1000,100,0,1,0,-790,-1160,-1142
   597.31 BRG CHAN,352,352938,1000,100,0,1,0,-1090,-1160,-1145
   600.98 MQTT lran/bridge/diag/rxlog/log {"lost":0,"f":[{"i":62,"ms":357599,"deaf":8211,"d":"tx","peer":240,"type":3,"schema":0,"frag":1,"seq":14,"rssi":null,"snr":null,"st":0,"rx":5}]}
   600.99 BRG FRAME #62 tx t=357599 peer=0xf0 type=3 schema=0 frag=0x01 seq=14 rssi=- snr=- st=0 rx=5 deaf=8211
   609.96 MQTT lran/bridge/diag/state {"rx_crc_err":0,"rx_runt":0,"rx_oversize":0,"rx_bad_crc":0,"rx_bad_ver":0,"rx_not_addressed":0,"rx_unknown_hdr_ext":0,"rx_bad_frag":0,"rx_unknown_type":0,"rx_unknown_schema":0,"rx_bad_length":0,"rx_not_fragmentable":0,"rx_rejected_ctx":0,"rx_rejected_mac":0,"rx_unknown_src":0,"rx_reassembly_timeout":0,"rx_fragment_overflow":0,"rx_reassembly_abandoned":0,"rx_rejected_seq":0,"rx_frag_duplicate":0,"rx_frag_late":0,"rx_dup_command":0,"rx_dropped":0,"rx_frames":28,"ctx_rolls":3,"ctx_roll_failed":0}
   609.97 MQTT lran/bridge/diag/radio/state {"tx_frames":35,"cad_backoffs":2,"errors_suppressed":0,"cad_deferred":0,"cad_free":35,"rx_deaf_ms":8403,"cad_errors":0,"tx_forced":0,"tx_errors":0,"tx_timeouts":0,"tx_dropped_no_radio":0,"rx_driver_errors":0,"rx_no_interrupt":0,"rx_wake_empty":0,"begin_failures":0,"last_begin_status":0,"q_rx_dropped":0,"q_rx_high_water":1,"q_publish_dropped":0,"q_publish_high_water":22,"q_tx_dropped":0,"q_tx_high_water":1,"q_log_dropped":0,"q_log_high_water":2,"q_command_dropped":0,"q_command_high_water":1,"q_config_dropped":0,"q_config_high_water":0,"q_event_dropped":0,"q_event_high_water":0,"q_hex_dropped":0,"q_hex_high_water":0}
   609.97 MQTT lran/bridge/diag/cmd/state {"cmd_submitted":2,"cmd_refused_busy":0,"cmd_sent":6,"cmd_retries":4,"cmd_acked":0,"cmd_no_ack":1,"cmd_resyncs":0,"cmd_resync_failed":0,"cmd_unconfirmed":1,"cmd_ack_ignored":0,"cmd_refused_roll_pending":0,"roll_sent":3,"roll_retries":0,"roll_busy":0,"roll_by_rejected_ctx":0}
   609.97 MQTT lran/bridge/diag/publish/state {"status_frames":12,"documents":0,"unchanged":0,"heartbeats":0,"event_frames":1,"events":0,"event_repeats":0,"bench_withheld":13,"queue_refused":0,"undecodable":0}
   609.97 MQTT lran/simnode0/diag/state {"rssi_dbm":-28,"snr_db":11,"last_seen_s":245,"missed_polls":1,"proto_ver":2,"unsupported_ver":null}
   609.97 MQTT lran/simnode1/diag/state {"rssi_dbm":-35,"snr_db":11,"last_seen_s":58,"missed_polls":0,"proto_ver":2,"unsupported_ver":null}
   609.97 MQTT lran/simnode2/diag/state {"rssi_dbm":-28,"snr_db":11,"last_seen_s":243,"missed_polls":1,"proto_ver":2,"unsupported_ver":null}
   610.97 MQTT lran/bridge/diag/rxlog/log {"lost":0,"f":[{"i":63,"ms":367608,"deaf":8424,"d":"tx","peer":241,"type":3,"schema":0,"frag":1,"seq":15,"rssi":null,"snr":null,"st":0,"rx":5}]}
   611.00 BRG FRAME #63 tx t=367608 peer=0xf1 type=3 schema=0 frag=0x01 seq=15 rssi=- snr=- st=0 rx=5 deaf=8424
   611.81 BRG poll: f1 answered in 971 ms (window 10000 ms)
   611.97 MQTT lran/bridge/diag/rxlog/log {"lost":0,"f":[{"i":64,"ms":368548,"deaf":8616,"d":"rx","peer":241,"type":4,"schema":254,"frag":1,"seq":8,"rssi":-35,"snr":11,"st":0,"rx":0}]}
   612.01 BRG FRAME #64 rx t=368548 peer=0xf1 type=4 schema=254 frag=0x01 seq=8 rssi=-35 snr=11 st=0 rx=0 deaf=8616
   612.18 MQTT lran/bridge/diag/rxlog/log {"lost":0,"f":[{"i":65,"ms":368751,"deaf":8637,"d":"tx","peer":242,"type":3,"schema":0,"frag":1,"seq":16,"rssi":null,"snr":null,"st":0,"rx":5}]}
   612.21 BRG FRAME #65 tx t=368751 peer=0xf2 type=3 schema=0 frag=0x01 seq=16 rssi=- snr=- st=0 rx=5 deaf=8637
   612.41 BRG CHAN,367,367956,1003,79,21,55,1,-340,-1150,-596
   614.24 BRG CHANSUM,310,369,60,60021,5937,63,57,1,3,0,-340,-1170,-1150,-1157
   660.90 BRG FRAME #66 tx t=417604 peer=0xf0 type=3 schema=0 frag=0x01 seq=17 rssi=- snr=- st=0 rx=5 deaf=8854
   660.97 MQTT lran/bridge/diag/rxlog/log {"lost":0,"f":[{"i":66,"ms":417604,"deaf":8854,"d":"tx","peer":240,"type":3,"schema":0,"frag":1,"seq":17,"rssi":null,"snr":null,"st":0,"rx":5}]}
   670.88 BRG availability: simnode0 offline (missed_polls 3, threshold 3)
   670.88 BRG FRAME #67 tx t=427607 peer=0xf1 type=3 schema=0 frag=0x01 seq=18 rssi=- snr=- st=0 rx=5 deaf=9071
   670.88 MQTT lran/simnode0/availability offline
   670.88 MQTT lran/bridge/diag/state {"rx_crc_err":0,"rx_runt":0,"rx_oversize":0,"rx_bad_crc":0,"rx_bad_ver":0,"rx_not_addressed":0,"rx_unknown_hdr_ext":0,"rx_bad_frag":0,"rx_unknown_type":0,"rx_unknown_schema":0,"rx_bad_length":0,"rx_not_fragmentable":0,"rx_rejected_ctx":0,"rx_rejected_mac":0,"rx_unknown_src":0,"rx_reassembly_timeout":0,"rx_fragment_overflow":0,"rx_reassembly_abandoned":0,"rx_rejected_seq":0,"rx_frag_duplicate":0,"rx_frag_late":0,"rx_dup_command":0,"rx_dropped":0,"rx_frames":29,"ctx_rolls":3,"ctx_roll_failed":0}
   670.97 MQTT lran/bridge/diag/radio/state {"tx_frames":38,"cad_backoffs":2,"errors_suppressed":0,"cad_deferred":0,"cad_free":38,"rx_deaf_ms":9046,"cad_errors":0,"tx_forced":0,"tx_errors":0,"tx_timeouts":0,"tx_dropped_no_radio":0,"rx_driver_errors":0,"rx_no_interrupt":0,"rx_wake_empty":0,"begin_failures":0,"last_begin_status":0,"q_rx_dropped":0,"q_rx_high_water":1,"q_publish_dropped":0,"q_publish_high_water":22,"q_tx_dropped":0,"q_tx_high_water":1,"q_log_dropped":0,"q_log_high_water":2,"q_command_dropped":0,"q_command_high_water":1,"q_config_dropped":0,"q_config_high_water":0,"q_event_dropped":0,"q_event_high_water":0,"q_hex_dropped":0,"q_hex_high_water":0}
   670.98 MQTT lran/bridge/diag/cmd/state {"cmd_submitted":2,"cmd_refused_busy":0,"cmd_sent":6,"cmd_retries":4,"cmd_acked":0,"cmd_no_ack":1,"cmd_resyncs":0,"cmd_resync_failed":0,"cmd_unconfirmed":1,"cmd_ack_ignored":0,"cmd_refused_roll_pending":0,"roll_sent":3,"roll_retries":0,"roll_busy":0,"roll_by_rejected_ctx":0}
   670.98 MQTT lran/bridge/diag/publish/state {"status_frames":13,"documents":0,"unchanged":0,"heartbeats":0,"event_frames":1,"events":0,"event_repeats":0,"bench_withheld":14,"queue_refused":0,"undecodable":0}
   670.98 MQTT lran/simnode0/diag/state {"rssi_dbm":-28,"snr_db":11,"last_seen_s":306,"missed_polls":3,"proto_ver":2,"unsupported_ver":null}
   670.98 MQTT lran/simnode1/diag/state {"rssi_dbm":-35,"snr_db":11,"last_seen_s":59,"missed_polls":0,"proto_ver":2,"unsupported_ver":null}
   670.98 MQTT lran/simnode2/diag/state {"rssi_dbm":-28,"snr_db":11,"last_seen_s":304,"missed_polls":2,"proto_ver":2,"unsupported_ver":null}
   670.99 MQTT lran/bridge/diag/rxlog/log {"lost":0,"f":[{"i":67,"ms":427607,"deaf":9071,"d":"tx","peer":241,"type":3,"schema":0,"frag":1,"seq":18,"rssi":null,"snr":null,"st":0,"rx":5}]}
   672.31 BRG CHAN,427,427966,1000,100,0,24,0,-330,-1160,-958
   672.52 BRG poll: f1 answered in 1676 ms (window 10000 ms)
   672.67 MQTT lran/bridge/diag/rxlog/log {"lost":0,"f":[{"i":68,"ms":429253,"deaf":9263,"d":"rx","peer":241,"type":4,"schema":254,"frag":1,"seq":9,"rssi":-34,"snr":11,"st":0,"rx":0}]}
   672.72 BRG FRAME #68 rx t=429253 peer=0xf1 type=4 schema=254 frag=0x01 seq=9 rssi=-34 snr=11 st=0 rx=0 deaf=9263
   672.92 BRG FRAME #69 tx t=429610 peer=0xf2 type=3 schema=0 frag=0x01 seq=19 rssi=- snr=- st=0 rx=5 deaf=9288
   672.97 MQTT lran/bridge/diag/rxlog/log {"lost":0,"f":[{"i":69,"ms":429610,"deaf":9288,"d":"tx","peer":242,"type":3,"schema":0,"frag":1,"seq":19,"rssi":null,"snr":null,"st":0,"rx":5}]}
   673.33 BRG CHAN,428,428966,1002,78,21,30,1,-330,-1160,-840
   674.35 BRG CHANSUM,370,429,60,60009,5934,63,54,1,2,0,-330,-1170,-1150,-1158
   682.88 MQTT lran/simnode2/availability offline
   682.90 BRG availability: simnode2 offline (missed_polls 3, threshold 3)
   693.27 BRG CHAN,448,448968,1000,100,0,1,0,-860,-1160,-1144
   720.93 BRG FRAME #70 tx t=477599 peer=0xf0 type=3 schema=0 frag=0x01 seq=20 rssi=- snr=- st=0 rx=5 deaf=9501
   720.99 MQTT lran/bridge/diag/rxlog/log {"lost":0,"f":[{"i":70,"ms":477599,"deaf":9501,"d":"tx","peer":240,"type":3,"schema":0,"frag":1,"seq":20,"rssi":null,"snr":null,"st":0,"rx":5}]}
   724.39 BRG CHAN,479,479977,1000,100,0,1,0,-1090,-1160,-1146
   730.90 BRG FRAME #71 tx t=487608 peer=0xf1 type=3 schema=0 frag=0x01 seq=21 rssi=- snr=- st=0 rx=5 deaf=9714
   730.98 MQTT lran/bridge/diag/rxlog/log {"lost":0,"f":[{"i":71,"ms":487608,"deaf":9714,"d":"tx","peer":241,"type":3,"schema":0,"frag":1,"seq":21,"rssi":null,"snr":null,"st":0,"rx":5}]}
   731.92 BRG poll: f1 answered in 967 ms (window 10000 ms)
   731.92 BRG FRAME #72 rx t=488544 peer=0xf1 type=4 schema=254 frag=0x01 seq=10 rssi=-35 snr=11 st=0 rx=0 deaf=9906
   731.92 MQTT lran/bridge/diag/state {"rx_crc_err":0,"rx_runt":0,"rx_oversize":0,"rx_bad_crc":0,"rx_bad_ver":0,"rx_not_addressed":0,"rx_unknown_hdr_ext":0,"rx_bad_frag":0,"rx_unknown_type":0,"rx_unknown_schema":0,"rx_bad_length":0,"rx_not_fragmentable":0,"rx_rejected_ctx":0,"rx_rejected_mac":0,"rx_unknown_src":0,"rx_reassembly_timeout":0,"rx_fragment_overflow":0,"rx_reassembly_abandoned":0,"rx_rejected_seq":0,"rx_frag_duplicate":0,"rx_frag_late":0,"rx_dup_command":0,"rx_dropped":0,"rx_frames":30,"ctx_rolls":3,"ctx_roll_failed":0}
   731.92 MQTT lran/bridge/diag/radio/state {"tx_frames":42,"cad_backoffs":2,"errors_suppressed":0,"cad_deferred":0,"cad_free":42,"rx_deaf_ms":9906,"cad_errors":0,"tx_forced":0,"tx_errors":0,"tx_timeouts":0,"tx_dropped_no_radio":0,"rx_driver_errors":0,"rx_no_interrupt":0,"rx_wake_empty":0,"begin_failures":0,"last_begin_status":0,"q_rx_dropped":0,"q_rx_high_water":1,"q_publish_dropped":0,"q_publish_high_water":22,"q_tx_dropped":0,"q_tx_high_water":1,"q_log_dropped":0,"q_log_high_water":2,"q_command_dropped":0,"q_command_high_water":1,"q_config_dropped":0,"q_config_high_water":0,"q_event_dropped":0,"q_event_high_water":0,"q_hex_dropped":0,"q_hex_high_water":0}
   731.92 MQTT lran/bridge/diag/cmd/state {"cmd_submitted":2,"cmd_refused_busy":0,"cmd_sent":6,"cmd_retries":4,"cmd_acked":0,"cmd_no_ack":1,"cmd_resyncs":0,"cmd_resync_failed":0,"cmd_unconfirmed":1,"cmd_ack_ignored":0,"cmd_refused_roll_pending":0,"roll_sent":3,"roll_retries":0,"roll_busy":0,"roll_by_rejected_ctx":0}
   731.92 MQTT lran/bridge/diag/publish/state {"status_frames":15,"documents":0,"unchanged":0,"heartbeats":0,"event_frames":1,"events":0,"event_repeats":0,"bench_withheld":16,"queue_refused":0,"undecodable":0}
   731.92 MQTT lran/simnode0/diag/state {"rssi_dbm":-28,"snr_db":11,"last_seen_s":367,"missed_polls":4,"proto_ver":2,"unsupported_ver":null}
   731.92 MQTT lran/simnode1/diag/state {"rssi_dbm":-35,"snr_db":11,"last_seen_s":0,"missed_polls":0,"proto_ver":2,"unsupported_ver":null}
   731.93 MQTT lran/simnode2/diag/state {"rssi_dbm":-28,"snr_db":11,"last_seen_s":365,"missed_polls":3,"proto_ver":2,"unsupported_ver":null}
   731.97 MQTT lran/bridge/diag/rxlog/log {"lost":0,"f":[{"i":72,"ms":488544,"deaf":9906,"d":"rx","peer":241,"type":4,"schema":254,"frag":1,"seq":10,"rssi":-35,"snr":11,"st":0,"rx":0}]}
   732.33 BRG CHAN,487,487986,1009,74,27,28,1,-330,-1160,-860
   732.94 BRG FRAME #73 tx t=489606 peer=0xf2 type=3 schema=0 frag=0x01 seq=22 rssi=- snr=- st=0 rx=5 deaf=9927
   733.05 MQTT lran/bridge/diag/rxlog/log {"lost":0,"f":[{"i":73,"ms":489606,"deaf":9927,"d":"tx","peer":242,"type":3,"schema":0,"frag":1,"seq":22,"rssi":null,"snr":null,"st":0,"rx":5}]}
   734.36 BRG CHANSUM,430,489,60,60036,5911,90,30,1,3,0,-330,-1170,-1150,-1158
   736.35 CMD mark 180825
   736.35 CMD pub lran/bridge/config/set {"set":{"cmd_retries":1}}
   736.36 MQTT lran/bridge/config/set {"set":{"cmd_retries":1}}
   736.58 MQTT lran/bridge/config/ack {"op":"set","persist":"persisted","results":{"cmd_retries":{"status":"ok","value":1}}}
   736.58 MQTT lran/bridge/config/state {"simnode_diag_enable":{"value":1,"source":"override"},"diag_interval_s":{"value":60,"source":"override"},"missed_poll_threshold":{"value":3,"source":"default"},"poll_reply_timeout_ms":{"value":10000,"source":"default"},"command_ack_timeout_ms":{"value":30000,"source":"override"},"cmd_retries":{"value":1,"source":"override"},"cad_retries":{"value":5,"source":"default"},"backoff_max_ms":{"value":1500,"source":"default"},"frag_reassembly_timeout_ms":{"value":5000,"source":"default"},"error_min_interval_ms":{"value":1000,"source":"default"},"config_readback_timeout_ms":{"value":15000,"source":"default"},"config_ack_timeout_ms":{"value":8000,"source":"default"},"republish_interval_s":{"value":900,"source":"override"},"bms_stale_s":{"value":600,"source":"default"},"cell_mv_deadband":{"value":5,"source":"default"},"freq_hz":{"value":917400000,"source":"override"},"spreading_factor":{"value":9,"source":"override"},"bandwidth_khz":{"value":125,"source":"override"},"coding_rate_denominator":{"value":5,"source":"override"},"tx_power_dbm":{"value":-4,"source":"override"},"phy_trial_s":{"value":120,"source":"override"},"mppt_write_arm_timeout_s":{"value":300,"source":"default"},"hex_rsp_timeout_ms":{"value":3000,"source":"default"},"charge_readback_interval_h":{"value":0,"source":"override"}}
   737.01 BRG levers: gen 8 - diag 60 s, poll reply 10000 ms, missed 3, cmd ack 30000 ms x1, config ack 8000 ms, readback 15000 ms, hex rsp 3000 ms, arm 300 s, charge readback 0 h, simnode diag on
   744.15 BRG mqtt: stack high-water 1920 bytes free of 6144
   781.83 BRG FRAME #74 tx t=538467 peer=0xf0 type=3 schema=0 frag=0x01 seq=23 rssi=- snr=- st=0 rx=5 deaf=10165
   781.88 MQTT lran/bridge/diag/rxlog/log {"lost":0,"f":[{"i":74,"ms":538467,"deaf":10165,"d":"tx","peer":240,"type":3,"schema":0,"frag":1,"seq":23,"rssi":null,"snr":null,"st":0,"rx":5}]}
   790.97 MQTT lran/bridge/diag/rxlog/log {"lost":0,"f":[{"i":75,"ms":547610,"deaf":10382,"d":"tx","peer":241,"type":3,"schema":0,"frag":1,"seq":24,"rssi":null,"snr":null,"st":0,"rx":5}]}
   791.00 BRG FRAME #75 tx t=547610 peer=0xf1 type=3 schema=0 frag=0x01 seq=24 rssi=- snr=- st=0 rx=5 deaf=10382
   791.88 MQTT lran/bridge/diag/state {"rx_crc_err":0,"rx_runt":0,"rx_oversize":0,"rx_bad_crc":0,"rx_bad_ver":0,"rx_not_addressed":0,"rx_unknown_hdr_ext":0,"rx_bad_frag":0,"rx_unknown_type":0,"rx_unknown_schema":0,"rx_bad_length":0,"rx_not_fragmentable":0,"rx_rejected_ctx":0,"rx_rejected_mac":0,"rx_unknown_src":0,"rx_reassembly_timeout":0,"rx_fragment_overflow":0,"rx_reassembly_abandoned":0,"rx_rejected_seq":0,"rx_frag_duplicate":0,"rx_frag_late":0,"rx_dup_command":0,"rx_dropped":0,"rx_frames":31,"ctx_rolls":3,"ctx_roll_failed":0}
   791.88 MQTT lran/bridge/diag/radio/state {"tx_frames":45,"cad_backoffs":3,"errors_suppressed":0,"cad_deferred":0,"cad_free":45,"rx_deaf_ms":10574,"cad_errors":0,"tx_forced":0,"tx_errors":0,"tx_timeouts":0,"tx_dropped_no_radio":0,"rx_driver_errors":0,"rx_no_interrupt":0,"rx_wake_empty":0,"begin_failures":0,"last_begin_status":0,"q_rx_dropped":0,"q_rx_high_water":1,"q_publish_dropped":0,"q_publish_high_water":22,"q_tx_dropped":0,"q_tx_high_water":1,"q_log_dropped":0,"q_log_high_water":2,"q_command_dropped":0,"q_command_high_water":1,"q_config_dropped":0,"q_config_high_water":0,"q_event_dropped":0,"q_event_high_water":0,"q_hex_dropped":0,"q_hex_high_water":0}
   791.88 MQTT lran/bridge/diag/cmd/state {"cmd_submitted":2,"cmd_refused_busy":0,"cmd_sent":6,"cmd_retries":4,"cmd_acked":0,"cmd_no_ack":1,"cmd_resyncs":0,"cmd_resync_failed":0,"cmd_unconfirmed":1,"cmd_ack_ignored":0,"cmd_refused_roll_pending":0,"roll_sent":3,"roll_retries":0,"roll_busy":0,"roll_by_rejected_ctx":0}
   791.88 MQTT lran/bridge/diag/publish/state {"status_frames":15,"documents":0,"unchanged":0,"heartbeats":0,"event_frames":1,"events":0,"event_repeats":0,"bench_withheld":16,"queue_refused":0,"undecodable":0}
   791.88 MQTT lran/simnode0/diag/state {"rssi_dbm":-28,"snr_db":11,"last_seen_s":427,"missed_polls":5,"proto_ver":2,"unsupported_ver":null}
   791.89 MQTT lran/simnode1/diag/state {"rssi_dbm":-35,"snr_db":11,"last_seen_s":60,"missed_polls":0,"proto_ver":2,"unsupported_ver":null}
   791.89 MQTT lran/simnode2/diag/state {"rssi_dbm":-28,"snr_db":11,"last_seen_s":425,"missed_polls":4,"proto_ver":2,"unsupported_ver":null}
   793.03 BRG poll: f1 answered in 2113 ms (window 10000 ms)
   793.03 BRG FRAME #76 rx t=549690 peer=0xf1 type=4 schema=254 frag=0x01 seq=11 rssi=-33 snr=11 st=0 rx=0 deaf=10574
   793.13 MQTT lran/bridge/diag/rxlog/log {"lost":0,"f":[{"i":76,"ms":549690,"deaf":10574,"d":"rx","peer":241,"type":4,"schema":254,"frag":1,"seq":11,"rssi":-33,"snr":11,"st":0,"rx":0}]}
   793.23 BRG CHAN,548,549018,1003,101,0,55,1,-320,-1150,-707
   793.84 BRG FRAME #77 tx t=550602 peer=0xf2 type=3 schema=0 frag=0x01 seq=25 rssi=- snr=- st=0 rx=5 deaf=10595
   793.98 MQTT lran/bridge/diag/rxlog/log {"lost":0,"f":[{"i":77,"ms":550602,"deaf":10595,"d":"tx","peer":242,"type":3,"schema":0,"frag":1,"seq":25,"rssi":null,"snr":null,"st":0,"rx":5}]}
   794.25 BRG CHANSUM,490,549,60,60026,5934,65,55,1,1,0,-320,-1160,-1150,-1155
   817.30 BRG CHAN,572,573030,1000,100,0,1,0,-1100,-1150,-1142
   823.42 BRG CHAN,578,579030,1000,100,0,1,0,-860,-1150,-1139
   840.94 BRG FRAME #78 tx t=597605 peer=0xf0 type=3 schema=0 frag=0x01 seq=26 rssi=- snr=- st=0 rx=5 deaf=10812
   840.98 MQTT lran/bridge/diag/rxlog/log {"lost":0,"f":[{"i":78,"ms":597605,"deaf":10812,"d":"tx","peer":240,"type":3,"schema":0,"frag":1,"seq":26,"rssi":null,"snr":null,"st":0,"rx":5}]}
   850.91 BRG FRAME #79 tx t=607608 peer=0xf1 type=3 schema=0 frag=0x01 seq=27 rssi=- snr=- st=0 rx=5 deaf=11029
   851.02 MQTT lran/bridge/diag/rxlog/log {"lost":0,"f":[{"i":79,"ms":607608,"deaf":11029,"d":"tx","peer":241,"type":3,"schema":0,"frag":1,"seq":27,"rssi":null,"snr":null,"st":0,"rx":5}]}
   851.32 BRG CHAN,606,607033,1003,78,21,2,0,-320,-1150,-1122
   851.93 BRG poll: f1 answered in 967 ms (window 10000 ms)
   851.93 BRG FRAME #80 rx t=608544 peer=0xf1 type=4 schema=254 frag=0x01 seq=12 rssi=-34 snr=11 st=0 rx=0 deaf=11221
   851.94 MQTT lran/bridge/diag/state {"rx_crc_err":0,"rx_runt":0,"rx_oversize":0,"rx_bad_crc":0,"rx_bad_ver":0,"rx_not_addressed":0,"rx_unknown_hdr_ext":0,"rx_bad_frag":0,"rx_unknown_type":0,"rx_unknown_schema":0,"rx_bad_length":0,"rx_not_fragmentable":0,"rx_rejected_ctx":0,"rx_rejected_mac":0,"rx_unknown_src":0,"rx_reassembly_timeout":0,"rx_fragment_overflow":0,"rx_reassembly_abandoned":0,"rx_rejected_seq":0,"rx_frag_duplicate":0,"rx_frag_late":0,"rx_dup_command":0,"rx_dropped":0,"rx_frames":32,"ctx_rolls":3,"ctx_roll_failed":0}
   851.94 MQTT lran/bridge/diag/radio/state {"tx_frames":48,"cad_backoffs":3,"errors_suppressed":0,"cad_deferred":0,"cad_free":48,"rx_deaf_ms":11221,"cad_errors":0,"tx_forced":0,"tx_errors":0,"tx_timeouts":0,"tx_dropped_no_radio":0,"rx_driver_errors":0,"rx_no_interrupt":0,"rx_wake_empty":0,"begin_failures":0,"last_begin_status":0,"q_rx_dropped":0,"q_rx_high_water":1,"q_publish_dropped":0,"q_publish_high_water":22,"q_tx_dropped":0,"q_tx_high_water":1,"q_log_dropped":0,"q_log_high_water":2,"q_command_dropped":0,"q_command_high_water":1,"q_config_dropped":0,"q_config_high_water":0,"q_event_dropped":0,"q_event_high_water":0,"q_hex_dropped":0,"q_hex_high_water":0}
   851.94 MQTT lran/bridge/diag/cmd/state {"cmd_submitted":2,"cmd_refused_busy":0,"cmd_sent":6,"cmd_retries":4,"cmd_acked":0,"cmd_no_ack":1,"cmd_resyncs":0,"cmd_resync_failed":0,"cmd_unconfirmed":1,"cmd_ack_ignored":0,"cmd_refused_roll_pending":0,"roll_sent":3,"roll_retries":0,"roll_busy":0,"roll_by_rejected_ctx":0}
   851.94 MQTT lran/bridge/diag/publish/state {"status_frames":17,"documents":0,"unchanged":0,"heartbeats":0,"event_frames":1,"events":0,"event_repeats":0,"bench_withheld":18,"queue_refused":0,"undecodable":0}
   851.94 MQTT lran/simnode0/diag/state {"rssi_dbm":-28,"snr_db":11,"last_seen_s":487,"missed_polls":6,"proto_ver":2,"unsupported_ver":null}
   851.94 MQTT lran/simnode1/diag/state {"rssi_dbm":-34,"snr_db":11,"last_seen_s":0,"missed_polls":0,"proto_ver":2,"unsupported_ver":null}
   851.94 MQTT lran/simnode2/diag/state {"rssi_dbm":-28,"snr_db":11,"last_seen_s":485,"missed_polls":5,"proto_ver":2,"unsupported_ver":null}
   851.98 MQTT lran/bridge/diag/rxlog/log {"lost":0,"f":[{"i":80,"ms":608544,"deaf":11221,"d":"rx","peer":241,"type":4,"schema":254,"frag":1,"seq":12,"rssi":-34,"snr":11,"st":0,"rx":0}]}
   852.54 BRG CHAN,607,608036,1009,101,0,53,1,-320,-1160,-730
   853.96 BRG FRAME #81 tx t=610606 peer=0xf2 type=3 schema=0 frag=0x01 seq=28 rssi=- snr=- st=0 rx=5 deaf=11242
   853.99 MQTT lran/bridge/diag/rxlog/log {"lost":0,"f":[{"i":81,"ms":610606,"deaf":11242,"d":"tx","peer":242,"type":3,"schema":0,"frag":1,"seq":28,"rssi":null,"snr":null,"st":0,"rx":5}]}
   854.37 BRG CHANSUM,550,609,60,60024,5936,63,57,1,4,0,-320,-1160,-1150,-1152
   900.98 MQTT lran/bridge/diag/rxlog/log {"lost":0,"f":[{"i":82,"ms":657609,"deaf":11459,"d":"tx","peer":240,"type":3,"schema":0,"frag":1,"seq":29,"rssi":null,"snr":null,"st":0,"rx":5}]}
   901.04 BRG FRAME #82 tx t=657609 peer=0xf0 type=3 schema=0 frag=0x01 seq=29 rssi=- snr=- st=0 rx=5 deaf=11459
   911.02 BRG FRAME #83 tx t=667612 peer=0xf1 type=3 schema=0 frag=0x01 seq=30 rssi=- snr=- st=0 rx=5 deaf=11676
   911.03 MQTT lran/bridge/diag/rxlog/log {"lost":0,"f":[{"i":83,"ms":667612,"deaf":11676,"d":"tx","peer":241,"type":3,"schema":0,"frag":1,"seq":30,"rssi":null,"snr":null,"st":0,"rx":5}]}
   911.43 BRG CHAN,666,667057,1003,78,21,4,0,-330,-1150,-1101
   911.83 BRG poll: f1 answered in 971 ms (window 10000 ms)
   911.88 MQTT lran/bridge/diag/state {"rx_crc_err":0,"rx_runt":0,"rx_oversize":0,"rx_bad_crc":0,"rx_bad_ver":0,"rx_not_addressed":0,"rx_unknown_hdr_ext":0,"rx_bad_frag":0,"rx_unknown_type":0,"rx_unknown_schema":0,"rx_bad_length":0,"rx_not_fragmentable":0,"rx_rejected_ctx":0,"rx_rejected_mac":0,"rx_unknown_src":0,"rx_reassembly_timeout":0,"rx_fragment_overflow":0,"rx_reassembly_abandoned":0,"rx_rejected_seq":0,"rx_frag_duplicate":0,"rx_frag_late":0,"rx_dup_command":0,"rx_dropped":0,"rx_frames":33,"ctx_rolls":3,"ctx_roll_failed":0}
   911.89 MQTT lran/bridge/diag/radio/state {"tx_frames":51,"cad_backoffs":3,"errors_suppressed":0,"cad_deferred":0,"cad_free":51,"rx_deaf_ms":11868,"cad_errors":0,"tx_forced":0,"tx_errors":0,"tx_timeouts":0,"tx_dropped_no_radio":0,"rx_driver_errors":0,"rx_no_interrupt":0,"rx_wake_empty":0,"begin_failures":0,"last_begin_status":0,"q_rx_dropped":0,"q_rx_high_water":1,"q_publish_dropped":0,"q_publish_high_water":22,"q_tx_dropped":0,"q_tx_high_water":1,"q_log_dropped":0,"q_log_high_water":2,"q_command_dropped":0,"q_command_high_water":1,"q_config_dropped":0,"q_config_high_water":0,"q_event_dropped":0,"q_event_high_water":0,"q_hex_dropped":0,"q_hex_high_water":0}
   911.89 MQTT lran/bridge/diag/cmd/state {"cmd_submitted":2,"cmd_refused_busy":0,"cmd_sent":6,"cmd_retries":4,"cmd_acked":0,"cmd_no_ack":1,"cmd_resyncs":0,"cmd_resync_failed":0,"cmd_unconfirmed":1,"cmd_ack_ignored":0,"cmd_refused_roll_pending":0,"roll_sent":3,"roll_retries":0,"roll_busy":0,"roll_by_rejected_ctx":0}
   911.90 MQTT lran/bridge/diag/publish/state {"status_frames":18,"documents":0,"unchanged":0,"heartbeats":0,"event_frames":1,"events":0,"event_repeats":0,"bench_withheld":19,"queue_refused":0,"undecodable":0}
   911.90 MQTT lran/simnode0/diag/state {"rssi_dbm":-28,"snr_db":11,"last_seen_s":547,"missed_polls":7,"proto_ver":2,"unsupported_ver":null}
   911.90 MQTT lran/simnode1/diag/state {"rssi_dbm":-34,"snr_db":12,"last_seen_s":0,"missed_polls":0,"proto_ver":2,"unsupported_ver":null}
   911.90 MQTT lran/simnode2/diag/state {"rssi_dbm":-28,"snr_db":11,"last_seen_s":545,"missed_polls":6,"proto_ver":2,"unsupported_ver":null}
   911.98 MQTT lran/bridge/diag/rxlog/log {"lost":0,"f":[{"i":84,"ms":668548,"deaf":11868,"d":"rx","peer":241,"type":4,"schema":254,"frag":1,"seq":13,"rssi":-34,"snr":12,"st":0,"rx":0}]}
   912.03 BRG FRAME #84 rx t=668548 peer=0xf1 type=4 schema=254 frag=0x01 seq=13 rssi=-34 snr=12 st=0 rx=0 deaf=11868
   912.44 BRG CHAN,667,668060,1000,100,0,50,1,-330,-1150,-747
   913.87 BRG FRAME #85 tx t=670605 peer=0xf2 type=3 schema=0 frag=0x01 seq=31 rssi=- snr=- st=0 rx=5 deaf=11893
   913.98 MQTT lran/bridge/diag/rxlog/log {"lost":0,"f":[{"i":85,"ms":670605,"deaf":11893,"d":"tx","peer":242,"type":3,"schema":0,"frag":1,"seq":31,"rssi":null,"snr":null,"st":0,"rx":5}]}
   914.48 BRG CHANSUM,610,669,60,60009,5934,63,54,1,2,0,-330,-1160,-1150,-1151
   918.35 BRG CHAN,673,674063,1000,100,0,1,0,-1100,-1150,-1141
   942.38 BRG CHAN,697,698063,1000,100,0,2,0,-1090,-1160,-1141
   949.51 BRG CHAN,704,705063,1000,100,0,13,0,-910,-1150,-1114
   950.53 BRG CHAN,705,706063,1000,100,0,29,0,-910,-1150,-1076
   951.35 BRG CHAN,706,707063,1000,100,0,14,0,-910,-1150,-1111
   954.41 BRG CHAN,709,710063,1000,100,0,1,0,-820,-1150,-1139
   957.80 CMD mark 361418
   957.80 CMD mark ota-run-3
   957.80 CMD pub lran/simnode0/cmd/reboot/set 165
   957.81 MQTT lran/simnode0/cmd/reboot/set 165
   958.89 BRG FRAME #86 tx t=715608 peer=0xf0 type=1 schema=0 frag=0x01 seq=2 rssi=- snr=- st=0 rx=5 deaf=12110
   959.03 MQTT lran/bridge/diag/rxlog/log {"lost":0,"f":[{"i":86,"ms":715608,"deaf":12110,"d":"tx","peer":240,"type":1,"schema":0,"frag":1,"seq":2,"rssi":null,"snr":null,"st":0,"rx":5}]}
   964.40 BRG CHAN,719,720067,1000,100,0,1,0,-1090,-1160,-1142
   971.88 MQTT lran/bridge/diag/state {"rx_crc_err":0,"rx_runt":0,"rx_oversize":0,"rx_bad_crc":0,"rx_bad_ver":0,"rx_not_addressed":0,"rx_unknown_hdr_ext":0,"rx_bad_frag":0,"rx_unknown_type":0,"rx_unknown_schema":0,"rx_bad_length":0,"rx_not_fragmentable":0,"rx_rejected_ctx":0,"rx_rejected_mac":0,"rx_unknown_src":0,"rx_reassembly_timeout":0,"rx_fragment_overflow":0,"rx_reassembly_abandoned":0,"rx_rejected_seq":0,"rx_frag_duplicate":0,"rx_frag_late":0,"rx_dup_command":0,"rx_dropped":0,"rx_frames":34,"ctx_rolls":3,"ctx_roll_failed":0}
   971.88 MQTT lran/bridge/diag/radio/state {"tx_frames":53,"cad_backoffs":3,"errors_suppressed":0,"cad_deferred":0,"cad_free":53,"rx_deaf_ms":12343,"cad_errors":0,"tx_forced":0,"tx_errors":0,"tx_timeouts":0,"tx_dropped_no_radio":0,"rx_driver_errors":0,"rx_no_interrupt":0,"rx_wake_empty":0,"begin_failures":0,"last_begin_status":0,"q_rx_dropped":0,"q_rx_high_water":1,"q_publish_dropped":0,"q_publish_high_water":22,"q_tx_dropped":0,"q_tx_high_water":1,"q_log_dropped":0,"q_log_high_water":2,"q_command_dropped":0,"q_command_high_water":1,"q_config_dropped":0,"q_config_high_water":0,"q_event_dropped":0,"q_event_high_water":0,"q_hex_dropped":0,"q_hex_high_water":0}
   971.88 MQTT lran/bridge/diag/cmd/state {"cmd_submitted":3,"cmd_refused_busy":0,"cmd_sent":7,"cmd_retries":4,"cmd_acked":0,"cmd_no_ack":1,"cmd_resyncs":0,"cmd_resync_failed":0,"cmd_unconfirmed":1,"cmd_ack_ignored":0,"cmd_refused_roll_pending":0,"roll_sent":3,"roll_retries":0,"roll_busy":0,"roll_by_rejected_ctx":0}
   971.88 MQTT lran/bridge/diag/publish/state {"status_frames":18,"documents":0,"unchanged":0,"heartbeats":0,"event_frames":1,"events":0,"event_repeats":0,"bench_withheld":19,"queue_refused":0,"undecodable":0}
   971.89 MQTT lran/simnode0/diag/state {"rssi_dbm":-28,"snr_db":11,"last_seen_s":607,"missed_polls":7,"proto_ver":2,"unsupported_ver":null}
   971.89 MQTT lran/simnode1/diag/state {"rssi_dbm":-34,"snr_db":12,"last_seen_s":60,"missed_polls":0,"proto_ver":2,"unsupported_ver":null}
   971.89 MQTT lran/simnode2/diag/state {"rssi_dbm":-28,"snr_db":11,"last_seen_s":605,"missed_polls":7,"proto_ver":2,"unsupported_ver":null}
   974.39 BRG CHANSUM,670,729,60,60004,5974,25,61,0,7,0,-820,-1160,-1150,-1152
   989.86 BRG FRAME #87 tx t=746612 peer=0xf0 type=1 schema=0 frag=0x01 seq=2 rssi=- snr=- st=0 rx=5 deaf=12368
   990.08 MQTT lran/bridge/diag/rxlog/log {"lost":0,"f":[{"i":87,"ms":746612,"deaf":12368,"d":"tx","peer":240,"type":1,"schema":0,"frag":1,"seq":2,"rssi":null,"snr":null,"st":0,"rx":5}]}
  1004.36 BRG CHAN,759,760071,1000,100,0,9,0,-930,-1150,-1124
  1008.43 BRG CHAN,763,764071,1000,100,0,4,0,-930,-1150,-1135
  1020.83 BRG cmd: f0 seq 2 -> outcome 2 result 0 detail 0
  1020.88 MQTT lran/simnode0/cmd/ack {"outcome":"no_ack","seq":2,"attempts":2,"result":0,"detail":0}
  1021.85 BRG FRAME #88 tx t=778602 peer=0xf0 type=3 schema=0 frag=0x01 seq=32 rssi=- snr=- st=0 rx=5 deaf=12622
  1021.99 MQTT lran/bridge/diag/rxlog/log {"lost":0,"f":[{"i":88,"ms":778602,"deaf":12622,"d":"tx","peer":240,"type":3,"schema":0,"frag":1,"seq":32,"rssi":null,"snr":null,"st":0,"rx":5}]}
  1022.46 BRG CHAN,777,778071,1009,79,21,1,0,-1090,-1150,-1141
  1025.51 BRG CHAN,780,781080,1000,100,0,17,0,-910,-1150,-1111
  1026.52 BRG CHAN,781,782080,1000,100,0,33,0,-920,-1160,-1089
  1027.54 BRG CHAN,782,783080,1000,100,0,21,0,-920,-1150,-1115
  1028.35 BRG CHAN,783,784080,1000,100,0,34,0,-900,-1160,-1072
  1029.37 BRG CHAN,784,785080,1000,100,0,14,0,-910,-1150,-1111
  1031.88 MQTT lran/bridge/diag/state {"rx_crc_err":0,"rx_runt":0,"rx_oversize":0,"rx_bad_crc":0,"rx_bad_ver":0,"rx_not_addressed":0,"rx_unknown_hdr_ext":0,"rx_bad_frag":0,"rx_unknown_type":0,"rx_unknown_schema":0,"rx_bad_length":0,"rx_not_fragmentable":0,"rx_rejected_ctx":0,"rx_rejected_mac":0,"rx_unknown_src":0,"rx_reassembly_timeout":0,"rx_fragment_overflow":0,"rx_reassembly_abandoned":0,"rx_rejected_seq":0,"rx_frag_duplicate":0,"rx_frag_late":0,"rx_dup_command":0,"rx_dropped":0,"rx_frames":34,"ctx_rolls":3,"ctx_roll_failed":0}
  1031.88 MQTT lran/bridge/diag/radio/state {"tx_frames":55,"cad_backoffs":3,"errors_suppressed":0,"cad_deferred":0,"cad_free":55,"rx_deaf_ms":12814,"cad_errors":0,"tx_forced":0,"tx_errors":0,"tx_timeouts":0,"tx_dropped_no_radio":0,"rx_driver_errors":0,"rx_no_interrupt":0,"rx_wake_empty":0,"begin_failures":0,"last_begin_status":0,"q_rx_dropped":0,"q_rx_high_water":1,"q_publish_dropped":0,"q_publish_high_water":22,"q_tx_dropped":0,"q_tx_high_water":1,"q_log_dropped":0,"q_log_high_water":2,"q_command_dropped":0,"q_command_high_water":1,"q_config_dropped":0,"q_config_high_water":0,"q_event_dropped":0,"q_event_high_water":0,"q_hex_dropped":0,"q_hex_high_water":0}
  1031.88 MQTT lran/bridge/diag/cmd/state {"cmd_submitted":3,"cmd_refused_busy":0,"cmd_sent":8,"cmd_retries":5,"cmd_acked":0,"cmd_no_ack":2,"cmd_resyncs":0,"cmd_resync_failed":0,"cmd_unconfirmed":1,"cmd_ack_ignored":0,"cmd_refused_roll_pending":0,"roll_sent":3,"roll_retries":0,"roll_busy":0,"roll_by_rejected_ctx":0}
  1031.89 MQTT lran/bridge/diag/publish/state {"status_frames":18,"documents":0,"unchanged":0,"heartbeats":0,"event_frames":1,"events":0,"event_repeats":0,"bench_withheld":19,"queue_refused":0,"undecodable":0}
  1031.89 MQTT lran/simnode0/diag/state {"rssi_dbm":-28,"snr_db":11,"last_seen_s":667,"missed_polls":8,"proto_ver":2,"unsupported_ver":null}
  1031.89 MQTT lran/simnode1/diag/state {"rssi_dbm":-34,"snr_db":12,"last_seen_s":120,"missed_polls":0,"proto_ver":2,"unsupported_ver":null}
  1031.89 MQTT lran/simnode2/diag/state {"rssi_dbm":-28,"snr_db":11,"last_seen_s":665,"missed_polls":7,"proto_ver":2,"unsupported_ver":null}
  1031.98 MQTT lran/bridge/diag/rxlog/log {"lost":0,"f":[{"i":89,"ms":788605,"deaf":12839,"d":"tx","peer":241,"type":3,"schema":0,"frag":1,"seq":33,"rssi":null,"snr":null,"st":0,"rx":5}]}
  1032.02 BRG FRAME #89 tx t=788605 peer=0xf1 type=3 schema=0 frag=0x01 seq=33 rssi=- snr=- st=0 rx=5 deaf=12839
  1032.43 BRG CHAN,787,788080,1003,78,21,7,0,-330,-1160,-1070
  1032.83 BRG poll: f1 answered in 964 ms (window 10000 ms)
  1033.03 MQTT lran/bridge/diag/rxlog/log {"lost":0,"f":[{"i":90,"ms":789541,"deaf":13031,"d":"rx","peer":241,"type":4,"schema":254,"frag":1,"seq":14,"rssi":-34,"snr":11,"st":0,"rx":0}]}
  1033.03 BRG FRAME #90 rx t=789541 peer=0xf1 type=4 schema=254 frag=0x01 seq=14 rssi=-34 snr=11 st=0 rx=0 deaf=13031
  1033.18 MQTT lran/bridge/diag/rxlog/log {"lost":0,"f":[{"i":91,"ms":789744,"deaf":13052,"d":"tx","peer":242,"type":3,"schema":0,"frag":1,"seq":34,"rssi":null,"snr":null,"st":0,"rx":5}]}
  1033.24 BRG FRAME #91 tx t=789744 peer=0xf2 type=3 schema=0 frag=0x01 seq=34 rssi=- snr=- st=0 rx=5 deaf=13052
  1033.44 BRG CHAN,788,789083,1009,79,21,47,1,-330,-1150,-668
  1034.46 BRG CHANSUM,730,789,60,60025,5910,88,187,1,10,0,-330,-1160,-1150,-1152
  1078.52 BRG CHAN,833,834092,1000,100,0,7,0,-920,-1160,-1133
  1079.53 BRG CHAN,834,835092,1000,100,0,36,0,-910,-1150,-1079
  1080.35 BRG CHAN,835,836092,1000,100,0,14,0,-920,-1150,-1118
  1081.98 MQTT lran/bridge/diag/rxlog/log {"lost":0,"f":[{"i":92,"ms":838603,"deaf":13265,"d":"tx","peer":240,"type":3,"schema":0,"frag":1,"seq":35,"rssi":null,"snr":null,"st":0,"rx":5}]}
  1081.98 BRG FRAME #92 tx t=838603 peer=0xf0 type=3 schema=0 frag=0x01 seq=35 rssi=- snr=- st=0 rx=5 deaf=13265
  1084.43 BRG CHAN,839,840101,1000,100,0,1,0,-800,-1150,-1138
  1091.88 MQTT lran/bridge/diag/state {"rx_crc_err":0,"rx_runt":0,"rx_oversize":0,"rx_bad_crc":0,"rx_bad_ver":0,"rx_not_addressed":0,"rx_unknown_hdr_ext":0,"rx_bad_frag":0,"rx_unknown_type":0,"rx_unknown_schema":0,"rx_bad_length":0,"rx_not_fragmentable":0,"rx_rejected_ctx":0,"rx_rejected_mac":0,"rx_unknown_src":0,"rx_reassembly_timeout":0,"rx_fragment_overflow":0,"rx_reassembly_abandoned":0,"rx_rejected_seq":0,"rx_frag_duplicate":0,"rx_frag_late":0,"rx_dup_command":0,"rx_dropped":0,"rx_frames":35,"ctx_rolls":3,"ctx_roll_failed":0}
  1091.88 MQTT lran/bridge/diag/radio/state {"tx_frames":58,"cad_backoffs":3,"errors_suppressed":0,"cad_deferred":0,"cad_free":58,"rx_deaf_ms":13457,"cad_errors":0,"tx_forced":0,"tx_errors":0,"tx_timeouts":0,"tx_dropped_no_radio":0,"rx_driver_errors":0,"rx_no_interrupt":0,"rx_wake_empty":0,"begin_failures":0,"last_begin_status":0,"q_rx_dropped":0,"q_rx_high_water":1,"q_publish_dropped":0,"q_publish_high_water":22,"q_tx_dropped":0,"q_tx_high_water":1,"q_log_dropped":0,"q_log_high_water":2,"q_command_dropped":0,"q_command_high_water":1,"q_config_dropped":0,"q_config_high_water":0,"q_event_dropped":0,"q_event_high_water":0,"q_hex_dropped":0,"q_hex_high_water":0}
  1091.88 MQTT lran/bridge/diag/cmd/state {"cmd_submitted":3,"cmd_refused_busy":0,"cmd_sent":8,"cmd_retries":5,"cmd_acked":0,"cmd_no_ack":2,"cmd_resyncs":0,"cmd_resync_failed":0,"cmd_unconfirmed":1,"cmd_ack_ignored":0,"cmd_refused_roll_pending":0,"roll_sent":3,"roll_retries":0,"roll_busy":0,"roll_by_rejected_ctx":0}
  1091.89 MQTT lran/bridge/diag/publish/state {"status_frames":19,"documents":0,"unchanged":0,"heartbeats":0,"event_frames":1,"events":0,"event_repeats":0,"bench_withheld":20,"queue_refused":0,"undecodable":0}
  1091.89 MQTT lran/simnode0/diag/state {"rssi_dbm":-28,"snr_db":11,"last_seen_s":727,"missed_polls":9,"proto_ver":2,"unsupported_ver":null}
  1091.89 MQTT lran/simnode1/diag/state {"rssi_dbm":-34,"snr_db":11,"last_seen_s":59,"missed_polls":0,"proto_ver":2,"unsupported_ver":null}
  1091.89 MQTT lran/simnode2/diag/state {"rssi_dbm":-28,"snr_db":11,"last_seen_s":725,"missed_polls":8,"proto_ver":2,"unsupported_ver":null}
  1091.97 BRG FRAME #93 tx t=848606 peer=0xf1 type=3 schema=0 frag=0x01 seq=36 rssi=- snr=- st=0 rx=5 deaf=13482
  1091.98 MQTT lran/bridge/diag/rxlog/log {"lost":0,"f":[{"i":93,"ms":848606,"deaf":13482,"d":"tx","peer":241,"type":3,"schema":0,"frag":1,"seq":36,"rssi":null,"snr":null,"st":0,"rx":5}]}
  1092.37 BRG CHAN,847,848101,1003,78,21,9,0,-330,-1150,-1055
  1092.78 BRG poll: f1 answered in 965 ms (window 10000 ms)
  1092.98 MQTT lran/bridge/diag/rxlog/log {"lost":0,"f":[{"i":94,"ms":849542,"deaf":13674,"d":"rx","peer":241,"type":4,"schema":254,"frag":1,"seq":15,"rssi":-34,"snr":11,"st":0,"rx":0}]}
  1092.98 BRG FRAME #94 rx t=849542 peer=0xf1 type=4 schema=254 frag=0x01 seq=15 rssi=-34 snr=11 st=0 rx=0 deaf=13674
  1093.39 BRG CHAN,848,849104,1007,98,2,45,1,-330,-1160,-777
  1094.40 BRG FRAME #95 tx t=851126 peer=0xf2 type=3 schema=0 frag=0x01 seq=37 rssi=- snr=- st=0 rx=5 deaf=13720
  1094.40 BRG CHANSUM,790,849,60,60025,5955,44,112,1,6,0,-330,-1160,-1150,-1152
  1094.48 MQTT lran/bridge/diag/rxlog/log {"lost":0,"f":[{"i":95,"ms":851126,"deaf":13720,"d":"tx","peer":242,"type":3,"schema":0,"frag":1,"seq":37,"rssi":null,"snr":null,"st":0,"rx":5}]}
  1098.47 BRG CHAN,853,854124,1000,100,0,28,0,-910,-1150,-1080
  1099.49 BRG CHAN,854,855124,1000,100,0,36,0,-920,-1150,-1065
  1117.43 BRG CHAN,872,873124,1000,100,0,1,0,-1100,-1160,-1142
  1141.88 BRG FRAME #96 tx t=898605 peer=0xf0 type=3 schema=0 frag=0x01 seq=38 rssi=- snr=- st=0 rx=5 deaf=13933
  1141.98 MQTT lran/bridge/diag/rxlog/log {"lost":0,"f":[{"i":96,"ms":898605,"deaf":13933,"d":"tx","peer":240,"type":3,"schema":0,"frag":1,"seq":38,"rssi":null,"snr":null,"st":0,"rx":5}]}
  1151.97 MQTT lran/bridge/diag/state {"rx_crc_err":0,"rx_runt":0,"rx_oversize":0,"rx_bad_crc":0,"rx_bad_ver":0,"rx_not_addressed":0,"rx_unknown_hdr_ext":0,"rx_bad_frag":0,"rx_unknown_type":0,"rx_unknown_schema":0,"rx_bad_length":0,"rx_not_fragmentable":0,"rx_rejected_ctx":0,"rx_rejected_mac":0,"rx_unknown_src":0,"rx_reassembly_timeout":0,"rx_fragment_overflow":0,"rx_reassembly_abandoned":0,"rx_rejected_seq":0,"rx_frag_duplicate":0,"rx_frag_late":0,"rx_dup_command":0,"rx_dropped":0,"rx_frames":36,"ctx_rolls":3,"ctx_roll_failed":0}
  1151.97 MQTT lran/bridge/diag/radio/state {"tx_frames":61,"cad_backoffs":4,"errors_suppressed":0,"cad_deferred":0,"cad_free":61,"rx_deaf_ms":14125,"cad_errors":0,"tx_forced":0,"tx_errors":0,"tx_timeouts":0,"tx_dropped_no_radio":0,"rx_driver_errors":0,"rx_no_interrupt":0,"rx_wake_empty":0,"begin_failures":0,"last_begin_status":0,"q_rx_dropped":0,"q_rx_high_water":1,"q_publish_dropped":0,"q_publish_high_water":22,"q_tx_dropped":0,"q_tx_high_water":1,"q_log_dropped":0,"q_log_high_water":2,"q_command_dropped":0,"q_command_high_water":1,"q_config_dropped":0,"q_config_high_water":0,"q_event_dropped":0,"q_event_high_water":0,"q_hex_dropped":0,"q_hex_high_water":0}
  1151.97 MQTT lran/bridge/diag/cmd/state {"cmd_submitted":3,"cmd_refused_busy":0,"cmd_sent":8,"cmd_retries":5,"cmd_acked":0,"cmd_no_ack":2,"cmd_resyncs":0,"cmd_resync_failed":0,"cmd_unconfirmed":1,"cmd_ack_ignored":0,"cmd_refused_roll_pending":0,"roll_sent":3,"roll_retries":0,"roll_busy":0,"roll_by_rejected_ctx":0}
  1151.97 MQTT lran/bridge/diag/publish/state {"status_frames":20,"documents":0,"unchanged":0,"heartbeats":0,"event_frames":1,"events":0,"event_repeats":0,"bench_withheld":21,"queue_refused":0,"undecodable":0}
  1151.97 MQTT lran/simnode0/diag/state {"rssi_dbm":-28,"snr_db":11,"last_seen_s":787,"missed_polls":10,"proto_ver":2,"unsupported_ver":null}
  1151.97 MQTT lran/simnode1/diag/state {"rssi_dbm":-34,"snr_db":11,"last_seen_s":59,"missed_polls":0,"proto_ver":2,"unsupported_ver":null}
  1151.97 MQTT lran/simnode2/diag/state {"rssi_dbm":-28,"snr_db":11,"last_seen_s":785,"missed_polls":9,"proto_ver":2,"unsupported_ver":null}
  1151.98 MQTT lran/bridge/diag/rxlog/log {"lost":0,"f":[{"i":97,"ms":908603,"deaf":14146,"d":"tx","peer":241,"type":3,"schema":0,"frag":1,"seq":39,"rssi":null,"snr":null,"st":0,"rx":5}]}
  1152.05 BRG FRAME #97 tx t=908603 peer=0xf1 type=3 schema=0 frag=0x01 seq=39 rssi=- snr=- st=0 rx=5 deaf=14146
  1153.27 BRG poll: f1 answered in 1306 ms (window 10000 ms)
  1153.27 BRG FRAME #98 rx t=909883 peer=0xf1 type=4 schema=254 frag=0x01 seq=16 rssi=-34 snr=11 st=0 rx=0 deaf=14339
  1153.28 MQTT lran/bridge/diag/rxlog/log {"lost":0,"f":[{"i":98,"ms":909883,"deaf":14339,"d":"rx","peer":241,"type":4,"schema":254,"frag":1,"seq":16,"rssi":-34,"snr":11,"st":0,"rx":0}]}
  1153.47 BRG CHAN,908,909142,1003,69,32,24,1,-330,-1160,-873
  1153.88 BRG FRAME #99 tx t=910606 peer=0xf2 type=3 schema=0 frag=0x01 seq=40 rssi=- snr=- st=0 rx=5 deaf=14360
  1153.98 MQTT lran/bridge/diag/rxlog/log {"lost":0,"f":[{"i":99,"ms":910606,"deaf":14360,"d":"tx","peer":242,"type":3,"schema":0,"frag":1,"seq":40,"rssi":null,"snr":null,"st":0,"rx":5}]}
  1154.50 BRG CHANSUM,850,909,60,60037,5885,116,89,1,4,0,-330,-1170,-1150,-1152
  1169.57 BRG CHAN,924,925154,1000,100,0,1,0,-1100,-1160,-1141
  1170.59 BRG CHAN,925,926154,1000,100,0,1,0,-1080,-1150,-1142
  1174.47 BRG CHAN,929,930154,1000,100,0,12,0,-910,-1150,-1117
  1175.49 BRG CHAN,930,931154,1000,100,0,30,0,-910,-1150,-1070
  1176.52 BRG CHAN,931,932154,1000,100,0,14,0,-910,-1150,-1114
  1177.54 BRG CHAN,932,933154,1000,100,0,1,0,-1100,-1160,-1141
  1182.64 BRG CHAN,937,938154,1000,100,0,1,0,-1100,-1160,-1142
  1183.65 BRG CHAN,938,939154,1000,100,0,1,0,-1100,-1150,-1141
  1186.49 BRG CHAN,941,942154,1000,100,0,5,0,-1090,-1160,-1141
  1188.53 BRG CHAN,943,944154,1000,100,0,9,0,-920,-1150,-1124
  1201.98 MQTT lran/bridge/diag/rxlog/log {"lost":0,"f":[{"i":100,"ms":958605,"deaf":14573,"d":"tx","peer":240,"type":3,"schema":0,"frag":1,"seq":41,"rssi":null,"snr":null,"st":0,"rx":5}]}
  1201.98 BRG FRAME #100 tx t=958605 peer=0xf0 type=3 schema=0 frag=0x01 seq=41 rssi=- snr=- st=0 rx=5 deaf=14573
  1211.88 MQTT lran/bridge/diag/state {"rx_crc_err":0,"rx_runt":0,"rx_oversize":0,"rx_bad_crc":0,"rx_bad_ver":0,"rx_not_addressed":0,"rx_unknown_hdr_ext":0,"rx_bad_frag":0,"rx_unknown_type":0,"rx_unknown_schema":0,"rx_bad_length":0,"rx_not_fragmentable":0,"rx_rejected_ctx":0,"rx_rejected_mac":0,"rx_unknown_src":0,"rx_reassembly_timeout":0,"rx_fragment_overflow":0,"rx_reassembly_abandoned":0,"rx_rejected_seq":0,"rx_frag_duplicate":0,"rx_frag_late":0,"rx_dup_command":0,"rx_dropped":0,"rx_frames":37,"ctx_rolls":3,"ctx_roll_failed":0}
  1211.89 MQTT lran/bridge/diag/radio/state {"tx_frames":64,"cad_backoffs":4,"errors_suppressed":0,"cad_deferred":0,"cad_free":64,"rx_deaf_ms":14765,"cad_errors":0,"tx_forced":0,"tx_errors":0,"tx_timeouts":0,"tx_dropped_no_radio":0,"rx_driver_errors":0,"rx_no_interrupt":0,"rx_wake_empty":0,"begin_failures":0,"last_begin_status":0,"q_rx_dropped":0,"q_rx_high_water":1,"q_publish_dropped":0,"q_publish_high_water":22,"q_tx_dropped":0,"q_tx_high_water":1,"q_log_dropped":0,"q_log_high_water":2,"q_command_dropped":0,"q_command_high_water":1,"q_config_dropped":0,"q_config_high_water":0,"q_event_dropped":0,"q_event_high_water":0,"q_hex_dropped":0,"q_hex_high_water":0}
  1211.89 MQTT lran/bridge/diag/cmd/state {"cmd_submitted":3,"cmd_refused_busy":0,"cmd_sent":8,"cmd_retries":5,"cmd_acked":0,"cmd_no_ack":2,"cmd_resyncs":0,"cmd_resync_failed":0,"cmd_unconfirmed":1,"cmd_ack_ignored":0,"cmd_refused_roll_pending":0,"roll_sent":3,"roll_retries":0,"roll_busy":0,"roll_by_rejected_ctx":0}
  1211.89 MQTT lran/bridge/diag/publish/state {"status_frames":21,"documents":0,"unchanged":0,"heartbeats":0,"event_frames":1,"events":0,"event_repeats":0,"bench_withheld":22,"queue_refused":0,"undecodable":0}
  1211.89 MQTT lran/simnode0/diag/state {"rssi_dbm":-28,"snr_db":11,"last_seen_s":847,"missed_polls":11,"proto_ver":2,"unsupported_ver":null}
  1211.89 MQTT lran/simnode1/diag/state {"rssi_dbm":-34,"snr_db":11,"last_seen_s":58,"missed_polls":0,"proto_ver":2,"unsupported_ver":null}
  1211.89 MQTT lran/simnode2/diag/state {"rssi_dbm":-28,"snr_db":11,"last_seen_s":845,"missed_polls":10,"proto_ver":2,"unsupported_ver":null}
  1211.96 BRG FRAME #101 tx t=968603 peer=0xf1 type=3 schema=0 frag=0x01 seq=42 rssi=- snr=- st=0 rx=5 deaf=14786
  1211.98 MQTT lran/bridge/diag/rxlog/log {"lost":0,"f":[{"i":101,"ms":968603,"deaf":14786,"d":"tx","peer":241,"type":3,"schema":0,"frag":1,"seq":42,"rssi":null,"snr":null,"st":0,"rx":5}]}
  1212.58 BRG CHAN,967,968163,1009,79,21,16,0,-330,-1160,-986
  1212.78 BRG poll: f1 answered in 963 ms (window 10000 ms)
  1212.78 BRG FRAME #102 rx t=969540 peer=0xf1 type=4 schema=254 frag=0x01 seq=17 rssi=-35 snr=11 st=0 rx=0 deaf=14979
  1212.88 MQTT lran/bridge/diag/rxlog/log {"lost":0,"f":[{"i":102,"ms":969540,"deaf":14979,"d":"rx","peer":241,"type":4,"schema":254,"frag":1,"seq":17,"rssi":-35,"snr":11,"st":0,"rx":0}]}
  1213.59 BRG CHAN,968,969172,1009,101,0,38,1,-330,-1150,-843
  1213.99 MQTT lran/bridge/diag/rxlog/log {"lost":0,"f":[{"i":103,"ms":970602,"deaf":15000,"d":"tx","peer":242,"type":3,"schema":0,"frag":1,"seq":43,"rssi":null,"snr":null,"st":0,"rx":5}]}
  1214.00 BRG FRAME #103 tx t=970602 peer=0xf2 type=3 schema=0 frag=0x01 seq=43 rssi=- snr=- st=0 rx=5 deaf=15000
  1214.62 BRG CHANSUM,910,969,60,60036,5938,63,129,1,12,0,-330,-1160,-1150,-1151
  1215.64 BRG CHAN,970,971190,1000,100,0,1,0,-840,-1150,-1139
  1219.51 BRG CHAN,974,975190,1000,100,0,28,0,-910,-1150,-1078
  1228.49 BRG CHAN,983,984190,1000,100,0,10,0,-910,-1150,-1120
  1229.51 BRG CHAN,984,985190,1000,100,0,33,0,-920,-1160,-1066
  1230.53 BRG CHAN,985,986190,1000,100,0,14,0,-920,-1160,-1112
  1237.65 BRG CHAN,992,993190,1000,100,0,1,0,-1100,-1150,-1142
  1261.90 BRG FRAME #104 tx t=1018601 peer=0xf0 type=3 schema=0 frag=0x01 seq=44 rssi=- snr=- st=0 rx=5 deaf=15213
  1262.06 MQTT lran/bridge/diag/rxlog/log {"lost":0,"f":[{"i":104,"ms":1018601,"deaf":15213,"d":"tx","peer":240,"type":3,"schema":0,"frag":1,"seq":44,"rssi":null,"snr":null,"st":0,"rx":5}]}
  1271.90 BRG FRAME #105 tx t=1028604 peer=0xf1 type=3 schema=0 frag=0x01 seq=45 rssi=- snr=- st=0 rx=5 deaf=15430
  1271.99 MQTT lran/bridge/diag/state {"rx_crc_err":0,"rx_runt":0,"rx_oversize":0,"rx_bad_crc":0,"rx_bad_ver":0,"rx_not_addressed":0,"rx_unknown_hdr_ext":0,"rx_bad_frag":0,"rx_unknown_type":0,"rx_unknown_schema":0,"rx_bad_length":0,"rx_not_fragmentable":0,"rx_rejected_ctx":0,"rx_rejected_mac":0,"rx_unknown_src":0,"rx_reassembly_timeout":0,"rx_fragment_overflow":0,"rx_reassembly_abandoned":0,"rx_rejected_seq":0,"rx_frag_duplicate":0,"rx_frag_late":0,"rx_dup_command":0,"rx_dropped":0,"rx_frames":38,"ctx_rolls":3,"ctx_roll_failed":0}
  1271.99 MQTT lran/bridge/diag/radio/state {"tx_frames":67,"cad_backoffs":4,"errors_suppressed":0,"cad_deferred":0,"cad_free":67,"rx_deaf_ms":15405,"cad_errors":0,"tx_forced":0,"tx_errors":0,"tx_timeouts":0,"tx_dropped_no_radio":0,"rx_driver_errors":0,"rx_no_interrupt":0,"rx_wake_empty":0,"begin_failures":0,"last_begin_status":0,"q_rx_dropped":0,"q_rx_high_water":1,"q_publish_dropped":0,"q_publish_high_water":22,"q_tx_dropped":0,"q_tx_high_water":1,"q_log_dropped":0,"q_log_high_water":2,"q_command_dropped":0,"q_command_high_water":1,"q_config_dropped":0,"q_config_high_water":0,"q_event_dropped":0,"q_event_high_water":0,"q_hex_dropped":0,"q_hex_high_water":0}
  1271.99 MQTT lran/bridge/diag/cmd/state {"cmd_submitted":3,"cmd_refused_busy":0,"cmd_sent":8,"cmd_retries":5,"cmd_acked":0,"cmd_no_ack":2,"cmd_resyncs":0,"cmd_resync_failed":0,"cmd_unconfirmed":1,"cmd_ack_ignored":0,"cmd_refused_roll_pending":0,"roll_sent":3,"roll_retries":0,"roll_busy":0,"roll_by_rejected_ctx":0}
  1271.99 MQTT lran/bridge/diag/publish/state {"status_frames":22,"documents":0,"unchanged":0,"heartbeats":0,"event_frames":1,"events":0,"event_repeats":0,"bench_withheld":23,"queue_refused":0,"undecodable":0}
  1271.99 MQTT lran/simnode0/diag/state {"rssi_dbm":-28,"snr_db":11,"last_seen_s":907,"missed_polls":12,"proto_ver":2,"unsupported_ver":null}
  1271.99 MQTT lran/simnode1/diag/state {"rssi_dbm":-35,"snr_db":11,"last_seen_s":59,"missed_polls":0,"proto_ver":2,"unsupported_ver":null}
  1271.99 MQTT lran/simnode2/diag/state {"rssi_dbm":-28,"snr_db":11,"last_seen_s":905,"missed_polls":11,"proto_ver":2,"unsupported_ver":null}
  1272.00 MQTT lran/bridge/diag/rxlog/log {"lost":0,"f":[{"i":105,"ms":1028604,"deaf":15430,"d":"tx","peer":241,"type":3,"schema":0,"frag":1,"seq":45,"rssi":null,"snr":null,"st":0,"rx":5}]}
  1272.52 BRG CHAN,1027,1028199,1003,78,21,19,0,-330,-1150,-947
  1272.88 MQTT lran/bridge/diag/rxlog/log {"lost":0,"f":[{"i":106,"ms":1029540,"deaf":15622,"d":"rx","peer":241,"type":4,"schema":254,"frag":1,"seq":18,"rssi":-34,"snr":11,"st":0,"rx":0}]}
  1272.92 BRG poll: f1 answered in 963 ms (window 10000 ms)
  1272.92 BRG FRAME #106 rx t=1029540 peer=0xf1 type=4 schema=254 frag=0x01 seq=18 rssi=-34 snr=11 st=0 rx=0 deaf=15622
  1273.54 BRG CHAN,1028,1029202,1009,101,0,35,1,-330,-1150,-867
  1273.95 BRG FRAME #107 tx t=1030602 peer=0xf2 type=3 schema=0 frag=0x01 seq=46 rssi=- snr=- st=0 rx=5 deaf=15643
  1274.04 MQTT lran/bridge/diag/rxlog/log {"lost":0,"f":[{"i":107,"ms":1030602,"deaf":15643,"d":"tx","peer":242,"type":3,"schema":0,"frag":1,"seq":46,"rssi":null,"snr":null,"st":0,"rx":5}]}
  1274.56 BRG CHANSUM,970,1029,60,60030,5937,63,141,1,8,0,-330,-1160,-1150,-1151
  1321.60 BRG CHAN,1076,1077220,1000,100,0,2,0,-1090,-1160,-1139
  1322.01 BRG FRAME #108 tx t=1078601 peer=0xf0 type=3 schema=0 frag=0x01 seq=47 rssi=- snr=- st=0 rx=5 deaf=15856
  1322.06 MQTT lran/bridge/diag/rxlog/log {"lost":0,"f":[{"i":108,"ms":1078601,"deaf":15856,"d":"tx","peer":240,"type":3,"schema":0,"frag":1,"seq":47,"rssi":null,"snr":null,"st":0,"rx":5}]}
  1331.89 MQTT lran/bridge/diag/state {"rx_crc_err":0,"rx_runt":0,"rx_oversize":0,"rx_bad_crc":0,"rx_bad_ver":0,"rx_not_addressed":0,"rx_unknown_hdr_ext":0,"rx_bad_frag":0,"rx_unknown_type":0,"rx_unknown_schema":0,"rx_bad_length":0,"rx_not_fragmentable":0,"rx_rejected_ctx":0,"rx_rejected_mac":0,"rx_unknown_src":0,"rx_reassembly_timeout":0,"rx_fragment_overflow":0,"rx_reassembly_abandoned":0,"rx_rejected_seq":0,"rx_frag_duplicate":0,"rx_frag_late":0,"rx_dup_command":0,"rx_dropped":0,"rx_frames":39,"ctx_rolls":3,"ctx_roll_failed":0}
  1331.90 MQTT lran/bridge/diag/radio/state {"tx_frames":70,"cad_backoffs":4,"errors_suppressed":0,"cad_deferred":0,"cad_free":70,"rx_deaf_ms":16048,"cad_errors":0,"tx_forced":0,"tx_errors":0,"tx_timeouts":0,"tx_dropped_no_radio":0,"rx_driver_errors":0,"rx_no_interrupt":0,"rx_wake_empty":0,"begin_failures":0,"last_begin_status":0,"q_rx_dropped":0,"q_rx_high_water":1,"q_publish_dropped":0,"q_publish_high_water":22,"q_tx_dropped":0,"q_tx_high_water":1,"q_log_dropped":0,"q_log_high_water":2,"q_command_dropped":0,"q_command_high_water":1,"q_config_dropped":0,"q_config_high_water":0,"q_event_dropped":0,"q_event_high_water":0,"q_hex_dropped":0,"q_hex_high_water":0}
  1331.90 MQTT lran/bridge/diag/cmd/state {"cmd_submitted":3,"cmd_refused_busy":0,"cmd_sent":8,"cmd_retries":5,"cmd_acked":0,"cmd_no_ack":2,"cmd_resyncs":0,"cmd_resync_failed":0,"cmd_unconfirmed":1,"cmd_ack_ignored":0,"cmd_refused_roll_pending":0,"roll_sent":3,"roll_retries":0,"roll_busy":0,"roll_by_rejected_ctx":0}
  1331.90 MQTT lran/bridge/diag/publish/state {"status_frames":23,"documents":0,"unchanged":0,"heartbeats":0,"event_frames":1,"events":0,"event_repeats":0,"bench_withheld":24,"queue_refused":0,"undecodable":0}
  1331.90 MQTT lran/simnode0/diag/state {"rssi_dbm":-28,"snr_db":11,"last_seen_s":967,"missed_polls":13,"proto_ver":2,"unsupported_ver":null}
  1331.90 MQTT lran/simnode1/diag/state {"rssi_dbm":-34,"snr_db":11,"last_seen_s":59,"missed_polls":0,"proto_ver":2,"unsupported_ver":null}
  1331.90 MQTT lran/simnode2/diag/state {"rssi_dbm":-28,"snr_db":11,"last_seen_s":965,"missed_polls":12,"proto_ver":2,"unsupported_ver":null}
  1331.98 BRG FRAME #109 tx t=1088604 peer=0xf1 type=3 schema=0 frag=0x01 seq=48 rssi=- snr=- st=0 rx=5 deaf=16073
  1331.98 MQTT lran/bridge/diag/rxlog/log {"lost":0,"f":[{"i":109,"ms":1088604,"deaf":16073,"d":"tx","peer":241,"type":3,"schema":0,"frag":1,"seq":48,"rssi":null,"snr":null,"st":0,"rx":5}]}
  1332.59 BRG CHAN,1087,1088229,1003,78,21,22,0,-330,-1160,-922
  1332.79 BRG poll: f1 answered in 963 ms (window 10000 ms)
  1332.79 BRG FRAME #110 rx t=1089540 peer=0xf1 type=4 schema=254 frag=0x01 seq=19 rssi=-34 snr=12 st=0 rx=0 deaf=16265
  1332.89 MQTT lran/bridge/diag/rxlog/log {"lost":0,"f":[{"i":110,"ms":1089540,"deaf":16265,"d":"rx","peer":241,"type":4,"schema":254,"frag":1,"seq":19,"rssi":-34,"snr":12,"st":0,"rx":0}]}
  1333.61 BRG CHAN,1088,1089232,1009,101,0,32,1,-330,-1150,-890
  1333.99 MQTT lran/bridge/diag/rxlog/log {"lost":0,"f":[{"i":111,"ms":1090602,"deaf":16286,"d":"tx","peer":242,"type":3,"schema":0,"frag":1,"seq":49,"rssi":null,"snr":null,"st":0,"rx":5}]}
  1334.02 BRG FRAME #111 tx t=1090602 peer=0xf2 type=3 schema=0 frag=0x01 seq=49 rssi=- snr=- st=0 rx=5 deaf=16286
  1334.63 BRG CHANSUM,1030,1089,60,60030,5937,63,56,1,3,0,-330,-1160,-1150,-1150
  1342.41 CMD mark fa97e9
  1342.41 CMD mark ota-run-4
  1342.41 CMD pub lran/simnode0/cmd/reboot/set 165
  1342.41 MQTT lran/simnode0/cmd/reboot/set 165
  1343.60 BRG CHAN,1098,1099250,1000,100,0,1,0,-1100,-1160,-1139
  1344.01 BRG FRAME #112 tx t=1100605 peer=0xf0 type=1 schema=0 frag=0x01 seq=3 rssi=- snr=- st=0 rx=5 deaf=16503
  1344.04 MQTT lran/bridge/diag/rxlog/log {"lost":0,"f":[{"i":112,"ms":1100605,"deaf":16503,"d":"tx","peer":240,"type":1,"schema":0,"frag":1,"seq":3,"rssi":null,"snr":null,"st":0,"rx":5}]}
  1346.66 BRG CHAN,1101,1102254,1000,100,0,1,0,-820,-1150,-1138
  1374.95 BRG FRAME #113 tx t=1131609 peer=0xf0 type=1 schema=0 frag=0x01 seq=3 rssi=- snr=- st=0 rx=5 deaf=16761
  1374.98 MQTT lran/bridge/diag/rxlog/log {"lost":0,"f":[{"i":113,"ms":1131609,"deaf":16761,"d":"tx","peer":240,"type":1,"schema":0,"frag":1,"seq":3,"rssi":null,"snr":null,"st":0,"rx":5}]}
  1392.88 MQTT lran/bridge/diag/state {"rx_crc_err":0,"rx_runt":0,"rx_oversize":0,"rx_bad_crc":0,"rx_bad_ver":0,"rx_not_addressed":0,"rx_unknown_hdr_ext":0,"rx_bad_frag":0,"rx_unknown_type":0,"rx_unknown_schema":0,"rx_bad_length":0,"rx_not_fragmentable":0,"rx_rejected_ctx":0,"rx_rejected_mac":0,"rx_unknown_src":0,"rx_reassembly_timeout":0,"rx_fragment_overflow":0,"rx_reassembly_abandoned":0,"rx_rejected_seq":0,"rx_frag_duplicate":0,"rx_frag_late":0,"rx_dup_command":0,"rx_dropped":0,"rx_frames":40,"ctx_rolls":3,"ctx_roll_failed":0}
  1392.89 MQTT lran/bridge/diag/radio/state {"tx_frames":74,"cad_backoffs":4,"errors_suppressed":0,"cad_deferred":0,"cad_free":74,"rx_deaf_ms":16994,"cad_errors":0,"tx_forced":0,"tx_errors":0,"tx_timeouts":0,"tx_dropped_no_radio":0,"rx_driver_errors":0,"rx_no_interrupt":0,"rx_wake_empty":0,"begin_failures":0,"last_begin_status":0,"q_rx_dropped":0,"q_rx_high_water":1,"q_publish_dropped":0,"q_publish_high_water":22,"q_tx_dropped":0,"q_tx_high_water":1,"q_log_dropped":0,"q_log_high_water":2,"q_command_dropped":0,"q_command_high_water":1,"q_config_dropped":0,"q_config_high_water":0,"q_event_dropped":0,"q_event_high_water":0,"q_hex_dropped":0,"q_hex_high_water":0}
  1392.89 MQTT lran/bridge/diag/cmd/state {"cmd_submitted":4,"cmd_refused_busy":0,"cmd_sent":10,"cmd_retries":6,"cmd_acked":0,"cmd_no_ack":2,"cmd_resyncs":0,"cmd_resync_failed":0,"cmd_unconfirmed":1,"cmd_ack_ignored":0,"cmd_refused_roll_pending":0,"roll_sent":3,"roll_retries":0,"roll_busy":0,"roll_by_rejected_ctx":0}
  1392.89 MQTT lran/bridge/diag/publish/state {"status_frames":24,"documents":0,"unchanged":0,"heartbeats":0,"event_frames":1,"events":0,"event_repeats":0,"bench_withheld":25,"queue_refused":0,"undecodable":0}
  1392.89 MQTT lran/simnode0/diag/state {"rssi_dbm":-28,"snr_db":11,"last_seen_s":1028,"missed_polls":13,"proto_ver":2,"unsupported_ver":null}
  1392.90 MQTT lran/simnode1/diag/state {"rssi_dbm":-34,"snr_db":12,"last_seen_s":60,"missed_polls":0,"proto_ver":2,"unsupported_ver":null}
  1392.90 MQTT lran/simnode2/diag/state {"rssi_dbm":-28,"snr_db":11,"last_seen_s":1026,"missed_polls":13,"proto_ver":2,"unsupported_ver":null}
  1394.72 BRG CHANSUM,1090,1149,60,60008,5948,50,2,0,2,0,-820,-1170,-1150,-1151
  1398.59 BRG CHAN,1153,1154258,1000,100,0,8,0,-920,-1150,-1126
  1403.69 BRG CHAN,1158,1159258,1000,100,0,1,0,-1090,-1150,-1141
  1405.88 MQTT lran/simnode0/cmd/ack {"outcome":"no_ack","seq":3,"attempts":2,"result":0,"detail":0}
  1405.93 BRG cmd: f0 seq 3 -> outcome 2 result 0 detail 0
  1405.93 BRG [1162724][E][ArduinoOTA.cpp:211] _onRx(): 200 was expected. got 0 instead
  1406.33 BRG [1162932][E][ArduinoOTA.cpp:211] _onRx(): 200 was expected. got 0 instead
  1406.53 BRG OTA: upload started
  1409.58 BRG CHAN,1164,1165273,1011,84,0,1,0,-1100,-1170,-1135
  1410.60 BRG CHAN,1165,1166284,1008,86,0,1,0,-1100,-1160,-1137
  1414.67 BRG CHAN,1169,1170416,1005,94,0,1,0,-1100,-1160,-1137
  1415.89 BRG CHAN,1170,1171421,1000,83,0,1,0,-1100,-1160,-1138
  1416.70 BRG CHAN,1171,1172421,1006,84,0,3,0,-1100,-1160,-1137
  1417.71 BRG CHAN,1172,1173427,1001,83,0,1,0,-1100,-1160,-1137
  1418.73 BRG CHAN,1173,1174428,1003,84,0,1,0,-1100,-1160,-1136
  1420.77 BRG CHAN,1175,1176433,1049,89,0,1,0,-1100,-1160,-1140
  1422.81 BRG CHAN,1177,1178510,1004,95,0,1,0,-1100,-1150,-1136
  1423.83 BRG CHAN,1178,1179514,1003,94,0,1,0,-1100,-1160,-1137
  1424.23 BRG OTA: upload complete, rebooting
  1424.44 BRG [1181039][W][WiFiGeneric.cpp:1062] _eventCallback(): Reason: 8 - ASSOC_LEAVE
  1424.44 BRG ESP-ROM:esp32s3-20210327
  1424.44 BRG Build:Mar 27 2021
  1424.44 BRG rst:0xc (RTC_SW_CPU_RST),boot:0x9 (SPI_FAST_FLASH_BOOT)
  1424.44 BRG Saved PC:0x4037739c
  1424.44 BRG SPIWP:0xee
  1424.44 BRG mode:DIO, clock div:1
  1424.44 BRG load:0x3fce3808,len:0x4bc
  1424.44 BRG load:0x403c9700,len:0xbd8
  1424.44 BRG load:0x403cc700,len:0x2a0c
  1424.44 BRG entry 0x403c98d0
  1424.85 BRG LRAN Bridge Node - node 0x00
  1424.85 BRG Binding spec: LRAN-Protocol-Specification v0.17 (ver = 2)
  1424.85 BRG PHY: 917.4 MHz, SF9, BW 125 kHz, CR 4/5, -4 dBm conducted, 3.0 dBi
  1424.85 BRG Version: 0.1.0 (32503d5-dirty)
  1424.85 BRG Slot: app1
  1424.85 BRG Image state: pending_verify
  1424.85 BRG Reset: software
  1424.85 BRG CHAN-BOOT,32503d5-dirty,917400000,9,1250,1000,-1100,10
  1424.94 BRG WiFi SSID: McLeeNet
  1424.94 BRG MQTT broker: 192.168.2.52:1883
  1424.94 BRG Registry: 0x01 0x02 0xF0(bench) 0xF1(bench) 0xF2(bench) 0xF3(bench)
  1424.94 BRG boot: count 55
  1424.94 BRG Config: 19 stored value(s) restored
  1424.94 BRG Tasks started: 7
  1424.94 BRG WiFi, MQTT, OTA, the radio link, the registry and HA discovery.
  1424.94 BRG levers: gen 2 - diag 60 s, poll reply 10000 ms, mis[   617][W][WiFiGeneric.cpp:1062] _eventCallback(): Reason: 8 - ASSOC_LEAVE
  1425.14 BRG sed 3, cmd ack 30000 ms x1, config ack 8000 ms, readback 15000 ms, hex rsp 3000 ms, arm 300 s, charge readback 0 h, simnode diag on
  1425.14 BRG mqtt: stack high-water 4608 bytes free of 6144
  1425.14 BRG LoRa: radio up - 917400000 Hz, SF9, BW 125.0 kHz, CR 4/5, -4 dBm conducted, 3.0 dBi antenna
  1425.14 BRG LoRa: stack high-water 6036 bytes free
  1425.14 BRG FRAME #0 tx t=709 peer=0xf0 type=3 schema=0 frag=0x01 seq=1 rssi=- snr=- st=0 rx=5 deaf=25
  1425.14 BRG [   786][I][esp32-hal-i2c.c:75] i2cInit(): Initialising I2C Master: sda=17 scl=18 freq=100000
  1425.14 BRG [   795][W][Wire.cpp:301] begin(): Bus already started in Master Mode.
  1425.75 BRG [  1330][I][ArduinoOTA.cpp:141] begin(): OTA server at: lran-bridge.local:3232
  1425.75 BRG OTA: listening as lran-bridge
  1425.75 MQTT lran/bridge/availability offline
  1425.84 MQTT lran/bridge/availability online
  1425.84 MQTT lran/bridge/version {"version":"0.1.0","git":"32503d5-dirty","slot":"app1","ota_state":"pending_verify"}
  1425.85 MQTT lran/bridge/diag/state {"rx_crc_err":0,"rx_runt":0,"rx_oversize":0,"rx_bad_crc":0,"rx_bad_ver":0,"rx_not_addressed":0,"rx_unknown_hdr_ext":0,"rx_bad_frag":0,"rx_unknown_type":0,"rx_unknown_schema":0,"rx_bad_length":0,"rx_not_fragmentable":0,"rx_rejected_ctx":0,"rx_rejected_mac":0,"rx_unknown_src":0,"rx_reassembly_timeout":0,"rx_fragment_overflow":0,"rx_reassembly_abandoned":0,"rx_rejected_seq":0,"rx_frag_duplicate":0,"rx_frag_late":0,"rx_dup_command":0,"rx_dropped":0,"rx_frames":0,"ctx_rolls":0,"ctx_roll_failed":0}
  1425.85 MQTT lran/bridge/diag/radio/state {"tx_frames":0,"cad_backoffs":0,"errors_suppressed":0,"cad_deferred":0,"cad_free":0,"rx_deaf_ms":0,"cad_errors":0,"tx_forced":0,"tx_errors":0,"tx_timeouts":0,"tx_dropped_no_radio":0,"rx_driver_errors":0,"rx_no_interrupt":0,"rx_wake_empty":0,"begin_failures":0,"last_begin_status":0,"q_rx_dropped":0,"q_rx_high_water":0,"q_publish_dropped":0,"q_publish_high_water":0,"q_tx_dropped":0,"q_tx_high_water":1,"q_log_dropped":0,"q_log_high_water":1,"q_command_dropped":0,"q_command_high_water":0,"q_config_dropped":0,"q_config_high_water":0,"q_event_dropped":0,"q_event_high_water":0,"q_hex_dropped":0,"q_hex_high_water":0}
  1425.85 MQTT lran/bridge/diag/cmd/state {"cmd_submitted":0,"cmd_refused_busy":0,"cmd_sent":0,"cmd_retries":0,"cmd_acked":0,"cmd_no_ack":0,"cmd_resyncs":0,"cmd_resync_failed":0,"cmd_unconfirmed":0,"cmd_ack_ignored":0,"cmd_refused_roll_pending":0,"roll_sent":0,"roll_retries":0,"roll_busy":0,"roll_by_rejected_ctx":0}
  1425.86 MQTT lran/bridge/diag/publish/state {"status_frames":0,"documents":0,"unchanged":0,"heartbeats":0,"event_frames":0,"events":0,"event_repeats":0,"bench_withheld":0,"queue_refused":0,"undecodable":0}
  1425.92 MQTT lran/simnode0/diag/state {"rssi_dbm":null,"snr_db":null,"last_seen_s":null,"missed_polls":0,"proto_ver":null,"unsupported_ver":null}
  1425.92 MQTT lran/simnode1/diag/state {"rssi_dbm":null,"snr_db":null,"last_seen_s":null,"missed_polls":0,"proto_ver":null,"unsupported_ver":null}
  1425.92 MQTT lran/simnode2/diag/state {"rssi_dbm":null,"snr_db":null,"last_seen_s":null,"missed_polls":0,"proto_ver":null,"unsupported_ver":null}
  1425.92 MQTT lran/bridge/diag/rxlog/log {"lost":0,"f":[{"i":0,"ms":709,"deaf":25,"d":"tx","peer":240,"type":3,"schema":0,"frag":1,"seq":1,"rssi":null,"snr":null,"st":0,"rx":5}]}
  1425.96 BRG mqtt: connected, heap free 33276, lowest 28176
  1426.02 MQTT lran/gatelink/vedirect/write_enable/state OFF
  1426.03 MQTT lran/gatelink/vedirect/charge/state {"charge_absorption_voltage_v":null,"charge_float_voltage_v":null,"charge_equalisation_voltage_v":null,"charge_auto_equalisation":null,"charge_temp_compensation_mv_k":null,"charge_battery_type":null,"charge_max_current_a":null,"charge_absorption_time_limit_h":null,"charge_system_voltage_v":null,"charge_low_temp_level_c":null}
  1426.03 MQTT lran/simnode0/vedirect/write_enable/state OFF
  1426.03 MQTT lran/simnode0/vedirect/charge/state {"charge_absorption_voltage_v":null,"charge_float_voltage_v":null,"charge_equalisation_voltage_v":null,"charge_auto_equalisation":null,"charge_temp_compensation_mv_k":null,"charge_battery_type":null,"charge_max_current_a":null,"charge_absorption_time_limit_h":null,"charge_system_voltage_v":null,"charge_low_temp_level_c":null}
  1426.03 MQTT lran/simnode1/vedirect/write_enable/state OFF
  1426.03 MQTT lran/simnode1/vedirect/charge/state {"charge_absorption_voltage_v":null,"charge_float_voltage_v":null,"charge_equalisation_voltage_v":null,"charge_auto_equalisation":null,"charge_temp_compensation_mv_k":null,"charge_battery_type":null,"charge_max_current_a":null,"charge_absorption_time_limit_h":null,"charge_system_voltage_v":null,"charge_low_temp_level_c":null}
  1426.03 MQTT lran/simnode2/vedirect/write_enable/state OFF
  1426.03 MQTT lran/simnode2/vedirect/charge/state {"charge_absorption_voltage_v":null,"charge_float_voltage_v":null,"charge_equalisation_voltage_v":null,"charge_auto_equalisation":null,"charge_temp_compensation_mv_k":null,"charge_battery_type":null,"charge_max_current_a":null,"charge_absorption_time_limit_h":null,"charge_system_voltage_v":null,"charge_low_temp_level_c":null}
  1426.12 MQTT lran/simnode3/vedirect/write_enable/state OFF
  1426.12 MQTT lran/simnode3/vedirect/charge/state {"charge_absorption_voltage_v":null,"charge_float_voltage_v":null,"charge_equalisation_voltage_v":null,"charge_auto_equalisation":null,"charge_temp_compensation_mv_k":null,"charge_battery_type":null,"charge_max_current_a":null,"charge_absorption_time_limit_h":null,"charge_system_voltage_v":null,"charge_low_temp_level_c":null}
  1426.12 MQTT lran/bridge/diag/state {"rx_crc_err":0,"rx_runt":0,"rx_oversize":0,"rx_bad_crc":0,"rx_bad_ver":0,"rx_not_addressed":0,"rx_unknown_hdr_ext":0,"rx_bad_frag":0,"rx_unknown_type":0,"rx_unknown_schema":0,"rx_bad_length":0,"rx_not_fragmentable":0,"rx_rejected_ctx":0,"rx_rejected_mac":0,"rx_unknown_src":0,"rx_reassembly_timeout":0,"rx_fragment_overflow":0,"rx_reassembly_abandoned":0,"rx_rejected_seq":0,"rx_frag_duplicate":0,"rx_frag_late":0,"rx_dup_command":0,"rx_dropped":0,"rx_frames":0,"ctx_rolls":0,"ctx_roll_failed":0}
  1426.13 MQTT lran/bridge/diag/radio/state {"tx_frames":1,"cad_backoffs":0,"errors_suppressed":0,"cad_deferred":0,"cad_free":1,"rx_deaf_ms":217,"cad_errors":0,"tx_forced":0,"tx_errors":0,"tx_timeouts":0,"tx_dropped_no_radio":0,"rx_driver_errors":0,"rx_no_interrupt":0,"rx_wake_empty":0,"begin_failures":0,"last_begin_status":0,"q_rx_dropped":0,"q_rx_high_water":0,"q_publish_dropped":0,"q_publish_high_water":10,"q_tx_dropped":0,"q_tx_high_water":1,"q_log_dropped":0,"q_log_high_water":2,"q_command_dropped":0,"q_command_high_water":0,"q_config_dropped":0,"q_config_high_water":0,"q_event_dropped":0,"q_event_high_water":0,"q_hex_dropped":0,"q_hex_high_water":0}
  1426.13 MQTT lran/bridge/diag/cmd/state {"cmd_submitted":0,"cmd_refused_busy":0,"cmd_sent":0,"cmd_retries":0,"cmd_acked":0,"cmd_no_ack":0,"cmd_resyncs":0,"cmd_resync_failed":0,"cmd_unconfirmed":0,"cmd_ack_ignored":0,"cmd_refused_roll_pending":0,"roll_sent":0,"roll_retries":0,"roll_busy":0,"roll_by_rejected_ctx":0}
  1426.13 MQTT lran/bridge/diag/publish/state {"status_frames":0,"documents":0,"unchanged":0,"heartbeats":0,"event_frames":0,"events":0,"event_repeats":0,"bench_withheld":0,"queue_refused":0,"undecodable":0}
  1426.13 MQTT lran/simnode0/diag/state {"rssi_dbm":null,"snr_db":null,"last_seen_s":null,"missed_polls":0,"proto_ver":null,"unsupported_ver":null}
  1426.13 MQTT lran/simnode1/diag/state {"rssi_dbm":null,"snr_db":null,"last_seen_s":null,"missed_polls":0,"proto_ver":null,"unsupported_ver":null}
  1426.16 BRG CHAN,0,684,1003,77,22,1,0,-1080,-1160,-1140
  1426.21 MQTT lran/simnode2/diag/state {"rssi_dbm":null,"snr_db":null,"last_seen_s":null,"missed_polls":0,"proto_ver":null,"unsupported_ver":null}
  1426.23 MQTT lran/bridge/config/state {"simnode_diag_enable":{"value":1,"source":"override"},"diag_interval_s":{"value":60,"source":"override"},"missed_poll_threshold":{"value":3,"source":"default"},"poll_reply_timeout_ms":{"value":10000,"source":"default"},"command_ack_timeout_ms":{"value":30000,"source":"override"},"cmd_retries":{"value":1,"source":"override"},"cad_retries":{"value":5,"source":"default"},"backoff_max_ms":{"value":1500,"source":"default"},"frag_reassembly_timeout_ms":{"value":5000,"source":"default"},"error_min_interval_ms":{"value":1000,"source":"default"},"config_readback_timeout_ms":{"value":15000,"source":"default"},"config_ack_timeout_ms":{"value":8000,"source":"default"},"republish_interval_s":{"value":900,"source":"override"},"bms_stale_s":{"value":600,"source":"default"},"cell_mv_deadband":{"value":5,"source":"default"},"freq_hz":{"value":917400000,"source":"override"},"spreading_factor":{"value":9,"source":"override"},"bandwidth_khz":{"value":125,"source":"override"},"coding_rate_denominator":{"value":5,"source":"override"},"tx_power_dbm":{"value":-4,"source":"override"},"phy_trial_s":{"value":120,"source":"override"},"mppt_write_arm_timeout_s":{"value":300,"source":"default"},"hex_rsp_timeout_ms":{"value":3000,"source":"default"},"charge_readback_interval_h":{"value":0,"source":"override"}}
  1426.25 MQTT lran/gatelink/config/state {"poll_interval_s":{"value":60,"source":"override"},"deployed":{"value":0,"source":"default"},"dedup_cache_depth":{"value":null,"source":"default"},"frag_reassembly_timeout_ms":{"value":null,"source":"default"},"cad_retries":{"value":null,"source":"default"},"backoff_max_ms":{"value":null,"source":"default"},"freq_hz":{"value":null,"source":"default"},"spreading_factor":{"value":null,"source":"default"},"bandwidth_khz":{"value":null,"source":"default"},"coding_rate_denominator":{"value":null,"source":"default"},"tx_power_dbm":{"value":null,"source":"default"},"phy_trial_s":{"value":null,"source":"default"},"relay_pulse_ms":{"value":null,"source":"default"},"relay_min_spacing_ms":{"value":null,"source":"default"},"unlock_settle_ms":{"value":null,"source":"default"},"post_wake_settle_ms":{"value":null,"source":"default"},"command_confirm_timeout_s":{"value":null,"source":"default"},"input_poll_ms":{"value":null,"source":"default"},"input_debounce_samples":{"value":null,"source":"default"},"hold_confirm_ms":{"value":null,"source":"default"},"detect_sequence_window_ms":{"value":null,"source":"default"},"detect_sequence_idle_ms":{"value":null,"source":"default"},"held_open_alert_repeat_s":{"value":null,"source":"default"},"cause_window_ms":{"value":null,"source":"default"},"hex_timeout_ms":{"value":null,"source":"default"},"vedirect_stale_s":{"value":null,"source":"default"},"bms_poll_s":{"value":null,"source":"default"},"charge_inhibit_confirm_s":{"value":null,"source":"default"},"display_timeout_s":{"value":null,"source":"default"},"buzzer_enable":{"value":null,"source":"default"},"inject_spacing_ms":{"value":null,"source":"default"}}
  1426.32 MQTT lran/welllink/config/state {"poll_interval_s":{"value":60,"source":"default"},"deployed":{"value":0,"source":"default"},"dedup_cache_depth":{"value":null,"source":"default"},"frag_reassembly_timeout_ms":{"value":null,"source":"default"},"cad_retries":{"value":null,"source":"default"},"backoff_max_ms":{"value":null,"source":"default"},"freq_hz":{"value":null,"source":"default"},"spreading_factor":{"value":null,"source":"default"},"bandwidth_khz":{"value":null,"source":"default"},"coding_rate_denominator":{"value":null,"source":"default"},"tx_power_dbm":{"value":null,"source":"default"},"phy_trial_s":{"value":null,"source":"default"}}
  1426.33 MQTT lran/simnode0/config/state {"poll_interval_s":{"value":60,"source":"override"},"deployed":{"value":1,"source":"override"},"dedup_cache_depth":{"value":null,"source":"default"},"frag_reassembly_timeout_ms":{"value":null,"source":"default"},"cad_retries":{"value":null,"source":"default"},"backoff_max_ms":{"value":null,"source":"default"},"freq_hz":{"value":null,"source":"default"},"spreading_factor":{"value":null,"source":"default"},"bandwidth_khz":{"value":null,"source":"default"},"coding_rate_denominator":{"value":null,"source":"default"},"tx_power_dbm":{"value":null,"source":"default"},"phy_trial_s":{"value":null,"source":"default"}}
  1426.42 MQTT lran/simnode1/config/state {"poll_interval_s":{"value":60,"source":"override"},"deployed":{"value":1,"source":"override"},"dedup_cache_depth":{"value":null,"source":"default"},"frag_reassembly_timeout_ms":{"value":null,"source":"default"},"cad_retries":{"value":null,"source":"default"},"backoff_max_ms":{"value":null,"source":"default"},"freq_hz":{"value":null,"source":"default"},"spreading_factor":{"value":null,"source":"default"},"bandwidth_khz":{"value":null,"source":"default"},"coding_rate_denominator":{"value":null,"source":"default"},"tx_power_dbm":{"value":null,"source":"default"},"phy_trial_s":{"value":null,"source":"default"}}
  1426.43 MQTT lran/simnode2/config/state {"poll_interval_s":{"value":60,"source":"override"},"deployed":{"value":1,"source":"override"},"dedup_cache_depth":{"value":null,"source":"default"},"frag_reassembly_timeout_ms":{"value":null,"source":"default"},"cad_retries":{"value":null,"source":"default"},"backoff_max_ms":{"value":null,"source":"default"},"freq_hz":{"value":null,"source":"default"},"spreading_factor":{"value":null,"source":"default"},"bandwidth_khz":{"value":null,"source":"default"},"coding_rate_denominator":{"value":null,"source":"default"},"tx_power_dbm":{"value":null,"source":"default"},"phy_trial_s":{"value":null,"source":"default"}}
  1426.52 MQTT lran/simnode3/config/state {"poll_interval_s":{"value":60,"source":"default"},"deployed":{"value":0,"source":"default"},"dedup_cache_depth":{"value":null,"source":"default"},"frag_reassembly_timeout_ms":{"value":null,"source":"default"},"cad_retries":{"value":null,"source":"default"},"backoff_max_ms":{"value":null,"source":"default"},"freq_hz":{"value":null,"source":"default"},"spreading_factor":{"value":null,"source":"default"},"bandwidth_khz":{"value":null,"source":"default"},"coding_rate_denominator":{"value":null,"source":"default"},"tx_power_dbm":{"value":null,"source":"default"},"phy_trial_s":{"value":null,"source":"default"}}
  1427.18 BRG CHAN,1,1687,1000,100,0,5,0,-1080,-1160,-1138
  1428.20 BRG CHAN,2,2687,1000,100,0,5,0,-1080,-1160,-1137
  1429.22 BRG CHAN,3,3687,1000,100,0,6,0,-1080,-1160,-1136
  1430.23 BRG CHAN,4,4687,1000,100,0,3,0,-1080,-1160,-1138
  1431.25 BRG CHAN,5,5687,1000,100,0,4,0,-1070,-1160,-1140
  1435.12 BRG mqtt: stack high-water 2276 bytes free of 6144
  1435.12 BRG CHANSUM,0,9,10,10003,977,22,24,0,6,0,-1070,-1160,-1150,-1157
  1436.92 MQTT lran/bridge/diag/rxlog/log {"lost":0,"f":[{"i":1,"ms":12373,"deaf":267,"d":"tx","peer":241,"type":3,"schema":0,"frag":1,"seq":2,"rssi":null,"snr":null,"st":0,"rx":5}]}
  1436.95 BRG FRAME #1 tx t=12373 peer=0xf1 type=3 schema=0 frag=0x01 seq=2 rssi=- snr=- st=0 rx=5 deaf=267
  1437.97 BRG poll: f1 answered in 2009 ms (window 10000 ms)
  1437.97 BRG FRAME #2 rx t=13620 peer=0xf1 type=4 schema=254 frag=0x01 seq=20 rssi=-34 snr=11 st=0 rx=0 deaf=459
  1438.12 MQTT lran/bridge/diag/rxlog/log {"lost":0,"f":[{"i":2,"ms":13620,"deaf":459,"d":"rx","peer":241,"type":4,"schema":254,"frag":1,"seq":20,"rssi":-34,"snr":11,"st":0,"rx":0}]}
  1438.17 BRG CHAN,12,12691,1000,100,0,54,1,-320,-1150,-709
  1438.99 BRG availability: simnode1 online (missed_polls 0, threshold 3)
  1438.99 BRG FRAME #3 tx t=14642 peer=0xf2 type=3 schema=0 frag=0x01 seq=3 rssi=- snr=- st=0 rx=5 deaf=480
  1439.11 MQTT lran/simnode1/availability online
  1439.13 MQTT lran/bridge/diag/rxlog/log {"lost":0,"f":[{"i":3,"ms":14642,"deaf":480,"d":"tx","peer":242,"type":3,"schema":0,"frag":1,"seq":3,"rssi":null,"snr":null,"st":0,"rx":5}]}
  1440.21 BRG CHAN,14,14698,1002,85,15,1,0,-1100,-1150,-1141
  1448.97 BRG FRAME #4 tx t=24645 peer=0xf1 type=1 schema=0 frag=0x01 seq=1 rssi=- snr=- st=0 rx=5 deaf=697
  1449.12 MQTT lran/bridge/diag/rxlog/log {"lost":0,"f":[{"i":4,"ms":24645,"deaf":697,"d":"tx","peer":241,"type":1,"schema":0,"frag":1,"seq":1,"rssi":null,"snr":null,"st":0,"rx":5}]}
  1449.32 XIA roll f1 <- 00 seq 1: ctx 0xc33f5395 -> 0x0588b859, ACCEPTED
  1449.79 BRG FRAME #5 rx t=25293 peer=0xf1 type=2 schema=0 frag=0x01 seq=1 rssi=-34 snr=11 st=0 rx=0 deaf=930
  1449.82 MQTT lran/bridge/diag/rxlog/log {"lost":0,"f":[{"i":5,"ms":25293,"deaf":930,"d":"rx","peer":241,"type":2,"schema":0,"frag":1,"seq":1,"rssi":-34,"snr":11,"st":0,"rx":0}]}
  1449.99 BRG roll: f1 rolled to ctx 0x0588b859 after 1 attempt(s)
  1450.00 BRG FRAME #6 tx t=25636 peer=0xf1 type=8 schema=0 frag=0x01 seq=1 rssi=- snr=- st=0 rx=5 deaf=951
  1450.12 MQTT lran/bridge/diag/rxlog/log {"lost":0,"f":[{"i":6,"ms":25636,"deaf":951,"d":"tx","peer":241,"type":8,"schema":0,"frag":1,"seq":1,"rssi":null,"snr":null,"st":0,"rx":5}]}
  1450.20 BRG CHAN,24,24701,1002,73,26,21,1,-330,-1150,-916
  1450.34 XIA hex f1 <- 00 seq 1: read :7F7ED006A -> :7F7ED008C05D9
  1450.81 BRG FRAME #7 rx t=26330 peer=0xf1 type=9 schema=0 frag=0x01 seq=1 rssi=-34 snr=12 st=0 rx=0 deaf=1184
  1450.82 MQTT lran/bridge/diag/rxlog/log {"lost":0,"f":[{"i":7,"ms":26330,"deaf":1184,"d":"rx","peer":241,"type":9,"schema":0,"frag":1,"seq":1,"rssi":-34,"snr":12,"st":0,"rx":0}]}
  1451.01 BRG hex: f1 seq 1 read -> answered status 0 result 0, sched stack 2512 bytes free
  1451.02 MQTT lran/simnode1/vedirect/charge/state {"charge_absorption_voltage_v":14.20,"charge_float_voltage_v":null,"charge_equalisation_voltage_v":null,"charge_auto_equalisation":null,"charge_temp_compensation_mv_k":null,"charge_battery_type":null,"charge_max_current_a":null,"charge_absorption_time_limit_h":null,"charge_system_voltage_v":null,"charge_low_temp_level_c":null}
  1451.22 BRG CHAN,25,25703,1009,79,22,22,1,-330,-1160,-918
  1452.03 BRG FRAME #8 tx t=27637 peer=0xf1 type=8 schema=0 frag=0x01 seq=2 rssi=- snr=- st=0 rx=5 deaf=1209
  1452.12 MQTT lran/bridge/diag/rxlog/log {"lost":0,"f":[{"i":8,"ms":27637,"deaf":1209,"d":"tx","peer":241,"type":8,"schema":0,"frag":1,"seq":2,"rssi":null,"snr":null,"st":0,"rx":5}]}
  1452.17 XIA hex f1 <- 00 seq 2: read :7F6ED006B -> :7F6ED00460520
  1452.83 MQTT lran/bridge/diag/rxlog/log {"lost":0,"f":[{"i":9,"ms":28361,"deaf":1442,"d":"rx","peer":241,"type":9,"schema":0,"frag":1,"seq":2,"rssi":-34,"snr":11,"st":0,"rx":0}]}
  1452.85 BRG FRAME #9 rx t=28361 peer=0xf1 type=9 schema=0 frag=0x01 seq=2 rssi=-34 snr=11 st=0 rx=0 deaf=1442
  1453.02 MQTT lran/simnode1/vedirect/charge/state {"charge_absorption_voltage_v":14.20,"charge_float_voltage_v":13.50,"charge_equalisation_voltage_v":null,"charge_auto_equalisation":null,"charge_temp_compensation_mv_k":null,"charge_battery_type":null,"charge_max_current_a":null,"charge_absorption_time_limit_h":null,"charge_system_voltage_v":null,"charge_low_temp_level_c":null}
  1453.05 BRG hex: f1 seq 2 read -> answered status 0 result 0, sched stack 2512 bytes free
  1453.26 BRG CHAN,27,27713,1000,80,20,24,1,-330,-1160,-910
  1454.07 BRG FRAME #10 tx t=29634 peer=0xf1 type=8 schema=0 frag=0x01 seq=3 rssi=- snr=- st=0 rx=5 deaf=1463
  1454.16 MQTT lran/bridge/diag/rxlog/log {"lost":0,"f":[{"i":10,"ms":29634,"deaf":1463,"d":"tx","peer":241,"type":8,"schema":0,"frag":1,"seq":3,"rssi":null,"snr":null,"st":0,"rx":5}]}
  1454.20 XIA hex f1 <- 00 seq 3: read :7F4ED006D -> :7F4ED008C05DC
  1454.27 BRG CHAN,28,28713,1008,91,9,1,0,-1100,-1150,-1141
  1454.68 BRG FRAME #11 rx t=30328 peer=0xf1 type=9 schema=0 frag=0x01 seq=3 rssi=-34 snr=11 st=0 rx=0 deaf=1696
  1454.81 MQTT lran/bridge/diag/rxlog/log {"lost":0,"f":[{"i":11,"ms":30328,"deaf":1696,"d":"rx","peer":241,"type":9,"schema":0,"frag":1,"seq":3,"rssi":-34,"snr":11,"st":0,"rx":0}]}
  1455.02 MQTT lran/simnode1/vedirect/charge/state {"charge_absorption_voltage_v":14.20,"charge_float_voltage_v":13.50,"charge_equalisation_voltage_v":14.20,"charge_auto_equalisation":null,"charge_temp_compensation_mv_k":null,"charge_battery_type":null,"charge_max_current_a":null,"charge_absorption_time_limit_h":null,"charge_system_voltage_v":null,"charge_low_temp_level_c":null}
  1455.08 BRG hex: f1 seq 3 read -> answered status 0 result 0, sched stack 2512 bytes free
  1455.08 BRG CHAN,29,29721,1009,85,16,26,1,-330,-1160,-901
  1456.10 BRG FRAME #12 tx t=31641 peer=0xf1 type=8 schema=0 frag=0x01 seq=4 rssi=- snr=- st=0 rx=5 deaf=1717
  1456.12 MQTT lran/bridge/diag/rxlog/log {"lost":0,"f":[{"i":12,"ms":31641,"deaf":1717,"d":"tx","peer":241,"type":8,"schema":0,"frag":1,"seq":4,"rssi":null,"snr":null,"st":0,"rx":5}]}
  1456.24 XIA hex f1 <- 00 seq 4: read :7FDED0064 -> :7FDED000064
  1456.71 BRG FRAME #13 rx t=32335 peer=0xf1 type=9 schema=0 frag=0x01 seq=4 rssi=-34 snr=11 st=0 rx=0 deaf=1950
  1456.82 MQTT lran/bridge/diag/rxlog/log {"lost":0,"f":[{"i":13,"ms":32335,"deaf":1950,"d":"rx","peer":241,"type":9,"schema":0,"frag":1,"seq":4,"rssi":-34,"snr":11,"st":0,"rx":0}]}
  1457.02 MQTT lran/simnode1/vedirect/charge/state {"charge_absorption_voltage_v":14.20,"charge_float_voltage_v":13.50,"charge_equalisation_voltage_v":14.20,"charge_auto_equalisation":0,"charge_temp_compensation_mv_k":null,"charge_battery_type":null,"charge_max_current_a":null,"charge_absorption_time_limit_h":null,"charge_system_voltage_v":null,"charge_low_temp_level_c":null}
  1457.12 BRG hex: f1 seq 4 read -> answered status 0 result 0, sched stack 2512 bytes free
  1457.12 BRG CHAN,31,31738,1008,85,16,25,1,-330,-1160,-905
  1458.11 MQTT lran/bridge/diag/rxlog/log {"lost":0,"f":[{"i":14,"ms":33637,"deaf":1971,"d":"tx","peer":241,"type":8,"schema":0,"frag":1,"seq":5,"rssi":null,"snr":null,"st":0,"rx":5}]}
  1458.13 BRG FRAME #14 tx t=33637 peer=0xf1 type=8 schema=0 frag=0x01 seq=5 rssi=- snr=- st=0 rx=5 deaf=1971
  1458.29 XIA hex f1 <- 00 seq 5: read :7F2ED006F -> :7F2ED0000006F
  1458.73 BRG FRAME #15 rx t=34327 peer=0xf1 type=9 schema=0 frag=0x01 seq=5 rssi=-34 snr=11 st=0 rx=0 deaf=2204
  1458.84 MQTT lran/bridge/diag/rxlog/log {"lost":0,"f":[{"i":15,"ms":34327,"deaf":2204,"d":"rx","peer":241,"type":9,"schema":0,"frag":1,"seq":5,"rssi":-34,"snr":11,"st":0,"rx":0}]}
  1459.02 MQTT lran/simnode1/vedirect/charge/state {"charge_absorption_voltage_v":14.20,"charge_float_voltage_v":13.50,"charge_equalisation_voltage_v":14.20,"charge_auto_equalisation":0,"charge_temp_compensation_mv_k":0.00,"charge_battery_type":null,"charge_max_current_a":null,"charge_absorption_time_limit_h":null,"charge_system_voltage_v":null,"charge_low_temp_level_c":null}
  1459.14 BRG hex: f1 seq 5 read -> answered status 0 result 0, sched stack 2512 bytes free
  1459.14 BRG CHAN,33,33754,1005,88,13,27,1,-330,-1160,-918
  1460.12 MQTT lran/bridge/diag/rxlog/log {"lost":0,"f":[{"i":16,"ms":35640,"deaf":2225,"d":"tx","peer":241,"type":8,"schema":0,"frag":1,"seq":6,"rssi":null,"snr":null,"st":0,"rx":5}]}
  1460.16 BRG FRAME #16 tx t=35640 peer=0xf1 type=8 schema=0 frag=0x01 seq=6 rssi=- snr=- st=0 rx=5 deaf=2225
  1460.33 XIA hex f1 <- 00 seq 6: read :7F1ED0070 -> :7F1ED00FF71
  1460.77 BRG FRAME #17 rx t=36334 peer=0xf1 type=9 schema=0 frag=0x01 seq=6 rssi=-34 snr=11 st=0 rx=0 deaf=2458
  1460.82 MQTT lran/bridge/diag/rxlog/log {"lost":0,"f":[{"i":17,"ms":36334,"deaf":2458,"d":"rx","peer":241,"type":9,"schema":0,"frag":1,"seq":6,"rssi":-34,"snr":11,"st":0,"rx":0}]}
  1461.03 MQTT lran/simnode1/vedirect/charge/state {"charge_absorption_voltage_v":14.20,"charge_float_voltage_v":13.50,"charge_equalisation_voltage_v":14.20,"charge_auto_equalisation":0,"charge_temp_compensation_mv_k":0.00,"charge_battery_type":255,"charge_max_current_a":null,"charge_absorption_time_limit_h":null,"charge_system_voltage_v":null,"charge_low_temp_level_c":null}
  1461.17 BRG hex: f1 seq 6 read -> answered status 0 result 0, sched stack 2512 bytes free
  1461.17 BRG CHAN,35,35767,1008,88,13,26,1,-330,-1150,-912
  1461.98 BRG FRAME #18 tx t=37636 peer=0xf1 type=8 schema=0 frag=0x01 seq=7 rssi=- snr=- st=0 rx=5 deaf=2479
  1462.12 MQTT lran/bridge/diag/rxlog/log {"lost":0,"f":[{"i":18,"ms":37636,"deaf":2479,"d":"tx","peer":241,"type":8,"schema":0,"frag":1,"seq":7,"rssi":null,"snr":null,"st":0,"rx":5}]}
  1462.37 XIA hex f1 <- 00 seq 7: read :7F0ED0071 -> :7F0ED009600DB
  1462.79 BRG FRAME #19 rx t=38330 peer=0xf1 type=9 schema=0 frag=0x01 seq=7 rssi=-33 snr=11 st=0 rx=0 deaf=2712
  1462.82 MQTT lran/bridge/diag/rxlog/log {"lost":0,"f":[{"i":19,"ms":38330,"deaf":2712,"d":"rx","peer":241,"type":9,"schema":0,"frag":1,"seq":7,"rssi":-33,"snr":11,"st":0,"rx":0}]}
  1463.00 BRG hex: f1 seq 7 read -> answered status 0 result 0, sched stack 2512 bytes free
  1463.07 MQTT lran/simnode1/vedirect/charge/state {"charge_absorption_voltage_v":14.20,"charge_float_voltage_v":13.50,"charge_equalisation_voltage_v":14.20,"charge_auto_equalisation":0,"charge_temp_compensation_mv_k":0.00,"charge_battery_type":255,"charge_max_current_a":15.0,"charge_absorption_time_limit_h":null,"charge_system_voltage_v":null,"charge_low_temp_level_c":null}
  1463.20 BRG CHAN,37,37783,1008,91,10,27,1,-320,-1160,-914
  1464.01 BRG FRAME #20 tx t=39642 peer=0xf1 type=8 schema=0 frag=0x01 seq=8 rssi=- snr=- st=0 rx=5 deaf=2733
  1464.12 MQTT lran/bridge/diag/rxlog/log {"lost":0,"f":[{"i":20,"ms":39642,"deaf":2733,"d":"tx","peer":241,"type":8,"schema":0,"frag":1,"seq":8,"rssi":null,"snr":null,"st":0,"rx":5}]}
  1464.19 XIA hex f1 <- 00 seq 8: read :7FBED0066 -> :7FBED00C8009E
  1464.82 MQTT lran/bridge/diag/rxlog/log {"lost":0,"f":[{"i":21,"ms":40336,"deaf":2966,"d":"rx","peer":241,"type":9,"schema":0,"frag":1,"seq":8,"rssi":-34,"snr":11,"st":0,"rx":0}]}
  1464.83 BRG FRAME #21 rx t=40336 peer=0xf1 type=9 schema=0 frag=0x01 seq=8 rssi=-34 snr=11 st=0 rx=0 deaf=2966
  1465.02 MQTT lran/simnode1/vedirect/charge/state {"charge_absorption_voltage_v":14.20,"charge_float_voltage_v":13.50,"charge_equalisation_voltage_v":14.20,"charge_auto_equalisation":0,"charge_temp_compensation_mv_k":0.00,"charge_battery_type":255,"charge_max_current_a":15.0,"charge_absorption_time_limit_h":2.00,"charge_system_voltage_v":null,"charge_low_temp_level_c":null}
  1465.04 BRG hex: f1 seq 8 read -> answered status 0 result 0, sched stack 2512 bytes free
  1465.24 BRG CHAN,39,39799,1008,91,10,25,1,-320,-1150,-918
  1466.06 BRG FRAME #22 tx t=41638 peer=0xf1 type=8 schema=0 frag=0x01 seq=9 rssi=- snr=- st=0 rx=5 deaf=2987
  1466.12 MQTT lran/bridge/diag/rxlog/log {"lost":0,"f":[{"i":22,"ms":41638,"deaf":2987,"d":"tx","peer":241,"type":8,"schema":0,"frag":1,"seq":9,"rssi":null,"snr":null,"st":0,"rx":5}]}
  1466.23 XIA hex f1 <- 00 seq 9: read :7EAED0077 -> :7EAED000C6B
  1466.82 MQTT lran/bridge/diag/rxlog/log {"lost":0,"f":[{"i":23,"ms":42328,"deaf":3220,"d":"rx","peer":241,"type":9,"schema":0,"frag":1,"seq":9,"rssi":-34,"snr":12,"st":0,"rx":0}]}
  1466.87 BRG FRAME #23 rx t=42328 peer=0xf1 type=9 schema=0 frag=0x01 seq=9 rssi=-34 snr=12 st=0 rx=0 deaf=3220
  1467.02 MQTT lran/simnode1/vedirect/charge/state {"charge_absorption_voltage_v":14.20,"charge_float_voltage_v":13.50,"charge_equalisation_voltage_v":14.20,"charge_auto_equalisation":0,"charge_temp_compensation_mv_k":0.00,"charge_battery_type":255,"charge_max_current_a":15.0,"charge_absorption_time_limit_h":2.00,"charge_system_voltage_v":12,"charge_low_temp_level_c":null}
  1467.07 BRG hex: f1 seq 9 read -> answered status 0 result 0, sched stack 2512 bytes free
  1467.28 BRG CHAN,41,41815,1004,94,7,26,1,-330,-1150,-929
  1468.09 BRG FRAME #24 tx t=43641 peer=0xf1 type=8 schema=0 frag=0x01 seq=10 rssi=- snr=- st=0 rx=5 deaf=3241
  1468.12 MQTT lran/bridge/diag/rxlog/log {"lost":0,"f":[{"i":24,"ms":43641,"deaf":3241,"d":"tx","peer":241,"type":8,"schema":0,"frag":1,"seq":10,"rssi":null,"snr":null,"st":0,"rx":5}]}
  1468.27 XIA hex f1 <- 00 seq 10: read :7E0ED0081 -> :7E0ED00F4018C
  1468.70 BRG FRAME #25 rx t=44331 peer=0xf1 type=9 schema=0 frag=0x01 seq=10 rssi=-33 snr=12 st=0 rx=0 deaf=3474
  1468.81 MQTT lran/bridge/diag/rxlog/log {"lost":0,"f":[{"i":25,"ms":44331,"deaf":3474,"d":"rx","peer":241,"type":9,"schema":0,"frag":1,"seq":10,"rssi":-33,"snr":12,"st":0,"rx":0}]}
  1469.02 MQTT lran/simnode1/vedirect/charge/state {"charge_absorption_voltage_v":14.20,"charge_float_voltage_v":13.50,"charge_equalisation_voltage_v":14.20,"charge_auto_equalisation":0,"charge_temp_compensation_mv_k":0.00,"charge_battery_type":255,"charge_max_current_a":15.0,"charge_absorption_time_limit_h":2.00,"charge_system_voltage_v":12,"charge_low_temp_level_c":5.00}
  1469.11 BRG hex: f1 seq 10 read -> answered status 0 result 0, sched stack 2512 bytes free
  1469.31 BRG CHAN,43,43828,1004,94,7,25,1,-320,-1160,-937
  1477.27 BRG CHAN,51,51832,1000,100,0,2,0,-900,-1160,-1139
  1486.04 BRG FRAME #26 tx t=61637 peer=0xf0 type=3 schema=0 frag=0x01 seq=4 rssi=- snr=- st=0 rx=5 deaf=3499
  1486.12 MQTT lran/bridge/diag/state {"rx_crc_err":0,"rx_runt":0,"rx_oversize":0,"rx_bad_crc":0,"rx_bad_ver":0,"rx_not_addressed":0,"rx_unknown_hdr_ext":0,"rx_bad_frag":0,"rx_unknown_type":0,"rx_unknown_schema":0,"rx_bad_length":0,"rx_not_fragmentable":0,"rx_rejected_ctx":0,"rx_rejected_mac":0,"rx_unknown_src":0,"rx_reassembly_timeout":0,"rx_fragment_overflow":0,"rx_reassembly_abandoned":0,"rx_rejected_seq":0,"rx_frag_duplicate":0,"rx_frag_late":0,"rx_dup_command":0,"rx_dropped":0,"rx_frames":12,"ctx_rolls":1,"ctx_roll_failed":0}
  1486.12 MQTT lran/bridge/diag/radio/state {"tx_frames":14,"cad_backoffs":1,"errors_suppressed":0,"cad_deferred":0,"cad_free":14,"rx_deaf_ms":3474,"cad_errors":0,"tx_forced":0,"tx_errors":0,"tx_timeouts":0,"tx_dropped_no_radio":0,"rx_driver_errors":0,"rx_no_interrupt":0,"rx_wake_empty":0,"begin_failures":0,"last_begin_status":0,"q_rx_dropped":0,"q_rx_high_water":1,"q_publish_dropped":0,"q_publish_high_water":17,"q_tx_dropped":0,"q_tx_high_water":1,"q_log_dropped":0,"q_log_high_water":2,"q_command_dropped":0,"q_command_high_water":0,"q_config_dropped":0,"q_config_high_water":0,"q_event_dropped":0,"q_event_high_water":0,"q_hex_dropped":0,"q_hex_high_water":0}
  1486.12 MQTT lran/bridge/diag/cmd/state {"cmd_submitted":0,"cmd_refused_busy":0,"cmd_sent":0,"cmd_retries":0,"cmd_acked":0,"cmd_no_ack":0,"cmd_resyncs":0,"cmd_resync_failed":0,"cmd_unconfirmed":0,"cmd_ack_ignored":0,"cmd_refused_roll_pending":0,"roll_sent":1,"roll_retries":0,"roll_busy":0,"roll_by_rejected_ctx":0}
  1486.13 MQTT lran/bridge/diag/publish/state {"status_frames":1,"documents":0,"unchanged":0,"heartbeats":0,"event_frames":0,"events":0,"event_repeats":0,"bench_withheld":1,"queue_refused":0,"undecodable":0}
  1486.13 MQTT lran/simnode0/diag/state {"rssi_dbm":null,"snr_db":null,"last_seen_s":null,"missed_polls":1,"proto_ver":null,"unsupported_ver":null}
  1486.13 MQTT lran/simnode1/diag/state {"rssi_dbm":-33,"snr_db":12,"last_seen_s":17,"missed_polls":0,"proto_ver":2,"unsupported_ver":null}
  1486.13 MQTT lran/simnode2/diag/state {"rssi_dbm":null,"snr_db":null,"last_seen_s":null,"missed_polls":1,"proto_ver":null,"unsupported_ver":null}
  1486.13 MQTT lran/bridge/diag/rxlog/log {"lost":0,"f":[{"i":26,"ms":61637,"deaf":3499,"d":"tx","peer":240,"type":3,"schema":0,"frag":1,"seq":4,"rssi":null,"snr":null,"st":0,"rx":5}]}
  1495.21 BRG CHANSUM,10,69,60,60159,5653,351,332,12,15,0,-320,-1160,-1150,-1152
  1497.62 MQTT lran/bridge/diag/rxlog/log {"lost":0,"f":[{"i":27,"ms":73072,"deaf":3741,"d":"tx","peer":241,"type":3,"schema":0,"frag":1,"seq":5,"rssi":null,"snr":null,"st":0,"rx":5}]}
  1497.66 BRG FRAME #27 tx t=73072 peer=0xf1 type=3 schema=0 frag=0x01 seq=5 rssi=- snr=- st=0 rx=5 deaf=3741
  1498.27 BRG CHAN,72,72847,1003,78,21,37,0,-330,-1150,-759
  1498.47 BRG poll: f1 answered in 2397 ms (window 10000 ms)
  1498.47 BRG FRAME #28 rx t=74008 peer=0xf1 type=4 schema=254 frag=0x01 seq=2 rssi=-34 snr=11 st=0 rx=0 deaf=3933
  1498.53 MQTT lran/bridge/diag/rxlog/log {"lost":0,"f":[{"i":28,"ms":74008,"deaf":3933,"d":"rx","peer":241,"type":4,"schema":254,"frag":1,"seq":2,"rssi":-34,"snr":11,"st":0,"rx":0}]}
  1499.07 BRG FRAME #29 tx t=74640 peer=0xf2 type=3 schema=0 frag=0x01 seq=6 rssi=- snr=- st=0 rx=5 deaf=3954
  1499.12 MQTT lran/bridge/diag/rxlog/log {"lost":0,"f":[{"i":29,"ms":74640,"deaf":3954,"d":"tx","peer":242,"type":3,"schema":0,"frag":1,"seq":6,"rssi":null,"snr":null,"st":0,"rx":5}]}
  1499.28 BRG CHAN,73,73850,1008,79,21,17,1,-330,-1160,-975
  1544.44 BRG OTA: image verified - marked valid, rollback cancelled
  1545.95 MQTT lran/bridge/diag/state {"rx_crc_err":0,"rx_runt":0,"rx_oversize":0,"rx_bad_crc":0,"rx_bad_ver":0,"rx_not_addressed":0,"rx_unknown_hdr_ext":0,"rx_bad_frag":0,"rx_unknown_type":0,"rx_unknown_schema":0,"rx_bad_length":0,"rx_not_fragmentable":0,"rx_rejected_ctx":0,"rx_rejected_mac":0,"rx_unknown_src":0,"rx_reassembly_timeout":0,"rx_fragment_overflow":0,"rx_reassembly_abandoned":0,"rx_rejected_seq":0,"rx_frag_duplicate":0,"rx_frag_late":0,"rx_dup_command":0,"rx_dropped":0,"rx_frames":13,"ctx_rolls":1,"ctx_roll_failed":0}
  1545.96 MQTT lran/bridge/diag/radio/state {"tx_frames":17,"cad_backoffs":2,"errors_suppressed":0,"cad_deferred":0,"cad_free":17,"rx_deaf_ms":4146,"cad_errors":0,"tx_forced":0,"tx_errors":0,"tx_timeouts":0,"tx_dropped_no_radio":0,"rx_driver_errors":0,"rx_no_interrupt":0,"rx_wake_empty":0,"begin_failures":0,"last_begin_status":0,"q_rx_dropped":0,"q_rx_high_water":1,"q_publish_dropped":0,"q_publish_high_water":17,"q_tx_dropped":0,"q_tx_high_water":1,"q_log_dropped":0,"q_log_high_water":2,"q_command_dropped":0,"q_command_high_water":0,"q_config_dropped":0,"q_config_high_water":0,"q_event_dropped":0,"q_event_high_water":0,"q_hex_dropped":0,"q_hex_high_water":0}
  1545.96 MQTT lran/bridge/diag/cmd/state {"cmd_submitted":0,"cmd_refused_busy":0,"cmd_sent":0,"cmd_retries":0,"cmd_acked":0,"cmd_no_ack":0,"cmd_resyncs":0,"cmd_resync_failed":0,"cmd_unconfirmed":0,"cmd_ack_ignored":0,"cmd_refused_roll_pending":0,"roll_sent":1,"roll_retries":0,"roll_busy":0,"roll_by_rejected_ctx":0}
  1545.96 MQTT lran/bridge/diag/publish/state {"status_frames":2,"documents":0,"unchanged":0,"heartbeats":0,"event_frames":0,"events":0,"event_repeats":0,"bench_withheld":2,"queue_refused":0,"undecodable":0}
  1545.96 MQTT lran/simnode0/diag/state {"rssi_dbm":null,"snr_db":null,"last_seen_s":null,"missed_polls":2,"proto_ver":null,"unsupported_ver":null}
  1545.96 MQTT lran/simnode1/diag/state {"rssi_dbm":-34,"snr_db":11,"last_seen_s":47,"missed_polls":0,"proto_ver":2,"unsupported_ver":null}
  1545.96 MQTT lran/simnode2/diag/state {"rssi_dbm":null,"snr_db":null,"last_seen_s":null,"missed_polls":2,"proto_ver":null,"unsupported_ver":null}
  1546.06 BRG FRAME #30 tx t=121636 peer=0xf0 type=3 schema=0 frag=0x01 seq=7 rssi=- snr=- st=0 rx=5 deaf=4167
  1546.08 MQTT lran/bridge/diag/rxlog/log {"lost":0,"f":[{"i":30,"ms":121636,"deaf":4167,"d":"tx","peer":240,"type":3,"schema":0,"frag":1,"seq":7,"rssi":null,"snr":null,"st":0,"rx":5}]}
  1555.22 BRG CHANSUM,70,129,60,60028,5931,65,54,1,2,0,-330,-1160,-1150,-1152
  1555.96 MQTT lran/simnode0/availability offline
  1556.03 BRG availability: simnode0 offline (missed_polls 3, threshold 3)
  1556.03 BRG FRAME #31 tx t=131639 peer=0xf1 type=3 schema=0 frag=0x01 seq=8 rssi=- snr=- st=0 rx=5 deaf=4384
  1556.05 MQTT lran/bridge/diag/rxlog/log {"lost":0,"f":[{"i":31,"ms":131639,"deaf":4384,"d":"tx","peer":241,"type":3,"schema":0,"frag":1,"seq":8,"rssi":null,"snr":null,"st":0,"rx":5}]}
  1556.85 BRG poll: f1 answered in 964 ms (window 10000 ms)
  1556.85 BRG FRAME #32 rx t=132575 peer=0xf1 type=4 schema=254 frag=0x01 seq=3 rssi=-34 snr=11 st=0 rx=0 deaf=4576
  1557.01 MQTT lran/bridge/diag/rxlog/log {"lost":0,"f":[{"i":32,"ms":132575,"deaf":4576,"d":"rx","peer":241,"type":4,"schema":254,"frag":1,"seq":3,"rssi":-34,"snr":11,"st":0,"rx":0}]}
  1557.25 BRG CHAN,131,131877,1009,101,0,54,1,-330,-1150,-720
  1559.09 BRG FRAME #33 tx t=134637 peer=0xf2 type=3 schema=0 frag=0x01 seq=9 rssi=- snr=- st=0 rx=5 deaf=4597
  1559.16 MQTT lran/bridge/diag/rxlog/log {"lost":0,"f":[{"i":33,"ms":134637,"deaf":4597,"d":"tx","peer":242,"type":3,"schema":0,"frag":1,"seq":9,"rssi":null,"snr":null,"st":0,"rx":5}]}
  1564.40 CMD mark cc0242
  1564.40 CMD pub lran/bridge/config/set {"set":{"command_ack_timeout_ms":3000,"cmd_retries":3}}
  1564.40 CMD release HEL
  1564.41 MQTT lran/bridge/config/set {"set":{"command_ack_timeout_ms":3000,"cmd_retries":3}}
  1564.61 HEL ESP-ROM:esp32s3-20210327
  1564.61 HEL Build:Mar 27 2021
  1564.61 HEL rst:0x1 (POWERON),boot:0x8 (SPI_FAST_FLASH_BOOT)
  1564.61 HEL SPIWP:0xee
  1564.61 HEL mode:DIO, clock div:1
  1564.61 HEL load:0x3fce3808,len:0x4bc
  1564.61 HEL load:0x403c9700,len:0xbd8
  1564.61 HEL load:0x403cc700,len:0x2a0c
  1564.61 HEL entry 0x403c98d0
  1564.66 MQTT lran/bridge/config/ack {"op":"set","persist":"persisted","results":{"command_ack_timeout_ms":{"status":"ok","value":3000},"cmd_retries":{"status":"ok","value":3}}}
  1565.00 BRG levers: gen 4 - diag 60 s, poll reply 10000 ms, missed 3, cmd ack 3000 ms x3, config ack 8000 ms, readback 15000 ms, hex rsp 3000 ms, arm 300 s, charge readback 0 h, simnode diag on
  1565.00 BRG mqtt: stack high-water 1872 bytes free of 6144
  1565.20 BRG CHAN,139,139895,1002,97,0,6,0,-1090,-1150,-1138
  1565.95 MQTT lran/bridge/config/state {"simnode_diag_enable":{"value":1,"source":"override"},"diag_interval_s":{"value":60,"source":"override"},"missed_poll_threshold":{"value":3,"source":"default"},"poll_reply_timeout_ms":{"value":10000,"source":"default"},"command_ack_timeout_ms":{"value":3000,"source":"override"},"cmd_retries":{"value":3,"source":"override"},"cad_retries":{"value":5,"source":"default"},"backoff_max_ms":{"value":1500,"source":"default"},"frag_reassembly_timeout_ms":{"value":5000,"source":"default"},"error_min_interval_ms":{"value":1000,"source":"default"},"config_readback_timeout_ms":{"value":15000,"source":"default"},"config_ack_timeout_ms":{"value":8000,"source":"default"},"republish_interval_s":{"value":900,"source":"override"},"bms_stale_s":{"value":600,"source":"default"},"cell_mv_deadband":{"value":5,"source":"default"},"freq_hz":{"value":917400000,"source":"override"},"spreading_factor":{"value":9,"source":"override"},"bandwidth_khz":{"value":125,"source":"override"},"coding_rate_denominator":{"value":5,"source":"override"},"tx_power_dbm":{"value":-4,"source":"override"},"phy_trial_s":{"value":120,"source":"override"},"mppt_write_arm_timeout_s":{"value":300,"source":"default"},"hex_rsp_timeout_ms":{"value":3000,"source":"default"},"charge_readback_interval_h":{"value":0,"source":"override"}}
  1566.21 BRG CHAN,140,140897,1000,100,0,1,0,-1080,-1160,-1142
  1566.24 HEL LRAN simnode - bench nodes 0xF0-0xF3
  1566.24 HEL Binding spec: LRAN-Protocol-Specification v0.17 (ver = 2)
  1566.24 HEL Board: heltec_wifi_lora_32_V3
  1566.24 HEL Reset cause: POWER_ON (esp_reset_reason 1), boot_count 22
  1566.24 HEL id f0 ROLE_RANGE ctx 0x99bd187e
  1566.24 HEL id f2 ROLE_HEALTH ctx 0x768aa158
  1566.45 HEL [  1847][W][Wire.cpp:301] begin(): Bus already started in Master Mode.
  1566.45 HEL OLED: up
  1566.45 HEL radio: up - 917400000 Hz, SF9, BW 125.0 kHz, CR 4/5, -4 dBm conducted, 3.0 dBi antenna
  1566.45 HEL B0: identities, console, faults, OLED; all four roles. Type 'help'.
  1568.99 MQTT lran/simnode2/availability offline
  1569.07 BRG availability: simnode2 offline (missed_polls 3, threshold 3)
  1569.27 BRG CHAN,143,143897,1000,100,0,1,0,-1100,-1150,-1142
  1605.95 MQTT lran/bridge/diag/state {"rx_crc_err":0,"rx_runt":0,"rx_oversize":0,"rx_bad_crc":0,"rx_bad_ver":0,"rx_not_addressed":0,"rx_unknown_hdr_ext":0,"rx_bad_frag":0,"rx_unknown_type":0,"rx_unknown_schema":0,"rx_bad_length":0,"rx_not_fragmentable":0,"rx_rejected_ctx":0,"rx_rejected_mac":0,"rx_unknown_src":0,"rx_reassembly_timeout":0,"rx_fragment_overflow":0,"rx_reassembly_abandoned":0,"rx_rejected_seq":0,"rx_frag_duplicate":0,"rx_frag_late":0,"rx_dup_command":0,"rx_dropped":0,"rx_frames":14,"ctx_rolls":1,"ctx_roll_failed":0}
  1605.96 MQTT lran/bridge/diag/radio/state {"tx_frames":20,"cad_backoffs":2,"errors_suppressed":0,"cad_deferred":0,"cad_free":20,"rx_deaf_ms":4789,"cad_errors":0,"tx_forced":0,"tx_errors":0,"tx_timeouts":0,"tx_dropped_no_radio":0,"rx_driver_errors":0,"rx_no_interrupt":0,"rx_wake_empty":0,"begin_failures":0,"last_begin_status":0,"q_rx_dropped":0,"q_rx_high_water":1,"q_publish_dropped":0,"q_publish_high_water":17,"q_tx_dropped":0,"q_tx_high_water":1,"q_log_dropped":0,"q_log_high_water":2,"q_command_dropped":0,"q_command_high_water":0,"q_config_dropped":0,"q_config_high_water":0,"q_event_dropped":0,"q_event_high_water":0,"q_hex_dropped":0,"q_hex_high_water":0}
  1605.96 MQTT lran/bridge/diag/cmd/state {"cmd_submitted":0,"cmd_refused_busy":0,"cmd_sent":0,"cmd_retries":0,"cmd_acked":0,"cmd_no_ack":0,"cmd_resyncs":0,"cmd_resync_failed":0,"cmd_unconfirmed":0,"cmd_ack_ignored":0,"cmd_refused_roll_pending":0,"roll_sent":1,"roll_retries":0,"roll_busy":0,"roll_by_rejected_ctx":0}
  1605.96 MQTT lran/bridge/diag/publish/state {"status_frames":3,"documents":0,"unchanged":0,"heartbeats":0,"event_frames":0,"events":0,"event_repeats":0,"bench_withheld":3,"queue_refused":0,"undecodable":0}
  1605.97 MQTT lran/simnode0/diag/state {"rssi_dbm":null,"snr_db":null,"last_seen_s":null,"missed_polls":3,"proto_ver":null,"unsupported_ver":null}
  1605.97 MQTT lran/simnode1/diag/state {"rssi_dbm":-34,"snr_db":11,"last_seen_s":49,"missed_polls":0,"proto_ver":2,"unsupported_ver":null}
  1605.97 MQTT lran/simnode2/diag/state {"rssi_dbm":null,"snr_db":null,"last_seen_s":null,"missed_polls":3,"proto_ver":null,"unsupported_ver":null}
  1606.07 MQTT lran/bridge/diag/rxlog/log {"lost":0,"f":[{"i":34,"ms":181638,"deaf":4810,"d":"tx","peer":240,"type":3,"schema":0,"frag":1,"seq":10,"rssi":null,"snr":null,"st":0,"rx":5}]}
  1606.14 BRG FRAME #34 tx t=181638 peer=0xf0 type=3 schema=0 frag=0x01 seq=10 rssi=- snr=- st=0 rx=5 deaf=4810
  1606.55 BRG poll: f0 answered in 696 ms (window 10000 ms)
  1606.75 BRG FRAME #35 rx t=182307 peer=0xf0 type=4 schema=240 frag=0x01 seq=1 rssi=-29 snr=11 st=0 rx=0 deaf=5001
  1606.75 MQTT lran/bridge/diag/rxlog/log {"lost":0,"f":[{"i":35,"ms":182307,"deaf":5001,"d":"rx","peer":240,"type":4,"schema":240,"frag":1,"seq":1,"rssi":-29,"snr":11,"st":0,"rx":0}]}
  1606.95 BRG availability: simnode0 online (missed_polls 0, threshold 3)
  1606.95 BRG FRAME #36 tx t=182643 peer=0xf0 type=1 schema=0 frag=0x01 seq=1 rssi=- snr=- st=0 rx=5 deaf=5026
  1606.96 MQTT lran/simnode0/availability online
  1607.06 MQTT lran/bridge/diag/rxlog/log {"lost":0,"f":[{"i":36,"ms":182643,"deaf":5026,"d":"tx","peer":240,"type":1,"schema":0,"frag":1,"seq":1,"rssi":null,"snr":null,"st":0,"rx":5}]}
  1607.15 BRG CHAN,181,181905,1007,75,25,28,1,-280,-1150,-837
  1607.21 HEL roll f0 <- 00 seq 1: ctx 0x99bd187e -> 0x55815daf, ACCEPTED
  1607.56 BRG FRAME #37 rx t=183291 peer=0xf0 type=2 schema=0 frag=0x01 seq=1 rssi=-30 snr=11 st=0 rx=0 deaf=5259
  1607.65 MQTT lran/bridge/diag/rxlog/log {"lost":0,"f":[{"i":37,"ms":183291,"deaf":5259,"d":"rx","peer":240,"type":2,"schema":0,"frag":1,"seq":1,"rssi":-30,"snr":11,"st":0,"rx":0}]}
  1607.96 BRG roll: f0 rolled to ctx 0x55815daf after 1 attempt(s)
  1607.96 BRG FRAME #38 tx t=183633 peer=0xf0 type=8 schema=0 frag=0x01 seq=11 rssi=- snr=- st=0 rx=5 deaf=5280
  1608.06 MQTT lran/bridge/diag/rxlog/log {"lost":0,"f":[{"i":38,"ms":183633,"deaf":5280,"d":"tx","peer":240,"type":8,"schema":0,"frag":1,"seq":11,"rssi":null,"snr":null,"st":0,"rx":5}]}
  1608.16 BRG CHAN,182,182912,1000,74,25,21,1,-280,-1150,-902
  1612.04 BRG hex: f0 seq 11 read -> no_response status 0 result 0, sched stack 2432 bytes free
  1612.04 BRG WARN hex: f0 readback abandoned at 0xEDF7
  1615.28 BRG CHANSUM,130,189,60,60038,5883,113,111,3,6,0,-280,-1160,-1150,-1151
  1616.05 MQTT lran/bridge/diag/rxlog/log {"lost":0,"f":[{"i":39,"ms":191637,"deaf":5538,"d":"tx","peer":241,"type":3,"schema":0,"frag":1,"seq":11,"rssi":null,"snr":null,"st":0,"rx":5}]}
  1616.10 BRG FRAME #39 tx t=191637 peer=0xf1 type=3 schema=0 frag=0x01 seq=11 rssi=- snr=- st=0 rx=5 deaf=5538
  1616.91 BRG poll: f1 answered in 966 ms (window 10000 ms)
  1616.91 BRG FRAME #40 rx t=192577 peer=0xf1 type=4 schema=254 frag=0x01 seq=4 rssi=-33 snr=11 st=0 rx=0 deaf=5730
  1616.96 MQTT lran/bridge/diag/rxlog/log {"lost":0,"f":[{"i":40,"ms":192577,"deaf":5730,"d":"rx","peer":241,"type":4,"schema":254,"frag":1,"seq":4,"rssi":-33,"snr":11,"st":0,"rx":0}]}
  1617.32 BRG CHAN,191,191915,1004,72,29,27,1,-310,-1160,-844
  1619.07 MQTT lran/bridge/diag/rxlog/log {"lost":0,"f":[{"i":41,"ms":194640,"deaf":5751,"d":"tx","peer":242,"type":3,"schema":0,"frag":1,"seq":12,"rssi":null,"snr":null,"st":0,"rx":5}]}
  1619.15 BRG FRAME #41 tx t=194640 peer=0xf2 type=3 schema=0 frag=0x01 seq=12 rssi=- snr=- st=0 rx=5 deaf=5751
  1619.55 BRG poll: f2 answered in 698 ms (window 10000 ms)
  1619.65 MQTT lran/bridge/diag/rxlog/log {"lost":0,"f":[{"i":42,"ms":195309,"deaf":5943,"d":"rx","peer":242,"type":4,"schema":240,"frag":1,"seq":1,"rssi":-30,"snr":11,"st":0,"rx":0}]}
  1619.76 BRG FRAME #42 rx t=195309 peer=0xf2 type=4 schema=240 frag=0x01 seq=1 rssi=-30 snr=11 st=0 rx=0 deaf=5943
  1619.96 MQTT lran/simnode2/availability online
  1619.96 BRG availability: simnode2 online (missed_polls 0, threshold 3)
  1619.96 BRG FRAME #43 tx t=195645 peer=0xf2 type=1 schema=0 frag=0x01 seq=1 rssi=- snr=- st=0 rx=5 deaf=5968
  1620.05 MQTT lran/bridge/diag/rxlog/log {"lost":0,"f":[{"i":43,"ms":195645,"deaf":5968,"d":"tx","peer":242,"type":1,"schema":0,"frag":1,"seq":1,"rssi":null,"snr":null,"st":0,"rx":5}]}
  1620.21 HEL roll f2 <- 00 seq 1: ctx 0x768aa158 -> 0x502671f3, ACCEPTED
  1620.37 BRG CHAN,194,194928,1006,75,25,28,1,-280,-1160,-836
  1620.57 BRG FRAME #44 rx t=196293 peer=0xf2 type=2 schema=0 frag=0x01 seq=1 rssi=-30 snr=11 st=0 rx=0 deaf=6201
  1620.75 MQTT lran/bridge/diag/rxlog/log {"lost":0,"f":[{"i":44,"ms":196293,"deaf":6201,"d":"rx","peer":242,"type":2,"schema":0,"frag":1,"seq":1,"rssi":-30,"snr":11,"st":0,"rx":0}]}
  1620.97 BRG roll: f2 rolled to ctx 0x502671f3 after 1 attempt(s)
  1620.97 BRG FRAME #45 tx t=196635 peer=0xf2 type=8 schema=0 frag=0x01 seq=12 rssi=- snr=- st=0 rx=5 deaf=6222
  1621.22 MQTT lran/bridge/diag/rxlog/log {"lost":0,"f":[{"i":45,"ms":196635,"deaf":6222,"d":"tx","peer":242,"type":8,"schema":0,"frag":1,"seq":12,"rssi":null,"snr":null,"st":0,"rx":5}]}
  1621.38 BRG CHAN,195,195934,1000,74,25,21,1,-280,-1150,-905
  1625.05 BRG hex: f2 seq 12 read -> no_response status 0 result 0, sched stack 2432 bytes free
  1625.05 BRG WARN hex: f2 readback abandoned at 0xEDF7
  1650.71 CMD mark fc8210
  1650.71 CMD quit
