# M25 capture opened 2026-09-19T03:43:07Z port=/dev/cu.usbserial-0001 baud=115200
2026-09-19T03:43:07Z,#PORT-OPEN
2026-09-19T03:43:07Z,#RESET
2026-09-19T03:43:07Z,ESP-ROM:esp32s3-20210327
2026-09-19T03:43:07Z,Build:Mar 27 2021
2026-09-19T03:43:07Z,rst:0x1 (POWERON),boot:0x9 (SPI_FAST_FLASH_BOOT)
2026-09-19T03:43:07Z,SPIWP:0xee
2026-09-19T03:43:07Z,mode:DIO, clock div:1
2026-09-19T03:43:07Z,load:0x3fce3808,len:0x4bc
2026-09-19T03:43:07Z,load:0x403c9700,len:0xbd8
2026-09-19T03:43:07Z,load:0x403cc700,len:0x2a0c
2026-09-19T03:43:07Z,entry 0x403c98d0
2026-09-19T03:43:08Z,LRAN Bridge Node - node 0x00
2026-09-19T03:43:08Z,Binding spec: LRAN-Protocol-Specification v0.12 (ver = 2)
2026-09-19T03:43:08Z,PHY: 917.6 MHz, SF9, BW 125 kHz, CR 4/5, -4 dBm conducted, 3.0 dBi
2026-09-19T03:43:08Z,Version: 0.1.0 (91e63dd)
2026-09-19T03:43:08Z,Slot: app0
2026-09-19T03:43:08Z,Image state: not_pending
2026-09-19T03:43:08Z,CHAN-BOOT,91e63dd,917600000,9,1250,1000,-1100,10
2026-09-19T03:43:08Z,WiFi SSID: McLeeNet
2026-09-19T03:43:08Z,MQTT broker: 192.168.2.52:1883
2026-09-19T03:43:08Z,Registry: 0x01 0x02 0xF0(bench) 0xF1(bench) 0xF2(bench) 0xF3(bench)
2026-09-19T03:43:08Z,Tasks started: 7
2026-09-19T03:43:08Z,BF-15: WiFi, MQTT, OTA, the radio link and the registry. No discovery yet.
2026-09-19T03:43:08Z,LoRa: radio up - 917600000 Hz, SF9, BW 125.0 kHz, CR 4/5, -4 dBm conducted, 3.0 dBi antenna
2026-09-19T03:43:08Z,LoRa: stack high-water 6496 bytes free
2026-09-19T03:43:08Z,FRAME #0 tx t=552 peer=0x01 type=3 schema=0 frag=0x01 seq=1 rssi=- snr=- st=0 rx=5 deaf=24
2026-09-19T03:43:08Z,[   655][I][esp32-hal-i2c.c:75] i2cInit(): Initialising I2C Master: sda=17 scl=18 freq=100000
2026-09-19T03:43:08Z,[   664][W][Wire.cpp:301] begin(): Bus already started in Master Mode.
2026-09-19T03:43:09Z,[  1199][I][ArduinoOTA.cpp:141] begin(): OTA server at: lran-bridge.local:3232
2026-09-19T03:43:09Z,OTA: listening as lran-bridge
2026-09-19T03:43:18Z,CHANSUM,0,9,10,10002,977,22,0,0,0,0,-1120,-1160,-1160,-1160
2026-09-19T03:43:19Z,FRAME #1 tx t=11511 peer=0x02 type=3 schema=0 frag=0x01 seq=2 rssi=- snr=- st=0 rx=5 deaf=238
2026-09-19T03:43:38Z,CHAN,29,29539,1000,100,0,1,0,-1020,-1160,-1146
2026-09-19T03:44:09Z,FRAME #2 tx t=61510 peer=0x01 type=3 schema=0 frag=0x01 seq=3 rssi=- snr=- st=0 rx=5 deaf=451
2026-09-19T03:44:18Z,CHANSUM,10,69,60,60018,5958,42,1,0,1,0,-1020,-1160,-1160,-1160
2026-09-19T03:44:19Z,FRAME #3 tx t=71513 peer=0x02 type=3 schema=0 frag=0x01 seq=4 rssi=- snr=- st=0 rx=5 deaf=668
2026-09-19T03:45:09Z,FRAME #4 tx t=121512 peer=0x01 type=3 schema=0 frag=0x01 seq=5 rssi=- snr=- st=0 rx=5 deaf=881
2026-09-19T03:45:18Z,CHANSUM,70,129,60,60012,5957,42,0,0,0,0,-1110,-1160,-1150,-1159
2026-09-19T03:45:19Z,availability: gatelink offline (missed_polls 3, threshold 3)
2026-09-19T03:45:19Z,FRAME #5 tx t=131515 peer=0x02 type=3 schema=0 frag=0x01 seq=6 rssi=- snr=- st=0 rx=5 deaf=1098
2026-09-19T03:45:21Z,CHAN,132,132563,1000,100,0,3,0,-800,-1160,-1138
2026-09-19T03:45:29Z,availability: welllink offline (missed_polls 3, threshold 3)
2026-09-19T03:45:29Z,CHAN,140,140563,1000,100,0,2,0,-1090,-1160,-1147
2026-09-19T03:45:43Z,CHAN,154,154563,1000,100,0,1,0,-1100,-1160,-1147
2026-09-19T03:46:04Z,CHAN,175,175563,1000,100,0,5,0,-990,-1160,-1140
2026-09-19T03:46:09Z,FRAME #6 tx t=181504 peer=0x01 type=3 schema=0 frag=0x01 seq=7 rssi=- snr=- st=0 rx=5 deaf=1311
2026-09-19T03:46:18Z,CHANSUM,130,189,60,60012,5957,42,11,0,4,0,-800,-1160,-1150,-1159
2026-09-19T03:46:19Z,FRAME #7 tx t=191507 peer=0x02 type=3 schema=0 frag=0x01 seq=8 rssi=- snr=- st=0 rx=5 deaf=1528
2026-09-19T03:46:29Z,CHAN,200,200575,1000,100,0,2,0,-1100,-1160,-1145
2026-09-19T03:46:58Z,CHAN,229,229575,1000,100,0,3,0,-990,-1160,-1143
2026-09-19T03:47:09Z,FRAME #8 tx t=241506 peer=0x01 type=3 schema=0 frag=0x01 seq=9 rssi=- snr=- st=0 rx=5 deaf=1741
2026-09-19T03:47:18Z,CHANSUM,190,249,60,60012,5957,42,5,0,2,0,-990,-1160,-1160,-1160
2026-09-19T03:47:19Z,FRAME #9 tx t=251509 peer=0x02 type=3 schema=0 frag=0x01 seq=10 rssi=- snr=- st=0 rx=5 deaf=1958
2026-09-19T03:47:47Z,CHAN,278,278587,1000,100,0,1,0,-1100,-1160,-1147
2026-09-19T03:47:58Z,CHAN,289,289587,1000,100,0,4,0,-1050,-1160,-1145
2026-09-19T03:48:02Z,CHAN,293,293587,1000,100,0,8,0,-930,-1160,-1133
2026-09-19T03:48:09Z,FRAME #10 tx t=301508 peer=0x01 type=3 schema=0 frag=0x01 seq=11 rssi=- snr=- st=0 rx=5 deaf=2171
2026-09-19T03:48:18Z,CHANSUM,250,309,60,60012,5957,42,13,0,3,0,-930,-1160,-1150,-1159
2026-09-19T03:48:19Z,FRAME #11 tx t=311511 peer=0x02 type=3 schema=0 frag=0x01 seq=12 rssi=- snr=- st=0 rx=5 deaf=2388
2026-09-19T03:48:19Z,CHAN,310,310596,1002,90,9,2,0,-970,-1160,-1144
2026-09-19T03:48:53Z,CHAN,344,344599,1000,100,0,35,0,-1040,-1160,-1113
2026-09-19T03:48:54Z,CHAN,345,345599,1000,100,0,4,0,-1050,-1160,-1144
2026-09-19T03:48:55Z,CHAN,346,346599,1000,100,0,7,0,-860,-1160,-1133
2026-09-19T03:49:08Z,CHAN,359,359599,1000,100,0,3,0,-1090,-1160,-1146
2026-09-19T03:49:09Z,FRAME #12 tx t=361510 peer=0x01 type=3 schema=0 frag=0x01 seq=13 rssi=- snr=- st=0 rx=5 deaf=2601
2026-09-19T03:49:09Z,CHAN,360,360599,1007,90,10,1,0,-1100,-1160,-1147
2026-09-19T03:49:18Z,CHANSUM,310,369,60,60012,5957,42,52,0,6,0,-860,-1160,-1160,-1160
2026-09-19T03:49:19Z,FRAME #13 tx t=371513 peer=0x02 type=3 schema=0 frag=0x01 seq=14 rssi=- snr=- st=0 rx=5 deaf=2818
2026-09-19T03:49:22Z,CHAN,373,373611,1000,100,0,3,0,-800,-1160,-1137
2026-09-19T03:49:49Z,CHAN,400,400611,1000,100,0,2,0,-1070,-1160,-1147
2026-09-19T03:49:57Z,CHAN,408,408611,1000,100,0,5,0,-1060,-1160,-1143
2026-09-19T03:50:09Z,FRAME #14 tx t=421512 peer=0x01 type=3 schema=0 frag=0x01 seq=15 rssi=- snr=- st=0 rx=5 deaf=3031
2026-09-19T03:50:18Z,CHANSUM,370,429,60,60012,5957,42,10,0,3,0,-800,-1160,-1160,-1160
2026-09-19T03:50:19Z,FRAME #15 tx t=431515 peer=0x02 type=3 schema=0 frag=0x01 seq=16 rssi=- snr=- st=0 rx=5 deaf=3248
2026-09-19T03:50:50Z,CHAN,461,461623,1000,100,0,3,0,-820,-1160,-1139
2026-09-19T03:51:09Z,FRAME #16 tx t=481508 peer=0x01 type=3 schema=0 frag=0x01 seq=17 rssi=- snr=- st=0 rx=5 deaf=3465
2026-09-19T03:51:18Z,CHANSUM,430,489,60,60006,5956,42,3,0,1,0,-820,-1170,-1160,-1160
2026-09-19T03:51:19Z,FRAME #17 tx t=491511 peer=0x02 type=3 schema=0 frag=0x01 seq=18 rssi=- snr=- st=0 rx=5 deaf=3682
2026-09-19T03:52:09Z,FRAME #18 tx t=541510 peer=0x01 type=3 schema=0 frag=0x01 seq=19 rssi=- snr=- st=0 rx=5 deaf=3895
2026-09-19T03:52:18Z,CHANSUM,490,549,60,60012,5957,42,0,0,0,0,-1110,-1160,-1160,-1160
2026-09-19T03:52:19Z,FRAME #19 tx t=551513 peer=0x02 type=3 schema=0 frag=0x01 seq=20 rssi=- snr=- st=0 rx=5 deaf=4112
2026-09-19T03:53:09Z,FRAME #20 tx t=601512 peer=0x01 type=3 schema=0 frag=0x01 seq=21 rssi=- snr=- st=0 rx=5 deaf=4325
2026-09-19T03:53:15Z,CHAN,606,606650,1000,100,0,4,0,-1030,-1160,-1143
2026-09-19T03:53:18Z,CHANSUM,550,609,60,60012,5957,42,4,0,1,0,-1030,-1160,-1160,-1160
2026-09-19T03:53:19Z,FRAME #21 tx t=611515 peer=0x02 type=3 schema=0 frag=0x01 seq=22 rssi=- snr=- st=0 rx=5 deaf=4542
2026-09-19T03:53:24Z,CHAN,615,615653,1000,100,0,1,0,-1100,-1160,-1145
2026-09-19T03:54:09Z,FRAME #22 tx t=661508 peer=0x01 type=3 schema=0 frag=0x01 seq=23 rssi=- snr=- st=0 rx=5 deaf=4759
2026-09-19T03:54:18Z,CHANSUM,610,669,60,60006,5956,42,1,0,1,0,-1100,-1160,-1160,-1160
2026-09-19T03:54:19Z,FRAME #23 tx t=671511 peer=0x02 type=3 schema=0 frag=0x01 seq=24 rssi=- snr=- st=0 rx=5 deaf=4976
2026-09-19T03:55:09Z,FRAME #24 tx t=721510 peer=0x01 type=3 schema=0 frag=0x01 seq=25 rssi=- snr=- st=0 rx=5 deaf=5189
2026-09-19T03:55:18Z,CHANSUM,670,729,60,60012,5957,42,0,0,0,0,-1120,-1160,-1150,-1158
2026-09-19T03:55:19Z,FRAME #25 tx t=731513 peer=0x02 type=3 schema=0 frag=0x01 seq=26 rssi=- snr=- st=0 rx=5 deaf=5406
2026-09-19T03:55:26Z,CHAN,737,737671,1000,100,0,5,0,-1090,-1160,-1144
2026-09-19T03:55:42Z,CHAN,753,753671,1000,100,0,4,0,-1040,-1160,-1142
2026-09-19T03:55:48Z,CHAN,759,759671,1000,100,0,5,0,-1020,-1160,-1141
2026-09-19T03:56:09Z,FRAME #26 tx t=781512 peer=0x01 type=3 schema=0 frag=0x01 seq=27 rssi=- snr=- st=0 rx=5 deaf=5619
2026-09-19T03:56:15Z,CHAN,786,786680,1000,100,0,12,0,-1060,-1160,-1139
2026-09-19T03:56:18Z,CHANSUM,730,789,60,60012,5957,42,26,0,4,0,-1020,-1160,-1150,-1158
2026-09-19T03:56:19Z,FRAME #27 tx t=791515 peer=0x02 type=3 schema=0 frag=0x01 seq=28 rssi=- snr=- st=0 rx=5 deaf=5836
2026-09-19T03:57:09Z,FRAME #28 tx t=841508 peer=0x01 type=3 schema=0 frag=0x01 seq=29 rssi=- snr=- st=0 rx=5 deaf=6054
2026-09-19T03:57:18Z,CHANSUM,790,849,60,60006,5956,42,0,0,0,0,-1120,-1170,-1150,-1159
2026-09-19T03:57:19Z,FRAME #29 tx t=851511 peer=0x02 type=3 schema=0 frag=0x01 seq=30 rssi=- snr=- st=0 rx=5 deaf=6271
2026-09-19T03:57:20Z,CHAN,851,851687,1002,97,3,1,0,-1100,-1160,-1145
2026-09-19T03:57:29Z,CHAN,860,860689,1000,100,0,5,0,-980,-1160,-1138
2026-09-19T03:58:09Z,FRAME #30 tx t=901510 peer=0x01 type=3 schema=0 frag=0x01 seq=31 rssi=- snr=- st=0 rx=5 deaf=6484
2026-09-19T03:58:18Z,CHANSUM,850,909,60,60012,5957,42,6,0,2,0,-980,-1160,-1150,-1159
2026-09-19T03:58:19Z,FRAME #31 tx t=911513 peer=0x02 type=3 schema=0 frag=0x01 seq=32 rssi=- snr=- st=0 rx=5 deaf=6701
2026-09-19T03:59:00Z,CHAN,951,951701,1000,100,0,3,0,-950,-1160,-1141
2026-09-19T03:59:09Z,FRAME #32 tx t=961512 peer=0x01 type=3 schema=0 frag=0x01 seq=33 rssi=- snr=- st=0 rx=5 deaf=6914
2026-09-19T03:59:18Z,CHANSUM,910,969,60,60012,5957,42,3,0,1,0,-950,-1170,-1150,-1159
2026-09-19T03:59:19Z,FRAME #33 tx t=971515 peer=0x02 type=3 schema=0 frag=0x01 seq=34 rssi=- snr=- st=0 rx=5 deaf=7131
2026-09-19T04:00:09Z,FRAME #34 tx t=1021508 peer=0x01 type=3 schema=0 frag=0x01 seq=35 rssi=- snr=- st=0 rx=5 deaf=7348
2026-09-19T04:00:18Z,CHANSUM,970,1029,60,60016,5957,42,0,0,0,0,-1120,-1160,-1150,-1158
2026-09-19T04:00:19Z,FRAME #35 tx t=1031511 peer=0x02 type=3 schema=0 frag=0x01 seq=36 rssi=- snr=- st=0 rx=5 deaf=7565
2026-09-19T04:00:35Z,CHAN,1046,1046729,1000,100,0,9,0,-1030,-1160,-1136
2026-09-19T04:01:01Z,CHAN,1072,1072729,1000,100,0,5,0,-990,-1160,-1139
2026-09-19T04:01:09Z,FRAME #36 tx t=1081510 peer=0x01 type=3 schema=0 frag=0x01 seq=37 rssi=- snr=- st=0 rx=5 deaf=7778
2026-09-19T04:01:18Z,CHANSUM,1030,1089,60,60012,5957,42,14,0,2,0,-990,-1160,-1150,-1158
2026-09-19T04:01:19Z,FRAME #37 tx t=1091513 peer=0x02 type=3 schema=0 frag=0x01 seq=38 rssi=- snr=- st=0 rx=5 deaf=7995
2026-09-19T04:01:38Z,CHAN,1109,1109741,1000,100,0,4,0,-920,-1160,-1138
2026-09-19T04:01:40Z,CHAN,1111,1111741,1000,100,0,9,0,-1030,-1160,-1137
2026-09-19T04:01:46Z,CHAN,1117,1117741,1000,100,0,4,0,-950,-1160,-1139
2026-09-19T04:01:57Z,CHAN,1128,1128741,1000,100,0,2,0,-1080,-1160,-1145
2026-09-19T04:02:01Z,CHAN,1132,1132741,1000,100,0,4,0,-940,-1160,-1138
2026-09-19T04:02:09Z,FRAME #38 tx t=1141512 peer=0x01 type=3 schema=0 frag=0x01 seq=39 rssi=- snr=- st=0 rx=5 deaf=8208
2026-09-19T04:02:18Z,CHANSUM,1090,1149,60,60012,5957,42,23,0,5,0,-920,-1160,-1150,-1158
2026-09-19T04:02:19Z,FRAME #39 tx t=1151515 peer=0x02 type=3 schema=0 frag=0x01 seq=40 rssi=- snr=- st=0 rx=5 deaf=8425
2026-09-19T04:02:38Z,CHAN,1169,1169753,1000,100,0,4,0,-920,-1160,-1137
2026-09-19T04:02:48Z,CHAN,1179,1179753,1000,100,0,3,0,-1030,-1150,-1143
2026-09-19T04:03:09Z,FRAME #40 tx t=1201508 peer=0x01 type=3 schema=0 frag=0x01 seq=41 rssi=- snr=- st=0 rx=5 deaf=8642
2026-09-19T04:03:13Z,CHAN,1204,1204756,1000,100,0,3,0,-810,-1160,-1136
2026-09-19T04:03:18Z,CHANSUM,1150,1209,60,60006,5956,42,10,0,3,0,-810,-1160,-1150,-1158
2026-09-19T04:03:19Z,FRAME #41 tx t=1211511 peer=0x02 type=3 schema=0 frag=0x01 seq=42 rssi=- snr=- st=0 rx=5 deaf=8859
2026-09-19T04:04:09Z,FRAME #42 tx t=1261510 peer=0x01 type=3 schema=0 frag=0x01 seq=43 rssi=- snr=- st=0 rx=5 deaf=9072
2026-09-19T04:04:18Z,CHANSUM,1210,1269,60,60012,5957,42,0,0,0,0,-1110,-1160,-1150,-1158
2026-09-19T04:04:19Z,FRAME #43 tx t=1271513 peer=0x02 type=3 schema=0 frag=0x01 seq=44 rssi=- snr=- st=0 rx=5 deaf=9289
2026-09-19T04:04:29Z,CHAN,1280,1280771,1000,100,0,3,0,-1070,-1160,-1145
2026-09-19T04:05:09Z,FRAME #44 tx t=1321512 peer=0x01 type=3 schema=0 frag=0x01 seq=45 rssi=- snr=- st=0 rx=5 deaf=9502
2026-09-19T04:05:18Z,CHANSUM,1270,1329,60,60012,5957,42,3,0,1,0,-1070,-1160,-1150,-1159
2026-09-19T04:05:19Z,FRAME #45 tx t=1331515 peer=0x02 type=3 schema=0 frag=0x01 seq=46 rssi=- snr=- st=0 rx=5 deaf=9719
2026-09-19T04:06:09Z,FRAME #46 tx t=1381508 peer=0x01 type=3 schema=0 frag=0x01 seq=47 rssi=- snr=- st=0 rx=5 deaf=9936
2026-09-19T04:06:18Z,CHANSUM,1330,1389,60,60006,5956,42,0,0,0,0,-1110,-1160,-1150,-1159
2026-09-19T04:06:19Z,FRAME #47 tx t=1391511 peer=0x02 type=3 schema=0 frag=0x01 seq=48 rssi=- snr=- st=0 rx=5 deaf=10153
2026-09-19T04:06:36Z,CHAN,1407,1407789,1000,100,0,5,0,-960,-1160,-1137
2026-09-19T04:06:45Z,CHAN,1416,1416789,1000,100,0,9,0,-1070,-1160,-1140
2026-09-19T04:07:09Z,FRAME #48 tx t=1441510 peer=0x01 type=3 schema=0 frag=0x01 seq=49 rssi=- snr=- st=0 rx=5 deaf=10366
2026-09-19T04:07:18Z,CHANSUM,1390,1449,60,60012,5957,42,14,0,2,0,-960,-1170,-1150,-1159
2026-09-19T04:07:19Z,FRAME #49 tx t=1451513 peer=0x02 type=3 schema=0 frag=0x01 seq=50 rssi=- snr=- st=0 rx=5 deaf=10583
2026-09-19T04:08:09Z,FRAME #50 tx t=1501512 peer=0x01 type=3 schema=0 frag=0x01 seq=51 rssi=- snr=- st=0 rx=5 deaf=10796
2026-09-19T04:08:18Z,CHANSUM,1450,1509,60,60012,5957,42,0,0,0,0,-1120,-1160,-1150,-1158
2026-09-19T04:08:19Z,FRAME #51 tx t=1511515 peer=0x02 type=3 schema=0 frag=0x01 seq=52 rssi=- snr=- st=0 rx=5 deaf=11013
2026-09-19T04:09:09Z,FRAME #52 tx t=1561508 peer=0x01 type=3 schema=0 frag=0x01 seq=53 rssi=- snr=- st=0 rx=5 deaf=11230
2026-09-19T04:09:18Z,CHANSUM,1510,1569,60,60006,5956,42,0,0,0,0,-1120,-1160,-1150,-1152
2026-09-19T04:09:19Z,FRAME #53 tx t=1571511 peer=0x02 type=3 schema=0 frag=0x01 seq=54 rssi=- snr=- st=0 rx=5 deaf=11447
2026-09-19T04:09:45Z,CHAN,1596,1596819,1000,100,0,5,0,-1090,-1150,-1138
2026-09-19T04:09:59Z,CHAN,1610,1610819,1000,100,0,5,0,-960,-1160,-1133
2026-09-19T04:10:09Z,FRAME #54 tx t=1621510 peer=0x01 type=3 schema=0 frag=0x01 seq=55 rssi=- snr=- st=0 rx=5 deaf=11660
2026-09-19T04:10:18Z,CHANSUM,1570,1629,60,60012,5957,42,10,0,2,0,-960,-1160,-1150,-1152
2026-09-19T04:10:19Z,FRAME #55 tx t=1631513 peer=0x02 type=3 schema=0 frag=0x01 seq=56 rssi=- snr=- st=0 rx=5 deaf=11877
2026-09-19T04:10:34Z,CHAN,1645,1645831,1000,100,0,2,0,-1100,-1150,-1142
2026-09-19T04:10:47Z,CHAN,1658,1658831,1000,100,0,5,0,-1090,-1150,-1139
2026-09-19T04:11:05Z,CHAN,1676,1676831,1000,100,0,10,0,-980,-1150,-1128
2026-09-19T04:11:09Z,FRAME #56 tx t=1681512 peer=0x01 type=3 schema=0 frag=0x01 seq=57 rssi=- snr=- st=0 rx=5 deaf=12090
2026-09-19T04:11:18Z,CHANSUM,1630,1689,60,60012,5957,42,17,0,3,0,-980,-1160,-1150,-1152
2026-09-19T04:11:19Z,FRAME #57 tx t=1691515 peer=0x02 type=3 schema=0 frag=0x01 seq=58 rssi=- snr=- st=0 rx=5 deaf=12307
2026-09-19T04:11:38Z,CHAN,1709,1709843,1000,100,0,3,0,-1060,-1160,-1142
2026-09-19T04:11:44Z,CHAN,1715,1715843,1000,100,0,4,0,-1080,-1160,-1142
2026-09-19T04:12:09Z,CHAN,1740,1740843,1001,97,2,4,0,-1070,-1160,-1140
2026-09-19T04:12:10Z,FRAME #58 tx t=1742875 peer=0x01 type=3 schema=0 frag=0x01 seq=59 rssi=- snr=- st=0 rx=5 deaf=12545
2026-09-19T04:12:10Z,CHAN,1741,1741844,1000,100,0,9,0,-1000,-1150,-1131
2026-09-19T04:12:18Z,CHANSUM,1690,1749,60,60013,5954,44,20,0,4,0,-1000,-1160,-1150,-1154
2026-09-19T04:12:20Z,FRAME #59 tx t=1752491 peer=0x02 type=3 schema=0 frag=0x01 seq=60 rssi=- snr=- st=0 rx=5 deaf=12779
2026-09-19T04:13:09Z,FRAME #60 tx t=1801510 peer=0x01 type=3 schema=0 frag=0x01 seq=61 rssi=- snr=- st=0 rx=5 deaf=12992
2026-09-19T04:13:18Z,CHANSUM,1750,1809,60,60025,5956,44,0,0,0,0,-1110,-1160,-1150,-1155
2026-09-19T04:13:19Z,FRAME #61 tx t=1811513 peer=0x02 type=3 schema=0 frag=0x01 seq=62 rssi=- snr=- st=0 rx=5 deaf=13209
2026-09-19T04:14:03Z,CHAN,1854,1854881,1000,100,0,2,0,-1100,-1150,-1142
2026-09-19T04:14:09Z,FRAME #62 tx t=1861512 peer=0x01 type=3 schema=0 frag=0x01 seq=63 rssi=- snr=- st=0 rx=5 deaf=13422
2026-09-19T04:14:18Z,CHANSUM,1810,1869,60,60012,5957,42,2,0,1,0,-1100,-1160,-1150,-1153
2026-09-19T04:14:19Z,FRAME #63 tx t=1871515 peer=0x02 type=3 schema=0 frag=0x01 seq=64 rssi=- snr=- st=0 rx=5 deaf=13639
2026-09-19T04:15:03Z,CHAN,1914,1914893,1000,100,0,3,0,-1080,-1150,-1140
2026-09-19T04:15:09Z,FRAME #64 tx t=1921508 peer=0x01 type=3 schema=0 frag=0x01 seq=65 rssi=- snr=- st=0 rx=5 deaf=13856
2026-09-19T04:15:17Z,CHAN,1928,1928896,1000,100,0,3,0,-1060,-1160,-1142
2026-09-19T04:15:18Z,CHANSUM,1870,1929,60,60006,5956,42,6,0,2,0,-1060,-1160,-1150,-1154
2026-09-19T04:15:19Z,FRAME #65 tx t=1931511 peer=0x02 type=3 schema=0 frag=0x01 seq=66 rssi=- snr=- st=0 rx=5 deaf=14073
2026-09-19T04:15:29Z,CHAN,1940,1940899,1000,100,0,4,0,-960,-1160,-1138
2026-09-19T04:15:58Z,CHAN,1969,1969899,1000,100,0,4,0,-900,-1150,-1136
2026-09-19T04:16:03Z,CHAN,1974,1974899,1000,100,0,5,0,-1060,-1160,-1141
2026-09-19T04:16:09Z,FRAME #66 tx t=1981510 peer=0x01 type=3 schema=0 frag=0x01 seq=67 rssi=- snr=- st=0 rx=5 deaf=14286
2026-09-19T04:16:18Z,CHANSUM,1930,1989,60,60012,5957,42,13,0,3,0,-900,-1160,-1150,-1154
2026-09-19T04:16:19Z,FRAME #67 tx t=1991513 peer=0x02 type=3 schema=0 frag=0x01 seq=68 rssi=- snr=- st=0 rx=5 deaf=14503
2026-09-19T04:16:51Z,CHAN,2022,2022911,1000,100,0,3,0,-1080,-1160,-1143
2026-09-19T04:17:02Z,CHAN,2033,2033911,1000,100,0,4,0,-1070,-1150,-1141
2026-09-19T04:17:09Z,FRAME #68 tx t=2041512 peer=0x01 type=3 schema=0 frag=0x01 seq=69 rssi=- snr=- st=0 rx=5 deaf=14716
2026-09-19T04:17:18Z,CHANSUM,1990,2049,60,60012,5957,42,7,0,2,0,-1070,-1160,-1150,-1155
2026-09-19T04:17:19Z,FRAME #69 tx t=2051515 peer=0x02 type=3 schema=0 frag=0x01 seq=70 rssi=- snr=- st=0 rx=5 deaf=14933
2026-09-19T04:17:36Z,CHAN,2067,2067923,1000,100,0,6,0,-930,-1160,-1132
2026-09-19T04:17:37Z,CHAN,2068,2068923,1000,100,0,3,0,-930,-1160,-1138
2026-09-19T04:17:52Z,CHAN,2083,2083923,1000,100,0,5,0,-1070,-1150,-1140
2026-09-19T04:18:09Z,FRAME #70 tx t=2101508 peer=0x01 type=3 schema=0 frag=0x01 seq=71 rssi=- snr=- st=0 rx=5 deaf=15150
2026-09-19T04:18:18Z,CHANSUM,2050,2109,60,60006,5956,42,14,0,3,0,-930,-1160,-1150,-1154
2026-09-19T04:18:19Z,FRAME #71 tx t=2111511 peer=0x02 type=3 schema=0 frag=0x01 seq=72 rssi=- snr=- st=0 rx=5 deaf=15367
2026-09-19T04:19:05Z,CHAN,2156,2156929,1000,100,0,3,0,-850,-1160,-1135
2026-09-19T04:19:08Z,CHAN,2159,2159929,1000,100,0,5,0,-1040,-1160,-1139
2026-09-19T04:19:09Z,FRAME #72 tx t=2161510 peer=0x01 type=3 schema=0 frag=0x01 seq=73 rssi=- snr=- st=0 rx=5 deaf=15580
2026-09-19T04:19:18Z,CHANSUM,2110,2169,60,60012,5957,42,8,0,2,0,-850,-1160,-1150,-1155
2026-09-19T04:19:19Z,FRAME #73 tx t=2171513 peer=0x02 type=3 schema=0 frag=0x01 seq=74 rssi=- snr=- st=0 rx=5 deaf=15797
2026-09-19T04:20:09Z,FRAME #74 tx t=2221512 peer=0x01 type=3 schema=0 frag=0x01 seq=75 rssi=- snr=- st=0 rx=5 deaf=16010
2026-09-19T04:20:18Z,CHANSUM,2170,2229,60,60012,5957,42,0,0,0,0,-1120,-1160,-1150,-1156
2026-09-19T04:20:19Z,FRAME #75 tx t=2231515 peer=0x02 type=3 schema=0 frag=0x01 seq=76 rssi=- snr=- st=0 rx=5 deaf=16227
2026-09-19T04:20:54Z,CHAN,2265,2265953,1000,100,0,3,0,-1040,-1150,-1142
2026-09-19T04:21:09Z,FRAME #76 tx t=2281508 peer=0x01 type=3 schema=0 frag=0x01 seq=77 rssi=- snr=- st=0 rx=5 deaf=16444
2026-09-19T04:21:18Z,CHANSUM,2230,2289,60,60006,5956,42,3,0,1,0,-1040,-1160,-1150,-1156
2026-09-19T04:21:19Z,FRAME #77 tx t=2291511 peer=0x02 type=3 schema=0 frag=0x01 seq=78 rssi=- snr=- st=0 rx=5 deaf=16661
2026-09-19T04:21:39Z,CHAN,2310,2310959,1000,100,0,4,0,-960,-1150,-1137
2026-09-19T04:21:40Z,CHAN,2311,2311959,1000,100,0,1,0,-1060,-1160,-1143
2026-09-19T04:22:09Z,FRAME #78 tx t=2341510 peer=0x01 type=3 schema=0 frag=0x01 seq=79 rssi=- snr=- st=0 rx=5 deaf=16874
2026-09-19T04:22:18Z,CHANSUM,2290,2349,60,60012,5957,42,5,0,2,0,-960,-1160,-1150,-1154
2026-09-19T04:22:19Z,FRAME #79 tx t=2351513 peer=0x02 type=3 schema=0 frag=0x01 seq=80 rssi=- snr=- st=0 rx=5 deaf=17091
2026-09-19T04:23:09Z,FRAME #80 tx t=2401512 peer=0x01 type=3 schema=0 frag=0x01 seq=81 rssi=- snr=- st=0 rx=5 deaf=17304
2026-09-19T04:23:18Z,CHANSUM,2350,2409,60,60012,5957,42,0,0,0,0,-1110,-1160,-1150,-1153
2026-09-19T04:23:19Z,FRAME #81 tx t=2411515 peer=0x02 type=3 schema=0 frag=0x01 seq=82 rssi=- snr=- st=0 rx=5 deaf=17521
2026-09-19T04:23:37Z,CHAN,2428,2428983,1000,100,0,4,0,-980,-1150,-1136
2026-09-19T04:23:44Z,[2436692][W][WiFiGeneric.cpp:1062] _eventCallback(): Reason: 6 - NOT_AUTHED
2026-09-19T04:24:09Z,FRAME #82 tx t=2461516 peer=0x01 type=3 schema=0 frag=0x01 seq=83 rssi=- snr=- st=0 rx=5 deaf=17738
2026-09-19T04:24:18Z,CHANSUM,2410,2469,60,60014,5956,42,4,0,1,0,-980,-1160,-1150,-1153
2026-09-19T04:24:19Z,FRAME #83 tx t=2471505 peer=0x02 type=3 schema=0 frag=0x01 seq=84 rssi=- snr=- st=0 rx=5 deaf=17951
2026-09-19T04:25:09Z,FRAME #84 tx t=2521504 peer=0x01 type=3 schema=0 frag=0x01 seq=85 rssi=- snr=- st=0 rx=5 deaf=18164
2026-09-19T04:25:18Z,CHANSUM,2470,2529,60,60018,5958,42,0,0,0,0,-1120,-1160,-1150,-1151
2026-09-19T04:25:19Z,FRAME #85 tx t=2531507 peer=0x02 type=3 schema=0 frag=0x01 seq=86 rssi=- snr=- st=0 rx=5 deaf=18381
2026-09-19T04:25:35Z,CHAN,2546,2547015,1000,100,0,4,0,-960,-1150,-1136
2026-09-19T04:26:09Z,FRAME #86 tx t=2581506 peer=0x01 type=3 schema=0 frag=0x01 seq=87 rssi=- snr=- st=0 rx=5 deaf=18594
2026-09-19T04:26:18Z,CHANSUM,2530,2589,60,60012,5957,42,4,0,1,0,-960,-1160,-1150,-1153
2026-09-19T04:26:19Z,FRAME #87 tx t=2591509 peer=0x02 type=3 schema=0 frag=0x01 seq=88 rssi=- snr=- st=0 rx=5 deaf=18811
2026-09-19T04:27:09Z,FRAME #88 tx t=2641508 peer=0x01 type=3 schema=0 frag=0x01 seq=89 rssi=- snr=- st=0 rx=5 deaf=19024
2026-09-19T04:27:18Z,CHANSUM,2590,2649,60,60012,5957,42,0,0,0,0,-1110,-1160,-1150,-1152
2026-09-19T04:27:19Z,FRAME #89 tx t=2651511 peer=0x02 type=3 schema=0 frag=0x01 seq=90 rssi=- snr=- st=0 rx=5 deaf=19241
2026-09-19T04:27:32Z,CHAN,2663,2664039,1000,100,0,4,0,-970,-1150,-1136
2026-09-19T04:27:34Z,CHAN,2665,2666039,1000,100,0,3,0,-970,-1150,-1138
2026-09-19T04:28:09Z,FRAME #90 tx t=2701510 peer=0x01 type=3 schema=0 frag=0x01 seq=91 rssi=- snr=- st=0 rx=5 deaf=19454
2026-09-19T04:28:18Z,CHANSUM,2650,2709,60,60012,5957,42,7,0,2,0,-970,-1160,-1150,-1151
2026-09-19T04:28:19Z,FRAME #91 tx t=2711513 peer=0x02 type=3 schema=0 frag=0x01 seq=92 rssi=- snr=- st=0 rx=5 deaf=19671
2026-09-19T04:28:28Z,CHAN,2719,2720051,1000,100,0,1,0,-1050,-1150,-1142
2026-09-19T04:28:29Z,CHAN,2720,2721051,1000,100,0,4,0,-1060,-1160,-1140
2026-09-19T04:28:49Z,CHAN,2740,2741051,1000,100,0,5,0,-1070,-1150,-1139
2026-09-19T04:29:09Z,FRAME #92 tx t=2761512 peer=0x01 type=3 schema=0 frag=0x01 seq=93 rssi=- snr=- st=0 rx=5 deaf=19884
2026-09-19T04:29:18Z,CHANSUM,2710,2769,60,60012,5957,42,10,0,3,0,-1050,-1160,-1150,-1152
2026-09-19T04:29:20Z,FRAME #93 tx t=2772536 peer=0x02 type=3 schema=0 frag=0x01 seq=94 rssi=- snr=- st=0 rx=5 deaf=20126
2026-09-19T04:29:27Z,CHAN,2778,2779064,1000,100,0,3,0,-1060,-1150,-1141
2026-09-19T04:29:57Z,CHAN,2808,2809064,1000,100,0,3,0,-1100,-1150,-1139
2026-09-19T04:30:09Z,FRAME #94 tx t=2821509 peer=0x01 type=3 schema=0 frag=0x01 seq=95 rssi=- snr=- st=0 rx=5 deaf=20343
2026-09-19T04:30:18Z,CHANSUM,2770,2829,60,60007,5953,44,6,0,2,0,-1060,-1170,-1150,-1153
2026-09-19T04:30:19Z,FRAME #95 tx t=2831512 peer=0x02 type=3 schema=0 frag=0x01 seq=96 rssi=- snr=- st=0 rx=5 deaf=20560
2026-09-19T04:31:09Z,FRAME #96 tx t=2881511 peer=0x01 type=3 schema=0 frag=0x01 seq=97 rssi=- snr=- st=0 rx=5 deaf=20773
2026-09-19T04:31:18Z,CHANSUM,2830,2889,60,60012,5957,42,0,0,0,0,-1110,-1160,-1150,-1152
2026-09-19T04:31:19Z,FRAME #97 tx t=2891514 peer=0x02 type=3 schema=0 frag=0x01 seq=98 rssi=- snr=- st=0 rx=5 deaf=20990
2026-09-19T04:31:21Z,CHAN,2892,2893082,1000,100,0,3,0,-1080,-1150,-1140
2026-09-19T04:31:28Z,CHAN,2899,2900082,1000,100,0,3,0,-1050,-1150,-1139
2026-09-19T04:31:38Z,CHAN,2909,2910082,1000,100,0,3,0,-1100,-1150,-1140
2026-09-19T04:32:09Z,FRAME #98 tx t=2941507 peer=0x01 type=3 schema=0 frag=0x01 seq=99 rssi=- snr=- st=0 rx=5 deaf=21207
2026-09-19T04:32:18Z,CHANSUM,2890,2949,60,60006,5956,42,9,0,3,0,-1050,-1160,-1150,-1151
2026-09-19T04:32:19Z,FRAME #99 tx t=2951510 peer=0x02 type=3 schema=0 frag=0x01 seq=100 rssi=- snr=- st=0 rx=5 deaf=21424
2026-09-19T04:32:30Z,CHAN,2961,2962088,1000,100,0,5,0,-1000,-1150,-1137
2026-09-19T04:32:35Z,CHAN,2966,2967088,1000,100,0,2,0,-1050,-1160,-1143
2026-09-19T04:33:10Z,FRAME #100 tx t=3002326 peer=0x01 type=3 schema=0 frag=0x01 seq=101 rssi=- snr=- st=0 rx=5 deaf=21658
2026-09-19T04:33:13Z,CHAN,3003,3004104,1000,100,0,5,0,-470,-1150,-1109
2026-09-19T04:33:19Z,CHANSUM,2950,3009,60,60019,5955,44,12,0,3,0,-470,-1160,-1150,-1152
2026-09-19T04:33:19Z,FRAME #101 tx t=3011505 peer=0x02 type=3 schema=0 frag=0x01 seq=102 rssi=- snr=- st=0 rx=5 deaf=21871
2026-09-19T04:33:34Z,CHAN,3024,3025113,1000,100,0,4,0,-980,-1150,-1136
2026-09-19T04:34:09Z,FRAME #102 tx t=3061504 peer=0x01 type=3 schema=0 frag=0x01 seq=103 rssi=- snr=- st=0 rx=5 deaf=22084
2026-09-19T04:34:19Z,CHANSUM,3010,3069,60,60018,5958,42,4,0,1,0,-980,-1160,-1150,-1154
2026-09-19T04:34:19Z,FRAME #103 tx t=3071507 peer=0x02 type=3 schema=0 frag=0x01 seq=104 rssi=- snr=- st=0 rx=5 deaf=22301
2026-09-19T04:35:09Z,FRAME #104 tx t=3121506 peer=0x01 type=3 schema=0 frag=0x01 seq=105 rssi=- snr=- st=0 rx=5 deaf=22514
2026-09-19T04:35:19Z,CHANSUM,3070,3129,60,60012,5957,42,0,0,0,0,-1110,-1160,-1150,-1154
2026-09-19T04:35:19Z,FRAME #105 tx t=3131509 peer=0x02 type=3 schema=0 frag=0x01 seq=106 rssi=- snr=- st=0 rx=5 deaf=22731
2026-09-19T04:35:34Z,CHAN,3144,3145137,1000,100,0,3,0,-950,-1150,-1136
2026-09-19T04:36:05Z,CHAN,3175,3176137,1000,100,0,3,0,-840,-1150,-1134
2026-09-19T04:36:08Z,CHAN,3178,3179137,1000,100,0,5,0,-1060,-1150,-1139
2026-09-19T04:36:09Z,FRAME #106 tx t=3181508 peer=0x01 type=3 schema=0 frag=0x01 seq=107 rssi=- snr=- st=0 rx=5 deaf=22944
2026-09-19T04:36:19Z,CHANSUM,3130,3189,60,60012,5957,42,11,0,3,0,-840,-1160,-1150,-1152
2026-09-19T04:36:19Z,FRAME #107 tx t=3191511 peer=0x02 type=3 schema=0 frag=0x01 seq=108 rssi=- snr=- st=0 rx=5 deaf=23161
2026-09-19T04:37:09Z,FRAME #108 tx t=3241510 peer=0x01 type=3 schema=0 frag=0x01 seq=109 rssi=- snr=- st=0 rx=5 deaf=23374
2026-09-19T04:37:18Z,CHAN,3248,3249158,1000,100,0,5,0,-1020,-1160,-1139
2026-09-19T04:37:19Z,CHANSUM,3190,3249,60,60012,5957,42,5,0,1,0,-1020,-1160,-1150,-1152
2026-09-19T04:37:19Z,FRAME #109 tx t=3251513 peer=0x02 type=3 schema=0 frag=0x01 seq=110 rssi=- snr=- st=0 rx=5 deaf=23591
2026-09-19T04:38:09Z,FRAME #110 tx t=3301512 peer=0x01 type=3 schema=0 frag=0x01 seq=111 rssi=- snr=- st=0 rx=5 deaf=23804
2026-09-19T04:38:15Z,CHAN,3305,3306170,1000,100,0,1,0,-1030,-1150,-1141
2026-09-19T04:38:16Z,CHAN,3306,3307170,1000,100,0,8,0,-1020,-1150,-1132
2026-09-19T04:38:19Z,CHANSUM,3250,3309,60,60012,5957,42,9,0,2,0,-1020,-1160,-1150,-1151
2026-09-19T04:38:19Z,FRAME #111 tx t=3311515 peer=0x02 type=3 schema=0 frag=0x01 seq=112 rssi=- snr=- st=0 rx=5 deaf=24021
2026-09-19T04:38:27Z,CHAN,3317,3318173,1000,100,0,3,0,-950,-1150,-1133
2026-09-19T04:39:09Z,FRAME #112 tx t=3361508 peer=0x01 type=3 schema=0 frag=0x01 seq=113 rssi=- snr=- st=0 rx=5 deaf=24238
2026-09-19T04:39:19Z,CHANSUM,3310,3369,60,60006,5956,42,3,0,1,0,-950,-1160,-1150,-1151
2026-09-19T04:39:19Z,FRAME #113 tx t=3371511 peer=0x02 type=3 schema=0 frag=0x01 seq=114 rssi=- snr=- st=0 rx=5 deaf=24455
2026-09-19T04:39:20Z,CHAN,3370,3371176,1003,78,21,2,0,-1010,-1150,-1138
2026-09-19T04:39:21Z,CHAN,3371,3372179,1000,100,0,7,0,-1010,-1150,-1133
2026-09-19T04:40:09Z,FRAME #114 tx t=3421510 peer=0x01 type=3 schema=0 frag=0x01 seq=115 rssi=- snr=- st=0 rx=5 deaf=24668
2026-09-19T04:40:19Z,CHANSUM,3370,3429,60,60012,5957,42,9,0,2,0,-1010,-1160,-1150,-1152
2026-09-19T04:40:19Z,FRAME #115 tx t=3431513 peer=0x02 type=3 schema=0 frag=0x01 seq=116 rssi=- snr=- st=0 rx=5 deaf=24885
2026-09-19T04:40:55Z,CHAN,3465,3466191,1000,100,0,5,0,-1030,-1160,-1140
2026-09-19T04:41:09Z,FRAME #116 tx t=3481512 peer=0x01 type=3 schema=0 frag=0x01 seq=117 rssi=- snr=- st=0 rx=5 deaf=25098
2026-09-19T04:41:19Z,CHANSUM,3430,3489,60,60012,5957,42,5,0,1,0,-1030,-1160,-1150,-1154
2026-09-19T04:41:19Z,FRAME #117 tx t=3491515 peer=0x02 type=3 schema=0 frag=0x01 seq=118 rssi=- snr=- st=0 rx=5 deaf=25315
2026-09-19T04:41:45Z,CHAN,3515,3516203,1000,100,0,5,0,-970,-1160,-1136
2026-09-19T04:42:06Z,CHAN,3536,3537203,1000,100,0,3,0,-820,-1160,-1134
2026-09-19T04:42:09Z,FRAME #118 tx t=3541508 peer=0x01 type=3 schema=0 frag=0x01 seq=119 rssi=- snr=- st=0 rx=5 deaf=25532
2026-09-19T04:42:10Z,CHAN,3540,3541203,1003,78,21,1,0,-1100,-1160,-1144
2026-09-19T04:42:19Z,CHANSUM,3490,3549,60,60006,5956,42,9,0,3,0,-820,-1160,-1150,-1154
2026-09-19T04:42:19Z,FRAME #119 tx t=3551511 peer=0x02 type=3 schema=0 frag=0x01 seq=120 rssi=- snr=- st=0 rx=5 deaf=25749
2026-09-19T04:42:26Z,CHAN,3556,3557209,1000,100,0,5,0,-1070,-1150,-1140
2026-09-19T04:42:35Z,CHAN,3565,3566209,1000,100,0,5,0,-1020,-1150,-1138
2026-09-19T04:42:36Z,CHAN,3566,3567209,1000,100,0,4,0,-1030,-1150,-1139
2026-09-19T04:42:51Z,CHAN,3581,3582209,1000,100,0,5,0,-900,-1160,-1131
2026-09-19T04:43:06Z,CHAN,3596,3597209,1000,100,0,3,0,-1090,-1150,-1142
2026-09-19T04:43:09Z,FRAME #120 tx t=3601510 peer=0x01 type=3 schema=0 frag=0x01 seq=121 rssi=- snr=- st=0 rx=5 deaf=25962
2026-09-19T04:43:12Z,CHAN,3602,3603218,1000,100,0,5,0,-1080,-1160,-1140
2026-09-19T04:43:19Z,CHANSUM,3550,3609,60,60012,5957,42,27,0,6,0,-900,-1160,-1150,-1153
2026-09-19T04:43:20Z,FRAME #121 tx t=3612547 peer=0x02 type=3 schema=0 frag=0x01 seq=122 rssi=- snr=- st=0 rx=5 deaf=26221
2026-09-19T04:43:40Z,CHAN,3630,3631235,1000,100,0,8,0,-1000,-1150,-1134
2026-09-19T04:43:41Z,CHAN,3631,3632235,1000,100,0,2,0,-1000,-1160,-1142
2026-09-19T04:44:09Z,FRAME #122 tx t=3661506 peer=0x01 type=3 schema=0 frag=0x01 seq=123 rssi=- snr=- st=0 rx=5 deaf=26434
2026-09-19T04:44:19Z,CHANSUM,3610,3669,60,60026,5953,46,10,0,2,0,-1000,-1160,-1150,-1155
2026-09-19T04:44:19Z,FRAME #123 tx t=3671509 peer=0x02 type=3 schema=0 frag=0x01 seq=124 rssi=- snr=- st=0 rx=5 deaf=26651
2026-09-19T04:45:05Z,CHAN,3715,3716247,1000,100,0,5,0,-1070,-1160,-1141
2026-09-19T04:45:09Z,FRAME #124 tx t=3721508 peer=0x01 type=3 schema=0 frag=0x01 seq=125 rssi=- snr=- st=0 rx=5 deaf=26864
2026-09-19T04:45:10Z,CHAN,3720,3721247,1009,79,21,5,0,-1060,-1160,-1140
2026-09-19T04:45:19Z,CHANSUM,3670,3729,60,60012,5957,42,10,0,2,0,-1060,-1160,-1150,-1155
2026-09-19T04:45:19Z,FRAME #125 tx t=3731511 peer=0x02 type=3 schema=0 frag=0x01 seq=126 rssi=- snr=- st=0 rx=5 deaf=27081
2026-09-19T04:45:42Z,CHAN,3752,3753259,1000,100,0,1,0,-1100,-1150,-1143
2026-09-19T04:45:43Z,CHAN,3753,3754259,1000,100,0,1,0,-1100,-1150,-1144
2026-09-19T04:45:51Z,CHAN,3761,3762259,1000,100,0,3,0,-1090,-1160,-1143
2026-09-19T04:46:09Z,FRAME #126 tx t=3781510 peer=0x01 type=3 schema=0 frag=0x01 seq=127 rssi=- snr=- st=0 rx=5 deaf=27294
2026-09-19T04:46:19Z,CHANSUM,3730,3789,60,60012,5957,42,5,0,3,0,-1090,-1160,-1150,-1155
2026-09-19T04:46:19Z,FRAME #127 tx t=3791513 peer=0x02 type=3 schema=0 frag=0x01 seq=128 rssi=- snr=- st=0 rx=5 deaf=27511
2026-09-19T04:47:09Z,FRAME #128 tx t=3841512 peer=0x01 type=3 schema=0 frag=0x01 seq=129 rssi=- snr=- st=0 rx=5 deaf=27724
2026-09-19T04:47:19Z,CHANSUM,3790,3849,60,60012,5957,42,0,0,0,0,-1120,-1160,-1150,-1151
2026-09-19T04:47:19Z,FRAME #129 tx t=3851515 peer=0x02 type=3 schema=0 frag=0x01 seq=130 rssi=- snr=- st=0 rx=5 deaf=27941
2026-09-19T04:48:09Z,FRAME #130 tx t=3901508 peer=0x01 type=3 schema=0 frag=0x01 seq=131 rssi=- snr=- st=0 rx=5 deaf=28158
2026-09-19T04:48:19Z,CHANSUM,3850,3909,60,60006,5956,42,0,0,0,0,-1120,-1160,-1150,-1152
2026-09-19T04:48:19Z,FRAME #131 tx t=3911511 peer=0x02 type=3 schema=0 frag=0x01 seq=132 rssi=- snr=- st=0 rx=5 deaf=28375
2026-09-19T04:49:09Z,FRAME #132 tx t=3961510 peer=0x01 type=3 schema=0 frag=0x01 seq=133 rssi=- snr=- st=0 rx=5 deaf=28588
2026-09-19T04:49:19Z,CHANSUM,3910,3969,60,60012,5957,42,0,0,0,0,-1120,-1160,-1150,-1152
2026-09-19T04:49:19Z,FRAME #133 tx t=3971513 peer=0x02 type=3 schema=0 frag=0x01 seq=134 rssi=- snr=- st=0 rx=5 deaf=28805
2026-09-19T04:50:09Z,FRAME #134 tx t=4021512 peer=0x01 type=3 schema=0 frag=0x01 seq=135 rssi=- snr=- st=0 rx=5 deaf=29018
2026-09-19T04:50:19Z,CHAN,4029,4030310,1000,100,0,4,0,-1100,-1150,-1140
2026-09-19T04:50:19Z,CHANSUM,3970,4029,60,60012,5957,42,4,0,1,0,-1100,-1160,-1150,-1151
2026-09-19T04:50:19Z,FRAME #135 tx t=4031515 peer=0x02 type=3 schema=0 frag=0x01 seq=136 rssi=- snr=- st=0 rx=5 deaf=29235
2026-09-19T04:50:27Z,CHAN,4037,4038313,1000,100,0,6,0,-980,-1150,-1131
2026-09-19T04:51:09Z,FRAME #136 tx t=4081508 peer=0x01 type=3 schema=0 frag=0x01 seq=137 rssi=- snr=- st=0 rx=5 deaf=29452
2026-09-19T04:51:19Z,CHANSUM,4030,4089,60,60006,5956,42,6,0,1,0,-980,-1160,-1150,-1152
2026-09-19T04:51:19Z,FRAME #137 tx t=4091511 peer=0x02 type=3 schema=0 frag=0x01 seq=138 rssi=- snr=- st=0 rx=5 deaf=29669
2026-09-19T04:51:24Z,CHAN,4094,4095320,1000,100,0,4,0,-1060,-1150,-1138
2026-09-19T04:51:31Z,CHAN,4101,4102320,1000,100,0,2,0,-990,-1150,-1139
2026-09-19T04:51:47Z,CHAN,4117,4118320,1000,100,0,4,0,-1020,-1150,-1137
2026-09-19T04:52:09Z,FRAME #138 tx t=4141511 peer=0x01 type=3 schema=0 frag=0x01 seq=139 rssi=- snr=- st=0 rx=5 deaf=29882
2026-09-19T04:52:19Z,CHANSUM,4090,4149,60,60013,5957,42,10,0,3,0,-990,-1160,-1150,-1151
2026-09-19T04:52:19Z,FRAME #139 tx t=4151514 peer=0x02 type=3 schema=0 frag=0x01 seq=140 rssi=- snr=- st=0 rx=5 deaf=30099
2026-09-19T04:52:42Z,CHAN,4172,4173332,1000,100,0,1,0,-1100,-1150,-1141
2026-09-19T04:53:09Z,FRAME #140 tx t=4201507 peer=0x01 type=3 schema=0 frag=0x01 seq=141 rssi=- snr=- st=0 rx=5 deaf=30316
2026-09-19T04:53:19Z,CHANSUM,4150,4209,60,60006,5956,42,1,0,1,0,-1100,-1160,-1150,-1151
2026-09-19T04:53:19Z,FRAME #141 tx t=4211510 peer=0x02 type=3 schema=0 frag=0x01 seq=142 rssi=- snr=- st=0 rx=5 deaf=30533
2026-09-19T04:53:43Z,CHAN,4233,4234338,1000,100,0,4,0,-1090,-1150,-1141
2026-09-19T04:53:49Z,CHAN,4239,4240338,1000,100,0,1,0,-830,-1150,-1138
2026-09-19T04:53:50Z,CHAN,4240,4241338,1000,100,0,2,0,-830,-1150,-1136
2026-09-19T04:54:09Z,FRAME #142 tx t=4261509 peer=0x01 type=3 schema=0 frag=0x01 seq=143 rssi=- snr=- st=0 rx=5 deaf=30747
2026-09-19T04:54:19Z,CHANSUM,4210,4269,60,60012,5957,42,7,0,3,0,-830,-1160,-1150,-1152
2026-09-19T04:54:19Z,FRAME #143 tx t=4271512 peer=0x02 type=3 schema=0 frag=0x01 seq=144 rssi=- snr=- st=0 rx=5 deaf=30964
2026-09-19T04:54:43Z,CHAN,4293,4294350,1000,100,0,6,0,-1080,-1150,-1134
2026-09-19T04:55:09Z,FRAME #144 tx t=4321511 peer=0x01 type=3 schema=0 frag=0x01 seq=145 rssi=- snr=- st=0 rx=5 deaf=31177
2026-09-19T04:55:19Z,CHANSUM,4270,4329,60,60012,5957,42,6,0,1,0,-1080,-1160,-1150,-1151
2026-09-19T04:55:19Z,FRAME #145 tx t=4331514 peer=0x02 type=3 schema=0 frag=0x01 seq=146 rssi=- snr=- st=0 rx=5 deaf=31394
2026-09-19T04:55:46Z,CHAN,4356,4357362,1000,100,0,5,0,-990,-1150,-1134
2026-09-19T04:56:09Z,FRAME #146 tx t=4381507 peer=0x01 type=3 schema=0 frag=0x01 seq=147 rssi=- snr=- st=0 rx=5 deaf=31611
2026-09-19T04:56:19Z,CHANSUM,4330,4389,60,60006,5956,42,5,0,1,0,-990,-1160,-1150,-1150
2026-09-19T04:56:19Z,FRAME #147 tx t=4391510 peer=0x02 type=3 schema=0 frag=0x01 seq=148 rssi=- snr=- st=0 rx=5 deaf=31828
2026-09-19T04:56:54Z,CHAN,4424,4425368,1000,100,0,1,0,-1020,-1150,-1142
2026-09-19T04:57:05Z,CHAN,4435,4436368,1000,100,0,4,0,-1080,-1150,-1141
2026-09-19T04:57:09Z,FRAME #148 tx t=4441509 peer=0x01 type=3 schema=0 frag=0x01 seq=149 rssi=- snr=- st=0 rx=5 deaf=32042
2026-09-19T04:57:19Z,CHANSUM,4390,4449,60,60012,5957,42,5,0,2,0,-1020,-1160,-1150,-1152
2026-09-19T04:57:19Z,FRAME #149 tx t=4451512 peer=0x02 type=3 schema=0 frag=0x01 seq=150 rssi=- snr=- st=0 rx=5 deaf=32259
2026-09-19T04:57:24Z,CHAN,4454,4455380,1000,100,0,1,0,-1100,-1160,-1139
2026-09-19T04:57:56Z,CHAN,4486,4487380,1000,100,0,1,0,-1100,-1150,-1143
2026-09-19T04:58:09Z,FRAME #150 tx t=4501511 peer=0x01 type=3 schema=0 frag=0x01 seq=151 rssi=- snr=- st=0 rx=5 deaf=32472
2026-09-19T04:58:19Z,CHANSUM,4450,4509,60,60012,5957,42,2,0,2,0,-1100,-1160,-1150,-1152
2026-09-19T04:58:19Z,FRAME #151 tx t=4511514 peer=0x02 type=3 schema=0 frag=0x01 seq=152 rssi=- snr=- st=0 rx=5 deaf=32689
2026-09-19T04:58:36Z,CHAN,4526,4527392,1000,100,0,5,0,-1020,-1150,-1139
2026-09-19T04:59:08Z,CHAN,4558,4559392,1000,100,0,3,0,-1060,-1150,-1141
2026-09-19T04:59:09Z,FRAME #152 tx t=4561507 peer=0x01 type=3 schema=0 frag=0x01 seq=153 rssi=- snr=- st=0 rx=5 deaf=32906
2026-09-19T04:59:19Z,CHANSUM,4510,4569,60,60006,5956,42,8,0,2,0,-1020,-1160,-1150,-1153
2026-09-19T04:59:19Z,FRAME #153 tx t=4571510 peer=0x02 type=3 schema=0 frag=0x01 seq=154 rssi=- snr=- st=0 rx=5 deaf=33123
2026-09-19T04:59:23Z,CHAN,4573,4574398,1000,100,0,4,0,-1020,-1160,-1139
2026-09-19T05:00:01Z,CHAN,4611,4612398,1000,100,0,7,0,-980,-1150,-1131
2026-09-19T05:00:08Z,CHAN,4618,4619398,1000,100,0,3,0,-1050,-1160,-1142
2026-09-19T05:00:09Z,FRAME #154 tx t=4621509 peer=0x01 type=3 schema=0 frag=0x01 seq=155 rssi=- snr=- st=0 rx=5 deaf=33336
2026-09-19T05:00:19Z,CHANSUM,4570,4629,60,60012,5957,42,14,0,3,0,-980,-1160,-1150,-1153
2026-09-19T05:00:19Z,FRAME #155 tx t=4631512 peer=0x02 type=3 schema=0 frag=0x01 seq=156 rssi=- snr=- st=0 rx=5 deaf=33553
2026-09-19T05:00:27Z,CHAN,4637,4638410,1000,100,0,1,0,-1050,-1160,-1143
2026-09-19T05:00:28Z,CHAN,4638,4639410,1000,100,0,4,0,-1050,-1160,-1141
2026-09-19T05:01:09Z,FRAME #156 tx t=4681511 peer=0x01 type=3 schema=0 frag=0x01 seq=157 rssi=- snr=- st=0 rx=5 deaf=33766
2026-09-19T05:01:19Z,CHANSUM,4630,4689,60,60012,5957,42,5,0,2,0,-1050,-1160,-1150,-1153
2026-09-19T05:01:19Z,FRAME #157 tx t=4691514 peer=0x02 type=3 schema=0 frag=0x01 seq=158 rssi=- snr=- st=0 rx=5 deaf=33983
2026-09-19T05:02:09Z,FRAME #158 tx t=4741507 peer=0x01 type=3 schema=0 frag=0x01 seq=159 rssi=- snr=- st=0 rx=5 deaf=34200
2026-09-19T05:02:19Z,CHANSUM,4690,4749,60,60006,5956,42,0,0,0,0,-1110,-1160,-1150,-1152
2026-09-19T05:02:19Z,FRAME #159 tx t=4751510 peer=0x02 type=3 schema=0 frag=0x01 seq=160 rssi=- snr=- st=0 rx=5 deaf=34417
2026-09-19T05:03:09Z,FRAME #160 tx t=4801509 peer=0x01 type=3 schema=0 frag=0x01 seq=161 rssi=- snr=- st=0 rx=5 deaf=34631
2026-09-19T05:03:19Z,CHANSUM,4750,4809,60,60012,5957,42,0,0,0,0,-1110,-1160,-1150,-1152
2026-09-19T05:03:19Z,FRAME #161 tx t=4811512 peer=0x02 type=3 schema=0 frag=0x01 seq=162 rssi=- snr=- st=0 rx=5 deaf=34848
2026-09-19T05:03:43Z,CHAN,4833,4834440,1000,100,0,3,0,-930,-1150,-1136
2026-09-19T05:04:09Z,FRAME #162 tx t=4861511 peer=0x01 type=3 schema=0 frag=0x01 seq=163 rssi=- snr=- st=0 rx=5 deaf=35061
2026-09-19T05:04:19Z,CHAN,4869,4870449,1000,100,0,3,0,-1100,-1150,-1142
2026-09-19T05:04:19Z,CHANSUM,4810,4869,60,60012,5957,42,6,0,2,0,-930,-1160,-1150,-1151
2026-09-19T05:04:19Z,FRAME #163 tx t=4871514 peer=0x02 type=3 schema=0 frag=0x01 seq=164 rssi=- snr=- st=0 rx=5 deaf=35278
2026-09-19T05:05:09Z,FRAME #164 tx t=4921507 peer=0x01 type=3 schema=0 frag=0x01 seq=165 rssi=- snr=- st=0 rx=5 deaf=35495
2026-09-19T05:05:19Z,CHANSUM,4870,4929,60,60006,5956,42,0,0,0,0,-1130,-1160,-1150,-1153
2026-09-19T05:05:19Z,FRAME #165 tx t=4931510 peer=0x02 type=3 schema=0 frag=0x01 seq=166 rssi=- snr=- st=0 rx=5 deaf=35712
2026-09-19T05:05:42Z,CHAN,4952,4953458,1000,100,0,5,0,-1020,-1160,-1140
2026-09-19T05:05:44Z,CHAN,4954,4955458,1000,100,0,4,0,-920,-1160,-1137
2026-09-19T05:06:09Z,FRAME #166 tx t=4981509 peer=0x01 type=3 schema=0 frag=0x01 seq=167 rssi=- snr=- st=0 rx=5 deaf=35926
2026-09-19T05:06:19Z,CHANSUM,4930,4989,60,60012,5957,42,9,0,2,0,-920,-1160,-1150,-1155
2026-09-19T05:06:19Z,FRAME #167 tx t=4991512 peer=0x02 type=3 schema=0 frag=0x01 seq=168 rssi=- snr=- st=0 rx=5 deaf=36143
2026-09-19T05:07:03Z,CHAN,5033,5034470,1000,100,0,9,0,-940,-1170,-1125
2026-09-19T05:07:04Z,CHAN,5034,5035470,1000,100,0,1,0,-1040,-1150,-1143
2026-09-19T05:07:09Z,FRAME #168 tx t=5041511 peer=0x01 type=3 schema=0 frag=0x01 seq=169 rssi=- snr=- st=0 rx=5 deaf=36356
2026-09-19T05:07:19Z,CHANSUM,4990,5049,60,60012,5957,42,10,0,2,0,-940,-1170,-1150,-1154
2026-09-19T05:07:19Z,FRAME #169 tx t=5051514 peer=0x02 type=3 schema=0 frag=0x01 seq=170 rssi=- snr=- st=0 rx=5 deaf=36573
2026-09-19T05:07:51Z,CHAN,5081,5082482,1000,100,0,4,0,-1050,-1160,-1141
2026-09-19T05:08:09Z,FRAME #170 tx t=5101507 peer=0x01 type=3 schema=0 frag=0x01 seq=171 rssi=- snr=- st=0 rx=5 deaf=36790
2026-09-19T05:08:19Z,CHAN,5109,5110485,1000,100,0,2,0,-1080,-1160,-1144
2026-09-19T05:08:19Z,CHANSUM,5050,5109,60,60006,5956,42,6,0,2,0,-1050,-1160,-1150,-1154
2026-09-19T05:08:19Z,FRAME #171 tx t=5111510 peer=0x02 type=3 schema=0 frag=0x01 seq=172 rssi=- snr=- st=0 rx=5 deaf=37007
2026-09-19T05:08:20Z,CHAN,5110,5111485,1003,78,21,1,0,-1080,-1160,-1143
2026-09-19T05:09:09Z,FRAME #172 tx t=5161509 peer=0x01 type=3 schema=0 frag=0x01 seq=173 rssi=- snr=- st=0 rx=5 deaf=37221
2026-09-19T05:09:19Z,FRAME #173 tx t=5171512 peer=0x02 type=3 schema=0 frag=0x01 seq=174 rssi=- snr=- st=0 rx=5 deaf=37438
2026-09-19T05:09:19Z,CHANSUM,5110,5169,60,60018,5957,42,1,0,1,0,-1080,-1160,-1150,-1153
2026-09-19T05:09:34Z,CHAN,5184,5185510,1000,100,0,2,0,-1100,-1150,-1141
2026-09-19T05:09:47Z,CHAN,5197,5198510,1000,100,0,5,0,-1050,-1150,-1138
2026-09-19T05:10:09Z,FRAME #174 tx t=5221511 peer=0x01 type=3 schema=0 frag=0x01 seq=175 rssi=- snr=- st=0 rx=5 deaf=37651
2026-09-19T05:10:10Z,CHAN,5220,5221511,1008,80,20,1,0,-1100,-1150,-1142
2026-09-19T05:10:14Z,CHAN,5224,5225519,1000,100,0,46,0,-940,-1150,-1083
2026-09-19T05:10:15Z,CHAN,5225,5226519,1000,100,0,25,0,-940,-1150,-1105
2026-09-19T05:10:19Z,FRAME #175 tx t=5231514 peer=0x02 type=3 schema=0 frag=0x01 seq=176 rssi=- snr=- st=0 rx=5 deaf=37868
2026-09-19T05:10:19Z,CHANSUM,5170,5229,60,60028,5956,44,79,0,5,0,-940,-1160,-1150,-1151
2026-09-19T05:10:37Z,CHAN,5247,5248532,1000,100,0,5,0,-1060,-1150,-1139
2026-09-19T05:10:39Z,CHAN,5249,5250532,1000,100,0,4,0,-1060,-1150,-1139
2026-09-19T05:11:09Z,FRAME #176 tx t=5281503 peer=0x01 type=3 schema=0 frag=0x01 seq=177 rssi=- snr=- st=0 rx=5 deaf=38081
2026-09-19T05:11:19Z,FRAME #177 tx t=5291512 peer=0x02 type=3 schema=0 frag=0x01 seq=178 rssi=- snr=- st=0 rx=5 deaf=38294
2026-09-19T05:11:19Z,CHANSUM,5230,5289,60,60017,5956,44,9,0,2,0,-1060,-1160,-1150,-1151
2026-09-19T05:11:37Z,CHAN,5307,5308550,1000,100,0,4,0,-1070,-1150,-1139
2026-09-19T05:12:09Z,FRAME #178 tx t=5341511 peer=0x01 type=3 schema=0 frag=0x01 seq=179 rssi=- snr=- st=0 rx=5 deaf=38507
2026-09-19T05:12:19Z,FRAME #179 tx t=5351514 peer=0x02 type=3 schema=0 frag=0x01 seq=180 rssi=- snr=- st=0 rx=5 deaf=38724
2026-09-19T05:12:19Z,CHANSUM,5290,5349,60,60013,5956,43,4,0,1,0,-1070,-1160,-1150,-1151
2026-09-19T05:12:34Z,CHAN,5364,5365562,1000,100,0,2,0,-1090,-1150,-1142
2026-09-19T05:12:55Z,CHAN,5385,5386562,1000,100,0,9,0,-1030,-1150,-1134
2026-09-19T05:13:06Z,CHAN,5396,5397562,1000,100,0,1,0,-1100,-1150,-1144
2026-09-19T05:13:09Z,FRAME #180 tx t=5401507 peer=0x01 type=3 schema=0 frag=0x01 seq=181 rssi=- snr=- st=0 rx=5 deaf=38941
2026-09-19T05:13:19Z,FRAME #181 tx t=5411510 peer=0x02 type=3 schema=0 frag=0x01 seq=182 rssi=- snr=- st=0 rx=5 deaf=39158
2026-09-19T05:13:19Z,CHANSUM,5350,5409,60,60006,5955,43,12,0,3,0,-1030,-1170,-1150,-1155
2026-09-19T05:14:00Z,CHAN,5450,5451568,1000,100,0,9,0,-1030,-1160,-1135
2026-09-19T05:14:09Z,FRAME #182 tx t=5461509 peer=0x01 type=3 schema=0 frag=0x01 seq=183 rssi=- snr=- st=0 rx=5 deaf=39371
2026-09-19T05:14:19Z,FRAME #183 tx t=5471512 peer=0x02 type=3 schema=0 frag=0x01 seq=184 rssi=- snr=- st=0 rx=5 deaf=39588
2026-09-19T05:14:19Z,CHANSUM,5410,5469,60,60012,5956,43,9,0,1,0,-1030,-1160,-1150,-1156
2026-09-19T05:14:47Z,CHAN,5497,5498580,1000,100,0,5,0,-1090,-1160,-1143
2026-09-19T05:15:09Z,FRAME #184 tx t=5521511 peer=0x01 type=3 schema=0 frag=0x01 seq=185 rssi=- snr=- st=0 rx=5 deaf=39801
2026-09-19T05:15:09Z,CHAN,5519,5520580,1008,92,8,3,0,-1080,-1160,-1143
2026-09-19T05:15:19Z,CHANSUM,5470,5529,60,60011,5962,37,8,0,2,0,-1080,-1160,-1150,-1157
2026-09-19T05:15:19Z,FRAME #185 tx t=5532021 peer=0x02 type=3 schema=0 frag=0x01 seq=186 rssi=- snr=- st=0 rx=5 deaf=40039
2026-09-19T05:15:22Z,CHAN,5532,5533599,1000,100,0,4,0,-990,-1160,-1140
2026-09-19T05:16:09Z,FRAME #186 tx t=5581514 peer=0x01 type=3 schema=0 frag=0x01 seq=187 rssi=- snr=- st=0 rx=5 deaf=40256
2026-09-19T05:16:19Z,FRAME #187 tx t=5591503 peer=0x02 type=3 schema=0 frag=0x01 seq=188 rssi=- snr=- st=0 rx=5 deaf=40469
2026-09-19T05:16:19Z,CHANSUM,5530,5589,60,60019,5946,53,4,0,1,0,-990,-1160,-1150,-1156
2026-09-19T05:16:47Z,CHAN,5617,5618611,1000,100,0,2,0,-1090,-1150,-1143
2026-09-19T05:17:09Z,FRAME #188 tx t=5641516 peer=0x01 type=3 schema=0 frag=0x01 seq=189 rssi=- snr=- st=0 rx=5 deaf=40686
2026-09-19T05:17:15Z,CHAN,5645,5646614,1000,100,0,9,0,-1030,-1150,-1135
2026-09-19T05:17:19Z,FRAME #189 tx t=5651505 peer=0x02 type=3 schema=0 frag=0x01 seq=190 rssi=- snr=- st=0 rx=5 deaf=40899
2026-09-19T05:17:19Z,CHANSUM,5590,5649,60,60012,5956,43,11,0,2,0,-1030,-1160,-1150,-1156
2026-09-19T05:17:32Z,CHAN,5662,5663623,1000,100,0,4,0,-1050,-1150,-1140
2026-09-19T05:17:40Z,CHAN,5670,5671623,1000,100,0,3,0,-1060,-1150,-1143
2026-09-19T05:18:09Z,FRAME #190 tx t=5701504 peer=0x01 type=3 schema=0 frag=0x01 seq=191 rssi=- snr=- st=0 rx=5 deaf=41112
2026-09-19T05:18:18Z,CHAN,5708,5709632,1000,100,0,5,0,-920,-1160,-1133
2026-09-19T05:18:19Z,FRAME #191 tx t=5711507 peer=0x02 type=3 schema=0 frag=0x01 seq=192 rssi=- snr=- st=0 rx=5 deaf=41329
2026-09-19T05:18:19Z,CHANSUM,5650,5709,60,60013,5956,43,12,0,3,0,-920,-1160,-1150,-1155
2026-09-19T05:18:20Z,CHAN,5710,5711634,1001,92,8,9,0,-1020,-1160,-1134
2026-09-19T05:19:08Z,CHAN,5758,5759635,1000,100,0,5,0,-980,-1160,-1138
2026-09-19T05:19:09Z,FRAME #192 tx t=5761506 peer=0x01 type=3 schema=0 frag=0x01 seq=193 rssi=- snr=- st=0 rx=5 deaf=41542
2026-09-19T05:19:09Z,CHAN,5759,5760635,1008,86,14,3,0,-1060,-1150,-1143
2026-09-19T05:19:16Z,CHAN,5766,5767644,1000,100,0,5,0,-1070,-1160,-1142
2026-09-19T05:19:19Z,FRAME #193 tx t=5771509 peer=0x02 type=3 schema=0 frag=0x01 seq=194 rssi=- snr=- st=0 rx=5 deaf=41759
2026-09-19T05:19:19Z,CHANSUM,5710,5769,60,60012,5956,43,22,0,4,0,-980,-1160,-1150,-1157
2026-09-19T05:19:22Z,CHAN,5772,5773647,1000,100,0,3,0,-1090,-1160,-1144
2026-09-19T05:20:09Z,FRAME #194 tx t=5821508 peer=0x01 type=3 schema=0 frag=0x01 seq=195 rssi=- snr=- st=0 rx=5 deaf=41972
2026-09-19T05:20:14Z,CHAN,5824,5825656,1000,100,0,4,0,-860,-1160,-1135
2026-09-19T05:20:19Z,FRAME #195 tx t=5831511 peer=0x02 type=3 schema=0 frag=0x01 seq=196 rssi=- snr=- st=0 rx=5 deaf=42189
2026-09-19T05:20:19Z,CHANSUM,5770,5829,60,60012,5956,43,7,0,2,0,-860,-1160,-1150,-1157
2026-09-19T05:20:30Z,CHAN,5840,5841659,1000,100,0,3,0,-1060,-1150,-1142
2026-09-19T05:21:09Z,FRAME #196 tx t=5881510 peer=0x01 type=3 schema=0 frag=0x01 seq=197 rssi=- snr=- st=0 rx=5 deaf=42402
2026-09-19T05:21:18Z,CHAN,5888,5889668,1000,100,0,5,0,-1060,-1150,-1140
2026-09-19T05:21:19Z,FRAME #197 tx t=5891513 peer=0x02 type=3 schema=0 frag=0x01 seq=198 rssi=- snr=- st=0 rx=5 deaf=42619
2026-09-19T05:21:19Z,CHANSUM,5830,5889,60,60012,5956,43,8,0,2,0,-1060,-1160,-1150,-1157
2026-09-19T05:21:37Z,CHAN,5907,5908671,1000,100,0,6,0,-940,-1160,-1133
2026-09-19T05:21:38Z,CHAN,5908,5909671,1000,100,0,3,0,-950,-1150,-1139
2026-09-19T05:21:47Z,CHAN,5917,5918671,1000,100,0,1,0,-1100,-1160,-1145
2026-09-19T05:21:52Z,CHAN,5922,5923671,1000,100,0,5,0,-460,-1160,-1112
2026-09-19T05:21:55Z,CHAN,5925,5926671,1000,100,0,3,0,-1020,-1150,-1141
2026-09-19T05:22:09Z,FRAME #198 tx t=5941512 peer=0x01 type=3 schema=0 frag=0x01 seq=199 rssi=- snr=- st=0 rx=5 deaf=42832
2026-09-19T05:22:19Z,FRAME #199 tx t=5951515 peer=0x02 type=3 schema=0 frag=0x01 seq=200 rssi=- snr=- st=0 rx=5 deaf=43049
2026-09-19T05:22:19Z,CHANSUM,5890,5949,60,60012,5956,43,18,0,5,0,-460,-1170,-1150,-1156
2026-09-19T05:22:21Z,CHAN,5951,5952683,1000,100,0,3,0,-1060,-1160,-1142
2026-09-19T05:22:38Z,CHAN,5968,5969683,1000,100,0,1,0,-1100,-1150,-1137
2026-09-19T05:22:39Z,CHAN,5969,5970683,1000,100,0,3,0,-1070,-1140,-1131
2026-09-19T05:22:54Z,CHAN,5984,5985683,1000,100,0,1,0,-1100,-1150,-1140
2026-09-19T05:23:04Z,CHAN,5994,5995683,1000,100,0,3,0,-1010,-1140,-1128
2026-09-19T05:23:09Z,FRAME #200 tx t=6001508 peer=0x01 type=3 schema=0 frag=0x01 seq=201 rssi=- snr=- st=0 rx=5 deaf=43266
2026-09-19T05:23:19Z,FRAME #201 tx t=6011511 peer=0x02 type=3 schema=0 frag=0x01 seq=202 rssi=- snr=- st=0 rx=5 deaf=43483
2026-09-19T05:23:19Z,CHANSUM,5950,6009,60,60006,5955,43,11,0,5,0,-1010,-1160,-1140,-1147
2026-09-19T05:23:22Z,CHAN,6012,6013689,1000,100,0,3,0,-1050,-1150,-1130
2026-09-19T05:23:25Z,CHAN,6015,6016689,1000,100,0,10,0,-1010,-1140,-1122
2026-09-19T05:23:27Z,CHAN,6017,6018689,1000,100,0,3,0,-1060,-1140,-1130
2026-09-19T05:24:09Z,CHAN,6059,6060689,1007,98,2,1,0,-1100,-1150,-1130
2026-09-19T05:24:10Z,FRAME #202 tx t=6062087 peer=0x01 type=3 schema=0 frag=0x01 seq=203 rssi=- snr=- st=0 rx=5 deaf=43717
2026-09-19T05:24:19Z,FRAME #203 tx t=6071506 peer=0x02 type=3 schema=0 frag=0x01 seq=204 rssi=- snr=- st=0 rx=5 deaf=43930
2026-09-19T05:24:19Z,CHANSUM,6010,6069,60,60026,5953,47,17,0,4,0,-1010,-1150,-1130,-1142
2026-09-19T05:24:30Z,CHAN,6080,6081714,1000,100,0,9,0,-1070,-1140,-1123
2026-09-19T05:24:35Z,CHAN,6085,6086714,1000,100,0,3,0,-1030,-1140,-1124
2026-09-19T05:24:38Z,CHAN,6088,6089714,1000,100,0,3,0,-1090,-1130,-1127
2026-09-19T05:24:59Z,CHAN,6109,6110714,1000,100,0,1,0,-1090,-1140,-1127
2026-09-19T05:25:09Z,FRAME #204 tx t=6121505 peer=0x01 type=3 schema=0 frag=0x01 seq=205 rssi=- snr=- st=0 rx=5 deaf=44143
2026-09-19T05:25:09Z,CHAN,6119,6120714,1009,79,21,1,0,-1100,-1130,-1127
2026-09-19T05:25:19Z,FRAME #205 tx t=6131508 peer=0x02 type=3 schema=0 frag=0x01 seq=206 rssi=- snr=- st=0 rx=5 deaf=44360
2026-09-19T05:25:19Z,CHANSUM,6070,6129,60,60012,5957,42,17,0,5,0,-1030,-1140,-1130,-1139
2026-09-19T05:25:37Z,CHAN,6147,6148726,1000,100,0,3,0,-1090,-1140,-1126
2026-09-19T05:25:44Z,CHAN,6154,6155726,1000,100,0,1,0,-1100,-1140,-1127
2026-09-19T05:25:46Z,CHAN,6156,6157726,1000,100,0,3,0,-870,-1140,-1120
2026-09-19T05:25:49Z,CHAN,6159,6160726,1000,100,0,1,0,-1090,-1130,-1127
2026-09-19T05:26:08Z,CHAN,6178,6179726,1000,100,0,4,0,-1060,-1140,-1124
2026-09-19T05:26:09Z,FRAME #206 tx t=6181507 peer=0x01 type=3 schema=0 frag=0x01 seq=207 rssi=- snr=- st=0 rx=5 deaf=44573
2026-09-19T05:26:19Z,FRAME #207 tx t=6191510 peer=0x02 type=3 schema=0 frag=0x01 seq=208 rssi=- snr=- st=0 rx=5 deaf=44790
2026-09-19T05:26:19Z,CHANSUM,6130,6189,60,60012,5957,42,12,0,5,0,-870,-1140,-1130,-1138
2026-09-19T05:26:31Z,CHAN,6201,6202738,1000,100,0,4,0,-1020,-1140,-1127
2026-09-19T05:26:36Z,CHAN,6206,6207738,1000,100,0,3,0,-1040,-1140,-1125
2026-09-19T05:26:55Z,CHAN,6225,6226738,1000,100,0,4,0,-1030,-1140,-1123
2026-09-19T05:26:58Z,CHAN,6228,6229738,1000,100,0,5,0,-1000,-1140,-1122
2026-09-19T05:27:09Z,FRAME #208 tx t=6241509 peer=0x01 type=3 schema=0 frag=0x01 seq=209 rssi=- snr=- st=0 rx=5 deaf=45003
2026-09-19T05:27:09Z,CHAN,6239,6240738,1009,79,21,5,0,-1020,-1160,-1132
2026-09-19T05:27:19Z,CHANSUM,6190,6249,60,60010,5976,23,21,0,5,0,-1000,-1160,-1130,-1143
2026-09-19T05:27:20Z,FRAME #209 tx t=6252649 peer=0x02 type=3 schema=0 frag=0x01 seq=210 rssi=- snr=- st=0 rx=5 deaf=45241
2026-09-19T05:27:35Z,CHAN,6265,6266757,1000,100,0,3,0,-1070,-1150,-1136
2026-09-19T05:27:36Z,CHAN,6266,6267757,1000,100,0,3,0,-1040,-1150,-1134
2026-09-19T05:27:45Z,CHAN,6275,6276757,1000,100,0,9,0,-1070,-1150,-1131
2026-09-19T05:27:47Z,CHAN,6277,6278757,1000,100,0,3,0,-880,-1150,-1130
2026-09-19T05:28:09Z,FRAME #210 tx t=6301508 peer=0x01 type=3 schema=0 frag=0x01 seq=211 rssi=- snr=- st=0 rx=5 deaf=45454
2026-09-19T05:28:19Z,FRAME #211 tx t=6311511 peer=0x02 type=3 schema=0 frag=0x01 seq=212 rssi=- snr=- st=0 rx=5 deaf=45671
2026-09-19T05:28:19Z,CHANSUM,6250,6309,60,60021,5936,63,18,0,4,0,-880,-1160,-1140,-1150
2026-09-19T05:28:50Z,CHAN,6340,6341769,1000,100,0,9,0,-1040,-1150,-1130
2026-09-19T05:29:08Z,CHAN,6358,6359769,1000,100,0,1,0,-1100,-1150,-1137
2026-09-19T05:29:10Z,FRAME #212 tx t=6362766 peer=0x01 type=3 schema=0 frag=0x01 seq=213 rssi=- snr=- st=0 rx=5 deaf=45905
2026-09-19T05:29:19Z,FRAME #213 tx t=6371505 peer=0x02 type=3 schema=0 frag=0x01 seq=214 rssi=- snr=- st=0 rx=5 deaf=46118
2026-09-19T05:29:19Z,CHANSUM,6310,6369,60,60024,5956,44,10,0,2,0,-1040,-1160,-1150,-1150
2026-09-19T05:29:33Z,CHAN,6383,6384793,1000,100,0,4,0,-1100,-1150,-1136
2026-09-19T05:29:57Z,CHAN,6407,6408793,1000,100,0,1,0,-1100,-1150,-1137
2026-09-19T05:30:09Z,FRAME #214 tx t=6421504 peer=0x01 type=3 schema=0 frag=0x01 seq=215 rssi=- snr=- st=0 rx=5 deaf=46331
2026-09-19T05:30:19Z,FRAME #215 tx t=6431507 peer=0x02 type=3 schema=0 frag=0x01 seq=216 rssi=- snr=- st=0 rx=5 deaf=46548
2026-09-19T05:30:19Z,CHANSUM,6370,6429,60,60012,5957,42,5,0,2,0,-1100,-1160,-1150,-1150
2026-09-19T05:30:21Z,CHAN,6431,6432805,1000,100,0,1,0,-1100,-1150,-1138
2026-09-19T05:30:32Z,CHAN,6442,6443805,1000,100,0,5,0,-890,-1150,-1126
2026-09-19T05:30:44Z,CHAN,6454,6455805,1000,100,0,1,0,-1100,-1150,-1138
2026-09-19T05:30:50Z,CHAN,6460,6461805,1000,100,0,1,0,-1100,-1150,-1137
2026-09-19T05:31:08Z,CHAN,6478,6479805,1000,100,0,1,0,-1010,-1160,-1137
2026-09-19T05:31:09Z,FRAME #216 tx t=6481506 peer=0x01 type=3 schema=0 frag=0x01 seq=217 rssi=- snr=- st=0 rx=5 deaf=46761
2026-09-19T05:31:19Z,FRAME #217 tx t=6491509 peer=0x02 type=3 schema=0 frag=0x01 seq=218 rssi=- snr=- st=0 rx=5 deaf=46978
2026-09-19T05:31:19Z,CHANSUM,6430,6489,60,60012,5957,42,9,0,5,0,-890,-1160,-1150,-1150
2026-09-19T05:31:30Z,CHAN,6500,6501817,1000,100,0,5,0,-990,-1160,-1131
2026-09-19T05:31:56Z,CHAN,6526,6527817,1000,100,0,4,0,-1030,-1150,-1133
2026-09-19T05:32:09Z,FRAME #218 tx t=6541508 peer=0x01 type=3 schema=0 frag=0x01 seq=219 rssi=- snr=- st=0 rx=5 deaf=47191
2026-09-19T05:32:12Z,CHAN,6542,6543826,1000,100,0,9,0,-1010,-1150,-1128
2026-09-19T05:32:19Z,FRAME #219 tx t=6551511 peer=0x02 type=3 schema=0 frag=0x01 seq=220 rssi=- snr=- st=0 rx=5 deaf=47408
2026-09-19T05:32:19Z,CHANSUM,6490,6549,60,60012,5957,42,18,0,3,0,-990,-1160,-1150,-1150
2026-09-19T05:33:09Z,FRAME #220 tx t=6601510 peer=0x01 type=3 schema=0 frag=0x01 seq=221 rssi=- snr=- st=0 rx=5 deaf=47621
2026-09-19T05:33:19Z,FRAME #221 tx t=6611513 peer=0x02 type=3 schema=0 frag=0x01 seq=222 rssi=- snr=- st=0 rx=5 deaf=47838
2026-09-19T05:33:19Z,CHANSUM,6550,6609,60,60012,5957,42,0,0,0,0,-1110,-1160,-1150,-1150
2026-09-19T05:33:31Z,CHAN,6621,6622841,1000,100,0,5,0,-920,-1150,-1126
2026-09-19T05:34:09Z,FRAME #222 tx t=6661512 peer=0x01 type=3 schema=0 frag=0x01 seq=223 rssi=- snr=- st=0 rx=5 deaf=48051
2026-09-19T05:34:19Z,FRAME #223 tx t=6671515 peer=0x02 type=3 schema=0 frag=0x01 seq=224 rssi=- snr=- st=0 rx=5 deaf=48268
2026-09-19T05:34:19Z,CHANSUM,6610,6669,60,60012,5957,42,5,0,1,0,-920,-1160,-1140,-1149
2026-09-19T05:34:24Z,CHAN,6674,6675853,1000,100,0,4,0,-1030,-1150,-1133
2026-09-19T05:35:09Z,FRAME #224 tx t=6721508 peer=0x01 type=3 schema=0 frag=0x01 seq=225 rssi=- snr=- st=0 rx=5 deaf=48485
2026-09-19T05:35:13Z,CHAN,6723,6724856,1000,100,0,2,0,-1100,-1150,-1135
2026-09-19T05:35:19Z,FRAME #225 tx t=6731511 peer=0x02 type=3 schema=0 frag=0x01 seq=226 rssi=- snr=- st=0 rx=5 deaf=48702
2026-09-19T05:35:19Z,CHANSUM,6670,6729,60,60006,5956,42,6,0,2,0,-1030,-1160,-1150,-1150
2026-09-19T05:35:26Z,CHAN,6736,6737859,1000,100,0,2,0,-1100,-1150,-1136
2026-09-19T05:35:54Z,CHAN,6764,6765859,1000,100,0,5,0,-1060,-1150,-1134
2026-09-19T05:36:09Z,FRAME #226 tx t=6781510 peer=0x01 type=3 schema=0 frag=0x01 seq=227 rssi=- snr=- st=0 rx=5 deaf=48915
2026-09-19T05:36:19Z,FRAME #227 tx t=6791513 peer=0x02 type=3 schema=0 frag=0x01 seq=228 rssi=- snr=- st=0 rx=5 deaf=49132
2026-09-19T05:36:19Z,CHANSUM,6730,6789,60,60012,5957,42,7,0,2,0,-1060,-1160,-1150,-1150
2026-09-19T05:37:09Z,FRAME #228 tx t=6841512 peer=0x01 type=3 schema=0 frag=0x01 seq=229 rssi=- snr=- st=0 rx=5 deaf=49345
2026-09-19T05:37:11Z,CHAN,6841,6842880,1000,100,0,5,0,-1070,-1150,-1136
2026-09-19T05:37:19Z,CHANSUM,6790,6849,60,60010,5976,23,5,0,1,0,-1070,-1160,-1150,-1150
2026-09-19T05:37:19Z,FRAME #229 tx t=6851996 peer=0x02 type=3 schema=0 frag=0x01 seq=230 rssi=- snr=- st=0 rx=5 deaf=49587
2026-09-19T05:37:57Z,CHAN,6887,6888884,1000,100,0,3,0,-1000,-1150,-1135
2026-09-19T05:38:01Z,CHAN,6891,6892884,1000,100,0,5,0,-1060,-1150,-1135
2026-09-19T05:38:09Z,FRAME #230 tx t=6901509 peer=0x01 type=3 schema=0 frag=0x01 seq=231 rssi=- snr=- st=0 rx=5 deaf=49804
2026-09-19T05:38:19Z,FRAME #231 tx t=6911512 peer=0x02 type=3 schema=0 frag=0x01 seq=232 rssi=- snr=- st=0 rx=5 deaf=50021
2026-09-19T05:38:19Z,CHANSUM,6850,6909,60,60009,5934,63,8,0,2,0,-1000,-1160,-1150,-1150
2026-09-19T05:39:09Z,FRAME #232 tx t=6961511 peer=0x01 type=3 schema=0 frag=0x01 seq=233 rssi=- snr=- st=0 rx=5 deaf=50234
2026-09-19T05:39:19Z,FRAME #233 tx t=6971514 peer=0x02 type=3 schema=0 frag=0x01 seq=234 rssi=- snr=- st=0 rx=5 deaf=50451
2026-09-19T05:39:19Z,CHANSUM,6910,6969,60,60012,5957,42,0,0,0,0,-1110,-1160,-1150,-1150
2026-09-19T05:39:23Z,CHAN,6973,6974902,1000,100,0,5,0,-910,-1150,-1126
2026-09-19T05:39:40Z,CHAN,6990,6991902,1000,100,0,1,0,-1070,-1150,-1136
2026-09-19T05:40:09Z,FRAME #234 tx t=7021507 peer=0x01 type=3 schema=0 frag=0x01 seq=235 rssi=- snr=- st=0 rx=5 deaf=50668
2026-09-19T05:40:19Z,FRAME #235 tx t=7031510 peer=0x02 type=3 schema=0 frag=0x01 seq=236 rssi=- snr=- st=0 rx=5 deaf=50885
2026-09-19T05:40:19Z,CHANSUM,6970,7029,60,60006,5956,42,6,0,2,0,-910,-1160,-1150,-1150
2026-09-19T05:40:26Z,CHAN,7036,7037908,1000,100,0,5,0,-1070,-1150,-1135
2026-09-19T05:40:43Z,CHAN,7053,7054908,1000,100,0,18,0,-970,-1150,-1114
2026-09-19T05:40:44Z,CHAN,7054,7055908,1000,100,0,31,0,-950,-1150,-1094
2026-09-19T05:41:09Z,FRAME #236 tx t=7081509 peer=0x01 type=3 schema=0 frag=0x01 seq=237 rssi=- snr=- st=0 rx=5 deaf=51098
2026-09-19T05:41:19Z,CHANSUM,7030,7089,60,60010,5976,23,54,0,3,0,-950,-1160,-1150,-1150
2026-09-19T05:41:20Z,FRAME #237 tx t=7092069 peer=0x02 type=3 schema=0 frag=0x01 seq=238 rssi=- snr=- st=0 rx=5 deaf=51336
2026-09-19T05:41:42Z,CHAN,7112,7113927,1000,100,0,3,0,-1080,-1150,-1137
2026-09-19T05:42:05Z,CHAN,7135,7136927,1000,100,0,2,0,-1080,-1150,-1136
2026-09-19T05:42:08Z,CHAN,7138,7139927,1000,100,0,5,0,-460,-1160,-1105
2026-09-19T05:42:09Z,FRAME #238 tx t=7141512 peer=0x01 type=3 schema=0 frag=0x01 seq=239 rssi=- snr=- st=0 rx=5 deaf=51553
2026-09-19T05:42:19Z,FRAME #239 tx t=7151515 peer=0x02 type=3 schema=0 frag=0x01 seq=240 rssi=- snr=- st=0 rx=5 deaf=51770
2026-09-19T05:42:19Z,CHANSUM,7090,7149,60,60015,5935,63,10,0,3,0,-460,-1160,-1140,-1151
2026-09-19T05:42:35Z,CHAN,7165,7166933,1000,100,0,1,0,-1100,-1150,-1134
2026-09-19T05:43:09Z,FRAME #240 tx t=7201508 peer=0x01 type=3 schema=0 frag=0x01 seq=241 rssi=- snr=- st=0 rx=5 deaf=51987
2026-09-19T05:43:19Z,FRAME #241 tx t=7211511 peer=0x02 type=3 schema=0 frag=0x01 seq=242 rssi=- snr=- st=0 rx=5 deaf=52204
2026-09-19T05:43:19Z,CHANSUM,7150,7209,60,60006,5956,42,1,0,1,0,-1100,-1160,-1150,-1150
2026-09-19T05:43:21Z,CHAN,7211,7212939,1000,100,0,2,0,-1100,-1150,-1136
2026-09-19T05:44:10Z,FRAME #242 tx t=7262177 peer=0x01 type=3 schema=0 frag=0x01 seq=243 rssi=- snr=- st=0 rx=5 deaf=52438
2026-09-19T05:44:19Z,FRAME #243 tx t=7271506 peer=0x02 type=3 schema=0 frag=0x01 seq=244 rssi=- snr=- st=0 rx=5 deaf=52651
2026-09-19T05:44:19Z,CHANSUM,7210,7269,60,60025,5956,44,2,0,1,0,-1100,-1160,-1150,-1150
2026-09-19T05:44:20Z,CHAN,7270,7271964,1000,100,0,5,0,-1040,-1160,-1134
2026-09-19T05:44:37Z,CHAN,7287,7288964,1000,100,0,1,0,-1100,-1150,-1138
2026-09-19T05:45:09Z,FRAME #244 tx t=7321505 peer=0x01 type=3 schema=0 frag=0x01 seq=245 rssi=- snr=- st=0 rx=5 deaf=52864
2026-09-19T05:45:11Z,CHAN,7321,7322973,1000,100,0,5,0,-470,-1150,-1105
2026-09-19T05:45:19Z,FRAME #245 tx t=7331508 peer=0x02 type=3 schema=0 frag=0x01 seq=246 rssi=- snr=- st=0 rx=5 deaf=53081
2026-09-19T05:45:19Z,CHANSUM,7270,7329,60,60012,5957,42,11,0,3,0,-470,-1160,-1150,-1150
2026-09-19T05:45:24Z,CHAN,7334,7335976,1000,100,0,3,0,-1060,-1150,-1135
2026-09-19T05:45:45Z,CHAN,7355,7356976,1000,100,0,1,0,-1100,-1150,-1137
2026-09-19T05:45:51Z,CHAN,7361,7362976,1000,100,0,1,0,-1100,-1160,-1137
2026-09-19T05:46:09Z,FRAME #246 tx t=7381507 peer=0x01 type=3 schema=0 frag=0x01 seq=247 rssi=- snr=- st=0 rx=5 deaf=53294
2026-09-19T05:46:19Z,FRAME #247 tx t=7391510 peer=0x02 type=3 schema=0 frag=0x01 seq=248 rssi=- snr=- st=0 rx=5 deaf=53511
2026-09-19T05:46:19Z,CHANSUM,7330,7389,60,60012,5957,42,5,0,3,0,-1060,-1160,-1150,-1150
2026-09-19T05:46:22Z,CHAN,7392,7393988,1000,100,0,2,0,-1100,-1150,-1136
2026-09-19T05:46:56Z,CHAN,7426,7427988,1000,100,0,1,0,-1100,-1150,-1138
2026-09-19T05:47:02Z,CHAN,7432,7433988,1000,100,0,6,0,-1090,-1150,-1136
2026-09-19T05:47:06Z,CHAN,7436,7437988,1000,100,0,3,0,-1100,-1150,-1136
2026-09-19T05:47:09Z,FRAME #248 tx t=7441509 peer=0x01 type=3 schema=0 frag=0x01 seq=249 rssi=- snr=- st=0 rx=5 deaf=53724
2026-09-19T05:47:19Z,FRAME #249 tx t=7451512 peer=0x02 type=3 schema=0 frag=0x01 seq=250 rssi=- snr=- st=0 rx=5 deaf=53941
2026-09-19T05:47:19Z,CHANSUM,7390,7449,60,60012,5957,42,12,0,4,0,-1090,-1150,-1150,-1150
2026-09-19T05:47:53Z,CHAN,7483,7485000,1000,100,0,5,0,-940,-1150,-1129
2026-09-19T05:47:55Z,CHAN,7485,7487000,1000,100,0,5,0,-1030,-1150,-1133
2026-09-19T05:47:59Z,CHAN,7489,7491000,1000,100,0,4,0,-960,-1150,-1131
2026-09-19T05:48:00Z,CHAN,7490,7492000,1000,100,0,2,0,-1070,-1150,-1137
2026-09-19T05:48:09Z,FRAME #250 tx t=7501511 peer=0x01 type=3 schema=0 frag=0x01 seq=251 rssi=- snr=- st=0 rx=5 deaf=54154
2026-09-19T05:48:19Z,FRAME #251 tx t=7511514 peer=0x02 type=3 schema=0 frag=0x01 seq=252 rssi=- snr=- st=0 rx=5 deaf=54371
2026-09-19T05:48:19Z,CHANSUM,7450,7509,60,60012,5957,42,16,0,4,0,-940,-1160,-1150,-1150
2026-09-19T05:48:25Z,CHAN,7515,7517012,1000,100,0,3,0,-1070,-1150,-1136
2026-09-19T05:48:49Z,CHAN,7539,7541012,1000,100,0,1,0,-1040,-1150,-1137
2026-09-19T05:48:50Z,CHAN,7540,7542012,1000,100,0,4,0,-1040,-1150,-1135
2026-09-19T05:49:09Z,FRAME #252 tx t=7561507 peer=0x01 type=3 schema=0 frag=0x01 seq=253 rssi=- snr=- st=0 rx=5 deaf=54588
2026-09-19T05:49:19Z,FRAME #253 tx t=7571510 peer=0x02 type=3 schema=0 frag=0x01 seq=254 rssi=- snr=- st=0 rx=5 deaf=54805
2026-09-19T05:49:19Z,CHANSUM,7510,7569,60,60006,5956,42,8,0,3,0,-1040,-1160,-1150,-1150
2026-09-19T05:49:26Z,CHAN,7576,7578018,1000,100,0,4,0,-1010,-1150,-1133
2026-09-19T05:50:11Z,FRAME #254 tx t=7623426 peer=0x01 type=3 schema=0 frag=0x01 seq=255 rssi=- snr=- st=0 rx=5 deaf=55065
2026-09-19T05:50:19Z,FRAME #255 tx t=7631505 peer=0x02 type=3 schema=0 frag=0x01 seq=256 rssi=- snr=- st=0 rx=5 deaf=55278
2026-09-19T05:50:20Z,CHANSUM,7570,7629,60,60025,5953,46,4,0,1,0,-1010,-1160,-1150,-1150
2026-09-19T05:50:54Z,CHAN,7663,7665043,1000,100,0,9,0,-960,-1150,-1123
2026-09-19T05:51:01Z,CHAN,7670,7672043,1000,100,0,4,0,-1090,-1150,-1137
2026-09-19T05:51:10Z,FRAME #256 tx t=7682795 peer=0x01 type=3 schema=0 frag=0x01 seq=257 rssi=- snr=- st=0 rx=5 deaf=55516
2026-09-19T05:51:14Z,CHAN,7683,7685053,1000,100,0,2,0,-1090,-1150,-1138
2026-09-19T05:51:19Z,FRAME #257 tx t=7691508 peer=0x02 type=3 schema=0 frag=0x01 seq=258 rssi=- snr=- st=0 rx=5 deaf=55733
2026-09-19T05:51:20Z,CHANSUM,7630,7689,60,60013,5954,44,15,0,3,0,-960,-1160,-1150,-1150
2026-09-19T05:51:51Z,CHAN,7720,7722056,1000,100,0,4,0,-1070,-1150,-1136
2026-09-19T05:52:09Z,FRAME #258 tx t=7741507 peer=0x01 type=3 schema=0 frag=0x01 seq=259 rssi=- snr=- st=0 rx=5 deaf=55946
2026-09-19T05:52:19Z,FRAME #259 tx t=7751510 peer=0x02 type=3 schema=0 frag=0x01 seq=260 rssi=- snr=- st=0 rx=5 deaf=56163
2026-09-19T05:52:20Z,CHANSUM,7690,7749,60,60012,5957,42,4,0,1,0,-1070,-1160,-1150,-1150
2026-09-19T05:52:57Z,CHAN,7786,7788068,1000,100,0,1,0,-1100,-1150,-1139
2026-09-19T05:53:09Z,FRAME #260 tx t=7801509 peer=0x01 type=3 schema=0 frag=0x01 seq=261 rssi=- snr=- st=0 rx=5 deaf=56376
2026-09-19T05:53:11Z,CHAN,7800,7802077,1000,100,0,4,0,-970,-1150,-1132
2026-09-19T05:53:20Z,CHANSUM,7750,7809,60,60010,5976,23,5,0,2,0,-970,-1160,-1150,-1150
2026-09-19T05:53:20Z,FRAME #261 tx t=7812749 peer=0x02 type=3 schema=0 frag=0x01 seq=262 rssi=- snr=- st=0 rx=5 deaf=56614
2026-09-19T05:53:51Z,CHAN,7840,7842087,1000,100,0,4,0,-1080,-1150,-1136
2026-09-19T05:54:09Z,FRAME #262 tx t=7861512 peer=0x01 type=3 schema=0 frag=0x01 seq=263 rssi=- snr=- st=0 rx=5 deaf=56831
2026-09-19T05:54:19Z,FRAME #263 tx t=7871515 peer=0x02 type=3 schema=0 frag=0x01 seq=264 rssi=- snr=- st=0 rx=5 deaf=57048
2026-09-19T05:54:20Z,CHANSUM,7810,7869,60,60015,5935,63,4,0,1,0,-1080,-1160,-1150,-1150
2026-09-19T05:54:54Z,CHAN,7903,7905093,1000,100,0,3,0,-870,-1150,-1130
2026-09-19T05:55:09Z,FRAME #264 tx t=7921508 peer=0x01 type=3 schema=0 frag=0x01 seq=265 rssi=- snr=- st=0 rx=5 deaf=57265
2026-09-19T05:55:19Z,FRAME #265 tx t=7931511 peer=0x02 type=3 schema=0 frag=0x01 seq=266 rssi=- snr=- st=0 rx=5 deaf=57482
2026-09-19T05:55:20Z,CHANSUM,7870,7929,60,60006,5956,42,3,0,1,0,-870,-1160,-1150,-1150
2026-09-19T05:56:10Z,FRAME #266 tx t=7982854 peer=0x01 type=3 schema=0 frag=0x01 seq=267 rssi=- snr=- st=0 rx=5 deaf=57737
2026-09-19T05:56:19Z,FRAME #267 tx t=7991503 peer=0x02 type=3 schema=0 frag=0x01 seq=268 rssi=- snr=- st=0 rx=5 deaf=57950
2026-09-19T05:56:20Z,CHANSUM,7930,7989,60,60022,5953,46,0,0,0,0,-1110,-1160,-1150,-1150
2026-09-19T05:57:09Z,FRAME #268 tx t=8041516 peer=0x01 type=3 schema=0 frag=0x01 seq=269 rssi=- snr=- st=0 rx=5 deaf=58167
2026-09-19T05:57:20Z,FRAME #269 tx t=8052052 peer=0x02 type=3 schema=0 frag=0x01 seq=270 rssi=- snr=- st=0 rx=5 deaf=58401
2026-09-19T05:57:20Z,CHANSUM,7990,8049,60,60007,5967,31,0,0,0,0,-1110,-1160,-1150,-1150
2026-09-19T05:57:25Z,CHAN,8054,8056130,1000,100,0,2,0,-1100,-1150,-1136
2026-09-19T05:57:36Z,CHAN,8065,8067130,1000,100,0,1,0,-1100,-1150,-1137
2026-09-19T05:58:06Z,CHAN,8095,8097130,1000,100,0,9,0,-1060,-1150,-1133
2026-09-19T05:58:09Z,FRAME #270 tx t=8101511 peer=0x01 type=3 schema=0 frag=0x01 seq=271 rssi=- snr=- st=0 rx=5 deaf=58614
2026-09-19T05:58:19Z,FRAME #271 tx t=8111514 peer=0x02 type=3 schema=0 frag=0x01 seq=272 rssi=- snr=- st=0 rx=5 deaf=58831
2026-09-19T05:58:20Z,CHANSUM,8050,8109,60,60014,5944,55,12,0,3,0,-1060,-1160,-1150,-1150
2026-09-19T05:59:08Z,CHAN,8157,8159142,1000,100,0,5,0,-1030,-1150,-1134
2026-09-19T05:59:09Z,FRAME #272 tx t=8161507 peer=0x01 type=3 schema=0 frag=0x01 seq=273 rssi=- snr=- st=0 rx=5 deaf=59048
2026-09-19T05:59:11Z,CHAN,8160,8162145,1000,100,0,9,0,-1040,-1150,-1131
2026-09-19T05:59:19Z,FRAME #273 tx t=8171510 peer=0x02 type=3 schema=0 frag=0x01 seq=274 rssi=- snr=- st=0 rx=5 deaf=59265
2026-09-19T05:59:20Z,CHANSUM,8110,8169,60,60006,5956,42,14,0,2,0,-1030,-1160,-1150,-1150
2026-09-19T06:00:09Z,FRAME #274 tx t=8221509 peer=0x01 type=3 schema=0 frag=0x01 seq=275 rssi=- snr=- st=0 rx=5 deaf=59478
2026-09-19T06:00:18Z,CHAN,8227,8229157,1000,100,0,5,0,-1070,-1150,-1135
2026-09-19T06:00:19Z,FRAME #275 tx t=8231512 peer=0x02 type=3 schema=0 frag=0x01 seq=276 rssi=- snr=- st=0 rx=5 deaf=59695
2026-09-19T06:00:20Z,CHANSUM,8170,8229,60,60012,5957,42,5,0,1,0,-1070,-1160,-1150,-1150
2026-09-19T06:00:28Z,CHAN,8237,8239160,1000,100,0,3,0,-1060,-1150,-1136
2026-09-19T06:01:02Z,CHAN,8271,8273160,1000,100,0,3,0,-770,-1160,-1128
2026-09-19T06:01:09Z,FRAME #276 tx t=8281511 peer=0x01 type=3 schema=0 frag=0x01 seq=277 rssi=- snr=- st=0 rx=5 deaf=59908
2026-09-19T06:01:14Z,CHAN,8283,8285169,1000,100,0,8,0,-1080,-1150,-1134
2026-09-19T06:01:15Z,CHAN,8284,8286169,1000,100,0,4,0,-1080,-1150,-1137
2026-09-19T06:01:19Z,FRAME #277 tx t=8291514 peer=0x02 type=3 schema=0 frag=0x01 seq=278 rssi=- snr=- st=0 rx=5 deaf=60125
2026-09-19T06:01:20Z,CHANSUM,8230,8289,60,60012,5957,42,18,0,4,0,-770,-1160,-1150,-1150
2026-09-19T06:02:09Z,FRAME #278 tx t=8341507 peer=0x01 type=3 schema=0 frag=0x01 seq=279 rssi=- snr=- st=0 rx=5 deaf=60342
2026-09-19T06:02:19Z,FRAME #279 tx t=8351510 peer=0x02 type=3 schema=0 frag=0x01 seq=280 rssi=- snr=- st=0 rx=5 deaf=60559
2026-09-19T06:02:20Z,CHANSUM,8290,8349,60,60007,5956,42,0,0,0,0,-1120,-1160,-1150,-1150
2026-09-19T06:02:25Z,CHAN,8354,8356179,1000,100,0,1,0,-1060,-1150,-1138
2026-09-19T06:02:26Z,CHAN,8355,8357179,1000,100,0,8,0,-1060,-1150,-1133
2026-09-19T06:03:09Z,FRAME #280 tx t=8401510 peer=0x01 type=3 schema=0 frag=0x01 seq=281 rssi=- snr=- st=0 rx=5 deaf=60773
2026-09-19T06:03:18Z,CHAN,8407,8409188,1000,100,0,1,0,-1040,-1150,-1138
2026-09-19T06:03:19Z,FRAME #281 tx t=8411513 peer=0x02 type=3 schema=0 frag=0x01 seq=282 rssi=- snr=- st=0 rx=5 deaf=60990
2026-09-19T06:03:20Z,CHANSUM,8350,8409,60,60012,5957,42,10,0,3,0,-1040,-1160,-1150,-1150
2026-09-19T06:03:30Z,CHAN,8419,8421191,1000,100,0,2,0,-1050,-1150,-1137
2026-09-19T06:03:31Z,CHAN,8420,8422191,1000,100,0,7,0,-1050,-1150,-1133
2026-09-19T06:03:38Z,CHAN,8427,8429191,1000,100,0,1,0,-1100,-1150,-1138
2026-09-19T06:03:42Z,CHAN,8431,8433191,1000,100,0,5,0,-910,-1150,-1128
2026-09-19T06:03:47Z,CHAN,8436,8438191,1000,100,0,1,0,-1100,-1150,-1138
2026-09-19T06:04:02Z,CHAN,8451,8453191,1000,100,0,5,0,-930,-1150,-1128
2026-09-19T06:04:03Z,CHAN,8452,8454191,1000,100,0,3,0,-870,-1150,-1131
2026-09-19T06:04:09Z,FRAME #282 tx t=8461512 peer=0x01 type=3 schema=0 frag=0x01 seq=283 rssi=- snr=- st=0 rx=5 deaf=61203
2026-09-19T06:04:19Z,FRAME #283 tx t=8471515 peer=0x02 type=3 schema=0 frag=0x01 seq=284 rssi=- snr=- st=0 rx=5 deaf=61420
2026-09-19T06:04:20Z,CHANSUM,8410,8469,60,60012,5957,42,24,0,7,0,-870,-1160,-1150,-1150
2026-09-19T06:05:09Z,FRAME #284 tx t=8521508 peer=0x01 type=3 schema=0 frag=0x01 seq=285 rssi=- snr=- st=0 rx=5 deaf=61637
2026-09-19T06:05:19Z,FRAME #285 tx t=8531511 peer=0x02 type=3 schema=0 frag=0x01 seq=286 rssi=- snr=- st=0 rx=5 deaf=61854
2026-09-19T06:05:20Z,CHANSUM,8470,8529,60,60006,5956,42,0,0,0,0,-1110,-1160,-1150,-1150
2026-09-19T06:05:58Z,CHAN,8567,8569209,1000,100,0,1,0,-1100,-1150,-1139
2026-09-19T06:06:09Z,FRAME #286 tx t=8581510 peer=0x01 type=3 schema=0 frag=0x01 seq=287 rssi=- snr=- st=0 rx=5 deaf=62067
2026-09-19T06:06:19Z,FRAME #287 tx t=8591513 peer=0x02 type=3 schema=0 frag=0x01 seq=288 rssi=- snr=- st=0 rx=5 deaf=62284
2026-09-19T06:06:20Z,CHANSUM,8530,8589,60,60012,5957,42,1,0,1,0,-1100,-1160,-1150,-1150
2026-09-19T06:06:42Z,CHAN,8611,8613221,1000,100,0,4,0,-1050,-1150,-1135
2026-09-19T06:07:09Z,FRAME #288 tx t=8641512 peer=0x01 type=3 schema=0 frag=0x01 seq=289 rssi=- snr=- st=0 rx=5 deaf=62497
2026-09-19T06:07:19Z,FRAME #289 tx t=8651515 peer=0x02 type=3 schema=0 frag=0x01 seq=290 rssi=- snr=- st=0 rx=5 deaf=62714
2026-09-19T06:07:20Z,CHANSUM,8590,8649,60,60012,5957,42,4,0,1,0,-1050,-1160,-1150,-1150
2026-09-19T06:07:39Z,CHAN,8668,8670233,1000,100,0,3,0,-1080,-1150,-1137
2026-09-19T06:07:40Z,CHAN,8669,8671233,1000,100,0,2,0,-1070,-1150,-1137
2026-09-19T06:07:41Z,CHAN,8670,8672233,1000,100,0,1,0,-1100,-1150,-1137
2026-09-19T06:07:51Z,CHAN,8680,8682233,1000,100,0,3,0,-1090,-1150,-1138
2026-09-19T06:08:09Z,FRAME #290 tx t=8701508 peer=0x01 type=3 schema=0 frag=0x01 seq=291 rssi=- snr=- st=0 rx=5 deaf=62931
2026-09-19T06:08:19Z,FRAME #291 tx t=8711511 peer=0x02 type=3 schema=0 frag=0x01 seq=292 rssi=- snr=- st=0 rx=5 deaf=63148
2026-09-19T06:08:20Z,CHANSUM,8650,8709,60,60006,5956,42,9,0,4,0,-1070,-1160,-1150,-1150
2026-09-19T06:08:51Z,CHAN,8740,8742239,1000,100,0,3,0,-1080,-1150,-1137
2026-09-19T06:09:01Z,CHAN,8750,8752239,1000,100,0,3,0,-770,-1150,-1128
2026-09-19T06:09:09Z,FRAME #292 tx t=8761510 peer=0x01 type=3 schema=0 frag=0x01 seq=293 rssi=- snr=- st=0 rx=5 deaf=63361
2026-09-19T06:09:20Z,FRAME #293 tx t=8772214 peer=0x02 type=3 schema=0 frag=0x01 seq=294 rssi=- snr=- st=0 rx=5 deaf=63603
2026-09-19T06:09:20Z,CHANSUM,8710,8769,60,60011,5971,27,6,0,2,0,-770,-1160,-1150,-1150
2026-09-19T06:09:26Z,CHAN,8775,8777252,1000,100,0,3,0,-1050,-1150,-1136
2026-09-19T06:09:29Z,CHAN,8778,8780252,1000,100,0,1,0,-1100,-1150,-1138
2026-09-19T06:10:01Z,CHAN,8810,8812252,1000,100,0,3,0,-770,-1150,-1128
2026-09-19T06:10:08Z,CHAN,8817,8819252,1000,100,0,5,0,-890,-1150,-1127
2026-09-19T06:10:09Z,FRAME #294 tx t=8821503 peer=0x01 type=3 schema=0 frag=0x01 seq=295 rssi=- snr=- st=0 rx=5 deaf=63816
2026-09-19T06:10:19Z,FRAME #295 tx t=8831512 peer=0x02 type=3 schema=0 frag=0x01 seq=296 rssi=- snr=- st=0 rx=5 deaf=64029
2026-09-19T06:10:20Z,CHANSUM,8770,8829,60,60020,5941,59,12,0,4,0,-770,-1160,-1150,-1150
2026-09-19T06:10:31Z,CHAN,8840,8842270,1000,100,0,5,0,-470,-1150,-1106
2026-09-19T06:10:51Z,CHAN,8860,8862270,1000,100,0,4,0,-1070,-1150,-1136
2026-09-19T06:11:12Z,FRAME #296 tx t=8884682 peer=0x01 type=3 schema=0 frag=0x01 seq=297 rssi=- snr=- st=0 rx=5 deaf=64305
2026-09-19T06:11:19Z,FRAME #297 tx t=8891515 peer=0x02 type=3 schema=0 frag=0x01 seq=298 rssi=- snr=- st=0 rx=5 deaf=64522
2026-09-19T06:11:20Z,CHANSUM,8830,8889,60,60033,5951,48,9,0,2,0,-470,-1160,-1150,-1150
2026-09-19T06:12:09Z,FRAME #298 tx t=8941508 peer=0x01 type=3 schema=0 frag=0x01 seq=299 rssi=- snr=- st=0 rx=5 deaf=64739
2026-09-19T06:12:19Z,FRAME #299 tx t=8951511 peer=0x02 type=3 schema=0 frag=0x01 seq=300 rssi=- snr=- st=0 rx=5 deaf=64956
2026-09-19T06:12:20Z,CHANSUM,8890,8949,60,60006,5956,42,0,0,0,0,-1120,-1160,-1150,-1150
2026-09-19T06:12:36Z,CHAN,8965,8967309,1000,100,0,1,0,-1080,-1150,-1137
2026-09-19T06:12:52Z,CHAN,8981,8983309,1000,100,0,1,0,-1100,-1150,-1138
2026-09-19T06:13:09Z,FRAME #300 tx t=9001510 peer=0x01 type=3 schema=0 frag=0x01 seq=301 rssi=- snr=- st=0 rx=5 deaf=65169
2026-09-19T06:13:19Z,FRAME #301 tx t=9011513 peer=0x02 type=3 schema=0 frag=0x01 seq=302 rssi=- snr=- st=0 rx=5 deaf=65386
2026-09-19T06:13:20Z,CHANSUM,8950,9009,60,60012,5957,42,2,0,2,0,-1080,-1160,-1150,-1150
2026-09-19T06:13:44Z,CHAN,9033,9035321,1000,100,0,2,0,-1100,-1150,-1137
2026-09-19T06:14:09Z,FRAME #302 tx t=9061512 peer=0x01 type=3 schema=0 frag=0x01 seq=303 rssi=- snr=- st=0 rx=5 deaf=65599
2026-09-19T06:14:19Z,FRAME #303 tx t=9071515 peer=0x02 type=3 schema=0 frag=0x01 seq=304 rssi=- snr=- st=0 rx=5 deaf=65816
2026-09-19T06:14:20Z,CHANSUM,9010,9069,60,60012,5957,42,2,0,1,0,-1100,-1160,-1150,-1150
2026-09-19T06:14:25Z,CHAN,9074,9076333,1000,100,0,4,0,-1100,-1150,-1137
2026-09-19T06:14:28Z,CHAN,9077,9079333,1000,100,0,5,0,-970,-1150,-1132
2026-09-19T06:14:59Z,CHAN,9108,9110333,1000,100,0,2,0,-1100,-1150,-1137
2026-09-19T06:15:09Z,FRAME #304 tx t=9121508 peer=0x01 type=3 schema=0 frag=0x01 seq=305 rssi=- snr=- st=0 rx=5 deaf=66033
2026-09-19T06:15:19Z,FRAME #305 tx t=9131511 peer=0x02 type=3 schema=0 frag=0x01 seq=306 rssi=- snr=- st=0 rx=5 deaf=66250
2026-09-19T06:15:20Z,CHANSUM,9070,9129,60,60006,5956,42,11,0,3,0,-970,-1160,-1150,-1150
2026-09-19T06:15:54Z,CHAN,9163,9165339,1000,100,0,5,0,-1070,-1150,-1135
2026-09-19T06:15:59Z,CHAN,9168,9170339,1000,100,0,5,0,-940,-1150,-1129
2026-09-19T06:16:09Z,FRAME #306 tx t=9181510 peer=0x01 type=3 schema=0 frag=0x01 seq=307 rssi=- snr=- st=0 rx=5 deaf=66463
2026-09-19T06:16:13Z,CHAN,9182,9184348,1000,100,0,5,0,-940,-1150,-1128
2026-09-19T06:16:19Z,FRAME #307 tx t=9191513 peer=0x02 type=3 schema=0 frag=0x01 seq=308 rssi=- snr=- st=0 rx=5 deaf=66680
2026-09-19T06:16:20Z,CHANSUM,9130,9189,60,60012,5957,42,15,0,3,0,-940,-1160,-1150,-1150
2026-09-19T06:17:09Z,FRAME #308 tx t=9241512 peer=0x01 type=3 schema=0 frag=0x01 seq=309 rssi=- snr=- st=0 rx=5 deaf=66893
2026-09-19T06:17:19Z,FRAME #309 tx t=9251515 peer=0x02 type=3 schema=0 frag=0x01 seq=310 rssi=- snr=- st=0 rx=5 deaf=67110
2026-09-19T06:17:20Z,CHANSUM,9190,9249,60,60012,5957,42,0,0,0,0,-1110,-1160,-1150,-1150
2026-09-19T06:17:52Z,CHAN,9281,9283363,1000,100,0,2,0,-1100,-1150,-1138
2026-09-19T06:17:53Z,CHAN,9282,9284363,1000,100,0,2,0,-1100,-1150,-1137
2026-09-19T06:18:09Z,FRAME #310 tx t=9301508 peer=0x01 type=3 schema=0 frag=0x01 seq=311 rssi=- snr=- st=0 rx=5 deaf=67327
2026-09-19T06:18:13Z,CHAN,9302,9304366,1000,100,0,5,0,-920,-1150,-1129
2026-09-19T06:18:19Z,FRAME #311 tx t=9311511 peer=0x02 type=3 schema=0 frag=0x01 seq=312 rssi=- snr=- st=0 rx=5 deaf=67544
2026-09-19T06:18:20Z,CHANSUM,9250,9309,60,60006,5956,42,9,0,3,0,-920,-1160,-1150,-1150
2026-09-19T06:18:48Z,CHAN,9337,9339369,1000,100,0,3,0,-1070,-1150,-1137
2026-09-19T06:18:55Z,CHAN,9344,9346369,1000,100,0,1,0,-1080,-1150,-1138
2026-09-19T06:18:56Z,CHAN,9345,9347369,1000,100,0,4,0,-1080,-1150,-1136
2026-09-19T06:19:09Z,CHAN,9358,9360369,1000,100,0,1,0,-1100,-1150,-1139
2026-09-19T06:19:09Z,FRAME #312 tx t=9361510 peer=0x01 type=3 schema=0 frag=0x01 seq=313 rssi=- snr=- st=0 rx=5 deaf=67757
2026-09-19T06:19:19Z,FRAME #313 tx t=9371513 peer=0x02 type=3 schema=0 frag=0x01 seq=314 rssi=- snr=- st=0 rx=5 deaf=67974
2026-09-19T06:19:20Z,CHANSUM,9310,9369,60,60012,5957,42,9,0,4,0,-1070,-1160,-1150,-1150
2026-09-19T06:19:26Z,CHAN,9375,9377381,1000,100,0,3,0,-910,-1150,-1132
2026-09-19T06:20:09Z,FRAME #314 tx t=9421512 peer=0x01 type=3 schema=0 frag=0x01 seq=315 rssi=- snr=- st=0 rx=5 deaf=68187
2026-09-19T06:20:19Z,FRAME #315 tx t=9431515 peer=0x02 type=3 schema=0 frag=0x01 seq=316 rssi=- snr=- st=0 rx=5 deaf=68404
2026-09-19T06:20:20Z,CHANSUM,9370,9429,60,60012,5957,42,3,0,1,0,-910,-1160,-1150,-1150
2026-09-19T06:21:09Z,FRAME #316 tx t=9481508 peer=0x01 type=3 schema=0 frag=0x01 seq=317 rssi=- snr=- st=0 rx=5 deaf=68621
2026-09-19T06:21:19Z,FRAME #317 tx t=9491511 peer=0x02 type=3 schema=0 frag=0x01 seq=318 rssi=- snr=- st=0 rx=5 deaf=68838
2026-09-19T06:21:20Z,CHANSUM,9430,9489,60,60006,5956,42,0,0,0,0,-1120,-1160,-1150,-1150
2026-09-19T06:22:04Z,CHAN,9533,9535399,1000,100,0,3,0,-910,-1150,-1132
2026-09-19T06:22:09Z,FRAME #318 tx t=9541510 peer=0x01 type=3 schema=0 frag=0x01 seq=319 rssi=- snr=- st=0 rx=5 deaf=69051
2026-09-19T06:22:14Z,CHAN,9543,9545408,1000,100,0,14,0,-950,-1150,-1111
2026-09-19T06:22:15Z,CHAN,9544,9546408,1000,100,0,35,0,-950,-1160,-1075
2026-09-19T06:22:16Z,CHAN,9545,9547408,1000,100,0,14,0,-950,-1150,-1113
2026-09-19T06:22:19Z,FRAME #319 tx t=9551513 peer=0x02 type=3 schema=0 frag=0x01 seq=320 rssi=- snr=- st=0 rx=5 deaf=69268
2026-09-19T06:22:20Z,CHANSUM,9490,9549,60,60012,5957,42,66,0,4,0,-910,-1160,-1150,-1151
2026-09-19T06:22:23Z,CHAN,9552,9554411,1000,100,0,1,0,-1100,-1150,-1139
2026-09-19T06:22:27Z,CHAN,9556,9558411,1000,100,0,3,0,-1060,-1150,-1136
2026-09-19T06:23:09Z,FRAME #320 tx t=9601512 peer=0x01 type=3 schema=0 frag=0x01 seq=321 rssi=- snr=- st=0 rx=5 deaf=69481
2026-09-19T06:23:15Z,CHAN,9604,9606420,1000,100,0,3,0,-890,-1150,-1132
2026-09-19T06:23:19Z,FRAME #321 tx t=9611515 peer=0x02 type=3 schema=0 frag=0x01 seq=322 rssi=- snr=- st=0 rx=5 deaf=69698
2026-09-19T06:23:20Z,CHANSUM,9550,9609,60,60012,5957,42,7,0,3,0,-890,-1160,-1150,-1150
2026-09-19T06:23:41Z,[9633566][W][WiFiGeneric.cpp:1062] _eventCallback(): Reason: 2 - AUTH_EXPIRE
2026-09-19T06:23:41Z,[9633585][E][WiFiClient.cpp:249] connect(): connect on fd 48, errno: 118, "Host is unreachable"
2026-09-19T06:23:42Z,[9634585][E][WiFiClient.cpp:249] connect(): connect on fd 48, errno: 118, "Host is unreachable"
2026-09-19T06:23:44Z,[9636585][E][WiFiClient.cpp:249] connect(): connect on fd 48, errno: 118, "Host is unreachable"
2026-09-19T06:23:48Z,[9640585][E][WiFiClient.cpp:249] connect(): connect on fd 48, errno: 118, "Host is unreachable"
2026-09-19T06:23:56Z,[9648585][E][WiFiClient.cpp:249] connect(): connect on fd 48, errno: 118, "Host is unreachable"
2026-09-19T06:24:02Z,CHAN,9651,9653423,1000,100,0,5,0,-920,-1150,-1128
2026-09-19T06:24:09Z,FRAME #322 tx t=9661508 peer=0x01 type=3 schema=0 frag=0x01 seq=323 rssi=- snr=- st=0 rx=5 deaf=69915
2026-09-19T06:24:12Z,[9664585][E][WiFiClient.cpp:249] connect(): connect on fd 48, errno: 118, "Host is unreachable"
2026-09-19T06:24:13Z,CHAN,9662,9664426,1000,100,0,3,0,-1010,-1150,-1134
2026-09-19T06:24:19Z,FRAME #323 tx t=9671511 peer=0x02 type=3 schema=0 frag=0x01 seq=324 rssi=- snr=- st=0 rx=5 deaf=70132
2026-09-19T06:24:20Z,CHANSUM,9610,9669,60,60006,5956,42,8,0,2,0,-920,-1160,-1150,-1150
2026-09-19T06:24:25Z,CHAN,9674,9676429,1000,100,0,1,0,-1090,-1150,-1139
2026-09-19T06:24:42Z,[9694585][E][WiFiClient.cpp:249] connect(): connect on fd 48, errno: 118, "Host is unreachable"
2026-09-19T06:25:09Z,FRAME #324 tx t=9721510 peer=0x01 type=3 schema=0 frag=0x01 seq=325 rssi=- snr=- st=0 rx=5 deaf=70345
2026-09-19T06:25:12Z,[9724585][E][WiFiClient.cpp:249] connect(): connect on fd 48, errno: 118, "Host is unreachable"
2026-09-19T06:25:20Z,FRAME #325 tx t=9732230 peer=0x02 type=3 schema=0 frag=0x01 seq=326 rssi=- snr=- st=0 rx=5 deaf=70583
2026-09-19T06:25:20Z,CHANSUM,9670,9729,60,60009,5954,44,1,0,1,0,-1090,-1160,-1150,-1150
2026-09-19T06:25:43Z,CHAN,9752,9754438,1000,100,0,1,0,-1090,-1150,-1138
2026-09-19T06:26:09Z,FRAME #326 tx t=9781513 peer=0x01 type=3 schema=0 frag=0x01 seq=327 rssi=- snr=- st=0 rx=5 deaf=70800
2026-09-19T06:26:19Z,FRAME #327 tx t=9791516 peer=0x02 type=3 schema=0 frag=0x01 seq=328 rssi=- snr=- st=0 rx=5 deaf=71017
2026-09-19T06:26:20Z,CHANSUM,9730,9789,60,60006,5956,42,1,0,1,0,-1090,-1160,-1150,-1151
2026-09-19T06:27:09Z,FRAME #328 tx t=9841509 peer=0x01 type=3 schema=0 frag=0x01 seq=329 rssi=- snr=- st=0 rx=5 deaf=71234
2026-09-19T06:27:19Z,FRAME #329 tx t=9851512 peer=0x02 type=3 schema=0 frag=0x01 seq=330 rssi=- snr=- st=0 rx=5 deaf=71451
2026-09-19T06:27:20Z,CHANSUM,9790,9849,60,60006,5956,42,0,0,0,0,-1120,-1160,-1150,-1150
2026-09-19T06:27:36Z,CHAN,9865,9867450,1000,100,0,1,0,-1100,-1150,-1138
2026-09-19T06:27:49Z,CHAN,9878,9880450,1000,100,0,9,0,-810,-1150,-1113
2026-09-19T06:27:57Z,CHAN,9886,9888450,1000,100,0,4,0,-1050,-1150,-1136
2026-09-19T06:28:08Z,CHAN,9897,9899450,1000,100,0,5,0,-940,-1150,-1129
2026-09-19T06:28:09Z,FRAME #330 tx t=9901511 peer=0x01 type=3 schema=0 frag=0x01 seq=331 rssi=- snr=- st=0 rx=5 deaf=71664
2026-09-19T06:28:09Z,CHAN,9898,9900450,1000,100,0,1,0,-1100,-1150,-1138
2026-09-19T06:28:19Z,FRAME #331 tx t=9911514 peer=0x02 type=3 schema=0 frag=0x01 seq=332 rssi=- snr=- st=0 rx=5 deaf=71881
2026-09-19T06:28:20Z,CHANSUM,9850,9909,60,60012,5957,42,20,0,5,0,-810,-1160,-1150,-1150
2026-09-19T06:29:09Z,FRAME #332 tx t=9961507 peer=0x01 type=3 schema=0 frag=0x01 seq=333 rssi=- snr=- st=0 rx=5 deaf=72098
2026-09-19T06:29:19Z,FRAME #333 tx t=9971510 peer=0x02 type=3 schema=0 frag=0x01 seq=334 rssi=- snr=- st=0 rx=5 deaf=72315
2026-09-19T06:29:20Z,CHANSUM,9910,9969,60,60007,5956,42,0,0,0,0,-1120,-1160,-1150,-1150
2026-09-19T06:29:31Z,CHAN,9980,9982469,1000,100,0,3,0,-1020,-1150,-1135
2026-09-19T06:29:35Z,CHAN,9984,9986469,1000,100,0,13,0,-1080,-1150,-1133
2026-09-19T06:29:36Z,CHAN,9985,9987469,1000,100,0,3,0,-1090,-1150,-1137
2026-09-19T06:29:42Z,CHAN,9991,9993469,1000,100,0,1,0,-1100,-1150,-1138
2026-09-19T06:30:09Z,FRAME #334 tx t=10021510 peer=0x01 type=3 schema=0 frag=0x01 seq=335 rssi=- snr=- st=0 rx=5 deaf=72529
2026-09-19T06:30:19Z,FRAME #335 tx t=10031513 peer=0x02 type=3 schema=0 frag=0x01 seq=336 rssi=- snr=- st=0 rx=5 deaf=72746
2026-09-19T06:30:20Z,CHANSUM,9970,10029,60,60012,5957,42,20,0,4,0,-1020,-1160,-1150,-1150
2026-09-19T06:30:40Z,CHAN,10049,10051481,1000,100,0,9,0,-1070,-1150,-1134
2026-09-19T06:31:03Z,CHAN,10072,10074481,1000,100,0,1,0,-1090,-1150,-1138
2026-09-19T06:31:09Z,FRAME #336 tx t=10081512 peer=0x01 type=3 schema=0 frag=0x01 seq=337 rssi=- snr=- st=0 rx=5 deaf=72959
2026-09-19T06:31:19Z,FRAME #337 tx t=10091515 peer=0x02 type=3 schema=0 frag=0x01 seq=338 rssi=- snr=- st=0 rx=5 deaf=73176
2026-09-19T06:31:19Z,CHAN,10088,10090490,1000,100,0,1,0,-1100,-1150,-1138
2026-09-19T06:31:20Z,CHANSUM,10030,10089,60,60012,5957,42,11,0,3,0,-1070,-1160,-1150,-1150
2026-09-19T06:31:31Z,CHAN,10100,10102493,1000,100,0,3,0,-1020,-1150,-1134
2026-09-19T06:31:42Z,CHAN,10111,10113493,1000,100,0,1,0,-1100,-1150,-1138
2026-09-19T06:32:06Z,CHAN,10135,10137493,1000,100,0,3,0,-1090,-1150,-1137
2026-09-19T06:32:09Z,FRAME #338 tx t=10141508 peer=0x01 type=3 schema=0 frag=0x01 seq=339 rssi=- snr=- st=0 rx=5 deaf=73393
2026-09-19T06:32:19Z,FRAME #339 tx t=10151511 peer=0x02 type=3 schema=0 frag=0x01 seq=340 rssi=- snr=- st=0 rx=5 deaf=73610
2026-09-19T06:32:20Z,CHANSUM,10090,10149,60,60026,5958,42,7,0,3,0,-1020,-1160,-1150,-1150
2026-09-19T06:32:32Z,CHAN,10161,10163519,1000,100,0,4,0,-1020,-1150,-1134
2026-09-19T06:32:58Z,CHAN,10187,10189519,1000,100,0,1,0,-1100,-1150,-1138
2026-09-19T06:33:08Z,CHAN,10197,10199519,1000,100,0,1,0,-1100,-1160,-1138
2026-09-19T06:33:09Z,FRAME #340 tx t=10201510 peer=0x01 type=3 schema=0 frag=0x01 seq=341 rssi=- snr=- st=0 rx=5 deaf=73823
2026-09-19T06:33:20Z,FRAME #341 tx t=10212110 peer=0x02 type=3 schema=0 frag=0x01 seq=342 rssi=- snr=- st=0 rx=5 deaf=74061
2026-09-19T06:33:20Z,CHANSUM,10150,10209,60,60019,5955,44,6,0,3,0,-1020,-1160,-1150,-1150
2026-09-19T06:33:52Z,CHAN,10241,10243538,1000,100,0,27,0,-1050,-1150,-1118
2026-09-19T06:33:53Z,CHAN,10242,10244538,1000,100,0,11,0,-1050,-1150,-1129
2026-09-19T06:33:55Z,CHAN,10244,10246538,1000,100,0,9,0,-1060,-1150,-1132
2026-09-19T06:33:56Z,CHAN,10245,10247538,1000,100,0,4,0,-910,-1150,-1133
2026-09-19T06:34:09Z,FRAME #342 tx t=10261513 peer=0x01 type=3 schema=0 frag=0x01 seq=343 rssi=- snr=- st=0 rx=5 deaf=74278
2026-09-19T06:34:19Z,FRAME #343 tx t=10271516 peer=0x02 type=3 schema=0 frag=0x01 seq=344 rssi=- snr=- st=0 rx=5 deaf=74495
2026-09-19T06:34:20Z,CHANSUM,10210,10269,60,60006,5956,42,51,0,4,0,-910,-1160,-1150,-1150
2026-09-19T06:34:33Z,CHAN,10282,10284544,1000,100,0,9,0,-950,-1150,-1122
2026-09-19T06:34:34Z,CHAN,10283,10285544,1000,100,0,24,0,-950,-1150,-1101
2026-09-19T06:34:35Z,CHAN,10284,10286544,1000,100,0,11,0,-950,-1150,-1123
2026-09-19T06:34:48Z,CHAN,10297,10299544,1000,100,0,4,0,-950,-1150,-1132
2026-09-19T06:35:00Z,CHAN,10309,10311544,1000,100,0,9,0,-1060,-1150,-1132
2026-09-19T06:35:09Z,FRAME #344 tx t=10321509 peer=0x01 type=3 schema=0 frag=0x01 seq=345 rssi=- snr=- st=0 rx=5 deaf=74712
2026-09-19T06:35:17Z,CHAN,10326,10328547,1000,100,0,1,0,-1100,-1150,-1138
2026-09-19T06:35:19Z,FRAME #345 tx t=10331512 peer=0x02 type=3 schema=0 frag=0x01 seq=346 rssi=- snr=- st=0 rx=5 deaf=74929
2026-09-19T06:35:20Z,CHANSUM,10270,10329,60,60006,5956,42,58,0,6,0,-950,-1160,-1150,-1150
2026-09-19T06:36:09Z,FRAME #346 tx t=10381511 peer=0x01 type=3 schema=0 frag=0x01 seq=347 rssi=- snr=- st=0 rx=5 deaf=75142
2026-09-19T06:36:19Z,FRAME #347 tx t=10391514 peer=0x02 type=3 schema=0 frag=0x01 seq=348 rssi=- snr=- st=0 rx=5 deaf=75359
2026-09-19T06:36:20Z,CHANSUM,10330,10389,60,60012,5957,42,0,0,0,0,-1110,-1160,-1150,-1150
2026-09-19T06:36:30Z,CHAN,10399,10401562,1000,100,0,4,0,-960,-1150,-1131
2026-09-19T06:37:09Z,FRAME #348 tx t=10441507 peer=0x01 type=3 schema=0 frag=0x01 seq=349 rssi=- snr=- st=0 rx=5 deaf=75576
2026-09-19T06:37:19Z,FRAME #349 tx t=10451510 peer=0x02 type=3 schema=0 frag=0x01 seq=350 rssi=- snr=- st=0 rx=5 deaf=75793
2026-09-19T06:37:20Z,CHANSUM,10390,10449,60,60006,5956,42,4,0,1,0,-960,-1160,-1150,-1150
2026-09-19T06:37:34Z,CHAN,10463,10465568,1000,100,0,4,0,-770,-1150,-1124
2026-09-19T06:37:49Z,CHAN,10478,10480568,1000,100,0,3,0,-1090,-1150,-1137
2026-09-19T06:38:09Z,FRAME #350 tx t=10501509 peer=0x01 type=3 schema=0 frag=0x01 seq=351 rssi=- snr=- st=0 rx=5 deaf=76006
2026-09-19T06:38:19Z,FRAME #351 tx t=10511512 peer=0x02 type=3 schema=0 frag=0x01 seq=352 rssi=- snr=- st=0 rx=5 deaf=76223
2026-09-19T06:38:20Z,CHANSUM,10450,10509,60,60012,5957,42,7,0,2,0,-770,-1160,-1150,-1150
2026-09-19T06:39:01Z,CHAN,10550,10552580,1000,100,0,3,0,-1090,-1150,-1138
2026-09-19T06:39:02Z,CHAN,10551,10553580,1000,100,0,5,0,-800,-1150,-1122
2026-09-19T06:39:09Z,FRAME #352 tx t=10561511 peer=0x01 type=3 schema=0 frag=0x01 seq=353 rssi=- snr=- st=0 rx=5 deaf=76436
2026-09-19T06:39:19Z,FRAME #353 tx t=10571514 peer=0x02 type=3 schema=0 frag=0x01 seq=354 rssi=- snr=- st=0 rx=5 deaf=76653
2026-09-19T06:39:20Z,CHANSUM,10510,10569,60,60012,5957,42,8,0,2,0,-800,-1160,-1150,-1150
2026-09-19T06:39:55Z,CHAN,10604,10606592,1000,100,0,4,0,-1070,-1150,-1136
2026-09-19T06:40:05Z,CHAN,10614,10616592,1000,100,0,9,0,-1050,-1150,-1131
2026-09-19T06:40:09Z,FRAME #354 tx t=10621507 peer=0x01 type=3 schema=0 frag=0x01 seq=355 rssi=- snr=- st=0 rx=5 deaf=76870
2026-09-19T06:40:15Z,CHAN,10624,10626595,1000,100,0,5,0,-790,-1150,-1122
2026-09-19T06:40:19Z,FRAME #355 tx t=10631510 peer=0x02 type=3 schema=0 frag=0x01 seq=356 rssi=- snr=- st=0 rx=5 deaf=77087
2026-09-19T06:40:20Z,CHANSUM,10570,10629,60,60006,5956,42,18,0,3,0,-790,-1160,-1150,-1150
2026-09-19T06:41:06Z,CHAN,10675,10677598,1000,100,0,4,0,-900,-1150,-1131
2026-09-19T06:41:09Z,FRAME #356 tx t=10681509 peer=0x01 type=3 schema=0 frag=0x01 seq=357 rssi=- snr=- st=0 rx=5 deaf=77301
2026-09-19T06:41:10Z,CHAN,10679,10681605,1002,89,11,9,0,-1060,-1150,-1132
2026-09-19T06:41:20Z,FRAME #357 tx t=10692149 peer=0x02 type=3 schema=0 frag=0x01 seq=358 rssi=- snr=- st=0 rx=5 deaf=77539
2026-09-19T06:41:20Z,CHANSUM,10630,10689,60,60019,5955,44,13,0,2,0,-900,-1160,-1150,-1150
2026-09-19T06:41:46Z,CHAN,10715,10717617,1000,100,0,4,0,-760,-1150,-1123
2026-09-19T06:42:06Z,CHAN,10735,10737617,1000,100,0,4,0,-900,-1150,-1129
2026-09-19T06:42:09Z,FRAME #358 tx t=10741508 peer=0x01 type=3 schema=0 frag=0x01 seq=359 rssi=- snr=- st=0 rx=5 deaf=77752
2026-09-19T06:42:19Z,FRAME #359 tx t=10751511 peer=0x02 type=3 schema=0 frag=0x01 seq=360 rssi=- snr=- st=0 rx=5 deaf=77969
2026-09-19T06:42:20Z,CHANSUM,10690,10749,60,60012,5957,42,8,0,2,0,-760,-1160,-1150,-1150
2026-09-19T06:43:09Z,FRAME #360 tx t=10801510 peer=0x01 type=3 schema=0 frag=0x01 seq=361 rssi=- snr=- st=0 rx=5 deaf=78182
2026-09-19T06:43:19Z,FRAME #361 tx t=10811513 peer=0x02 type=3 schema=0 frag=0x01 seq=362 rssi=- snr=- st=0 rx=5 deaf=78399
2026-09-19T06:43:20Z,CHANSUM,10750,10809,60,60012,5957,42,0,0,0,0,-1110,-1160,-1150,-1150
2026-09-19T06:43:34Z,CHAN,10823,10825641,1000,100,0,3,0,-1040,-1150,-1136
2026-09-19T06:44:05Z,CHAN,10854,10856641,1000,100,0,5,0,-1090,-1150,-1137
2026-09-19T06:44:07Z,CHAN,10856,10858641,1000,100,0,3,0,-900,-1150,-1132
2026-09-19T06:44:09Z,FRAME #362 tx t=10861512 peer=0x01 type=3 schema=0 frag=0x01 seq=363 rssi=- snr=- st=0 rx=5 deaf=78612
2026-09-19T06:44:19Z,FRAME #363 tx t=10871515 peer=0x02 type=3 schema=0 frag=0x01 seq=364 rssi=- snr=- st=0 rx=5 deaf=78829
2026-09-19T06:44:20Z,CHANSUM,10810,10869,60,60012,5957,42,11,0,3,0,-900,-1160,-1150,-1150
2026-09-19T06:44:25Z,CHAN,10874,10876653,1000,100,0,9,0,-1050,-1150,-1133
2026-09-19T06:44:52Z,CHAN,10901,10903653,1000,100,0,10,0,-1040,-1150,-1130
2026-09-19T06:45:09Z,FRAME #364 tx t=10921508 peer=0x01 type=3 schema=0 frag=0x01 seq=365 rssi=- snr=- st=0 rx=5 deaf=79046
2026-09-19T06:45:09Z,CHAN,10918,10920653,1002,84,15,4,0,-1080,-1150,-1135
2026-09-19T06:45:19Z,FRAME #365 tx t=10931511 peer=0x02 type=3 schema=0 frag=0x01 seq=366 rssi=- snr=- st=0 rx=5 deaf=79263
2026-09-19T06:45:20Z,CHANSUM,10870,10929,60,60006,5956,42,23,0,3,0,-1040,-1160,-1150,-1150
2026-09-19T06:45:30Z,CHAN,10939,10941659,1000,100,0,9,0,-1050,-1150,-1132
2026-09-19T06:45:38Z,CHAN,10947,10949659,1000,100,0,5,0,-910,-1150,-1127
2026-09-19T06:45:52Z,CHAN,10961,10963659,1000,100,0,2,0,-1050,-1150,-1137
2026-09-19T06:46:09Z,FRAME #366 tx t=10981510 peer=0x01 type=3 schema=0 frag=0x01 seq=367 rssi=- snr=- st=0 rx=5 deaf=79476
2026-09-19T06:46:19Z,FRAME #367 tx t=10991513 peer=0x02 type=3 schema=0 frag=0x01 seq=368 rssi=- snr=- st=0 rx=5 deaf=79693
2026-09-19T06:46:20Z,CHANSUM,10930,10989,60,60012,5957,42,16,0,3,0,-910,-1160,-1150,-1150
2026-09-19T06:47:09Z,FRAME #368 tx t=11041512 peer=0x01 type=3 schema=0 frag=0x01 seq=369 rssi=- snr=- st=0 rx=5 deaf=79906
2026-09-19T06:47:19Z,FRAME #369 tx t=11051515 peer=0x02 type=3 schema=0 frag=0x01 seq=370 rssi=- snr=- st=0 rx=5 deaf=80123
2026-09-19T06:47:20Z,CHANSUM,10990,11049,60,60012,5957,42,0,0,0,0,-1110,-1160,-1150,-1150
2026-09-19T06:47:44Z,CHAN,11073,11075683,1000,100,0,4,0,-1080,-1150,-1137
2026-09-19T06:48:09Z,FRAME #370 tx t=11101508 peer=0x01 type=3 schema=0 frag=0x01 seq=371 rssi=- snr=- st=0 rx=5 deaf=80340
2026-09-19T06:48:19Z,FRAME #371 tx t=11111512 peer=0x02 type=3 schema=0 frag=0x01 seq=372 rssi=- snr=- st=0 rx=5 deaf=80557
2026-09-19T06:48:20Z,CHANSUM,11050,11109,60,60007,5956,42,4,0,1,0,-1080,-1160,-1150,-1150
2026-09-19T06:48:29Z,CHAN,11118,11120690,1000,100,0,1,0,-1100,-1150,-1138
2026-09-19T06:48:56Z,CHAN,11145,11147690,1000,100,0,4,0,-1060,-1150,-1136
2026-09-19T06:49:10Z,FRAME #372 tx t=11162988 peer=0x01 type=3 schema=0 frag=0x01 seq=373 rssi=- snr=- st=0 rx=5 deaf=80791
2026-09-19T06:49:19Z,FRAME #373 tx t=11171507 peer=0x02 type=3 schema=0 frag=0x01 seq=374 rssi=- snr=- st=0 rx=5 deaf=81004
2026-09-19T06:49:20Z,CHANSUM,11110,11169,60,60025,5956,44,5,0,2,0,-1060,-1170,-1150,-1150
2026-09-19T06:50:09Z,FRAME #374 tx t=11221506 peer=0x01 type=3 schema=0 frag=0x01 seq=375 rssi=- snr=- st=0 rx=5 deaf=81217
2026-09-19T06:50:19Z,FRAME #375 tx t=11231509 peer=0x02 type=3 schema=0 frag=0x01 seq=376 rssi=- snr=- st=0 rx=5 deaf=81434
2026-09-19T06:50:20Z,CHANSUM,11170,11229,60,60012,5957,42,0,0,0,0,-1110,-1160,-1150,-1151
2026-09-19T06:50:21Z,CHAN,11230,11232727,1000,100,0,3,0,-1060,-1150,-1137
2026-09-19T06:51:06Z,CHAN,11275,11277727,1000,100,0,9,0,-910,-1150,-1126
2026-09-19T06:51:09Z,FRAME #376 tx t=11281875 peer=0x01 type=3 schema=0 frag=0x01 seq=377 rssi=- snr=- st=0 rx=5 deaf=81668
2026-09-19T06:51:19Z,FRAME #377 tx t=11291504 peer=0x02 type=3 schema=0 frag=0x01 seq=378 rssi=- snr=- st=0 rx=5 deaf=81881
2026-09-19T06:51:20Z,CHAN,11289,11291752,1000,100,0,3,0,-780,-1150,-1129
2026-09-19T06:51:20Z,CHANSUM,11230,11289,60,60025,5956,44,15,0,3,0,-780,-1160,-1150,-1150
2026-09-19T06:52:08Z,CHAN,11337,11339752,1000,100,0,3,0,-1040,-1150,-1137
2026-09-19T06:52:09Z,FRAME #378 tx t=11341503 peer=0x01 type=3 schema=0 frag=0x01 seq=379 rssi=- snr=- st=0 rx=5 deaf=82094
2026-09-19T06:52:19Z,FRAME #379 tx t=11351512 peer=0x02 type=3 schema=0 frag=0x01 seq=380 rssi=- snr=- st=0 rx=5 deaf=82307
2026-09-19T06:52:20Z,CHANSUM,11290,11349,60,60018,5958,42,3,0,1,0,-1040,-1160,-1150,-1150
2026-09-19T06:52:21Z,CHAN,11350,11352770,1000,100,0,2,0,-1070,-1150,-1137
2026-09-19T06:53:09Z,FRAME #380 tx t=11401511 peer=0x01 type=3 schema=0 frag=0x01 seq=381 rssi=- snr=- st=0 rx=5 deaf=82520
2026-09-19T06:53:10Z,CHAN,11399,11401779,1000,100,0,5,0,-1080,-1150,-1137
2026-09-19T06:53:19Z,FRAME #381 tx t=11411514 peer=0x02 type=3 schema=0 frag=0x01 seq=382 rssi=- snr=- st=0 rx=5 deaf=82737
2026-09-19T06:53:20Z,CHANSUM,11350,11409,60,60012,5957,42,7,0,2,0,-1070,-1160,-1150,-1150
2026-09-19T06:53:24Z,CHAN,11413,11415782,1000,100,0,5,0,-1070,-1150,-1134
2026-09-19T06:54:06Z,CHAN,11455,11457782,1000,100,0,5,0,-1000,-1150,-1132
2026-09-19T06:54:09Z,FRAME #382 tx t=11461507 peer=0x01 type=3 schema=0 frag=0x01 seq=383 rssi=- snr=- st=0 rx=5 deaf=82954
2026-09-19T06:54:12Z,CHAN,11461,11463785,1000,100,0,5,0,-1090,-1150,-1136
2026-09-19T06:54:19Z,FRAME #383 tx t=11471510 peer=0x02 type=3 schema=0 frag=0x01 seq=384 rssi=- snr=- st=0 rx=5 deaf=83171
2026-09-19T06:54:20Z,CHANSUM,11410,11469,60,60006,5956,42,15,0,3,0,-1000,-1160,-1150,-1150
2026-09-19T06:54:55Z,CHAN,11504,11506788,1000,100,0,3,0,-1070,-1150,-1136
2026-09-19T06:55:01Z,CHAN,11510,11512788,1000,100,0,3,0,-1070,-1150,-1137
2026-09-19T06:55:09Z,FRAME #384 tx t=11521509 peer=0x01 type=3 schema=0 frag=0x01 seq=385 rssi=- snr=- st=0 rx=5 deaf=83385
2026-09-19T06:55:09Z,CHAN,11518,11520788,1009,79,21,2,0,-830,-1160,-1132
2026-09-19T06:55:19Z,FRAME #385 tx t=11531512 peer=0x02 type=3 schema=0 frag=0x01 seq=386 rssi=- snr=- st=0 rx=5 deaf=83602
2026-09-19T06:55:20Z,CHANSUM,11470,11529,60,60012,5957,42,8,0,3,0,-830,-1160,-1150,-1150
2026-09-19T06:55:54Z,CHAN,11563,11565800,1000,100,0,1,0,-1050,-1150,-1137
2026-09-19T06:55:59Z,CHAN,11568,11570800,1000,100,0,3,0,-1080,-1150,-1137
2026-09-19T06:56:09Z,FRAME #386 tx t=11581511 peer=0x01 type=3 schema=0 frag=0x01 seq=387 rssi=- snr=- st=0 rx=5 deaf=83815
2026-09-19T06:56:15Z,CHAN,11584,11586809,1000,100,0,2,0,-1090,-1150,-1137
2026-09-19T06:56:19Z,FRAME #387 tx t=11591514 peer=0x02 type=3 schema=0 frag=0x01 seq=388 rssi=- snr=- st=0 rx=5 deaf=84032
2026-09-19T06:56:20Z,CHANSUM,11530,11589,60,60012,5957,42,6,0,3,0,-1050,-1160,-1150,-1150
2026-09-19T06:56:28Z,CHAN,11597,11599812,1000,100,0,3,0,-1050,-1160,-1137
2026-09-19T06:56:51Z,CHAN,11620,11622812,1000,100,0,1,0,-1100,-1150,-1138
2026-09-19T06:56:55Z,CHAN,11624,11626812,1000,100,0,4,0,-1090,-1150,-1137
2026-09-19T06:57:09Z,FRAME #388 tx t=11641507 peer=0x01 type=3 schema=0 frag=0x01 seq=389 rssi=- snr=- st=0 rx=5 deaf=84249
2026-09-19T06:57:19Z,FRAME #389 tx t=11651510 peer=0x02 type=3 schema=0 frag=0x01 seq=390 rssi=- snr=- st=0 rx=5 deaf=84466
2026-09-19T06:57:20Z,CHANSUM,11590,11649,60,60007,5956,42,8,0,3,0,-1050,-1160,-1150,-1150
2026-09-19T06:57:21Z,CHAN,11650,11652819,1000,100,0,5,0,-1020,-1150,-1132
2026-09-19T06:57:22Z,CHAN,11651,11653819,1000,100,0,4,0,-1020,-1160,-1137
2026-09-19T06:57:24Z,CHAN,11653,11655819,1000,100,0,3,0,-1100,-1150,-1137
2026-09-19T06:57:27Z,CHAN,11656,11658819,1000,100,0,1,0,-1100,-1150,-1139
2026-09-19T06:57:35Z,CHAN,11664,11666819,1000,100,0,1,0,-1090,-1150,-1138
2026-09-19T06:58:09Z,FRAME #390 tx t=11701510 peer=0x01 type=3 schema=0 frag=0x01 seq=391 rssi=- snr=- st=0 rx=5 deaf=84680
2026-09-19T06:58:19Z,FRAME #391 tx t=11711513 peer=0x02 type=3 schema=0 frag=0x01 seq=392 rssi=- snr=- st=0 rx=5 deaf=84897
2026-09-19T06:58:20Z,CHANSUM,11650,11709,60,60012,5957,42,14,0,5,0,-1020,-1160,-1150,-1150
2026-09-19T06:58:38Z,CHAN,11727,11729831,1000,100,0,5,0,-1090,-1150,-1137
2026-09-19T06:58:58Z,CHAN,11747,11749831,1000,100,0,3,0,-1080,-1150,-1137
2026-09-19T06:59:09Z,FRAME #392 tx t=11761512 peer=0x01 type=3 schema=0 frag=0x01 seq=393 rssi=- snr=- st=0 rx=5 deaf=85110
2026-09-19T06:59:19Z,FRAME #393 tx t=11771515 peer=0x02 type=3 schema=0 frag=0x01 seq=394 rssi=- snr=- st=0 rx=5 deaf=85327
2026-09-19T06:59:20Z,CHANSUM,11710,11769,60,60012,5957,42,8,0,2,0,-1080,-1160,-1150,-1150
2026-09-19T06:59:22Z,CHAN,11771,11773843,1000,100,0,1,0,-1090,-1150,-1139
2026-09-19T06:59:29Z,CHAN,11778,11780843,1000,100,0,6,0,-1000,-1150,-1132
2026-09-19T06:59:31Z,CHAN,11780,11782843,1000,100,0,5,0,-1000,-1150,-1131
2026-09-19T07:00:09Z,FRAME #394 tx t=11821508 peer=0x01 type=3 schema=0 frag=0x01 seq=395 rssi=- snr=- st=0 rx=5 deaf=85544
2026-09-19T07:00:16Z,CHAN,11825,11827846,1000,100,0,5,0,-1060,-1150,-1135
2026-09-19T07:00:19Z,FRAME #395 tx t=11831511 peer=0x02 type=3 schema=0 frag=0x01 seq=396 rssi=- snr=- st=0 rx=5 deaf=85761
2026-09-19T07:00:20Z,CHANSUM,11770,11829,60,60006,5956,42,17,0,4,0,-1000,-1160,-1150,-1150
2026-09-19T07:01:06Z,CHAN,11875,11877849,1000,100,0,4,0,-790,-1160,-1129
2026-09-19T07:01:10Z,FRAME #396 tx t=11882147 peer=0x01 type=3 schema=0 frag=0x01 seq=397 rssi=- snr=- st=0 rx=5 deaf=85995
2026-09-19T07:01:19Z,FRAME #397 tx t=11891506 peer=0x02 type=3 schema=0 frag=0x01 seq=398 rssi=- snr=- st=0 rx=5 deaf=86208
2026-09-19T07:01:20Z,CHANSUM,11830,11889,60,60025,5956,44,4,0,1,0,-790,-1160,-1150,-1151
2026-09-19T07:02:08Z,CHAN,11937,11939874,1000,100,0,5,0,-1090,-1150,-1136
2026-09-19T07:02:09Z,FRAME #398 tx t=11941505 peer=0x01 type=3 schema=0 frag=0x01 seq=399 rssi=- snr=- st=0 rx=5 deaf=86421
2026-09-19T07:02:17Z,CHAN,11946,11948883,1000,100,0,9,0,-960,-1150,-1124
2026-09-19T07:02:19Z,FRAME #399 tx t=11951508 peer=0x02 type=3 schema=0 frag=0x01 seq=400 rssi=- snr=- st=0 rx=5 deaf=86638
2026-09-19T07:02:20Z,CHANSUM,11890,11949,60,60012,5957,42,14,0,2,0,-960,-1160,-1150,-1150
2026-09-19T07:02:29Z,CHAN,11958,11960886,1000,100,0,3,0,-1040,-1150,-1136
2026-09-19T07:03:06Z,CHAN,11995,11997886,1000,100,0,3,0,-780,-1150,-1128
2026-09-19T07:03:09Z,FRAME #400 tx t=12001507 peer=0x01 type=3 schema=0 frag=0x01 seq=401 rssi=- snr=- st=0 rx=5 deaf=86851
2026-09-19T07:03:19Z,FRAME #401 tx t=12011510 peer=0x02 type=3 schema=0 frag=0x01 seq=402 rssi=- snr=- st=0 rx=5 deaf=87068
2026-09-19T07:03:20Z,CHANSUM,11950,12009,60,60012,5957,42,6,0,2,0,-780,-1160,-1150,-1150
2026-09-19T07:03:32Z,CHAN,12021,12023898,1000,100,0,5,0,-1060,-1150,-1137
2026-09-19T07:04:03Z,CHAN,12052,12054898,1000,100,0,3,0,-1040,-1150,-1136
2026-09-19T07:04:09Z,FRAME #402 tx t=12061509 peer=0x01 type=3 schema=0 frag=0x01 seq=403 rssi=- snr=- st=0 rx=5 deaf=87282
2026-09-19T07:04:15Z,CHAN,12064,12066907,1000,100,0,9,0,-1070,-1150,-1134
2026-09-19T07:04:19Z,FRAME #403 tx t=12071512 peer=0x02 type=3 schema=0 frag=0x01 seq=404 rssi=- snr=- st=0 rx=5 deaf=87499
2026-09-19T07:04:20Z,CHANSUM,12010,12069,60,60012,5957,42,17,0,3,0,-1040,-1160,-1150,-1150
2026-09-19T07:05:03Z,CHAN,12112,12114910,1000,100,0,3,0,-910,-1150,-1133
2026-09-19T07:05:09Z,FRAME #404 tx t=12121511 peer=0x01 type=3 schema=0 frag=0x01 seq=405 rssi=- snr=- st=0 rx=5 deaf=87712
2026-09-19T07:05:19Z,FRAME #405 tx t=12131514 peer=0x02 type=3 schema=0 frag=0x01 seq=406 rssi=- snr=- st=0 rx=5 deaf=87929
2026-09-19T07:05:20Z,CHAN,12129,12131922,1000,100,0,9,0,-1070,-1150,-1134
2026-09-19T07:05:20Z,CHANSUM,12070,12129,60,60012,5957,42,12,0,2,0,-910,-1150,-1150,-1150
2026-09-19T07:05:23Z,CHAN,12132,12134922,1000,100,0,7,0,-970,-1150,-1129
2026-09-19T07:06:10Z,FRAME #406 tx t=12182194 peer=0x01 type=3 schema=0 frag=0x01 seq=407 rssi=- snr=- st=0 rx=5 deaf=88167
2026-09-19T07:06:19Z,FRAME #407 tx t=12191503 peer=0x02 type=3 schema=0 frag=0x01 seq=408 rssi=- snr=- st=0 rx=5 deaf=88380
2026-09-19T07:06:20Z,CHANSUM,12130,12189,60,60019,5955,44,7,0,1,0,-970,-1160,-1150,-1150
2026-09-19T07:07:04Z,CHAN,12233,12235941,1000,100,0,2,0,-860,-1150,-1133
2026-09-19T07:07:07Z,CHAN,12236,12238941,1000,100,0,3,0,-760,-1150,-1127
2026-09-19T07:07:09Z,FRAME #408 tx t=12241516 peer=0x01 type=3 schema=0 frag=0x01 seq=409 rssi=- snr=- st=0 rx=5 deaf=88597
2026-09-19T07:07:19Z,FRAME #409 tx t=12251505 peer=0x02 type=3 schema=0 frag=0x01 seq=410 rssi=- snr=- st=0 rx=5 deaf=88810
2026-09-19T07:07:20Z,CHANSUM,12190,12249,60,60012,5957,42,5,0,2,0,-760,-1160,-1150,-1151
2026-09-19T07:07:22Z,CHAN,12251,12253953,1000,100,0,5,0,-810,-1150,-1123
2026-09-19T07:08:09Z,FRAME #410 tx t=12301504 peer=0x01 type=3 schema=0 frag=0x01 seq=411 rssi=- snr=- st=0 rx=5 deaf=89023
2026-09-19T07:08:19Z,FRAME #411 tx t=12311507 peer=0x02 type=3 schema=0 frag=0x01 seq=412 rssi=- snr=- st=0 rx=5 deaf=89240
2026-09-19T07:08:20Z,CHANSUM,12250,12309,60,60012,5957,42,5,0,1,0,-810,-1160,-1150,-1150
2026-09-19T07:08:35Z,CHAN,12324,12326965,1000,100,0,9,0,-1090,-1150,-1135
2026-09-19T07:09:09Z,FRAME #412 tx t=12361506 peer=0x01 type=3 schema=0 frag=0x01 seq=413 rssi=- snr=- st=0 rx=5 deaf=89453
2026-09-19T07:09:19Z,FRAME #413 tx t=12371509 peer=0x02 type=3 schema=0 frag=0x01 seq=414 rssi=- snr=- st=0 rx=5 deaf=89670
2026-09-19T07:09:20Z,CHANSUM,12310,12369,60,60012,5957,42,9,0,1,0,-1090,-1160,-1150,-1150
2026-09-19T07:09:40Z,CHAN,12389,12391977,1000,100,0,9,0,-1080,-1150,-1135
2026-09-19T07:09:46Z,CHAN,12395,12397977,1000,100,0,5,0,-1090,-1150,-1138
2026-09-19T07:09:57Z,CHAN,12406,12408977,1000,100,0,2,0,-1020,-1150,-1137
2026-09-19T07:10:09Z,FRAME #414 tx t=12421508 peer=0x01 type=3 schema=0 frag=0x01 seq=415 rssi=- snr=- st=0 rx=5 deaf=89883
2026-09-19T07:10:19Z,FRAME #415 tx t=12431511 peer=0x02 type=3 schema=0 frag=0x01 seq=416 rssi=- snr=- st=0 rx=5 deaf=90100
2026-09-19T07:10:20Z,CHANSUM,12370,12429,60,60012,5957,42,16,0,3,0,-1020,-1160,-1150,-1150
2026-09-19T07:10:38Z,CHAN,12447,12449989,1000,100,0,4,0,-800,-1160,-1126
2026-09-19T07:10:39Z,CHAN,12448,12450989,1000,100,0,1,0,-800,-1160,-1137
2026-09-19T07:11:09Z,FRAME #416 tx t=12481510 peer=0x01 type=3 schema=0 frag=0x01 seq=417 rssi=- snr=- st=0 rx=5 deaf=90313
2026-09-19T07:11:19Z,FRAME #417 tx t=12491513 peer=0x02 type=3 schema=0 frag=0x01 seq=418 rssi=- snr=- st=0 rx=5 deaf=90530
2026-09-19T07:11:20Z,CHANSUM,12430,12489,60,60012,5957,42,5,0,2,0,-800,-1160,-1150,-1151
2026-09-19T07:11:55Z,CHAN,12524,12527001,1000,100,0,2,0,-970,-1150,-1137
2026-09-19T07:12:09Z,FRAME #418 tx t=12541512 peer=0x01 type=3 schema=0 frag=0x01 seq=419 rssi=- snr=- st=0 rx=5 deaf=90743
2026-09-19T07:12:19Z,FRAME #419 tx t=12551515 peer=0x02 type=3 schema=0 frag=0x01 seq=420 rssi=- snr=- st=0 rx=5 deaf=90960
2026-09-19T07:12:20Z,CHANSUM,12490,12549,60,60012,5957,42,2,0,1,0,-970,-1160,-1150,-1151
2026-09-19T07:12:35Z,CHAN,12564,12567013,1000,100,0,1,0,-1090,-1150,-1138
2026-09-19T07:13:09Z,FRAME #420 tx t=12601508 peer=0x01 type=3 schema=0 frag=0x01 seq=421 rssi=- snr=- st=0 rx=5 deaf=91177
2026-09-19T07:13:18Z,CHAN,12607,12610016,1000,100,0,5,0,-470,-1150,-1106
2026-09-19T07:13:19Z,FRAME #421 tx t=12611511 peer=0x02 type=3 schema=0 frag=0x01 seq=422 rssi=- snr=- st=0 rx=5 deaf=91394
2026-09-19T07:13:20Z,CHANSUM,12550,12609,60,60006,5956,42,6,0,2,0,-470,-1160,-1150,-1151
2026-09-19T07:13:43Z,CHAN,12632,12635019,1000,100,0,5,0,-900,-1150,-1127
2026-09-19T07:14:09Z,FRAME #422 tx t=12661510 peer=0x01 type=3 schema=0 frag=0x01 seq=423 rssi=- snr=- st=0 rx=5 deaf=91607
2026-09-19T07:14:18Z,CHAN,12667,12670028,1000,100,0,5,0,-1060,-1150,-1136
2026-09-19T07:14:19Z,FRAME #423 tx t=12671513 peer=0x02 type=3 schema=0 frag=0x01 seq=424 rssi=- snr=- st=0 rx=5 deaf=91824
2026-09-19T07:14:20Z,CHANSUM,12610,12669,60,60012,5957,42,10,0,2,0,-900,-1160,-1150,-1150
2026-09-19T07:14:45Z,CHAN,12694,12697031,1000,100,0,9,0,-1060,-1150,-1132
2026-09-19T07:15:09Z,FRAME #424 tx t=12721512 peer=0x01 type=3 schema=0 frag=0x01 seq=425 rssi=- snr=- st=0 rx=5 deaf=92037
2026-09-19T07:15:19Z,FRAME #425 tx t=12731515 peer=0x02 type=3 schema=0 frag=0x01 seq=426 rssi=- snr=- st=0 rx=5 deaf=92254
2026-09-19T07:15:20Z,CHANSUM,12670,12729,60,60012,5957,42,9,0,1,0,-1060,-1160,-1150,-1150
2026-09-19T07:15:22Z,CHAN,12731,12734043,1000,100,0,4,0,-1080,-1150,-1136
2026-09-19T07:15:45Z,CHAN,12754,12757043,1000,100,0,5,0,-1070,-1150,-1136
2026-09-19T07:15:50Z,CHAN,12759,12762043,1000,100,0,9,0,-1070,-1150,-1133
2026-09-19T07:15:58Z,CHAN,12767,12770043,1000,100,0,3,0,-900,-1150,-1132
2026-09-19T07:16:05Z,CHAN,12774,12777043,1000,100,0,3,0,-940,-1150,-1133
2026-09-19T07:16:09Z,FRAME #426 tx t=12781508 peer=0x01 type=3 schema=0 frag=0x01 seq=427 rssi=- snr=- st=0 rx=5 deaf=92471
2026-09-19T07:16:11Z,CHAN,12780,12783046,1000,100,0,1,0,-1100,-1150,-1134
2026-09-19T07:16:19Z,FRAME #427 tx t=12791511 peer=0x02 type=3 schema=0 frag=0x01 seq=428 rssi=- snr=- st=0 rx=5 deaf=92688
2026-09-19T07:16:20Z,CHANSUM,12730,12789,60,60006,5956,42,25,0,6,0,-900,-1160,-1150,-1150
2026-09-19T07:16:45Z,CHAN,12814,12817049,1000,100,0,5,0,-790,-1150,-1122
2026-09-19T07:17:09Z,FRAME #428 tx t=12841514 peer=0x01 type=3 schema=0 frag=0x01 seq=429 rssi=- snr=- st=0 rx=5 deaf=92905
2026-09-19T07:17:19Z,FRAME #429 tx t=12851503 peer=0x02 type=3 schema=0 frag=0x01 seq=430 rssi=- snr=- st=0 rx=5 deaf=93118
2026-09-19T07:17:19Z,CHAN,12848,12851052,1009,79,21,1,0,-1100,-1150,-1137
2026-09-19T07:17:20Z,CHANSUM,12790,12849,60,60012,5957,42,6,0,2,0,-790,-1160,-1150,-1150
2026-09-19T07:18:09Z,FRAME #430 tx t=12901516 peer=0x01 type=3 schema=0 frag=0x01 seq=431 rssi=- snr=- st=0 rx=5 deaf=93335
2026-09-19T07:18:19Z,FRAME #431 tx t=12911505 peer=0x02 type=3 schema=0 frag=0x01 seq=432 rssi=- snr=- st=0 rx=5 deaf=93548
2026-09-19T07:18:20Z,CHANSUM,12850,12909,60,60012,5957,42,0,0,0,0,-1110,-1160,-1150,-1150
2026-09-19T07:19:03Z,CHAN,12952,12955073,1000,100,0,5,0,-1030,-1160,-1135
2026-09-19T07:19:05Z,CHAN,12954,12957073,1000,100,0,9,0,-1050,-1150,-1132
2026-09-19T07:19:09Z,FRAME #432 tx t=12961504 peer=0x01 type=3 schema=0 frag=0x01 seq=433 rssi=- snr=- st=0 rx=5 deaf=93761
2026-09-19T07:19:19Z,FRAME #433 tx t=12971507 peer=0x02 type=3 schema=0 frag=0x01 seq=434 rssi=- snr=- st=0 rx=5 deaf=93978
2026-09-19T07:19:20Z,CHANSUM,12910,12969,60,60012,5957,42,14,0,2,0,-1030,-1160,-1150,-1151
2026-09-19T07:19:44Z,CHAN,12993,12996085,1000,100,0,3,0,-1040,-1160,-1138
2026-09-19T07:19:57Z,CHAN,13006,13009085,1000,100,0,1,0,-1100,-1150,-1139
2026-09-19T07:20:09Z,FRAME #434 tx t=13021506 peer=0x01 type=3 schema=0 frag=0x01 seq=435 rssi=- snr=- st=0 rx=5 deaf=94191
2026-09-19T07:20:10Z,CHAN,13019,13022094,1000,100,0,9,0,-1060,-1150,-1134
2026-09-19T07:20:17Z,CHAN,13026,13029094,1000,100,0,3,0,-1060,-1150,-1137
2026-09-19T07:20:19Z,FRAME #435 tx t=13031509 peer=0x02 type=3 schema=0 frag=0x01 seq=436 rssi=- snr=- st=0 rx=5 deaf=94408
2026-09-19T07:20:20Z,CHANSUM,12970,13029,60,60012,5957,42,16,0,4,0,-1040,-1160,-1150,-1151
2026-09-19T07:20:30Z,CHAN,13039,13042097,1000,100,0,3,0,-1100,-1150,-1138
2026-09-19T07:20:58Z,CHAN,13067,13070097,1000,100,0,5,0,-1030,-1150,-1135
2026-09-19T07:21:09Z,FRAME #436 tx t=13081508 peer=0x01 type=3 schema=0 frag=0x01 seq=437 rssi=- snr=- st=0 rx=5 deaf=94621
2026-09-19T07:21:19Z,FRAME #437 tx t=13091511 peer=0x02 type=3 schema=0 frag=0x01 seq=438 rssi=- snr=- st=0 rx=5 deaf=94838
2026-09-19T07:21:20Z,CHANSUM,13030,13089,60,60012,5957,42,8,0,2,0,-1030,-1160,-1150,-1151
2026-09-19T07:21:22Z,CHAN,13091,13094109,1000,100,0,8,0,-950,-1150,-1128
2026-09-19T07:21:32Z,CHAN,13101,13104109,1000,100,0,4,0,-940,-1150,-1132
2026-09-19T07:21:50Z,CHAN,13119,13122109,1000,100,0,3,0,-1020,-1150,-1135
2026-09-19T07:22:06Z,CHAN,13135,13138109,1000,100,0,3,0,-1040,-1150,-1136
2026-09-19T07:22:09Z,FRAME #438 tx t=13141601 peer=0x01 type=3 schema=0 frag=0x01 seq=439 rssi=- snr=- st=0 rx=5 deaf=95076
2026-09-19T07:22:19Z,FRAME #439 tx t=13151514 peer=0x02 type=3 schema=0 frag=0x01 seq=440 rssi=- snr=- st=0 rx=5 deaf=95293
2026-09-19T07:22:20Z,CHANSUM,13090,13149,60,60003,5953,44,18,0,4,0,-940,-1160,-1150,-1151
2026-09-19T07:23:09Z,FRAME #440 tx t=13201507 peer=0x01 type=3 schema=0 frag=0x01 seq=441 rssi=- snr=- st=0 rx=5 deaf=95510
2026-09-19T07:23:19Z,FRAME #441 tx t=13211510 peer=0x02 type=3 schema=0 frag=0x01 seq=442 rssi=- snr=- st=0 rx=5 deaf=95727
2026-09-19T07:23:20Z,CHANSUM,13150,13209,60,60006,5956,42,0,0,0,0,-1120,-1160,-1150,-1150
2026-09-19T07:24:09Z,FRAME #442 tx t=13261509 peer=0x01 type=3 schema=0 frag=0x01 seq=443 rssi=- snr=- st=0 rx=5 deaf=95940
2026-09-19T07:24:19Z,FRAME #443 tx t=13271512 peer=0x02 type=3 schema=0 frag=0x01 seq=444 rssi=- snr=- st=0 rx=5 deaf=96157
2026-09-19T07:24:20Z,CHANSUM,13210,13269,60,60012,5957,42,0,0,0,0,-1120,-1160,-1150,-1150
2026-09-19T07:24:42Z,CHAN,13291,13294130,1000,100,0,4,0,-1060,-1150,-1136
2026-09-19T07:24:50Z,CHAN,13299,13302130,1000,100,0,3,0,-1030,-1150,-1135
2026-09-19T07:25:09Z,FRAME #444 tx t=13321511 peer=0x01 type=3 schema=0 frag=0x01 seq=445 rssi=- snr=- st=0 rx=5 deaf=96370
2026-09-19T07:25:19Z,FRAME #445 tx t=13331514 peer=0x02 type=3 schema=0 frag=0x01 seq=446 rssi=- snr=- st=0 rx=5 deaf=96587
2026-09-19T07:25:20Z,CHANSUM,13270,13329,60,60012,5957,42,7,0,2,0,-1030,-1160,-1150,-1151
2026-09-19T07:25:34Z,CHAN,13343,13346142,1000,100,0,4,0,-1050,-1150,-1136
2026-09-19T07:26:02Z,CHAN,13371,13374142,1000,100,0,1,0,-1100,-1150,-1138
2026-09-19T07:26:07Z,CHAN,13376,13379142,1000,100,0,5,0,-1060,-1150,-1136
2026-09-19T07:26:09Z,FRAME #446 tx t=13381507 peer=0x01 type=3 schema=0 frag=0x01 seq=447 rssi=- snr=- st=0 rx=5 deaf=96804
2026-09-19T07:26:14Z,CHAN,13382,13385145,1000,100,0,1,0,-1100,-1150,-1140
2026-09-19T07:26:19Z,FRAME #447 tx t=13391510 peer=0x02 type=3 schema=0 frag=0x01 seq=448 rssi=- snr=- st=0 rx=5 deaf=97021
2026-09-19T07:26:21Z,CHANSUM,13330,13389,60,60006,5956,42,11,0,4,0,-1050,-1160,-1150,-1150
2026-09-19T07:26:51Z,CHAN,13419,13422148,1000,100,0,3,0,-1000,-1150,-1135
2026-09-19T07:27:07Z,CHAN,13435,13438148,1000,100,0,3,0,-1040,-1150,-1137
2026-09-19T07:27:09Z,FRAME #448 tx t=13441509 peer=0x01 type=3 schema=0 frag=0x01 seq=449 rssi=- snr=- st=0 rx=5 deaf=97235
2026-09-19T07:27:14Z,CHAN,13442,13445157,1000,100,0,3,0,-1060,-1150,-1137
2026-09-19T07:27:19Z,FRAME #449 tx t=13451512 peer=0x02 type=3 schema=0 frag=0x01 seq=450 rssi=- snr=- st=0 rx=5 deaf=97452
2026-09-19T07:27:21Z,CHANSUM,13390,13449,60,60012,5957,42,9,0,3,0,-1000,-1160,-1150,-1150
2026-09-19T07:27:36Z,CHAN,13464,13467160,1000,100,0,2,0,-1100,-1150,-1138
2026-09-19T07:27:57Z,CHAN,13485,13488160,1000,100,0,4,0,-940,-1150,-1131
2026-09-19T07:28:03Z,CHAN,13491,13494160,1000,100,0,5,0,-1000,-1150,-1133
2026-09-19T07:28:09Z,FRAME #450 tx t=13501511 peer=0x01 type=3 schema=0 frag=0x01 seq=451 rssi=- snr=- st=0 rx=5 deaf=97666
2026-09-19T07:28:14Z,CHAN,13502,13505169,1000,100,0,1,0,-1100,-1150,-1139
2026-09-19T07:28:19Z,FRAME #451 tx t=13511514 peer=0x02 type=3 schema=0 frag=0x01 seq=452 rssi=- snr=- st=0 rx=5 deaf=97883
2026-09-19T07:28:20Z,CHAN,13508,13511169,1003,78,21,3,0,-1010,-1150,-1134
2026-09-19T07:28:21Z,CHANSUM,13450,13509,60,60012,5957,42,15,0,5,0,-940,-1160,-1150,-1150
2026-09-19T07:28:23Z,CHAN,13511,13514172,1000,100,0,2,0,-1100,-1150,-1138
2026-09-19T07:29:09Z,FRAME #452 tx t=13561507 peer=0x01 type=3 schema=0 frag=0x01 seq=453 rssi=- snr=- st=0 rx=5 deaf=98100
2026-09-19T07:29:19Z,FRAME #453 tx t=13571510 peer=0x02 type=3 schema=0 frag=0x01 seq=454 rssi=- snr=- st=0 rx=5 deaf=98317
2026-09-19T07:29:21Z,CHANSUM,13510,13569,60,60006,5956,42,2,0,1,0,-1100,-1160,-1150,-1150
2026-09-19T07:29:52Z,CHAN,13600,13603178,1000,100,0,3,0,-1090,-1150,-1138
2026-09-19T07:29:53Z,CHAN,13601,13604178,1000,100,0,1,0,-1090,-1150,-1140
2026-09-19T07:30:09Z,FRAME #454 tx t=13621509 peer=0x01 type=3 schema=0 frag=0x01 seq=455 rssi=- snr=- st=0 rx=5 deaf=98530
2026-09-19T07:30:19Z,FRAME #455 tx t=13631512 peer=0x02 type=3 schema=0 frag=0x01 seq=456 rssi=- snr=- st=0 rx=5 deaf=98747
2026-09-19T07:30:21Z,CHANSUM,13570,13629,60,60012,5957,42,4,0,2,0,-1090,-1160,-1150,-1150
2026-09-19T07:30:34Z,CHAN,13642,13645190,1000,100,0,2,0,-1090,-1150,-1139
2026-09-19T07:31:09Z,FRAME #456 tx t=13681511 peer=0x01 type=3 schema=0 frag=0x01 seq=457 rssi=- snr=- st=0 rx=5 deaf=98960
2026-09-19T07:31:19Z,FRAME #457 tx t=13691514 peer=0x02 type=3 schema=0 frag=0x01 seq=458 rssi=- snr=- st=0 rx=5 deaf=99177
2026-09-19T07:31:21Z,CHANSUM,13630,13689,60,60012,5957,42,2,0,1,0,-1090,-1160,-1150,-1150
2026-09-19T07:32:09Z,FRAME #458 tx t=13741507 peer=0x01 type=3 schema=0 frag=0x01 seq=459 rssi=- snr=- st=0 rx=5 deaf=99394
2026-09-19T07:32:19Z,FRAME #459 tx t=13751510 peer=0x02 type=3 schema=0 frag=0x01 seq=460 rssi=- snr=- st=0 rx=5 deaf=99611
2026-09-19T07:32:21Z,CHANSUM,13690,13749,60,60006,5956,42,0,0,0,0,-1110,-1160,-1150,-1150
2026-09-19T07:32:28Z,CHAN,13756,13759208,1000,100,0,4,0,-1070,-1150,-1137
2026-09-19T07:32:40Z,CHAN,13768,13771208,1000,100,0,4,0,-970,-1150,-1131
2026-09-19T07:33:09Z,FRAME #460 tx t=13801509 peer=0x01 type=3 schema=0 frag=0x01 seq=461 rssi=- snr=- st=0 rx=5 deaf=99825
2026-09-19T07:33:15Z,CHAN,13803,13806217,1000,100,0,1,0,-1100,-1150,-1138
2026-09-19T07:33:19Z,FRAME #461 tx t=13811512 peer=0x02 type=3 schema=0 frag=0x01 seq=462 rssi=- snr=- st=0 rx=5 deaf=100042
2026-09-19T07:33:21Z,CHANSUM,13750,13809,60,60012,5957,42,9,0,3,0,-970,-1160,-1150,-1150
2026-09-19T07:33:25Z,CHAN,13813,13816220,1000,100,0,3,0,-1080,-1150,-1139
2026-09-19T07:34:09Z,FRAME #462 tx t=13861511 peer=0x01 type=3 schema=0 frag=0x01 seq=463 rssi=- snr=- st=0 rx=5 deaf=100255
2026-09-19T07:34:10Z,CHAN,13858,13861220,1009,79,21,3,0,-1030,-1160,-1134
2026-09-19T07:34:19Z,FRAME #463 tx t=13871514 peer=0x02 type=3 schema=0 frag=0x01 seq=464 rssi=- snr=- st=0 rx=5 deaf=100472
2026-09-19T07:34:21Z,CHANSUM,13810,13869,60,60012,5957,42,6,0,2,0,-1030,-1160,-1150,-1150
2026-09-19T07:35:04Z,CHAN,13912,13915232,1000,100,0,3,0,-1060,-1150,-1138
2026-09-19T07:35:09Z,FRAME #464 tx t=13921507 peer=0x01 type=3 schema=0 frag=0x01 seq=465 rssi=- snr=- st=0 rx=5 deaf=100689
2026-09-19T07:35:10Z,CHAN,13918,13921232,1003,78,21,5,0,-1050,-1160,-1134
2026-09-19T07:35:11Z,CHAN,13919,13922235,1000,100,0,3,0,-1060,-1150,-1137
2026-09-19T07:35:19Z,FRAME #465 tx t=13931510 peer=0x02 type=3 schema=0 frag=0x01 seq=466 rssi=- snr=- st=0 rx=5 deaf=100906
2026-09-19T07:35:21Z,CHANSUM,13870,13929,60,60006,5956,42,11,0,3,0,-1050,-1160,-1150,-1150
2026-09-19T07:35:54Z,CHAN,13962,13965238,1000,100,0,3,0,-1030,-1150,-1134
2026-09-19T07:35:55Z,CHAN,13963,13966238,1000,100,0,4,0,-1090,-1150,-1137
2026-09-19T07:35:56Z,CHAN,13964,13967238,1000,100,0,3,0,-1060,-1150,-1137
2026-09-19T07:36:09Z,FRAME #466 tx t=13981546 peer=0x01 type=3 schema=0 frag=0x01 seq=467 rssi=- snr=- st=0 rx=5 deaf=101140
2026-09-19T07:36:19Z,FRAME #467 tx t=13991505 peer=0x02 type=3 schema=0 frag=0x01 seq=468 rssi=- snr=- st=0 rx=5 deaf=101353
2026-09-19T07:36:21Z,CHANSUM,13930,13989,60,60015,5955,44,10,0,3,0,-1030,-1160,-1150,-1150
2026-09-19T07:36:54Z,CHAN,14022,14025253,1000,100,0,1,0,-1100,-1150,-1138
2026-09-19T07:37:09Z,FRAME #468 tx t=14041504 peer=0x01 type=3 schema=0 frag=0x01 seq=469 rssi=- snr=- st=0 rx=5 deaf=101566
2026-09-19T07:37:19Z,FRAME #469 tx t=14051507 peer=0x02 type=3 schema=0 frag=0x01 seq=470 rssi=- snr=- st=0 rx=5 deaf=101783
2026-09-19T07:37:21Z,CHANSUM,13990,14049,60,60012,5957,42,1,0,1,0,-1100,-1160,-1150,-1150
2026-09-19T07:38:01Z,CHAN,14089,14092265,1000,100,0,3,0,-1100,-1150,-1138
2026-09-19T07:38:08Z,CHAN,14096,14099265,1000,100,0,2,0,-1090,-1150,-1138
2026-09-19T07:38:09Z,FRAME #470 tx t=14101506 peer=0x01 type=3 schema=0 frag=0x01 seq=471 rssi=- snr=- st=0 rx=5 deaf=101996
2026-09-19T07:38:19Z,FRAME #471 tx t=14111509 peer=0x02 type=3 schema=0 frag=0x01 seq=472 rssi=- snr=- st=0 rx=5 deaf=102213
2026-09-19T07:38:21Z,CHANSUM,14050,14109,60,60012,5957,42,5,0,2,0,-1090,-1160,-1150,-1150
2026-09-19T07:38:44Z,CHAN,14132,14135277,1000,100,0,9,0,-970,-1150,-1125
2026-09-19T07:39:09Z,FRAME #472 tx t=14161508 peer=0x01 type=3 schema=0 frag=0x01 seq=473 rssi=- snr=- st=0 rx=5 deaf=102426
2026-09-19T07:39:19Z,FRAME #473 tx t=14171511 peer=0x02 type=3 schema=0 frag=0x01 seq=474 rssi=- snr=- st=0 rx=5 deaf=102643
2026-09-19T07:39:20Z,CHAN,14168,14171286,1003,78,21,3,0,-1080,-1160,-1138
2026-09-19T07:39:21Z,CHANSUM,14110,14169,60,60012,5957,42,12,0,2,0,-970,-1160,-1150,-1150
2026-09-19T07:39:36Z,CHAN,14184,14187289,1000,100,0,4,0,-1010,-1150,-1135
2026-09-19T07:40:03Z,CHAN,14211,14214289,1000,100,0,5,0,-1070,-1150,-1135
2026-09-19T07:40:09Z,CHAN,14217,14220289,1000,100,0,1,0,-1100,-1150,-1139
2026-09-19T07:40:10Z,FRAME #474 tx t=14222511 peer=0x01 type=3 schema=0 frag=0x01 seq=475 rssi=- snr=- st=0 rx=5 deaf=102881
2026-09-19T07:40:19Z,FRAME #475 tx t=14231510 peer=0x02 type=3 schema=0 frag=0x01 seq=476 rssi=- snr=- st=0 rx=5 deaf=103094
2026-09-19T07:40:21Z,CHANSUM,14170,14229,60,60019,5955,44,10,0,3,0,-1010,-1160,-1150,-1150
2026-09-19T07:41:09Z,FRAME #476 tx t=14281509 peer=0x01 type=3 schema=0 frag=0x01 seq=477 rssi=- snr=- st=0 rx=5 deaf=103307
2026-09-19T07:41:10Z,CHAN,14278,14281308,1009,79,21,4,0,-940,-1160,-1131
2026-09-19T07:41:20Z,FRAME #477 tx t=14292553 peer=0x02 type=3 schema=0 frag=0x01 seq=478 rssi=- snr=- st=0 rx=5 deaf=103549
2026-09-19T07:41:21Z,CHANSUM,14230,14289,60,60013,5954,44,4,0,1,0,-940,-1160,-1150,-1151
2026-09-19T07:41:29Z,CHAN,14297,14300321,1000,100,0,2,0,-1100,-1150,-1138
2026-09-19T07:42:02Z,CHAN,14330,14333321,1000,100,0,3,0,-1080,-1150,-1138
2026-09-19T07:42:09Z,FRAME #478 tx t=14341512 peer=0x01 type=3 schema=0 frag=0x01 seq=479 rssi=- snr=- st=0 rx=5 deaf=103762
2026-09-19T07:42:19Z,FRAME #479 tx t=14351515 peer=0x02 type=3 schema=0 frag=0x01 seq=480 rssi=- snr=- st=0 rx=5 deaf=103979
2026-09-19T07:42:21Z,CHANSUM,14290,14349,60,60012,5957,42,5,0,2,0,-1080,-1150,-1150,-1150
2026-09-19T07:42:36Z,CHAN,14364,14367333,1000,100,0,1,0,-1100,-1150,-1138
2026-09-19T07:43:09Z,FRAME #480 tx t=14401508 peer=0x01 type=3 schema=0 frag=0x01 seq=481 rssi=- snr=- st=0 rx=5 deaf=104196
2026-09-19T07:43:17Z,CHAN,14405,14408336,1000,100,0,3,0,-1080,-1150,-1138
2026-09-19T07:43:19Z,FRAME #481 tx t=14411511 peer=0x02 type=3 schema=0 frag=0x01 seq=482 rssi=- snr=- st=0 rx=5 deaf=104413
2026-09-19T07:43:21Z,CHANSUM,14350,14409,60,60006,5956,42,4,0,2,0,-1080,-1160,-1150,-1150
2026-09-19T07:43:54Z,CHAN,14442,14445339,1000,100,0,5,0,-1090,-1150,-1138
2026-09-19T07:44:09Z,CHAN,14457,14460339,1000,100,0,1,0,-1100,-1150,-1139
2026-09-19T07:44:09Z,FRAME #482 tx t=14461510 peer=0x01 type=3 schema=0 frag=0x01 seq=483 rssi=- snr=- st=0 rx=5 deaf=104626
2026-09-19T07:44:19Z,FRAME #483 tx t=14471513 peer=0x02 type=3 schema=0 frag=0x01 seq=484 rssi=- snr=- st=0 rx=5 deaf=104843
2026-09-19T07:44:21Z,CHANSUM,14410,14469,60,60012,5957,42,6,0,2,0,-1090,-1160,-1150,-1151
2026-09-19T07:44:38Z,CHAN,14486,14489351,1000,100,0,3,0,-870,-1150,-1132
2026-09-19T07:45:09Z,FRAME #484 tx t=14521512 peer=0x01 type=3 schema=0 frag=0x01 seq=485 rssi=- snr=- st=0 rx=5 deaf=105056
2026-09-19T07:45:19Z,FRAME #485 tx t=14531515 peer=0x02 type=3 schema=0 frag=0x01 seq=486 rssi=- snr=- st=0 rx=5 deaf=105273
2026-09-19T07:45:21Z,CHANSUM,14470,14529,60,60012,5957,42,3,0,1,0,-870,-1160,-1150,-1150
2026-09-19T07:46:02Z,CHAN,14570,14573363,1000,100,0,10,0,-1090,-1150,-1136
2026-09-19T07:46:09Z,FRAME #486 tx t=14581508 peer=0x01 type=3 schema=0 frag=0x01 seq=487 rssi=- snr=- st=0 rx=5 deaf=105490
2026-09-19T07:46:15Z,CHAN,14583,14586366,1000,100,0,9,0,-1050,-1150,-1133
2026-09-19T07:46:17Z,CHAN,14585,14588366,1000,100,0,3,0,-1070,-1150,-1139
2026-09-19T07:46:19Z,FRAME #487 tx t=14591511 peer=0x02 type=3 schema=0 frag=0x01 seq=488 rssi=- snr=- st=0 rx=5 deaf=105707
2026-09-19T07:46:21Z,CHANSUM,14530,14589,60,60006,5956,42,22,0,3,0,-1050,-1160,-1150,-1150
2026-09-19T07:46:39Z,CHAN,14607,14610369,1000,100,0,17,0,-960,-1150,-1116
2026-09-19T07:46:40Z,CHAN,14608,14611369,1000,100,0,42,0,-960,-1150,-1088
2026-09-19T07:47:06Z,CHAN,14634,14637369,1000,100,0,4,0,-1090,-1160,-1138
2026-09-19T07:47:10Z,FRAME #488 tx t=14642604 peer=0x01 type=3 schema=0 frag=0x01 seq=489 rssi=- snr=- st=0 rx=5 deaf=105962
2026-09-19T07:47:19Z,FRAME #489 tx t=14651503 peer=0x02 type=3 schema=0 frag=0x01 seq=490 rssi=- snr=- st=0 rx=5 deaf=106175
2026-09-19T07:47:20Z,CHAN,14648,14651382,1009,79,21,9,0,-1060,-1150,-1131
2026-09-19T07:47:21Z,CHANSUM,14590,14649,60,60022,5953,46,72,0,4,0,-960,-1160,-1150,-1150
2026-09-19T07:47:34Z,CHAN,14662,14665391,1000,100,0,3,0,-800,-1150,-1130
2026-09-19T07:48:09Z,FRAME #490 tx t=14701516 peer=0x01 type=3 schema=0 frag=0x01 seq=491 rssi=- snr=- st=0 rx=5 deaf=106392
2026-09-19T07:48:19Z,FRAME #491 tx t=14711505 peer=0x02 type=3 schema=0 frag=0x01 seq=492 rssi=- snr=- st=0 rx=5 deaf=106605
2026-09-19T07:48:21Z,CHANSUM,14650,14709,60,60012,5957,42,3,0,1,0,-800,-1160,-1150,-1151
2026-09-19T07:48:57Z,CHAN,14745,14748403,1000,100,0,3,0,-1050,-1150,-1139
2026-09-19T07:49:09Z,FRAME #492 tx t=14761504 peer=0x01 type=3 schema=0 frag=0x01 seq=493 rssi=- snr=- st=0 rx=5 deaf=106818
2026-09-19T07:49:19Z,FRAME #493 tx t=14771507 peer=0x02 type=3 schema=0 frag=0x01 seq=494 rssi=- snr=- st=0 rx=5 deaf=107035
2026-09-19T07:49:21Z,CHANSUM,14710,14769,60,60012,5957,42,3,0,1,0,-1050,-1160,-1150,-1150
2026-09-19T07:50:09Z,FRAME #494 tx t=14821506 peer=0x01 type=3 schema=0 frag=0x01 seq=495 rssi=- snr=- st=0 rx=5 deaf=107248
2026-09-19T07:50:10Z,CHAN,14818,14821415,1009,79,21,1,0,-1100,-1150,-1138
2026-09-19T07:50:19Z,FRAME #495 tx t=14831509 peer=0x02 type=3 schema=0 frag=0x01 seq=496 rssi=- snr=- st=0 rx=5 deaf=107465
2026-09-19T07:50:21Z,CHANSUM,14770,14829,60,60012,5957,42,1,0,1,0,-1100,-1160,-1150,-1151
2026-09-19T07:50:35Z,CHAN,14843,14846427,1000,100,0,9,0,-1060,-1150,-1133
2026-09-19T07:51:09Z,FRAME #496 tx t=14881508 peer=0x01 type=3 schema=0 frag=0x01 seq=497 rssi=- snr=- st=0 rx=5 deaf=107678
2026-09-19T07:51:19Z,FRAME #497 tx t=14891511 peer=0x02 type=3 schema=0 frag=0x01 seq=498 rssi=- snr=- st=0 rx=5 deaf=107895
2026-09-19T07:51:21Z,CHANSUM,14830,14889,60,60012,5957,42,9,0,1,0,-1060,-1160,-1150,-1150
2026-09-19T07:51:40Z,CHAN,14908,14911439,1000,100,0,9,0,-1060,-1150,-1134
2026-09-19T07:51:53Z,CHAN,14921,14924439,1000,100,0,9,0,-950,-1150,-1125
2026-09-19T07:52:00Z,CHAN,14928,14931439,1000,100,0,1,0,-1100,-1150,-1140
2026-09-19T07:52:09Z,FRAME #498 tx t=14941510 peer=0x01 type=3 schema=0 frag=0x01 seq=499 rssi=- snr=- st=0 rx=5 deaf=108108
2026-09-19T07:52:18Z,CHAN,14946,14949448,1000,100,0,1,0,-1100,-1160,-1140
2026-09-19T07:52:19Z,FRAME #499 tx t=14951513 peer=0x02 type=3 schema=0 frag=0x01 seq=500 rssi=- snr=- st=0 rx=5 deaf=108325
2026-09-19T07:52:21Z,CHANSUM,14890,14949,60,60012,5957,42,20,0,4,0,-950,-1160,-1150,-1151
2026-09-19T07:52:39Z,CHAN,14967,14970451,1000,100,0,3,0,-880,-1160,-1134
2026-09-19T07:53:09Z,FRAME #500 tx t=15001512 peer=0x01 type=3 schema=0 frag=0x01 seq=501 rssi=- snr=- st=0 rx=5 deaf=108538
2026-09-19T07:53:19Z,FRAME #501 tx t=15011515 peer=0x02 type=3 schema=0 frag=0x01 seq=502 rssi=- snr=- st=0 rx=5 deaf=108755
2026-09-19T07:53:21Z,CHANSUM,14950,15009,60,60012,5957,42,3,0,1,0,-880,-1160,-1150,-1150
2026-09-19T07:53:23Z,CHAN,15011,15014463,1000,100,0,4,0,-1030,-1150,-1137
2026-09-19T07:54:09Z,FRAME #502 tx t=15061508 peer=0x01 type=3 schema=0 frag=0x01 seq=503 rssi=- snr=- st=0 rx=5 deaf=108972
2026-09-19T07:54:19Z,FRAME #503 tx t=15071511 peer=0x02 type=3 schema=0 frag=0x01 seq=504 rssi=- snr=- st=0 rx=5 deaf=109189
2026-09-19T07:54:21Z,CHANSUM,15010,15069,60,60007,5956,42,4,0,1,0,-1030,-1160,-1150,-1150
2026-09-19T07:55:09Z,FRAME #504 tx t=15121511 peer=0x01 type=3 schema=0 frag=0x01 seq=505 rssi=- snr=- st=0 rx=5 deaf=109402
2026-09-19T07:55:19Z,FRAME #505 tx t=15131514 peer=0x02 type=3 schema=0 frag=0x01 seq=506 rssi=- snr=- st=0 rx=5 deaf=109619
2026-09-19T07:55:21Z,CHANSUM,15070,15129,60,60012,5957,42,0,0,0,0,-1110,-1160,-1150,-1151
2026-09-19T07:56:09Z,FRAME #506 tx t=15181507 peer=0x01 type=3 schema=0 frag=0x01 seq=507 rssi=- snr=- st=0 rx=5 deaf=109836
2026-09-19T07:56:19Z,FRAME #507 tx t=15191510 peer=0x02 type=3 schema=0 frag=0x01 seq=508 rssi=- snr=- st=0 rx=5 deaf=110053
2026-09-19T07:56:21Z,CHANSUM,15130,15189,60,60006,5956,42,0,0,0,0,-1110,-1160,-1150,-1150
2026-09-19T07:56:26Z,CHAN,15194,15197488,1000,100,0,5,0,-1060,-1150,-1136
2026-09-19T07:56:45Z,CHAN,15213,15216488,1000,100,0,9,0,-1070,-1150,-1134
2026-09-19T07:56:59Z,CHAN,15227,15230488,1000,100,0,4,0,-1030,-1160,-1137
2026-09-19T07:57:05Z,CHAN,15233,15236488,1000,100,0,3,0,-1100,-1150,-1139
2026-09-19T07:57:09Z,FRAME #508 tx t=15241509 peer=0x01 type=3 schema=0 frag=0x01 seq=509 rssi=- snr=- st=0 rx=5 deaf=110267
2026-09-19T07:57:19Z,FRAME #509 tx t=15251512 peer=0x02 type=3 schema=0 frag=0x01 seq=510 rssi=- snr=- st=0 rx=5 deaf=110484
2026-09-19T07:57:21Z,CHANSUM,15190,15249,60,60022,5958,42,21,0,4,0,-1030,-1160,-1150,-1151
2026-09-19T07:57:25Z,CHAN,15253,15256510,1000,100,0,1,0,-1100,-1150,-1139
2026-09-19T07:57:50Z,CHAN,15278,15281510,1000,100,0,9,0,-1070,-1150,-1135
2026-09-19T07:58:02Z,CHAN,15290,15293510,1000,100,0,6,0,-1050,-1150,-1136
2026-09-19T07:58:09Z,FRAME #510 tx t=15301511 peer=0x01 type=3 schema=0 frag=0x01 seq=511 rssi=- snr=- st=0 rx=5 deaf=110697
2026-09-19T07:58:19Z,FRAME #511 tx t=15311514 peer=0x02 type=3 schema=0 frag=0x01 seq=512 rssi=- snr=- st=0 rx=5 deaf=110914
2026-09-19T07:58:21Z,CHANSUM,15250,15309,60,60022,5958,42,16,0,3,0,-1050,-1160,-1140,-1150
2026-09-19T07:58:43Z,CHAN,15331,15334532,1000,100,0,5,0,-1090,-1150,-1139
2026-09-19T07:59:09Z,FRAME #512 tx t=15361507 peer=0x01 type=3 schema=0 frag=0x01 seq=513 rssi=- snr=- st=0 rx=5 deaf=111131
2026-09-19T07:59:19Z,FRAME #513 tx t=15371510 peer=0x02 type=3 schema=0 frag=0x01 seq=514 rssi=- snr=- st=0 rx=5 deaf=111348
2026-09-19T07:59:21Z,CHANSUM,15310,15369,60,60006,5956,42,5,0,1,0,-1090,-1160,-1150,-1150
2026-09-19T08:00:10Z,FRAME #514 tx t=15422996 peer=0x01 type=3 schema=0 frag=0x01 seq=515 rssi=- snr=- st=0 rx=5 deaf=111583
2026-09-19T08:00:19Z,FRAME #515 tx t=15431505 peer=0x02 type=3 schema=0 frag=0x01 seq=516 rssi=- snr=- st=0 rx=5 deaf=111796
2026-09-19T08:00:20Z,CHAN,15428,15431562,1001,85,15,9,0,-960,-1160,-1126
2026-09-19T08:00:21Z,CHANSUM,15370,15429,60,60025,5956,44,9,0,1,0,-960,-1160,-1150,-1151
2026-09-19T08:00:26Z,CHAN,15434,15437563,1000,100,0,5,0,-1090,-1150,-1139
2026-09-19T08:00:27Z,CHAN,15435,15438563,1000,100,0,5,0,-1090,-1150,-1139
2026-09-19T08:00:42Z,CHAN,15450,15453563,1000,100,0,9,0,-960,-1150,-1125
2026-09-19T08:00:44Z,CHAN,15452,15455563,1000,100,0,3,0,-1030,-1150,-1138
2026-09-19T08:01:01Z,CHAN,15469,15472563,1000,100,0,3,0,-1100,-1150,-1140
2026-09-19T08:01:05Z,CHAN,15473,15476563,1000,100,0,9,0,-1040,-1150,-1133
2026-09-19T08:01:06Z,CHAN,15474,15477563,1000,100,0,9,0,-980,-1150,-1132
2026-09-19T08:01:09Z,FRAME #516 tx t=15481504 peer=0x01 type=3 schema=0 frag=0x01 seq=517 rssi=- snr=- st=0 rx=5 deaf=112009
2026-09-19T08:01:19Z,FRAME #517 tx t=15491507 peer=0x02 type=3 schema=0 frag=0x01 seq=518 rssi=- snr=- st=0 rx=5 deaf=112226
2026-09-19T08:01:20Z,CHAN,15488,15491574,1001,86,14,4,0,-1100,-1160,-1138
2026-09-19T08:01:21Z,CHANSUM,15430,15489,60,60012,5957,42,47,0,8,0,-960,-1160,-1150,-1151
2026-09-19T08:01:29Z,CHAN,15497,15500575,1000,100,0,5,0,-1070,-1160,-1138
2026-09-19T08:01:40Z,CHAN,15508,15511575,1000,100,0,1,0,-1100,-1150,-1139
2026-09-19T08:02:09Z,FRAME #518 tx t=15541506 peer=0x01 type=3 schema=0 frag=0x01 seq=519 rssi=- snr=- st=0 rx=5 deaf=112439
2026-09-19T08:02:10Z,CHAN,15538,15541583,1001,87,13,9,0,-1040,-1160,-1131
2026-09-19T08:02:19Z,FRAME #519 tx t=15551509 peer=0x02 type=3 schema=0 frag=0x01 seq=520 rssi=- snr=- st=0 rx=5 deaf=112656
2026-09-19T08:02:21Z,CHANSUM,15490,15549,60,60012,5957,42,15,0,3,0,-1040,-1160,-1150,-1151
2026-09-19T08:03:09Z,FRAME #520 tx t=15601508 peer=0x01 type=3 schema=0 frag=0x01 seq=521 rssi=- snr=- st=0 rx=5 deaf=112869
2026-09-19T08:03:16Z,CHAN,15604,15607596,1000,100,0,36,0,-940,-1150,-1085
2026-09-19T08:03:19Z,FRAME #521 tx t=15611511 peer=0x02 type=3 schema=0 frag=0x01 seq=522 rssi=- snr=- st=0 rx=5 deaf=113086
2026-09-19T08:03:19Z,CHAN,15607,15610596,1002,90,9,3,0,-1060,-1150,-1139
2026-09-19T08:03:21Z,CHANSUM,15550,15609,60,60012,5957,42,39,0,2,0,-940,-1160,-1150,-1150
2026-09-19T08:03:24Z,CHAN,15612,15615599,1000,100,0,4,0,-1090,-1150,-1138
2026-09-19T08:04:09Z,FRAME #522 tx t=15661510 peer=0x01 type=3 schema=0 frag=0x01 seq=523 rssi=- snr=- st=0 rx=5 deaf=113299
2026-09-19T08:04:19Z,FRAME #523 tx t=15671513 peer=0x02 type=3 schema=0 frag=0x01 seq=524 rssi=- snr=- st=0 rx=5 deaf=113516
2026-09-19T08:04:21Z,CHANSUM,15610,15669,60,60012,5957,42,4,0,1,0,-1090,-1160,-1150,-1150
2026-09-19T08:04:57Z,CHAN,15705,15708611,1000,100,0,3,0,-470,-1150,-1121
2026-09-19T08:05:09Z,FRAME #524 tx t=15721512 peer=0x01 type=3 schema=0 frag=0x01 seq=525 rssi=- snr=- st=0 rx=5 deaf=113729
2026-09-19T08:05:19Z,FRAME #525 tx t=15731515 peer=0x02 type=3 schema=0 frag=0x01 seq=526 rssi=- snr=- st=0 rx=5 deaf=113946
2026-09-19T08:05:21Z,CHANSUM,15670,15729,60,60012,5957,42,3,0,1,0,-470,-1160,-1150,-1151
2026-09-19T08:06:09Z,FRAME #526 tx t=15781508 peer=0x01 type=3 schema=0 frag=0x01 seq=527 rssi=- snr=- st=0 rx=5 deaf=114163
2026-09-19T08:06:19Z,FRAME #527 tx t=15791511 peer=0x02 type=3 schema=0 frag=0x01 seq=528 rssi=- snr=- st=0 rx=5 deaf=114380
2026-09-19T08:06:21Z,CHANSUM,15730,15789,60,60006,5956,42,0,0,0,0,-1110,-1160,-1150,-1150
2026-09-19T08:06:34Z,CHAN,15802,15805629,1000,100,0,3,0,-1040,-1150,-1137
2026-09-19T08:06:53Z,CHAN,15821,15824629,1000,100,0,3,0,-1070,-1150,-1138
2026-09-19T08:07:10Z,FRAME #528 tx t=15842941 peer=0x01 type=3 schema=0 frag=0x01 seq=529 rssi=- snr=- st=0 rx=5 deaf=114618
2026-09-19T08:07:19Z,FRAME #529 tx t=15851514 peer=0x02 type=3 schema=0 frag=0x01 seq=530 rssi=- snr=- st=0 rx=5 deaf=114835
2026-09-19T08:07:21Z,CHANSUM,15790,15849,60,60013,5954,44,6,0,2,0,-1040,-1160,-1150,-1151
2026-09-19T08:07:53Z,CHAN,15881,15884642,1000,100,0,3,0,-1070,-1160,-1139
2026-09-19T08:08:09Z,FRAME #530 tx t=15901507 peer=0x01 type=3 schema=0 frag=0x01 seq=531 rssi=- snr=- st=0 rx=5 deaf=115052
2026-09-19T08:08:19Z,FRAME #531 tx t=15911601 peer=0x02 type=3 schema=0 frag=0x01 seq=532 rssi=- snr=- st=0 rx=5 deaf=115294
2026-09-19T08:08:21Z,CHANSUM,15850,15909,60,60007,5953,44,3,0,1,0,-1070,-1160,-1150,-1151
2026-09-19T08:08:23Z,CHAN,15911,15914649,1000,100,0,4,0,-1050,-1150,-1137
2026-09-19T08:08:28Z,CHAN,15916,15919649,1000,100,0,1,0,-1090,-1150,-1141
2026-09-19T08:09:09Z,FRAME #532 tx t=15961510 peer=0x01 type=3 schema=0 frag=0x01 seq=533 rssi=- snr=- st=0 rx=5 deaf=115507
2026-09-19T08:09:12Z,CHAN,15960,15963658,1000,100,0,3,0,-1070,-1150,-1139
2026-09-19T08:09:19Z,FRAME #533 tx t=15971513 peer=0x02 type=3 schema=0 frag=0x01 seq=534 rssi=- snr=- st=0 rx=5 deaf=115724
2026-09-19T08:09:21Z,CHANSUM,15910,15969,60,60012,5957,42,8,0,3,0,-1050,-1160,-1150,-1151
2026-09-19T08:10:09Z,FRAME #534 tx t=16021512 peer=0x01 type=3 schema=0 frag=0x01 seq=535 rssi=- snr=- st=0 rx=5 deaf=115937
2026-09-19T08:10:19Z,FRAME #535 tx t=16031515 peer=0x02 type=3 schema=0 frag=0x01 seq=536 rssi=- snr=- st=0 rx=5 deaf=116154
2026-09-19T08:10:21Z,CHANSUM,15970,16029,60,60012,5957,42,0,0,0,0,-1110,-1160,-1150,-1151
2026-09-19T08:11:09Z,FRAME #536 tx t=16081508 peer=0x01 type=3 schema=0 frag=0x01 seq=537 rssi=- snr=- st=0 rx=5 deaf=116371
2026-09-19T08:11:16Z,CHAN,16084,16087676,1000,100,0,1,0,-1080,-1150,-1140
2026-09-19T08:11:19Z,FRAME #537 tx t=16091511 peer=0x02 type=3 schema=0 frag=0x01 seq=538 rssi=- snr=- st=0 rx=5 deaf=116588
2026-09-19T08:11:21Z,CHANSUM,16030,16089,60,60006,5956,42,1,0,1,0,-1080,-1160,-1150,-1151
2026-09-19T08:12:09Z,FRAME #538 tx t=16141510 peer=0x01 type=3 schema=0 frag=0x01 seq=539 rssi=- snr=- st=0 rx=5 deaf=116801
2026-09-19T08:12:14Z,CHAN,16142,16145688,1000,100,0,4,0,-1080,-1150,-1138
2026-09-19T08:12:19Z,FRAME #539 tx t=16151513 peer=0x02 type=3 schema=0 frag=0x01 seq=540 rssi=- snr=- st=0 rx=5 deaf=117018
2026-09-19T08:12:21Z,CHANSUM,16090,16149,60,60012,5957,42,4,0,1,0,-1080,-1160,-1150,-1150
2026-09-19T08:12:35Z,CHAN,16163,16166691,1000,100,0,1,0,-1090,-1150,-1138
2026-09-19T08:13:09Z,FRAME #540 tx t=16201512 peer=0x01 type=3 schema=0 frag=0x01 seq=541 rssi=- snr=- st=0 rx=5 deaf=117231
2026-09-19T08:13:21Z,CHANSUM,16150,16209,60,60011,5973,25,1,0,1,0,-1090,-1160,-1150,-1152
2026-09-19T08:13:22Z,FRAME #541 tx t=16214257 peer=0x02 type=3 schema=0 frag=0x01 seq=542 rssi=- snr=- st=0 rx=5 deaf=117498
2026-09-19T08:13:25Z,CHAN,16213,16216705,1000,100,0,1,0,-1100,-1160,-1141
2026-09-19T08:14:02Z,CHAN,16250,16253705,1000,100,0,1,0,-1100,-1150,-1140
2026-09-19T08:14:09Z,FRAME #542 tx t=16261506 peer=0x01 type=3 schema=0 frag=0x01 seq=543 rssi=- snr=- st=0 rx=5 deaf=117711
2026-09-19T08:14:19Z,FRAME #543 tx t=16271510 peer=0x02 type=3 schema=0 frag=0x01 seq=544 rssi=- snr=- st=0 rx=5 deaf=117929
2026-09-19T08:14:21Z,CHANSUM,16210,16269,60,60016,5935,63,2,0,2,0,-1100,-1160,-1150,-1151
2026-09-19T08:14:29Z,CHAN,16277,16280718,1000,100,0,2,0,-780,-1150,-1133
2026-09-19T08:15:08Z,CHAN,16316,16319718,1000,100,0,2,0,-1100,-1150,-1139
2026-09-19T08:15:09Z,FRAME #544 tx t=16321509 peer=0x01 type=3 schema=0 frag=0x01 seq=545 rssi=- snr=- st=0 rx=5 deaf=118143
2026-09-19T08:15:19Z,FRAME #545 tx t=16331512 peer=0x02 type=3 schema=0 frag=0x01 seq=546 rssi=- snr=- st=0 rx=5 deaf=118360
2026-09-19T08:15:21Z,CHAN,16329,16332730,1000,100,0,3,0,-1090,-1150,-1140
2026-09-19T08:15:21Z,CHANSUM,16270,16329,60,60012,5957,42,7,0,3,0,-780,-1160,-1150,-1151
2026-09-19T08:16:09Z,FRAME #546 tx t=16381511 peer=0x01 type=3 schema=0 frag=0x01 seq=547 rssi=- snr=- st=0 rx=5 deaf=118573
2026-09-19T08:16:19Z,FRAME #547 tx t=16391514 peer=0x02 type=3 schema=0 frag=0x01 seq=548 rssi=- snr=- st=0 rx=5 deaf=118790
2026-09-19T08:16:21Z,CHANSUM,16330,16389,60,60012,5957,42,0,0,0,0,-1110,-1160,-1150,-1151
2026-09-19T08:16:53Z,CHAN,16421,16424742,1000,100,0,9,0,-980,-1150,-1129
2026-09-19T08:17:09Z,FRAME #548 tx t=16441507 peer=0x01 type=3 schema=0 frag=0x01 seq=549 rssi=- snr=- st=0 rx=5 deaf=119007
2026-09-19T08:17:09Z,CHAN,16437,16440742,1003,78,21,3,0,-1100,-1150,-1139
2026-09-19T08:17:19Z,FRAME #549 tx t=16451510 peer=0x02 type=3 schema=0 frag=0x01 seq=550 rssi=- snr=- st=0 rx=5 deaf=119224
2026-09-19T08:17:21Z,CHANSUM,16390,16449,60,60006,5956,42,12,0,2,0,-980,-1160,-1150,-1151
2026-09-19T08:18:09Z,FRAME #550 tx t=16501509 peer=0x01 type=3 schema=0 frag=0x01 seq=551 rssi=- snr=- st=0 rx=5 deaf=119437
2026-09-19T08:18:16Z,CHAN,16504,16507757,1000,100,0,5,0,-820,-1150,-1126
2026-09-19T08:18:19Z,FRAME #551 tx t=16511512 peer=0x02 type=3 schema=0 frag=0x01 seq=552 rssi=- snr=- st=0 rx=5 deaf=119654
2026-09-19T08:18:21Z,CHANSUM,16450,16509,60,60012,5957,42,5,0,1,0,-820,-1160,-1150,-1150
2026-09-19T08:18:57Z,CHAN,16545,16548760,1000,100,0,3,0,-990,-1150,-1137
2026-09-19T08:18:58Z,CHAN,16546,16549760,1000,100,0,2,0,-930,-1150,-1137
2026-09-19T08:19:07Z,CHAN,16555,16558760,1000,100,0,5,0,-1060,-1150,-1136
2026-09-19T08:19:09Z,FRAME #552 tx t=16561511 peer=0x01 type=3 schema=0 frag=0x01 seq=553 rssi=- snr=- st=0 rx=5 deaf=119867
2026-09-19T08:19:19Z,FRAME #553 tx t=16571514 peer=0x02 type=3 schema=0 frag=0x01 seq=554 rssi=- snr=- st=0 rx=5 deaf=120084
2026-09-19T08:19:21Z,CHANSUM,16510,16569,60,60012,5957,42,10,0,3,0,-930,-1160,-1150,-1151
2026-09-19T08:19:39Z,CHAN,16587,16590772,1000,100,0,4,0,-1090,-1160,-1140
2026-09-19T08:19:56Z,CHAN,16604,16607772,1000,100,0,3,0,-1060,-1150,-1138
2026-09-19T08:20:09Z,FRAME #554 tx t=16621507 peer=0x01 type=3 schema=0 frag=0x01 seq=555 rssi=- snr=- st=0 rx=5 deaf=120301
2026-09-19T08:20:19Z,FRAME #555 tx t=16631510 peer=0x02 type=3 schema=0 frag=0x01 seq=556 rssi=- snr=- st=0 rx=5 deaf=120518
2026-09-19T08:20:21Z,CHANSUM,16570,16629,60,60006,5956,42,7,0,2,0,-1060,-1160,-1150,-1151
2026-09-19T08:20:55Z,CHAN,16663,16666778,1000,100,0,9,0,-1040,-1150,-1132
2026-09-19T08:21:09Z,FRAME #556 tx t=16681509 peer=0x01 type=3 schema=0 frag=0x01 seq=557 rssi=- snr=- st=0 rx=5 deaf=120732
2026-09-19T08:21:19Z,FRAME #557 tx t=16691512 peer=0x02 type=3 schema=0 frag=0x01 seq=558 rssi=- snr=- st=0 rx=5 deaf=120949
2026-09-19T08:21:20Z,CHAN,16688,16691790,1000,100,0,4,0,-1090,-1150,-1138
2026-09-19T08:21:21Z,CHANSUM,16630,16689,60,60012,5957,42,13,0,2,0,-1040,-1160,-1150,-1151
2026-09-19T08:21:59Z,CHAN,16727,16730790,1000,100,0,4,0,-1080,-1150,-1138
2026-09-19T08:22:00Z,CHAN,16728,16731790,1000,100,0,9,0,-1030,-1160,-1133
2026-09-19T08:22:03Z,CHAN,16731,16734790,1000,100,0,5,0,-1080,-1150,-1137
2026-09-19T08:22:09Z,FRAME #558 tx t=16741511 peer=0x01 type=3 schema=0 frag=0x01 seq=559 rssi=- snr=- st=0 rx=5 deaf=121162
2026-09-19T08:22:19Z,FRAME #559 tx t=16751514 peer=0x02 type=3 schema=0 frag=0x01 seq=560 rssi=- snr=- st=0 rx=5 deaf=121379
2026-09-19T08:22:21Z,CHANSUM,16690,16749,60,60012,5957,42,18,0,3,0,-1030,-1160,-1150,-1150
2026-09-19T08:22:41Z,CHAN,16769,16772802,1000,100,0,4,0,-970,-1150,-1134
2026-09-19T08:22:56Z,CHAN,16784,16787802,1000,100,0,31,0,-950,-1160,-1094
2026-09-19T08:22:58Z,CHAN,16786,16789802,1000,100,0,4,0,-1070,-1150,-1138
2026-09-19T08:23:09Z,FRAME #560 tx t=16801507 peer=0x01 type=3 schema=0 frag=0x01 seq=561 rssi=- snr=- st=0 rx=5 deaf=121596
2026-09-19T08:23:18Z,CHAN,16806,16809805,1000,100,0,3,0,-1080,-1150,-1139
2026-09-19T08:23:19Z,FRAME #561 tx t=16811510 peer=0x02 type=3 schema=0 frag=0x01 seq=562 rssi=- snr=- st=0 rx=5 deaf=121813
2026-09-19T08:23:21Z,CHANSUM,16750,16809,60,60006,5956,42,42,0,4,0,-950,-1160,-1150,-1151
2026-09-19T08:23:44Z,[16836902][W][WiFiGeneric.cpp:1062] _eventCallback(): Reason: 6 - NOT_AUTHED
2026-09-19T08:23:56Z,CHAN,16844,16847811,1000,100,0,5,0,-930,-1150,-1131
2026-09-19T08:24:09Z,FRAME #562 tx t=16861512 peer=0x01 type=3 schema=0 frag=0x01 seq=563 rssi=- snr=- st=0 rx=5 deaf=122027
2026-09-19T08:24:15Z,CHAN,16863,16866820,1000,100,0,5,0,-1060,-1160,-1138
2026-09-19T08:24:19Z,FRAME #563 tx t=16871515 peer=0x02 type=3 schema=0 frag=0x01 seq=564 rssi=- snr=- st=0 rx=5 deaf=122244
2026-09-19T08:24:21Z,CHANSUM,16810,16869,60,60015,5957,42,10,0,2,0,-930,-1160,-1150,-1151
2026-09-19T08:24:31Z,CHAN,16879,16882823,1000,100,0,3,0,-1050,-1150,-1139
2026-09-19T08:25:09Z,FRAME #564 tx t=16921508 peer=0x01 type=3 schema=0 frag=0x01 seq=565 rssi=- snr=- st=0 rx=5 deaf=122461
2026-09-19T08:25:09Z,CHAN,16917,16920823,1003,78,21,3,0,-1020,-1150,-1136
2026-09-19T08:25:15Z,CHAN,16923,16926826,1000,100,0,9,0,-1040,-1160,-1133
2026-09-19T08:25:19Z,FRAME #565 tx t=16931511 peer=0x02 type=3 schema=0 frag=0x01 seq=566 rssi=- snr=- st=0 rx=5 deaf=122678
2026-09-19T08:25:21Z,CHAN,16929,16932829,1000,100,0,5,0,-820,-1150,-1125
2026-09-19T08:25:21Z,CHANSUM,16870,16929,60,60006,5956,42,20,0,4,0,-820,-1160,-1150,-1151
2026-09-19T08:26:00Z,CHAN,16968,16971829,1000,100,0,1,0,-1100,-1150,-1139
2026-09-19T08:26:09Z,FRAME #566 tx t=16981510 peer=0x01 type=3 schema=0 frag=0x01 seq=567 rssi=- snr=- st=0 rx=5 deaf=122891
2026-09-19T08:26:19Z,FRAME #567 tx t=16991513 peer=0x02 type=3 schema=0 frag=0x01 seq=568 rssi=- snr=- st=0 rx=5 deaf=123108
2026-09-19T08:26:20Z,CHAN,16988,16991841,1000,100,0,10,0,-1040,-1160,-1132
2026-09-19T08:26:21Z,CHANSUM,16930,16989,60,60012,5957,42,11,0,2,0,-1040,-1160,-1150,-1151
2026-09-19T08:27:09Z,FRAME #568 tx t=17041512 peer=0x01 type=3 schema=0 frag=0x01 seq=569 rssi=- snr=- st=0 rx=5 deaf=123321
2026-09-19T08:27:10Z,CHAN,17038,17041850,1000,100,0,6,0,-960,-1150,-1130
2026-09-19T08:27:11Z,CHAN,17039,17042850,1000,100,0,6,0,-950,-1150,-1134
2026-09-19T08:27:19Z,FRAME #569 tx t=17051515 peer=0x02 type=3 schema=0 frag=0x01 seq=570 rssi=- snr=- st=0 rx=5 deaf=123538
2026-09-19T08:27:21Z,CHANSUM,16990,17049,60,60012,5957,42,12,0,2,0,-950,-1160,-1150,-1151
2026-09-19T08:27:35Z,CHAN,17063,17066853,1000,100,0,1,0,-1100,-1150,-1139
2026-09-19T08:27:53Z,CHAN,17081,17084853,1000,100,0,4,0,-1060,-1150,-1138
2026-09-19T08:28:09Z,FRAME #570 tx t=17101508 peer=0x01 type=3 schema=0 frag=0x01 seq=571 rssi=- snr=- st=0 rx=5 deaf=123755
2026-09-19T08:28:19Z,FRAME #571 tx t=17111511 peer=0x02 type=3 schema=0 frag=0x01 seq=572 rssi=- snr=- st=0 rx=5 deaf=123972
2026-09-19T08:28:21Z,CHAN,17109,17112859,1000,100,0,1,0,-1100,-1160,-1141
2026-09-19T08:28:21Z,CHANSUM,17050,17109,60,60006,5956,42,6,0,3,0,-1060,-1160,-1150,-1151
2026-09-19T08:29:09Z,FRAME #572 tx t=17161510 peer=0x01 type=3 schema=0 frag=0x01 seq=573 rssi=- snr=- st=0 rx=5 deaf=124185
2026-09-19T08:29:10Z,CHAN,17158,17161868,1000,100,0,3,0,-1040,-1150,-1138
2026-09-19T08:29:19Z,FRAME #573 tx t=17171513 peer=0x02 type=3 schema=0 frag=0x01 seq=574 rssi=- snr=- st=0 rx=5 deaf=124402
2026-09-19T08:29:21Z,CHANSUM,17110,17169,60,60012,5957,42,3,0,1,0,-1040,-1160,-1150,-1150
2026-09-19T08:29:44Z,CHAN,17192,17195871,1000,100,0,5,0,-930,-1150,-1131
2026-09-19T08:30:09Z,FRAME #574 tx t=17221512 peer=0x01 type=3 schema=0 frag=0x01 seq=575 rssi=- snr=- st=0 rx=5 deaf=124615
2026-09-19T08:30:11Z,CHAN,17219,17222880,1000,100,0,4,0,-1080,-1150,-1140
2026-09-19T08:30:19Z,FRAME #575 tx t=17231515 peer=0x02 type=3 schema=0 frag=0x01 seq=576 rssi=- snr=- st=0 rx=5 deaf=124832
2026-09-19T08:30:21Z,CHANSUM,17170,17229,60,60012,5957,42,9,0,2,0,-930,-1160,-1150,-1151
2026-09-19T08:30:50Z,CHAN,17258,17261883,1000,100,0,5,0,-1090,-1150,-1138
2026-09-19T08:30:52Z,CHAN,17260,17263883,1000,100,0,5,0,-990,-1150,-1133
2026-09-19T08:31:09Z,FRAME #576 tx t=17281508 peer=0x01 type=3 schema=0 frag=0x01 seq=577 rssi=- snr=- st=0 rx=5 deaf=125049
2026-09-19T08:31:19Z,FRAME #577 tx t=17291511 peer=0x02 type=3 schema=0 frag=0x01 seq=578 rssi=- snr=- st=0 rx=5 deaf=125266
2026-09-19T08:31:21Z,CHANSUM,17230,17289,60,60006,5956,42,10,0,2,0,-990,-1160,-1150,-1151
2026-09-19T08:31:25Z,CHAN,17293,17296889,1000,100,0,9,0,-1050,-1160,-1134
2026-09-19T08:31:38Z,CHAN,17306,17309889,1000,100,0,4,0,-1100,-1150,-1139
2026-09-19T08:32:09Z,FRAME #578 tx t=17341510 peer=0x01 type=3 schema=0 frag=0x01 seq=579 rssi=- snr=- st=0 rx=5 deaf=125479
2026-09-19T08:32:19Z,FRAME #579 tx t=17351513 peer=0x02 type=3 schema=0 frag=0x01 seq=580 rssi=- snr=- st=0 rx=5 deaf=125696
2026-09-19T08:32:21Z,CHANSUM,17290,17349,60,60012,5957,42,13,0,2,0,-1050,-1160,-1150,-1151
2026-09-19T08:32:30Z,CHAN,17358,17361901,1000,100,0,9,0,-1050,-1150,-1132
2026-09-19T08:33:09Z,FRAME #580 tx t=17401512 peer=0x01 type=3 schema=0 frag=0x01 seq=581 rssi=- snr=- st=0 rx=5 deaf=125909
2026-09-19T08:33:19Z,FRAME #581 tx t=17411515 peer=0x02 type=3 schema=0 frag=0x01 seq=582 rssi=- snr=- st=0 rx=5 deaf=126126
2026-09-19T08:33:21Z,CHANSUM,17350,17409,60,60012,5957,42,9,0,1,0,-1050,-1160,-1150,-1150
2026-09-19T08:34:09Z,FRAME #582 tx t=17461508 peer=0x01 type=3 schema=0 frag=0x01 seq=583 rssi=- snr=- st=0 rx=5 deaf=126343
2026-09-19T08:34:19Z,FRAME #583 tx t=17471511 peer=0x02 type=3 schema=0 frag=0x01 seq=584 rssi=- snr=- st=0 rx=5 deaf=126560
2026-09-19T08:34:21Z,CHANSUM,17410,17469,60,60006,5956,42,0,0,0,0,-1120,-1160,-1150,-1151
2026-09-19T08:35:09Z,FRAME #584 tx t=17521510 peer=0x01 type=3 schema=0 frag=0x01 seq=585 rssi=- snr=- st=0 rx=5 deaf=126773
2026-09-19T08:35:19Z,FRAME #585 tx t=17531513 peer=0x02 type=3 schema=0 frag=0x01 seq=586 rssi=- snr=- st=0 rx=5 deaf=126990
2026-09-19T08:35:21Z,CHANSUM,17470,17529,60,60012,5957,42,0,0,0,0,-1110,-1160,-1150,-1151
2026-09-19T08:35:30Z,CHAN,17538,17541931,1000,100,0,3,0,-990,-1150,-1137
2026-09-19T08:35:45Z,CHAN,17553,17556931,1000,100,0,9,0,-1040,-1150,-1132
2026-09-19T08:35:50Z,CHAN,17558,17561931,1000,100,0,5,0,-940,-1150,-1130
2026-09-19T08:36:09Z,FRAME #586 tx t=17581512 peer=0x01 type=3 schema=0 frag=0x01 seq=587 rssi=- snr=- st=0 rx=5 deaf=127203
2026-09-19T08:36:20Z,FRAME #587 tx t=17592216 peer=0x02 type=3 schema=0 frag=0x01 seq=588 rssi=- snr=- st=0 rx=5 deaf=127445
2026-09-19T08:36:21Z,CHANSUM,17530,17589,60,60013,5954,44,17,0,3,0,-940,-1160,-1150,-1151
2026-09-19T08:36:50Z,CHAN,17618,17621944,1000,100,0,10,0,-1030,-1160,-1131
2026-09-19T08:37:09Z,FRAME #588 tx t=17641505 peer=0x01 type=3 schema=0 frag=0x01 seq=589 rssi=- snr=- st=0 rx=5 deaf=127658
2026-09-19T08:37:14Z,CHAN,17642,17645953,1000,100,0,2,0,-1100,-1150,-1139
2026-09-19T08:37:19Z,FRAME #589 tx t=17651508 peer=0x02 type=3 schema=0 frag=0x01 seq=590 rssi=- snr=- st=0 rx=5 deaf=127875
2026-09-19T08:37:21Z,CHANSUM,17590,17649,60,60012,5957,42,12,0,2,0,-1030,-1160,-1150,-1151
2026-09-19T08:38:10Z,FRAME #590 tx t=17702174 peer=0x01 type=3 schema=0 frag=0x01 seq=591 rssi=- snr=- st=0 rx=5 deaf=128109
2026-09-19T08:38:18Z,CHAN,17706,17709972,1000,100,0,2,0,-1090,-1150,-1139
2026-09-19T08:38:19Z,FRAME #591 tx t=17711503 peer=0x02 type=3 schema=0 frag=0x01 seq=592 rssi=- snr=- st=0 rx=5 deaf=128322
2026-09-19T08:38:21Z,CHANSUM,17650,17709,60,60025,5956,44,2,0,1,0,-1090,-1160,-1150,-1150
2026-09-19T08:38:30Z,CHAN,17718,17721981,1000,100,0,3,0,-990,-1150,-1137
2026-09-19T08:38:39Z,CHAN,17727,17730981,1000,100,0,2,0,-1100,-1150,-1140
2026-09-19T08:39:05Z,CHAN,17753,17756981,1000,100,0,3,0,-1100,-1150,-1139
2026-09-19T08:39:09Z,FRAME #592 tx t=17761516 peer=0x01 type=3 schema=0 frag=0x01 seq=593 rssi=- snr=- st=0 rx=5 deaf=128539
2026-09-19T08:39:19Z,FRAME #593 tx t=17771505 peer=0x02 type=3 schema=0 frag=0x01 seq=594 rssi=- snr=- st=0 rx=5 deaf=128752
2026-09-19T08:39:21Z,CHANSUM,17710,17769,60,60012,5957,42,8,0,3,0,-990,-1160,-1150,-1151
2026-09-19T08:39:23Z,CHAN,17771,17774993,1000,100,0,1,0,-1100,-1150,-1140
2026-09-19T08:39:59Z,CHAN,17807,17810993,1000,100,0,3,0,-1060,-1150,-1138
2026-09-19T08:40:09Z,FRAME #594 tx t=17821504 peer=0x01 type=3 schema=0 frag=0x01 seq=595 rssi=- snr=- st=0 rx=5 deaf=128965
2026-09-19T08:40:19Z,FRAME #595 tx t=17831507 peer=0x02 type=3 schema=0 frag=0x01 seq=596 rssi=- snr=- st=0 rx=5 deaf=129182
2026-09-19T08:40:21Z,CHANSUM,17770,17829,60,60012,5957,42,4,0,2,0,-1060,-1160,-1150,-1150
2026-09-19T08:40:32Z,CHAN,17840,17844005,1000,100,0,3,0,-940,-1150,-1135
2026-09-19T08:40:41Z,CHAN,17849,17853005,1000,100,0,4,0,-1000,-1160,-1135
2026-09-19T08:41:09Z,FRAME #596 tx t=17881506 peer=0x01 type=3 schema=0 frag=0x01 seq=597 rssi=- snr=- st=0 rx=5 deaf=129395
2026-09-19T08:41:19Z,FRAME #597 tx t=17891509 peer=0x02 type=3 schema=0 frag=0x01 seq=598 rssi=- snr=- st=0 rx=5 deaf=129612
2026-09-19T08:41:21Z,CHANSUM,17830,17889,60,60012,5957,42,7,0,2,0,-940,-1160,-1150,-1151
2026-09-19T08:41:43Z,CHAN,17911,17915017,1000,100,0,3,0,-1070,-1150,-1140
2026-09-19T08:42:09Z,FRAME #598 tx t=17941508 peer=0x01 type=3 schema=0 frag=0x01 seq=599 rssi=- snr=- st=0 rx=5 deaf=129825
2026-09-19T08:42:11Z,CHAN,17939,17943026,1000,100,0,1,0,-1100,-1150,-1139
2026-09-19T08:42:19Z,FRAME #599 tx t=17951511 peer=0x02 type=3 schema=0 frag=0x01 seq=600 rssi=- snr=- st=0 rx=5 deaf=130042
2026-09-19T08:42:21Z,CHANSUM,17890,17949,60,60012,5957,42,4,0,2,0,-1070,-1160,-1150,-1151
2026-09-19T08:42:35Z,CHAN,17963,17967029,1000,100,0,1,0,-1090,-1150,-1140
2026-09-19T08:43:09Z,FRAME #600 tx t=18001510 peer=0x01 type=3 schema=0 frag=0x01 seq=601 rssi=- snr=- st=0 rx=5 deaf=130255
2026-09-19T08:43:19Z,FRAME #601 tx t=18011513 peer=0x02 type=3 schema=0 frag=0x01 seq=602 rssi=- snr=- st=0 rx=5 deaf=130472
2026-09-19T08:43:21Z,CHANSUM,17950,18009,60,60012,5957,42,1,0,1,0,-1090,-1160,-1150,-1150
2026-09-19T08:44:09Z,FRAME #602 tx t=18061512 peer=0x01 type=3 schema=0 frag=0x01 seq=603 rssi=- snr=- st=0 rx=5 deaf=130685
2026-09-19T08:44:19Z,FRAME #603 tx t=18071515 peer=0x02 type=3 schema=0 frag=0x01 seq=604 rssi=- snr=- st=0 rx=5 deaf=130902
2026-09-19T08:44:21Z,CHANSUM,18010,18069,60,60012,5957,42,0,0,0,0,-1110,-1160,-1150,-1150
2026-09-19T08:44:24Z,CHAN,18072,18076053,1000,100,0,3,0,-1090,-1150,-1139
2026-09-19T08:44:58Z,CHAN,18106,18110053,1000,100,0,3,0,-910,-1150,-1134
2026-09-19T08:45:01Z,CHAN,18109,18113053,1000,100,0,9,0,-960,-1150,-1128
2026-09-19T08:45:09Z,FRAME #604 tx t=18121508 peer=0x01 type=3 schema=0 frag=0x01 seq=605 rssi=- snr=- st=0 rx=5 deaf=131119
2026-09-19T08:45:19Z,FRAME #605 tx t=18131511 peer=0x02 type=3 schema=0 frag=0x01 seq=606 rssi=- snr=- st=0 rx=5 deaf=131336
2026-09-19T08:45:21Z,CHANSUM,18070,18129,60,60006,5956,42,15,0,3,0,-910,-1160,-1150,-1151
2026-09-19T08:45:25Z,CHAN,18133,18137059,1000,100,0,1,0,-1070,-1150,-1140
2026-09-19T08:46:09Z,FRAME #606 tx t=18181510 peer=0x01 type=3 schema=0 frag=0x01 seq=607 rssi=- snr=- st=0 rx=5 deaf=131549
2026-09-19T08:46:19Z,FRAME #607 tx t=18191513 peer=0x02 type=3 schema=0 frag=0x01 seq=608 rssi=- snr=- st=0 rx=5 deaf=131766
2026-09-19T08:46:21Z,CHANSUM,18130,18189,60,60012,5957,42,1,0,1,0,-1070,-1160,-1150,-1150
2026-09-19T08:47:09Z,FRAME #608 tx t=18241512 peer=0x01 type=3 schema=0 frag=0x01 seq=609 rssi=- snr=- st=0 rx=5 deaf=131979
2026-09-19T08:47:19Z,FRAME #609 tx t=18251515 peer=0x02 type=3 schema=0 frag=0x01 seq=610 rssi=- snr=- st=0 rx=5 deaf=132196
2026-09-19T08:47:21Z,CHANSUM,18190,18249,60,60012,5957,42,0,0,0,0,-1110,-1160,-1150,-1150
2026-09-19T08:47:23Z,CHAN,18251,18255083,1000,100,0,5,0,-1090,-1150,-1139
2026-09-19T08:47:24Z,CHAN,18252,18256083,1000,100,0,1,0,-1060,-1150,-1140
2026-09-19T08:48:03Z,CHAN,18291,18295083,1000,100,0,1,0,-1100,-1150,-1140
2026-09-19T08:48:09Z,FRAME #610 tx t=18301508 peer=0x01 type=3 schema=0 frag=0x01 seq=611 rssi=- snr=- st=0 rx=5 deaf=132413
2026-09-19T08:48:19Z,FRAME #611 tx t=18311511 peer=0x02 type=3 schema=0 frag=0x01 seq=612 rssi=- snr=- st=0 rx=5 deaf=132630
2026-09-19T08:48:21Z,CHANSUM,18250,18309,60,60006,5956,42,7,0,3,0,-1060,-1160,-1150,-1151
2026-09-19T08:48:30Z,CHAN,18318,18322089,1000,100,0,4,0,-1070,-1150,-1138
2026-09-19T08:48:33Z,CHAN,18321,18325089,1000,100,0,4,0,-970,-1150,-1135
2026-09-19T08:48:50Z,CHAN,18338,18342089,1000,100,0,1,0,-1030,-1150,-1140
2026-09-19T08:48:51Z,CHAN,18339,18343089,1000,100,0,3,0,-1030,-1160,-1137
2026-09-19T08:49:09Z,FRAME #612 tx t=18361510 peer=0x01 type=3 schema=0 frag=0x01 seq=613 rssi=- snr=- st=0 rx=5 deaf=132843
2026-09-19T08:49:19Z,FRAME #613 tx t=18371513 peer=0x02 type=3 schema=0 frag=0x01 seq=614 rssi=- snr=- st=0 rx=5 deaf=133060
2026-09-19T08:49:21Z,CHANSUM,18310,18369,60,60012,5957,42,12,0,4,0,-970,-1160,-1150,-1150
2026-09-19T08:50:09Z,FRAME #614 tx t=18421512 peer=0x01 type=3 schema=0 frag=0x01 seq=615 rssi=- snr=- st=0 rx=5 deaf=133273
2026-09-19T08:50:19Z,FRAME #615 tx t=18431515 peer=0x02 type=3 schema=0 frag=0x01 seq=616 rssi=- snr=- st=0 rx=5 deaf=133490
2026-09-19T08:50:21Z,CHANSUM,18370,18429,60,60012,5957,42,0,0,0,0,-1120,-1160,-1150,-1151
2026-09-19T08:50:40Z,CHAN,18448,18452113,1000,100,0,3,0,-1060,-1150,-1138
2026-09-19T08:51:09Z,FRAME #616 tx t=18481508 peer=0x01 type=3 schema=0 frag=0x01 seq=617 rssi=- snr=- st=0 rx=5 deaf=133707
2026-09-19T08:51:19Z,FRAME #617 tx t=18491511 peer=0x02 type=3 schema=0 frag=0x01 seq=618 rssi=- snr=- st=0 rx=5 deaf=133924
2026-09-19T08:51:21Z,CHANSUM,18430,18489,60,60006,5956,42,3,0,1,0,-1060,-1160,-1150,-1151
2026-09-19T08:51:46Z,CHAN,18514,18518119,1000,100,0,4,0,-1080,-1150,-1139
2026-09-19T08:52:03Z,CHAN,18531,18535119,1000,100,0,2,0,-1100,-1150,-1140
2026-09-19T08:52:08Z,CHAN,18536,18540119,1000,100,0,8,0,-1040,-1150,-1134
2026-09-19T08:52:10Z,FRAME #618 tx t=18543282 peer=0x01 type=3 schema=0 frag=0x01 seq=619 rssi=- snr=- st=0 rx=5 deaf=134187
2026-09-19T08:52:19Z,FRAME #619 tx t=18551515 peer=0x02 type=3 schema=0 frag=0x01 seq=620 rssi=- snr=- st=0 rx=5 deaf=134404
2026-09-19T08:52:21Z,CHANSUM,18490,18549,60,60014,5951,46,14,0,3,0,-1040,-1160,-1150,-1151
2026-09-19T08:52:31Z,CHAN,18559,18563133,1000,100,0,3,0,-1080,-1150,-1140
2026-09-19T08:53:08Z,CHAN,18596,18600133,1000,100,0,1,0,-1100,-1150,-1140
2026-09-19T08:53:09Z,FRAME #620 tx t=18601765 peer=0x01 type=3 schema=0 frag=0x01 seq=621 rssi=- snr=- st=0 rx=5 deaf=134642
2026-09-19T08:53:19Z,FRAME #621 tx t=18611504 peer=0x02 type=3 schema=0 frag=0x01 seq=622 rssi=- snr=- st=0 rx=5 deaf=134855
2026-09-19T08:53:21Z,CHANSUM,18550,18609,60,60009,5954,44,4,0,2,0,-1080,-1160,-1150,-1151
2026-09-19T08:53:30Z,CHAN,18618,18622142,1000,100,0,1,0,-1100,-1150,-1138
2026-09-19T08:54:09Z,FRAME #622 tx t=18661503 peer=0x01 type=3 schema=0 frag=0x01 seq=623 rssi=- snr=- st=0 rx=5 deaf=135068
2026-09-19T08:54:19Z,FRAME #623 tx t=18671512 peer=0x02 type=3 schema=0 frag=0x01 seq=624 rssi=- snr=- st=0 rx=5 deaf=135281
2026-09-19T08:54:21Z,CHANSUM,18610,18669,60,60018,5958,42,1,0,1,0,-1100,-1160,-1150,-1151
2026-09-19T08:54:43Z,CHAN,18691,18695160,1000,100,0,5,0,-1080,-1160,-1138
2026-09-19T08:55:09Z,FRAME #624 tx t=18721511 peer=0x01 type=3 schema=0 frag=0x01 seq=625 rssi=- snr=- st=0 rx=5 deaf=135494
2026-09-19T08:55:19Z,FRAME #625 tx t=18731514 peer=0x02 type=3 schema=0 frag=0x01 seq=626 rssi=- snr=- st=0 rx=5 deaf=135711
2026-09-19T08:55:21Z,CHANSUM,18670,18729,60,60012,5957,42,5,0,1,0,-1080,-1160,-1150,-1151
2026-09-19T08:55:44Z,CHAN,18752,18756172,1000,100,0,1,0,-1010,-1160,-1140
2026-09-19T08:55:45Z,CHAN,18753,18757172,1000,100,0,9,0,-990,-1150,-1129
2026-09-19T08:56:09Z,FRAME #626 tx t=18781503 peer=0x01 type=3 schema=0 frag=0x01 seq=627 rssi=- snr=- st=0 rx=5 deaf=135924
2026-09-19T08:56:11Z,CHAN,18779,18783181,1000,100,0,2,0,-1030,-1150,-1139
2026-09-19T08:56:12Z,CHAN,18780,18784181,1000,100,0,1,0,-1030,-1150,-1140
2026-09-19T08:56:19Z,FRAME #627 tx t=18791512 peer=0x02 type=3 schema=0 frag=0x01 seq=628 rssi=- snr=- st=0 rx=5 deaf=136137
2026-09-19T08:56:21Z,CHANSUM,18730,18789,60,60018,5958,42,13,0,4,0,-990,-1160,-1150,-1150
2026-09-19T08:57:09Z,FRAME #628 tx t=18841511 peer=0x01 type=3 schema=0 frag=0x01 seq=629 rssi=- snr=- st=0 rx=5 deaf=136350
2026-09-19T08:57:19Z,FRAME #629 tx t=18851514 peer=0x02 type=3 schema=0 frag=0x01 seq=630 rssi=- snr=- st=0 rx=5 deaf=136567
2026-09-19T08:57:21Z,CHANSUM,18790,18849,60,60012,5957,42,0,0,0,0,-1110,-1160,-1150,-1150
2026-09-19T08:57:25Z,CHAN,18853,18857202,1000,100,0,1,0,-1100,-1150,-1139
2026-09-19T08:57:35Z,CHAN,18863,18867202,1000,100,0,1,0,-1100,-1160,-1139
2026-09-19T08:58:09Z,FRAME #630 tx t=18901503 peer=0x01 type=3 schema=0 frag=0x01 seq=631 rssi=- snr=- st=0 rx=5 deaf=136780
2026-09-19T08:58:19Z,FRAME #631 tx t=18911512 peer=0x02 type=3 schema=0 frag=0x01 seq=632 rssi=- snr=- st=0 rx=5 deaf=136993
2026-09-19T08:58:21Z,CHANSUM,18850,18909,60,60018,5958,42,2,0,2,0,-1100,-1160,-1150,-1150
2026-09-19T08:59:01Z,CHAN,18949,18953220,1000,100,0,1,0,-1090,-1160,-1141
2026-09-19T08:59:03Z,CHAN,18951,18955220,1000,100,0,4,0,-1060,-1150,-1139
2026-09-19T08:59:09Z,FRAME #632 tx t=18961511 peer=0x01 type=3 schema=0 frag=0x01 seq=633 rssi=- snr=- st=0 rx=5 deaf=137206
2026-09-19T08:59:19Z,FRAME #633 tx t=18971514 peer=0x02 type=3 schema=0 frag=0x01 seq=634 rssi=- snr=- st=0 rx=5 deaf=137423
2026-09-19T08:59:21Z,CHANSUM,18910,18969,60,60012,5957,42,5,0,2,0,-1060,-1160,-1150,-1151
2026-09-19T08:59:52Z,CHAN,19000,19004232,1000,100,0,5,0,-1060,-1150,-1136
2026-09-19T09:00:00Z,CHAN,19008,19012232,1000,100,0,3,0,-910,-1150,-1133
2026-09-19T09:00:09Z,FRAME #634 tx t=19021507 peer=0x01 type=3 schema=0 frag=0x01 seq=635 rssi=- snr=- st=0 rx=5 deaf=137640
2026-09-19T09:00:19Z,FRAME #635 tx t=19031510 peer=0x02 type=3 schema=0 frag=0x01 seq=636 rssi=- snr=- st=0 rx=5 deaf=137857
2026-09-19T09:00:21Z,CHANSUM,18970,19029,60,60006,5956,42,8,0,2,0,-910,-1160,-1150,-1150
2026-09-19T09:01:09Z,FRAME #636 tx t=19081509 peer=0x01 type=3 schema=0 frag=0x01 seq=637 rssi=- snr=- st=0 rx=5 deaf=138071
2026-09-19T09:01:19Z,FRAME #637 tx t=19091512 peer=0x02 type=3 schema=0 frag=0x01 seq=638 rssi=- snr=- st=0 rx=5 deaf=138288
2026-09-19T09:01:21Z,CHANSUM,19030,19089,60,60012,5957,42,0,0,0,0,-1120,-1160,-1150,-1151
2026-09-19T09:01:34Z,CHAN,19102,19106250,1000,100,0,5,0,-1030,-1150,-1136
2026-09-19T09:01:59Z,CHAN,19127,19131250,1000,100,0,1,0,-1100,-1150,-1141
2026-09-19T09:02:09Z,FRAME #638 tx t=19141511 peer=0x01 type=3 schema=0 frag=0x01 seq=639 rssi=- snr=- st=0 rx=5 deaf=138501
2026-09-19T09:02:19Z,FRAME #639 tx t=19151514 peer=0x02 type=3 schema=0 frag=0x01 seq=640 rssi=- snr=- st=0 rx=5 deaf=138718
2026-09-19T09:02:21Z,CHANSUM,19090,19149,60,60012,5957,42,6,0,2,0,-1030,-1160,-1150,-1151
2026-09-19T09:02:54Z,CHAN,19182,19186262,1000,100,0,8,0,-1030,-1160,-1132
2026-09-19T09:02:55Z,CHAN,19183,19187262,1000,100,0,1,0,-1030,-1150,-1141
2026-09-19T09:03:03Z,CHAN,19191,19195262,1000,100,0,5,0,-910,-1160,-1129
2026-09-19T09:03:09Z,FRAME #640 tx t=19201507 peer=0x01 type=3 schema=0 frag=0x01 seq=641 rssi=- snr=- st=0 rx=5 deaf=138935
2026-09-19T09:03:11Z,CHAN,19199,19203265,1000,100,0,4,0,-1010,-1150,-1136
2026-09-19T09:03:19Z,FRAME #641 tx t=19211510 peer=0x02 type=3 schema=0 frag=0x01 seq=642 rssi=- snr=- st=0 rx=5 deaf=139152
2026-09-19T09:03:21Z,CHANSUM,19150,19209,60,60006,5956,42,18,0,4,0,-910,-1160,-1150,-1152
2026-09-19T09:03:50Z,CHAN,19238,19242268,1000,100,0,3,0,-1090,-1150,-1138
2026-09-19T09:03:52Z,CHAN,19240,19244268,1000,100,0,10,0,-960,-1160,-1124
2026-09-19T09:03:57Z,CHAN,19245,19249268,1000,100,0,38,0,-1030,-1150,-1104
2026-09-19T09:03:59Z,CHAN,19247,19251268,1000,100,0,8,0,-1050,-1150,-1132
2026-09-19T09:04:00Z,CHAN,19248,19252268,1000,100,0,1,0,-1040,-1150,-1140
2026-09-19T09:04:09Z,FRAME #642 tx t=19261509 peer=0x01 type=3 schema=0 frag=0x01 seq=643 rssi=- snr=- st=0 rx=5 deaf=139365
2026-09-19T09:04:16Z,CHAN,19264,19268277,1000,100,0,5,0,-1010,-1160,-1135
2026-09-19T09:04:19Z,FRAME #643 tx t=19271512 peer=0x02 type=3 schema=0 frag=0x01 seq=644 rssi=- snr=- st=0 rx=5 deaf=139582
2026-09-19T09:04:21Z,CHANSUM,19210,19269,60,60012,5957,42,65,0,6,0,-960,-1160,-1150,-1151
2026-09-19T09:04:26Z,CHAN,19274,19278280,1000,100,0,4,0,-930,-1150,-1134
2026-09-19T09:05:09Z,FRAME #644 tx t=19321511 peer=0x01 type=3 schema=0 frag=0x01 seq=645 rssi=- snr=- st=0 rx=5 deaf=139795
2026-09-19T09:05:19Z,FRAME #645 tx t=19331514 peer=0x02 type=3 schema=0 frag=0x01 seq=646 rssi=- snr=- st=0 rx=5 deaf=140012
2026-09-19T09:05:21Z,CHANSUM,19270,19329,60,60012,5957,42,4,0,1,0,-930,-1160,-1150,-1150
2026-09-19T09:05:36Z,CHAN,19344,19348292,1000,100,0,2,0,-1100,-1150,-1140
2026-09-19T09:06:09Z,FRAME #646 tx t=19381507 peer=0x01 type=3 schema=0 frag=0x01 seq=647 rssi=- snr=- st=0 rx=5 deaf=140229
2026-09-19T09:06:19Z,FRAME #647 tx t=19391510 peer=0x02 type=3 schema=0 frag=0x01 seq=648 rssi=- snr=- st=0 rx=5 deaf=140446
2026-09-19T09:06:21Z,CHANSUM,19330,19389,60,60006,5956,42,2,0,1,0,-1100,-1160,-1150,-1151
2026-09-19T09:06:55Z,CHAN,19423,19427298,1000,100,0,4,0,-1020,-1150,-1137
2026-09-19T09:07:09Z,FRAME #648 tx t=19441509 peer=0x01 type=3 schema=0 frag=0x01 seq=649 rssi=- snr=- st=0 rx=5 deaf=140660
2026-09-19T09:07:14Z,CHAN,19442,19446307,1000,100,0,9,0,-1050,-1150,-1134
2026-09-19T09:07:17Z,CHAN,19445,19449307,1000,100,0,4,0,-1030,-1150,-1136
2026-09-19T09:07:19Z,FRAME #649 tx t=19451512 peer=0x02 type=3 schema=0 frag=0x01 seq=650 rssi=- snr=- st=0 rx=5 deaf=140877
2026-09-19T09:07:21Z,CHANSUM,19390,19449,60,60012,5957,42,17,0,3,0,-1020,-1160,-1150,-1151
2026-09-19T09:07:39Z,CHAN,19467,19471310,1000,100,0,4,0,-1100,-1150,-1140
2026-09-19T09:08:09Z,FRAME #650 tx t=19501511 peer=0x01 type=3 schema=0 frag=0x01 seq=651 rssi=- snr=- st=0 rx=5 deaf=141090
2026-09-19T09:08:19Z,FRAME #651 tx t=19511514 peer=0x02 type=3 schema=0 frag=0x01 seq=652 rssi=- snr=- st=0 rx=5 deaf=141307
2026-09-19T09:08:19Z,CHAN,19507,19511319,1003,78,21,9,0,-1040,-1150,-1131
2026-09-19T09:08:21Z,CHANSUM,19450,19509,60,60012,5957,42,13,0,2,0,-1040,-1160,-1150,-1151
2026-09-19T09:09:09Z,FRAME #652 tx t=19561507 peer=0x01 type=3 schema=0 frag=0x01 seq=653 rssi=- snr=- st=0 rx=5 deaf=141524
2026-09-19T09:09:09Z,CHAN,19557,19561322,1003,78,21,5,0,-1080,-1160,-1137
2026-09-19T09:09:19Z,FRAME #653 tx t=19571510 peer=0x02 type=3 schema=0 frag=0x01 seq=654 rssi=- snr=- st=0 rx=5 deaf=141741
2026-09-19T09:09:21Z,CHANSUM,19510,19569,60,60006,5956,42,5,0,1,0,-1080,-1160,-1150,-1150
2026-09-19T09:10:01Z,CHAN,19609,19613328,1000,100,0,3,0,-1060,-1150,-1138
2026-09-19T09:10:09Z,FRAME #654 tx t=19621509 peer=0x01 type=3 schema=0 frag=0x01 seq=655 rssi=- snr=- st=0 rx=5 deaf=141954
2026-09-19T09:10:19Z,FRAME #655 tx t=19631512 peer=0x02 type=3 schema=0 frag=0x01 seq=656 rssi=- snr=- st=0 rx=5 deaf=142171
2026-09-19T09:10:21Z,CHANSUM,19570,19629,60,60012,5957,42,3,0,1,0,-1060,-1160,-1150,-1151
2026-09-19T09:10:25Z,CHAN,19633,19637340,1000,100,0,5,0,-1090,-1150,-1138
2026-09-19T09:10:56Z,CHAN,19664,19668340,1000,100,0,4,0,-1070,-1150,-1139
2026-09-19T09:11:09Z,FRAME #656 tx t=19681511 peer=0x01 type=3 schema=0 frag=0x01 seq=657 rssi=- snr=- st=0 rx=5 deaf=142384
2026-09-19T09:11:19Z,FRAME #657 tx t=19691514 peer=0x02 type=3 schema=0 frag=0x01 seq=658 rssi=- snr=- st=0 rx=5 deaf=142602
2026-09-19T09:11:21Z,CHAN,19688,19692352,1000,100,0,3,0,-1070,-1150,-1138
2026-09-19T09:11:22Z,CHANSUM,19630,19689,60,60012,5957,42,12,0,3,0,-1070,-1160,-1150,-1150
2026-09-19T09:12:09Z,FRAME #658 tx t=19742044 peer=0x01 type=3 schema=0 frag=0x01 seq=659 rssi=- snr=- st=0 rx=5 deaf=142840
2026-09-19T09:12:19Z,FRAME #659 tx t=19751507 peer=0x02 type=3 schema=0 frag=0x01 seq=660 rssi=- snr=- st=0 rx=5 deaf=143057
2026-09-19T09:12:22Z,CHANSUM,19690,19749,60,60003,5953,44,0,0,0,0,-1120,-1160,-1150,-1151
2026-09-19T09:12:38Z,CHAN,19765,19769355,1000,100,0,4,0,-900,-1150,-1132
2026-09-19T09:12:57Z,CHAN,19784,19788355,1000,100,0,4,0,-1070,-1150,-1139
2026-09-19T09:13:09Z,FRAME #660 tx t=19801506 peer=0x01 type=3 schema=0 frag=0x01 seq=661 rssi=- snr=- st=0 rx=5 deaf=143270
2026-09-19T09:13:19Z,FRAME #661 tx t=19811509 peer=0x02 type=3 schema=0 frag=0x01 seq=662 rssi=- snr=- st=0 rx=5 deaf=143487
2026-09-19T09:13:22Z,CHANSUM,19750,19809,60,60012,5957,42,8,0,2,0,-900,-1160,-1150,-1151
2026-09-19T09:13:25Z,CHAN,19812,19816367,1000,100,0,9,0,-1080,-1160,-1136
2026-09-19T09:13:34Z,CHAN,19821,19825367,1000,100,0,5,0,-1040,-1150,-1135
2026-09-19T09:14:09Z,FRAME #662 tx t=19861508 peer=0x01 type=3 schema=0 frag=0x01 seq=663 rssi=- snr=- st=0 rx=5 deaf=143700
2026-09-19T09:14:19Z,FRAME #663 tx t=19871511 peer=0x02 type=3 schema=0 frag=0x01 seq=664 rssi=- snr=- st=0 rx=5 deaf=143917
2026-09-19T09:14:22Z,CHANSUM,19810,19869,60,60012,5957,42,14,0,2,0,-1040,-1160,-1150,-1150
2026-09-19T09:14:30Z,CHAN,19877,19881379,1000,100,0,9,0,-1010,-1150,-1129
2026-09-19T09:14:58Z,CHAN,19905,19909379,1000,100,0,4,0,-1080,-1150,-1140
2026-09-19T09:15:09Z,FRAME #664 tx t=19921510 peer=0x01 type=3 schema=0 frag=0x01 seq=665 rssi=- snr=- st=0 rx=5 deaf=144130
2026-09-19T09:15:19Z,FRAME #665 tx t=19931513 peer=0x02 type=3 schema=0 frag=0x01 seq=666 rssi=- snr=- st=0 rx=5 deaf=144347
2026-09-19T09:15:22Z,CHANSUM,19870,19929,60,60012,5957,42,13,0,2,0,-1010,-1160,-1150,-1150
2026-09-19T09:16:10Z,FRAME #666 tx t=19982569 peer=0x01 type=3 schema=0 frag=0x01 seq=667 rssi=- snr=- st=0 rx=5 deaf=144581
2026-09-19T09:16:19Z,FRAME #667 tx t=19991508 peer=0x02 type=3 schema=0 frag=0x01 seq=668 rssi=- snr=- st=0 rx=5 deaf=144794
2026-09-19T09:16:22Z,CHANSUM,19930,19989,60,60025,5956,44,0,0,0,0,-1110,-1160,-1150,-1151
2026-09-19T09:16:24Z,CHAN,19991,19995416,1000,100,0,3,0,-1090,-1150,-1139
2026-09-19T09:16:29Z,CHAN,19996,20000416,1000,100,0,3,0,-940,-1150,-1135
2026-09-19T09:17:09Z,FRAME #668 tx t=20041507 peer=0x01 type=3 schema=0 frag=0x01 seq=669 rssi=- snr=- st=0 rx=5 deaf=145007
2026-09-19T09:17:19Z,FRAME #669 tx t=20051510 peer=0x02 type=3 schema=0 frag=0x01 seq=670 rssi=- snr=- st=0 rx=5 deaf=145224
2026-09-19T09:17:22Z,CHANSUM,19990,20049,60,60012,5957,42,6,0,2,0,-940,-1160,-1150,-1151
2026-09-19T09:17:24Z,CHAN,20051,20055428,1000,100,0,2,0,-940,-1150,-1137
2026-09-19T09:17:28Z,CHAN,20055,20059428,1000,100,0,1,0,-1100,-1150,-1138
2026-09-19T09:17:43Z,CHAN,20070,20074428,1000,100,0,4,0,-1010,-1150,-1136
2026-09-19T09:17:45Z,CHAN,20072,20076428,1000,100,0,9,0,-1090,-1150,-1136
2026-09-19T09:18:09Z,FRAME #670 tx t=20101509 peer=0x01 type=3 schema=0 frag=0x01 seq=671 rssi=- snr=- st=0 rx=5 deaf=145437
2026-09-19T09:18:13Z,CHAN,20100,20104437,1000,100,0,5,0,-860,-1150,-1126
2026-09-19T09:18:19Z,FRAME #671 tx t=20111512 peer=0x02 type=3 schema=0 frag=0x01 seq=672 rssi=- snr=- st=0 rx=5 deaf=145654
2026-09-19T09:18:22Z,CHANSUM,20050,20109,60,60013,5957,42,21,0,5,0,-860,-1160,-1150,-1151
2026-09-19T09:18:50Z,CHAN,20137,20141441,1000,100,0,9,0,-1090,-1150,-1135
2026-09-19T09:18:53Z,CHAN,20140,20144441,1000,100,0,3,0,-1100,-1150,-1138
2026-09-19T09:19:09Z,FRAME #672 tx t=20161512 peer=0x01 type=3 schema=0 frag=0x01 seq=673 rssi=- snr=- st=0 rx=5 deaf=145867
2026-09-19T09:19:19Z,FRAME #673 tx t=20171515 peer=0x02 type=3 schema=0 frag=0x01 seq=674 rssi=- snr=- st=0 rx=5 deaf=146084
2026-09-19T09:19:22Z,CHANSUM,20110,20169,60,60012,5957,42,12,0,2,0,-1090,-1160,-1150,-1151
2026-09-19T09:20:09Z,FRAME #674 tx t=20221508 peer=0x01 type=3 schema=0 frag=0x01 seq=675 rssi=- snr=- st=0 rx=5 deaf=146301
2026-09-19T09:20:19Z,FRAME #675 tx t=20231511 peer=0x02 type=3 schema=0 frag=0x01 seq=676 rssi=- snr=- st=0 rx=5 deaf=146518
2026-09-19T09:20:22Z,CHANSUM,20170,20229,60,60006,5956,42,0,0,0,0,-1110,-1160,-1150,-1150
2026-09-19T09:20:36Z,CHAN,20243,20247459,1000,100,0,1,0,-1100,-1150,-1140
2026-09-19T09:21:10Z,FRAME #676 tx t=20282585 peer=0x01 type=3 schema=0 frag=0x01 seq=677 rssi=- snr=- st=0 rx=5 deaf=146760
2026-09-19T09:21:19Z,FRAME #677 tx t=20291504 peer=0x02 type=3 schema=0 frag=0x01 seq=678 rssi=- snr=- st=0 rx=5 deaf=146973
2026-09-19T09:21:22Z,CHANSUM,20230,20289,60,60013,5954,44,1,0,1,0,-1100,-1160,-1150,-1151
2026-09-19T09:21:27Z,CHAN,20294,20298472,1000,100,0,4,0,-1100,-1150,-1138
2026-09-19T09:21:50Z,CHAN,20317,20321472,1000,100,0,5,0,-940,-1150,-1129
2026-09-19T09:22:06Z,CHAN,20333,20337472,1000,100,0,1,0,-450,-1150,-1133
2026-09-19T09:22:07Z,CHAN,20334,20338472,1000,100,0,4,0,-460,-1150,-1114
2026-09-19T09:22:09Z,FRAME #678 tx t=20341503 peer=0x01 type=3 schema=0 frag=0x01 seq=679 rssi=- snr=- st=0 rx=5 deaf=147186
2026-09-19T09:22:19Z,FRAME #679 tx t=20351512 peer=0x02 type=3 schema=0 frag=0x01 seq=680 rssi=- snr=- st=0 rx=5 deaf=147399
2026-09-19T09:22:22Z,CHANSUM,20290,20349,60,60018,5958,42,14,0,4,0,-450,-1160,-1150,-1151
2026-09-19T09:23:09Z,FRAME #680 tx t=20401511 peer=0x01 type=3 schema=0 frag=0x01 seq=681 rssi=- snr=- st=0 rx=5 deaf=147612
2026-09-19T09:23:19Z,FRAME #681 tx t=20411514 peer=0x02 type=3 schema=0 frag=0x01 seq=682 rssi=- snr=- st=0 rx=5 deaf=147829
2026-09-19T09:23:22Z,CHANSUM,20350,20409,60,60022,5958,42,0,0,0,0,-1120,-1160,-1150,-1151
2026-09-19T09:24:09Z,FRAME #682 tx t=20461507 peer=0x01 type=3 schema=0 frag=0x01 seq=683 rssi=- snr=- st=0 rx=5 deaf=148046
2026-09-19T09:24:19Z,FRAME #683 tx t=20471510 peer=0x02 type=3 schema=0 frag=0x01 seq=684 rssi=- snr=- st=0 rx=5 deaf=148263
2026-09-19T09:24:22Z,CHANSUM,20410,20469,60,60016,5957,42,0,0,0,0,-1110,-1160,-1150,-1151
2026-09-19T09:24:58Z,CHAN,20505,20509528,1000,100,0,2,0,-1100,-1150,-1138
2026-09-19T09:25:09Z,FRAME #684 tx t=20521836 peer=0x01 type=3 schema=0 frag=0x01 seq=685 rssi=- snr=- st=0 rx=5 deaf=148497
2026-09-19T09:25:19Z,FRAME #685 tx t=20531505 peer=0x02 type=3 schema=0 frag=0x01 seq=686 rssi=- snr=- st=0 rx=5 deaf=148710
2026-09-19T09:25:22Z,CHANSUM,20470,20529,60,60025,5956,44,2,0,1,0,-1100,-1160,-1150,-1151
2026-09-19T09:26:09Z,FRAME #686 tx t=20581504 peer=0x01 type=3 schema=0 frag=0x01 seq=687 rssi=- snr=- st=0 rx=5 deaf=148923
2026-09-19T09:26:19Z,FRAME #687 tx t=20591507 peer=0x02 type=3 schema=0 frag=0x01 seq=688 rssi=- snr=- st=0 rx=5 deaf=149140
2026-09-19T09:26:22Z,CHANSUM,20530,20589,60,60012,5957,42,0,0,0,0,-1110,-1160,-1150,-1151
2026-09-19T09:27:09Z,FRAME #688 tx t=20641506 peer=0x01 type=3 schema=0 frag=0x01 seq=689 rssi=- snr=- st=0 rx=5 deaf=149353
2026-09-19T09:27:19Z,FRAME #689 tx t=20651509 peer=0x02 type=3 schema=0 frag=0x01 seq=690 rssi=- snr=- st=0 rx=5 deaf=149570
2026-09-19T09:27:22Z,CHANSUM,20590,20649,60,60012,5957,42,0,0,0,0,-1110,-1160,-1150,-1151
2026-09-19T09:28:09Z,FRAME #690 tx t=20701508 peer=0x01 type=3 schema=0 frag=0x01 seq=691 rssi=- snr=- st=0 rx=5 deaf=149783
2026-09-19T09:28:19Z,FRAME #691 tx t=20711511 peer=0x02 type=3 schema=0 frag=0x01 seq=692 rssi=- snr=- st=0 rx=5 deaf=150000
2026-09-19T09:28:22Z,CHANSUM,20650,20709,60,60012,5957,42,0,0,0,0,-1110,-1160,-1150,-1151
2026-09-19T09:29:09Z,FRAME #692 tx t=20761510 peer=0x01 type=3 schema=0 frag=0x01 seq=693 rssi=- snr=- st=0 rx=5 deaf=150213
2026-09-19T09:29:15Z,CHAN,20762,20766598,1000,100,0,3,0,-1090,-1150,-1139
2026-09-19T09:29:19Z,FRAME #693 tx t=20771513 peer=0x02 type=3 schema=0 frag=0x01 seq=694 rssi=- snr=- st=0 rx=5 deaf=150430
2026-09-19T09:29:22Z,CHANSUM,20710,20769,60,60012,5957,42,3,0,1,0,-1090,-1160,-1150,-1151
2026-09-19T09:30:09Z,FRAME #694 tx t=20821512 peer=0x01 type=3 schema=0 frag=0x01 seq=695 rssi=- snr=- st=0 rx=5 deaf=150643
2026-09-19T09:30:19Z,FRAME #695 tx t=20831515 peer=0x02 type=3 schema=0 frag=0x01 seq=696 rssi=- snr=- st=0 rx=5 deaf=150860
2026-09-19T09:30:21Z,CHAN,20828,20832613,1000,100,0,5,0,-1030,-1150,-1136
2026-09-19T09:30:22Z,CHANSUM,20770,20829,60,60012,5957,42,5,0,1,0,-1030,-1160,-1150,-1151
2026-09-19T09:30:48Z,CHAN,20855,20859613,1000,100,0,5,0,-1040,-1160,-1135
2026-09-19T09:31:09Z,FRAME #696 tx t=20881508 peer=0x01 type=3 schema=0 frag=0x01 seq=697 rssi=- snr=- st=0 rx=5 deaf=151077
2026-09-19T09:31:21Z,FRAME #697 tx t=20893559 peer=0x02 type=3 schema=0 frag=0x01 seq=698 rssi=- snr=- st=0 rx=5 deaf=151340
2026-09-19T09:31:22Z,CHANSUM,20830,20889,60,60014,5951,46,5,0,1,0,-1040,-1160,-1150,-1151
2026-09-19T09:32:09Z,FRAME #698 tx t=20941512 peer=0x01 type=3 schema=0 frag=0x01 seq=699 rssi=- snr=- st=0 rx=5 deaf=151557
2026-09-19T09:32:19Z,FRAME #699 tx t=20951515 peer=0x02 type=3 schema=0 frag=0x01 seq=700 rssi=- snr=- st=0 rx=5 deaf=151774
2026-09-19T09:32:22Z,CHANSUM,20890,20949,60,60006,5956,42,0,0,0,0,-1120,-1160,-1150,-1150
2026-09-19T09:32:25Z,CHAN,20952,20956633,1000,100,0,3,0,-940,-1150,-1134
2026-09-19T09:32:50Z,CHAN,20977,20981633,1000,100,0,5,0,-1060,-1150,-1137
2026-09-19T09:33:09Z,FRAME #700 tx t=21001508 peer=0x01 type=3 schema=0 frag=0x01 seq=701 rssi=- snr=- st=0 rx=5 deaf=151991
2026-09-19T09:33:19Z,FRAME #701 tx t=21011511 peer=0x02 type=3 schema=0 frag=0x01 seq=702 rssi=- snr=- st=0 rx=5 deaf=152208
2026-09-19T09:33:22Z,CHAN,21009,21013639,1000,100,0,5,0,-1080,-1160,-1138
2026-09-19T09:33:22Z,CHANSUM,20950,21009,60,60006,5956,42,13,0,3,0,-940,-1160,-1150,-1151
2026-09-19T09:34:09Z,FRAME #702 tx t=21061510 peer=0x01 type=3 schema=0 frag=0x01 seq=703 rssi=- snr=- st=0 rx=5 deaf=152421
2026-09-19T09:34:12Z,CHAN,21059,21063648,1000,100,0,4,0,-930,-1150,-1133
2026-09-19T09:34:15Z,CHAN,21062,21066648,1000,100,0,4,0,-1010,-1160,-1135
2026-09-19T09:34:19Z,FRAME #703 tx t=21071513 peer=0x02 type=3 schema=0 frag=0x01 seq=704 rssi=- snr=- st=0 rx=5 deaf=152638
2026-09-19T09:34:22Z,CHANSUM,21010,21069,60,60012,5957,42,8,0,2,0,-930,-1160,-1150,-1150
2026-09-19T09:35:09Z,FRAME #704 tx t=21121512 peer=0x01 type=3 schema=0 frag=0x01 seq=705 rssi=- snr=- st=0 rx=5 deaf=152851
2026-09-19T09:35:13Z,CHAN,21120,21124660,1000,100,0,4,0,-950,-1150,-1136
2026-09-19T09:35:19Z,FRAME #705 tx t=21131515 peer=0x02 type=3 schema=0 frag=0x01 seq=706 rssi=- snr=- st=0 rx=5 deaf=153068
2026-09-19T09:35:22Z,CHANSUM,21070,21129,60,60012,5957,42,4,0,1,0,-950,-1160,-1150,-1150
2026-09-19T09:35:39Z,CHAN,21146,21150663,1000,100,0,3,0,-990,-1150,-1136
2026-09-19T09:35:44Z,CHAN,21151,21155663,1000,100,0,4,0,-970,-1150,-1134
2026-09-19T09:36:02Z,CHAN,21169,21173663,1000,100,0,3,0,-1060,-1150,-1140
2026-09-19T09:36:10Z,FRAME #706 tx t=21182465 peer=0x01 type=3 schema=0 frag=0x01 seq=707 rssi=- snr=- st=0 rx=5 deaf=153306
2026-09-19T09:36:13Z,CHAN,21180,21184673,1000,100,0,4,0,-1030,-1150,-1137
2026-09-19T09:36:19Z,FRAME #707 tx t=21191504 peer=0x02 type=3 schema=0 frag=0x01 seq=708 rssi=- snr=- st=0 rx=5 deaf=153519
2026-09-19T09:36:22Z,CHANSUM,21130,21189,60,60019,5955,44,14,0,4,0,-970,-1160,-1150,-1151
2026-09-19T09:36:56Z,CHAN,21223,21227682,1000,100,0,4,0,-1030,-1150,-1136
2026-09-19T09:37:09Z,FRAME #708 tx t=21241503 peer=0x01 type=3 schema=0 frag=0x01 seq=709 rssi=- snr=- st=0 rx=5 deaf=153732
2026-09-19T09:37:19Z,FRAME #709 tx t=21251512 peer=0x02 type=3 schema=0 frag=0x01 seq=710 rssi=- snr=- st=0 rx=5 deaf=153945
2026-09-19T09:37:22Z,CHANSUM,21190,21249,60,60018,5958,42,4,0,1,0,-1030,-1160,-1150,-1151
2026-09-19T09:37:34Z,CHAN,21261,21265700,1000,100,0,1,0,-1100,-1150,-1140
2026-09-19T09:37:35Z,CHAN,21262,21266700,1000,100,0,12,0,-1030,-1150,-1131
2026-09-19T09:37:41Z,CHAN,21268,21272700,1000,100,0,9,0,-990,-1150,-1129
2026-09-19T09:37:50Z,CHAN,21277,21281700,1000,100,0,1,0,-1100,-1150,-1140
2026-09-19T09:38:09Z,FRAME #710 tx t=21301511 peer=0x01 type=3 schema=0 frag=0x01 seq=711 rssi=- snr=- st=0 rx=5 deaf=154158
2026-09-19T09:38:19Z,FRAME #711 tx t=21311514 peer=0x02 type=3 schema=0 frag=0x01 seq=712 rssi=- snr=- st=0 rx=5 deaf=154375
2026-09-19T09:38:22Z,CHANSUM,21250,21309,60,60022,5958,42,23,0,4,0,-990,-1160,-1150,-1151
2026-09-19T09:38:40Z,CHAN,21327,21331722,1000,100,0,9,0,-1070,-1150,-1135
2026-09-19T09:38:51Z,CHAN,21338,21342722,1000,100,0,2,0,-1090,-1150,-1140
2026-09-19T09:39:09Z,FRAME #712 tx t=21361507 peer=0x01 type=3 schema=0 frag=0x01 seq=713 rssi=- snr=- st=0 rx=5 deaf=154592
2026-09-19T09:39:19Z,FRAME #713 tx t=21371510 peer=0x02 type=3 schema=0 frag=0x01 seq=714 rssi=- snr=- st=0 rx=5 deaf=154809
2026-09-19T09:39:22Z,CHAN,21369,21373728,1000,100,0,1,0,-1100,-1150,-1140
2026-09-19T09:39:22Z,CHANSUM,21310,21369,60,60006,5956,42,12,0,3,0,-1070,-1160,-1150,-1151
2026-09-19T09:39:28Z,CHAN,21375,21379728,1000,100,0,5,0,-1050,-1150,-1136
2026-09-19T09:39:33Z,CHAN,21380,21384728,1000,100,0,3,0,-950,-1150,-1135
2026-09-19T09:40:09Z,FRAME #714 tx t=21421509 peer=0x01 type=3 schema=0 frag=0x01 seq=715 rssi=- snr=- st=0 rx=5 deaf=155023
2026-09-19T09:40:19Z,FRAME #715 tx t=21431512 peer=0x02 type=3 schema=0 frag=0x01 seq=716 rssi=- snr=- st=0 rx=5 deaf=155240
2026-09-19T09:40:22Z,CHANSUM,21370,21429,60,60012,5957,42,8,0,2,0,-950,-1160,-1150,-1151
2026-09-19T09:41:08Z,CHAN,21475,21479740,1000,100,0,1,0,-1100,-1150,-1140
2026-09-19T09:41:09Z,FRAME #716 tx t=21481511 peer=0x01 type=3 schema=0 frag=0x01 seq=717 rssi=- snr=- st=0 rx=5 deaf=155453
2026-09-19T09:41:19Z,FRAME #717 tx t=21491514 peer=0x02 type=3 schema=0 frag=0x01 seq=718 rssi=- snr=- st=0 rx=5 deaf=155670
2026-09-19T09:41:22Z,CHANSUM,21430,21489,60,60012,5957,42,1,0,1,0,-1100,-1160,-1150,-1151
2026-09-19T09:41:29Z,CHAN,21496,21500752,1000,100,0,3,0,-1080,-1150,-1140
2026-09-19T09:41:50Z,CHAN,21517,21521752,1000,100,0,2,0,-1070,-1150,-1140
2026-09-19T09:41:55Z,CHAN,21522,21526752,1000,100,0,9,0,-1080,-1150,-1135
2026-09-19T09:42:01Z,CHAN,21528,21532752,1000,100,0,2,0,-1050,-1150,-1139
2026-09-19T09:42:03Z,CHAN,21530,21534752,1000,100,0,3,0,-1050,-1150,-1139
2026-09-19T09:42:09Z,FRAME #718 tx t=21541507 peer=0x01 type=3 schema=0 frag=0x01 seq=719 rssi=- snr=- st=0 rx=5 deaf=155887
2026-09-19T09:42:19Z,FRAME #719 tx t=21551510 peer=0x02 type=3 schema=0 frag=0x01 seq=720 rssi=- snr=- st=0 rx=5 deaf=156104
2026-09-19T09:42:22Z,CHANSUM,21490,21549,60,60006,5956,42,19,0,5,0,-1050,-1160,-1150,-1151
2026-09-19T09:42:33Z,CHAN,21560,21564758,1000,100,0,5,0,-1040,-1160,-1137
2026-09-19T09:43:00Z,CHAN,21587,21591758,1000,100,0,9,0,-1070,-1150,-1135
2026-09-19T09:43:01Z,CHAN,21588,21592758,1000,100,0,2,0,-1060,-1150,-1139
2026-09-19T09:43:09Z,FRAME #720 tx t=21601509 peer=0x01 type=3 schema=0 frag=0x01 seq=721 rssi=- snr=- st=0 rx=5 deaf=156318
2026-09-19T09:43:10Z,CHAN,21597,21601767,1000,100,0,1,0,-1100,-1150,-1140
2026-09-19T09:43:11Z,CHAN,21598,21602767,1000,100,0,3,0,-1100,-1150,-1140
2026-09-19T09:43:12Z,CHAN,21599,21603767,1000,100,0,1,0,-1100,-1150,-1141
2026-09-19T09:43:19Z,FRAME #721 tx t=21611512 peer=0x02 type=3 schema=0 frag=0x01 seq=722 rssi=- snr=- st=0 rx=5 deaf=156535
2026-09-19T09:43:22Z,CHANSUM,21550,21609,60,60012,5957,42,21,0,6,0,-1040,-1160,-1150,-1150
2026-09-19T09:43:52Z,CHAN,21639,21643770,1000,100,0,4,0,-990,-1150,-1135
2026-09-19T09:43:57Z,CHAN,21644,21648770,1000,100,0,3,0,-1030,-1150,-1138
2026-09-19T09:44:00Z,CHAN,21647,21651770,1000,100,0,3,0,-1080,-1150,-1140
2026-09-19T09:44:09Z,FRAME #722 tx t=21661511 peer=0x01 type=3 schema=0 frag=0x01 seq=723 rssi=- snr=- st=0 rx=5 deaf=156748
2026-09-19T09:44:14Z,CHAN,21661,21665779,1000,100,0,3,0,-1020,-1150,-1138
2026-09-19T09:44:16Z,CHAN,21663,21667779,1000,100,0,1,0,-1100,-1150,-1139
2026-09-19T09:44:19Z,FRAME #723 tx t=21671514 peer=0x02 type=3 schema=0 frag=0x01 seq=724 rssi=- snr=- st=0 rx=5 deaf=156965
2026-09-19T09:44:22Z,CHANSUM,21610,21669,60,60012,5957,42,14,0,5,0,-990,-1160,-1150,-1150
2026-09-19T09:44:23Z,CHAN,21670,21674782,1000,100,0,4,0,-1050,-1150,-1137
2026-09-19T09:44:29Z,CHAN,21676,21680782,1000,100,0,3,0,-1040,-1150,-1138
2026-09-19T09:45:09Z,FRAME #724 tx t=21721503 peer=0x01 type=3 schema=0 frag=0x01 seq=725 rssi=- snr=- st=0 rx=5 deaf=157178
2026-09-19T09:45:19Z,FRAME #725 tx t=21731512 peer=0x02 type=3 schema=0 frag=0x01 seq=726 rssi=- snr=- st=0 rx=5 deaf=157391
2026-09-19T09:45:22Z,CHANSUM,21670,21729,60,60018,5958,42,7,0,2,0,-1040,-1160,-1150,-1151
2026-09-19T09:45:31Z,CHAN,21738,21742800,1000,100,0,9,0,-960,-1150,-1127
2026-09-19T09:45:37Z,CHAN,21744,21748800,1000,100,0,3,0,-1070,-1150,-1138
2026-09-19T09:46:04Z,CHAN,21771,21775800,1000,100,0,1,0,-1100,-1150,-1140
2026-09-19T09:46:10Z,FRAME #726 tx t=21782332 peer=0x01 type=3 schema=0 frag=0x01 seq=727 rssi=- snr=- st=0 rx=5 deaf=157629
2026-09-19T09:46:20Z,FRAME #727 tx t=21792642 peer=0x02 type=3 schema=0 frag=0x01 seq=728 rssi=- snr=- st=0 rx=5 deaf=157867
2026-09-19T09:46:21Z,CHAN,21788,21792819,1001,97,3,3,0,-1050,-1160,-1139
2026-09-19T09:46:22Z,CHANSUM,21730,21789,60,60020,5952,46,16,0,4,0,-960,-1160,-1150,-1151
2026-09-19T09:46:33Z,CHAN,21800,21804820,1000,100,0,4,0,-1030,-1150,-1138
2026-09-19T09:46:34Z,CHAN,21801,21805820,1000,100,0,3,0,-940,-1150,-1135
2026-09-19T09:47:00Z,CHAN,21827,21831820,1000,100,0,5,0,-1060,-1160,-1137
2026-09-19T09:47:09Z,FRAME #728 tx t=21841582 peer=0x01 type=3 schema=0 frag=0x01 seq=729 rssi=- snr=- st=0 rx=5 deaf=158105
2026-09-19T09:47:10Z,CHAN,21837,21841820,1000,100,0,1,0,-1100,-1150,-1140
2026-09-19T09:47:19Z,FRAME #729 tx t=21851515 peer=0x02 type=3 schema=0 frag=0x01 seq=730 rssi=- snr=- st=0 rx=5 deaf=158322
2026-09-19T09:47:22Z,CHANSUM,21790,21849,60,60004,5953,44,13,0,4,0,-940,-1160,-1150,-1151
2026-09-19T09:48:05Z,CHAN,21892,21896824,1000,100,0,10,0,-1060,-1150,-1134
2026-09-19T09:48:09Z,FRAME #730 tx t=21901505 peer=0x01 type=3 schema=0 frag=0x01 seq=731 rssi=- snr=- st=0 rx=5 deaf=158535
2026-09-19T09:48:12Z,CHAN,21899,21903833,1000,100,0,5,0,-1020,-1150,-1136
2026-09-19T09:48:19Z,FRAME #731 tx t=21911508 peer=0x02 type=3 schema=0 frag=0x01 seq=732 rssi=- snr=- st=0 rx=5 deaf=158752
2026-09-19T09:48:22Z,CHANSUM,21850,21909,60,60012,5957,42,15,0,2,0,-1020,-1160,-1150,-1151
2026-09-19T09:49:09Z,FRAME #732 tx t=21961507 peer=0x01 type=3 schema=0 frag=0x01 seq=733 rssi=- snr=- st=0 rx=5 deaf=158965
2026-09-19T09:49:10Z,CHAN,21957,21961845,1000,100,0,13,0,-910,-1150,-1125
2026-09-19T09:49:19Z,FRAME #733 tx t=21971510 peer=0x02 type=3 schema=0 frag=0x01 seq=734 rssi=- snr=- st=0 rx=5 deaf=159182
2026-09-19T09:49:22Z,CHANSUM,21910,21969,60,60012,5957,42,13,0,1,0,-910,-1160,-1150,-1150
2026-09-19T09:49:51Z,CHAN,21998,22002848,1000,100,0,1,0,-1100,-1150,-1140
2026-09-19T09:50:09Z,FRAME #734 tx t=22021509 peer=0x01 type=3 schema=0 frag=0x01 seq=735 rssi=- snr=- st=0 rx=5 deaf=159396
2026-09-19T09:50:19Z,FRAME #735 tx t=22031512 peer=0x02 type=3 schema=0 frag=0x01 seq=736 rssi=- snr=- st=0 rx=5 deaf=159613
2026-09-19T09:50:22Z,CHANSUM,21970,22029,60,60012,5957,42,1,0,1,0,-1100,-1160,-1150,-1150
2026-09-19T09:50:28Z,CHAN,22035,22039860,1000,100,0,1,0,-1100,-1160,-1141
2026-09-19T09:50:31Z,CHAN,22038,22042860,1000,100,0,3,0,-860,-1150,-1132
2026-09-19T09:50:41Z,CHAN,22048,22052860,1000,100,0,4,0,-1020,-1150,-1137
2026-09-19T09:51:09Z,FRAME #736 tx t=22081511 peer=0x01 type=3 schema=0 frag=0x01 seq=737 rssi=- snr=- st=0 rx=5 deaf=159826
2026-09-19T09:51:19Z,FRAME #737 tx t=22091514 peer=0x02 type=3 schema=0 frag=0x01 seq=738 rssi=- snr=- st=0 rx=5 deaf=160043
2026-09-19T09:51:22Z,CHANSUM,22030,22089,60,60012,5957,42,8,0,3,0,-860,-1160,-1150,-1150
2026-09-19T09:51:32Z,CHAN,22099,22103872,1000,100,0,4,0,-460,-1150,-1118
2026-09-19T09:52:03Z,CHAN,22130,22134872,1000,100,0,3,0,-990,-1150,-1136
2026-09-19T09:52:09Z,FRAME #738 tx t=22141507 peer=0x01 type=3 schema=0 frag=0x01 seq=739 rssi=- snr=- st=0 rx=5 deaf=160260
2026-09-19T09:52:13Z,CHAN,22140,22144875,1000,100,0,2,0,-1100,-1150,-1140
2026-09-19T09:52:19Z,FRAME #739 tx t=22151510 peer=0x02 type=3 schema=0 frag=0x01 seq=740 rssi=- snr=- st=0 rx=5 deaf=160477
2026-09-19T09:52:22Z,CHANSUM,22090,22149,60,60006,5956,42,9,0,3,0,-460,-1160,-1150,-1151
2026-09-19T09:52:25Z,CHAN,22152,22156878,1000,100,0,9,0,-1050,-1150,-1133
2026-09-19T09:52:41Z,CHAN,22168,22172878,1000,100,0,5,0,-780,-1150,-1122
2026-09-19T09:52:54Z,CHAN,22181,22185878,1000,100,0,3,0,-1050,-1150,-1138
2026-09-19T09:53:09Z,FRAME #740 tx t=22201509 peer=0x01 type=3 schema=0 frag=0x01 seq=741 rssi=- snr=- st=0 rx=5 deaf=160691
2026-09-19T09:53:19Z,FRAME #741 tx t=22211512 peer=0x02 type=3 schema=0 frag=0x01 seq=742 rssi=- snr=- st=0 rx=5 deaf=160908
2026-09-19T09:53:22Z,CHANSUM,22150,22209,60,60012,5957,42,17,0,3,0,-780,-1160,-1150,-1150
2026-09-19T09:53:30Z,CHAN,22217,22221890,1000,100,0,13,0,-1040,-1150,-1128
2026-09-19T09:53:47Z,CHAN,22234,22238890,1000,100,0,5,0,-790,-1150,-1123
2026-09-19T09:54:09Z,FRAME #742 tx t=22261511 peer=0x01 type=3 schema=0 frag=0x01 seq=743 rssi=- snr=- st=0 rx=5 deaf=161121
2026-09-19T09:54:19Z,FRAME #743 tx t=22271514 peer=0x02 type=3 schema=0 frag=0x01 seq=744 rssi=- snr=- st=0 rx=5 deaf=161338
2026-09-19T09:54:21Z,CHAN,22268,22272902,1000,100,0,3,0,-1100,-1150,-1140
2026-09-19T09:54:22Z,CHANSUM,22210,22269,60,60012,5957,42,21,0,3,0,-790,-1160,-1150,-1151
2026-09-19T09:55:09Z,FRAME #744 tx t=22321503 peer=0x01 type=3 schema=0 frag=0x01 seq=745 rssi=- snr=- st=0 rx=5 deaf=161551
2026-09-19T09:55:19Z,FRAME #745 tx t=22331512 peer=0x02 type=3 schema=0 frag=0x01 seq=746 rssi=- snr=- st=0 rx=5 deaf=161764
2026-09-19T09:55:22Z,CHANSUM,22270,22329,60,60018,5958,42,0,0,0,0,-1110,-1160,-1150,-1150
2026-09-19T09:56:09Z,FRAME #746 tx t=22381511 peer=0x01 type=3 schema=0 frag=0x01 seq=747 rssi=- snr=- st=0 rx=5 deaf=161977
2026-09-19T09:56:19Z,FRAME #747 tx t=22391514 peer=0x02 type=3 schema=0 frag=0x01 seq=748 rssi=- snr=- st=0 rx=5 deaf=162194
2026-09-19T09:56:22Z,CHANSUM,22330,22389,60,60012,5957,42,0,0,0,0,-1110,-1160,-1150,-1150
2026-09-19T09:56:54Z,CHAN,22421,22425932,1000,100,0,5,0,-990,-1160,-1133
2026-09-19T09:57:00Z,CHAN,22427,22431932,1000,100,0,5,0,-940,-1160,-1131
2026-09-19T09:57:09Z,FRAME #748 tx t=22441503 peer=0x01 type=3 schema=0 frag=0x01 seq=749 rssi=- snr=- st=0 rx=5 deaf=162407
2026-09-19T09:57:19Z,FRAME #749 tx t=22451512 peer=0x02 type=3 schema=0 frag=0x01 seq=750 rssi=- snr=- st=0 rx=5 deaf=162620
2026-09-19T09:57:22Z,CHANSUM,22390,22449,60,60018,5958,42,10,0,2,0,-940,-1160,-1150,-1151
2026-09-19T09:57:25Z,CHAN,22452,22456950,1000,100,0,3,0,-1100,-1150,-1138
2026-09-19T09:58:09Z,FRAME #750 tx t=22501902 peer=0x01 type=3 schema=0 frag=0x01 seq=751 rssi=- snr=- st=0 rx=5 deaf=162858
2026-09-19T09:58:19Z,FRAME #751 tx t=22511942 peer=0x02 type=3 schema=0 frag=0x01 seq=752 rssi=- snr=- st=0 rx=5 deaf=163096
2026-09-19T09:58:22Z,CHANSUM,22450,22509,60,60020,5952,46,3,0,1,0,-1100,-1170,-1150,-1151
2026-09-19T09:59:09Z,FRAME #752 tx t=22561511 peer=0x01 type=3 schema=0 frag=0x01 seq=753 rssi=- snr=- st=0 rx=5 deaf=163309
2026-09-19T09:59:19Z,FRAME #753 tx t=22571514 peer=0x02 type=3 schema=0 frag=0x01 seq=754 rssi=- snr=- st=0 rx=5 deaf=163526
2026-09-19T09:59:22Z,CHAN,22569,22573982,1000,100,0,1,0,-1100,-1150,-1140
2026-09-19T09:59:22Z,CHANSUM,22510,22569,60,60012,5957,42,1,0,1,0,-1100,-1160,-1150,-1151
2026-09-19T09:59:44Z,CHAN,22591,22595982,1000,100,0,3,0,-1090,-1160,-1139
2026-09-19T10:00:09Z,FRAME #754 tx t=22621507 peer=0x01 type=3 schema=0 frag=0x01 seq=755 rssi=- snr=- st=0 rx=5 deaf=163743
2026-09-19T10:00:19Z,FRAME #755 tx t=22631510 peer=0x02 type=3 schema=0 frag=0x01 seq=756 rssi=- snr=- st=0 rx=5 deaf=163960
2026-09-19T10:00:22Z,CHANSUM,22570,22629,60,60007,5956,42,3,0,1,0,-1090,-1160,-1150,-1151
2026-09-19T10:00:34Z,CHAN,22641,22645989,1000,100,0,3,0,-1060,-1160,-1138
2026-09-19T10:01:09Z,FRAME #756 tx t=22681510 peer=0x01 type=3 schema=0 frag=0x01 seq=757 rssi=- snr=- st=0 rx=5 deaf=164173
2026-09-19T10:01:18Z,CHAN,22685,22689998,1000,100,0,1,0,-1100,-1150,-1139
2026-09-19T10:01:19Z,FRAME #757 tx t=22691513 peer=0x02 type=3 schema=0 frag=0x01 seq=758 rssi=- snr=- st=0 rx=5 deaf=164390
2026-09-19T10:01:22Z,CHANSUM,22630,22689,60,60012,5957,42,4,0,2,0,-1060,-1160,-1150,-1152
2026-09-19T10:01:56Z,CHAN,22723,22728001,1000,100,0,1,0,-1100,-1150,-1140
2026-09-19T10:02:09Z,FRAME #758 tx t=22741512 peer=0x01 type=3 schema=0 frag=0x01 seq=759 rssi=- snr=- st=0 rx=5 deaf=164603
2026-09-19T10:02:19Z,FRAME #759 tx t=22751515 peer=0x02 type=3 schema=0 frag=0x01 seq=760 rssi=- snr=- st=0 rx=5 deaf=164820
2026-09-19T10:02:22Z,CHANSUM,22690,22749,60,60012,5957,42,1,0,1,0,-1100,-1160,-1150,-1151
2026-09-19T10:03:05Z,CHAN,22792,22797013,1000,100,0,2,0,-1050,-1150,-1138
2026-09-19T10:03:09Z,FRAME #760 tx t=22801508 peer=0x01 type=3 schema=0 frag=0x01 seq=761 rssi=- snr=- st=0 rx=5 deaf=165037
2026-09-19T10:03:19Z,FRAME #761 tx t=22811511 peer=0x02 type=3 schema=0 frag=0x01 seq=762 rssi=- snr=- st=0 rx=5 deaf=165254
2026-09-19T10:03:22Z,CHANSUM,22750,22809,60,60006,5956,42,2,0,1,0,-1050,-1160,-1150,-1151
2026-09-19T10:04:09Z,FRAME #762 tx t=22861510 peer=0x01 type=3 schema=0 frag=0x01 seq=763 rssi=- snr=- st=0 rx=5 deaf=165467
2026-09-19T10:04:19Z,FRAME #763 tx t=22871513 peer=0x02 type=3 schema=0 frag=0x01 seq=764 rssi=- snr=- st=0 rx=5 deaf=165684
2026-09-19T10:04:22Z,CHAN,22869,22874031,1000,100,0,1,0,-1100,-1150,-1140
2026-09-19T10:04:22Z,CHANSUM,22810,22869,60,60012,5957,42,1,0,1,0,-1100,-1160,-1150,-1151
2026-09-19T10:04:24Z,CHAN,22871,22876031,1000,100,0,2,0,-1100,-1150,-1140
2026-09-19T10:04:25Z,CHAN,22872,22877031,1000,100,0,1,0,-1100,-1150,-1139
2026-09-19T10:04:45Z,CHAN,22892,22897031,1000,100,0,3,0,-1070,-1150,-1140
2026-09-19T10:05:09Z,FRAME #764 tx t=22921512 peer=0x01 type=3 schema=0 frag=0x01 seq=765 rssi=- snr=- st=0 rx=5 deaf=165897
2026-09-19T10:05:12Z,CHAN,22919,22924040,1000,100,0,2,0,-1100,-1150,-1139
2026-09-19T10:05:19Z,FRAME #765 tx t=22931515 peer=0x02 type=3 schema=0 frag=0x01 seq=766 rssi=- snr=- st=0 rx=5 deaf=166114
2026-09-19T10:05:22Z,CHANSUM,22870,22929,60,60012,5957,42,8,0,4,0,-1070,-1160,-1150,-1150
2026-09-19T10:06:09Z,FRAME #766 tx t=22981508 peer=0x01 type=3 schema=0 frag=0x01 seq=767 rssi=- snr=- st=0 rx=5 deaf=166331
2026-09-19T10:06:19Z,FRAME #767 tx t=22991511 peer=0x02 type=3 schema=0 frag=0x01 seq=768 rssi=- snr=- st=0 rx=5 deaf=166548
2026-09-19T10:06:22Z,CHANSUM,22930,22989,60,60006,5956,42,0,0,0,0,-1110,-1160,-1150,-1151
2026-09-19T10:06:26Z,CHAN,22993,22998049,1000,100,0,4,0,-1090,-1150,-1138
2026-09-19T10:06:38Z,CHAN,23005,23010049,1000,100,0,4,0,-1050,-1150,-1138
2026-09-19T10:06:44Z,CHAN,23011,23016049,1000,100,0,5,0,-1100,-1150,-1139
2026-09-19T10:06:45Z,CHAN,23012,23017049,1000,100,0,5,0,-970,-1150,-1134
2026-09-19T10:06:53Z,CHAN,23020,23025049,1000,100,0,5,0,-1030,-1150,-1136
2026-09-19T10:07:10Z,FRAME #768 tx t=23042441 peer=0x01 type=3 schema=0 frag=0x01 seq=769 rssi=- snr=- st=0 rx=5 deaf=166786
2026-09-19T10:07:19Z,FRAME #769 tx t=23051514 peer=0x02 type=3 schema=0 frag=0x01 seq=770 rssi=- snr=- st=0 rx=5 deaf=167003
2026-09-19T10:07:22Z,CHANSUM,22990,23049,60,60013,5954,44,23,0,5,0,-970,-1160,-1150,-1150
2026-09-19T10:07:41Z,CHAN,23068,23073062,1000,100,0,2,0,-850,-1160,-1135
2026-09-19T10:08:09Z,FRAME #770 tx t=23101503 peer=0x01 type=3 schema=0 frag=0x01 seq=771 rssi=- snr=- st=0 rx=5 deaf=167216
2026-09-19T10:08:19Z,FRAME #771 tx t=23111512 peer=0x02 type=3 schema=0 frag=0x01 seq=772 rssi=- snr=- st=0 rx=5 deaf=167429
2026-09-19T10:08:22Z,CHANSUM,23050,23109,60,60018,5958,42,2,0,1,0,-850,-1160,-1150,-1150
2026-09-19T10:09:09Z,FRAME #772 tx t=23161511 peer=0x01 type=3 schema=0 frag=0x01 seq=773 rssi=- snr=- st=0 rx=5 deaf=167642
2026-09-19T10:09:19Z,FRAME #773 tx t=23171514 peer=0x02 type=3 schema=0 frag=0x01 seq=774 rssi=- snr=- st=0 rx=5 deaf=167859
2026-09-19T10:09:21Z,CHAN,23168,23173092,1000,100,0,1,0,-1100,-1150,-1138
2026-09-19T10:09:22Z,CHANSUM,23110,23169,60,60012,5957,42,1,0,1,0,-1100,-1160,-1150,-1150
2026-09-19T10:09:24Z,CHAN,23171,23176092,1000,100,0,9,0,-960,-1150,-1126
2026-09-19T10:10:09Z,FRAME #774 tx t=23221507 peer=0x01 type=3 schema=0 frag=0x01 seq=775 rssi=- snr=- st=0 rx=5 deaf=168076
2026-09-19T10:10:19Z,FRAME #775 tx t=23231510 peer=0x02 type=3 schema=0 frag=0x01 seq=776 rssi=- snr=- st=0 rx=5 deaf=168293
2026-09-19T10:10:22Z,CHANSUM,23170,23229,60,60006,5956,42,9,0,1,0,-960,-1160,-1150,-1150
2026-09-19T10:10:25Z,CHAN,23232,23237098,1000,100,0,3,0,-910,-1150,-1133
2026-09-19T10:10:46Z,CHAN,23253,23258098,1000,100,0,9,0,-960,-1150,-1125
2026-09-19T10:11:09Z,FRAME #776 tx t=23281509 peer=0x01 type=3 schema=0 frag=0x01 seq=777 rssi=- snr=- st=0 rx=5 deaf=168506
2026-09-19T10:11:19Z,FRAME #777 tx t=23291512 peer=0x02 type=3 schema=0 frag=0x01 seq=778 rssi=- snr=- st=0 rx=5 deaf=168723
2026-09-19T10:11:22Z,CHANSUM,23230,23289,60,60012,5957,42,12,0,2,0,-910,-1160,-1150,-1151
2026-09-19T10:12:06Z,CHAN,23333,23338110,1000,100,0,1,0,-900,-1160,-1139
2026-09-19T10:12:09Z,FRAME #778 tx t=23341511 peer=0x01 type=3 schema=0 frag=0x01 seq=779 rssi=- snr=- st=0 rx=5 deaf=168936
2026-09-19T10:12:13Z,CHAN,23340,23345119,1000,100,0,5,0,-910,-1150,-1130
2026-09-19T10:12:19Z,FRAME #779 tx t=23351514 peer=0x02 type=3 schema=0 frag=0x01 seq=780 rssi=- snr=- st=0 rx=5 deaf=169153
2026-09-19T10:12:22Z,CHANSUM,23290,23349,60,60012,5957,42,6,0,2,0,-900,-1160,-1150,-1151
2026-09-19T10:12:27Z,CHAN,23354,23359122,1000,100,0,4,0,-1010,-1150,-1135
2026-09-19T10:12:34Z,CHAN,23361,23366122,1000,100,0,2,0,-1100,-1150,-1139
2026-09-19T10:13:09Z,FRAME #780 tx t=23401507 peer=0x01 type=3 schema=0 frag=0x01 seq=781 rssi=- snr=- st=0 rx=5 deaf=169370
2026-09-19T10:13:19Z,FRAME #781 tx t=23411510 peer=0x02 type=3 schema=0 frag=0x01 seq=782 rssi=- snr=- st=0 rx=5 deaf=169587
2026-09-19T10:13:22Z,CHANSUM,23350,23409,60,60006,5956,42,6,0,2,0,-1010,-1160,-1150,-1150
2026-09-19T10:14:09Z,FRAME #782 tx t=23461509 peer=0x01 type=3 schema=0 frag=0x01 seq=783 rssi=- snr=- st=0 rx=5 deaf=169800
2026-09-19T10:14:19Z,FRAME #783 tx t=23471512 peer=0x02 type=3 schema=0 frag=0x01 seq=784 rssi=- snr=- st=0 rx=5 deaf=170017
2026-09-19T10:14:22Z,CHANSUM,23410,23469,60,60012,5957,42,0,0,0,0,-1110,-1160,-1150,-1151
2026-09-19T10:14:28Z,CHAN,23475,23480140,1000,100,0,3,0,-1020,-1150,-1138
2026-09-19T10:14:35Z,CHAN,23482,23487140,1000,100,0,1,0,-1000,-1150,-1140
2026-09-19T10:14:36Z,CHAN,23483,23488140,1000,100,0,8,0,-950,-1150,-1128
2026-09-19T10:15:00Z,CHAN,23507,23512140,1000,100,0,5,0,-1010,-1160,-1134
2026-09-19T10:15:09Z,FRAME #784 tx t=23521511 peer=0x01 type=3 schema=0 frag=0x01 seq=785 rssi=- snr=- st=0 rx=5 deaf=170230
2026-09-19T10:15:15Z,CHAN,23521,23526149,1000,100,0,5,0,-930,-1150,-1130
2026-09-19T10:15:19Z,FRAME #785 tx t=23531514 peer=0x02 type=3 schema=0 frag=0x01 seq=786 rssi=- snr=- st=0 rx=5 deaf=170447
2026-09-19T10:15:23Z,CHANSUM,23470,23529,60,60012,5957,42,22,0,5,0,-930,-1160,-1150,-1151
2026-09-19T10:15:25Z,CHAN,23531,23536152,1000,100,0,2,0,-1100,-1150,-1138
2026-09-19T10:15:49Z,CHAN,23555,23560152,1000,100,0,4,0,-1100,-1150,-1139
2026-09-19T10:15:50Z,CHAN,23556,23561152,1000,100,0,4,0,-1060,-1160,-1138
2026-09-19T10:16:08Z,CHAN,23574,23579152,1000,100,0,3,0,-1090,-1150,-1139
2026-09-19T10:16:09Z,FRAME #786 tx t=23581618 peer=0x01 type=3 schema=0 frag=0x01 seq=787 rssi=- snr=- st=0 rx=5 deaf=170689
2026-09-19T10:16:17Z,CHAN,23583,23588156,1000,100,0,4,0,-1060,-1150,-1138
2026-09-19T10:16:19Z,FRAME #787 tx t=23591511 peer=0x02 type=3 schema=0 frag=0x01 seq=788 rssi=- snr=- st=0 rx=5 deaf=170906
2026-09-19T10:16:23Z,CHANSUM,23530,23589,60,60007,5953,44,17,0,5,0,-1060,-1160,-1150,-1152
2026-09-19T10:16:44Z,CHAN,23610,23615159,1000,100,0,4,0,-1030,-1150,-1136
2026-09-19T10:17:09Z,FRAME #788 tx t=23641510 peer=0x01 type=3 schema=0 frag=0x01 seq=789 rssi=- snr=- st=0 rx=5 deaf=171119
2026-09-19T10:17:16Z,CHAN,23642,23647168,1000,100,0,5,0,-1060,-1150,-1136
2026-09-19T10:17:19Z,FRAME #789 tx t=23651513 peer=0x02 type=3 schema=0 frag=0x01 seq=790 rssi=- snr=- st=0 rx=5 deaf=171336
2026-09-19T10:17:23Z,CHANSUM,23590,23649,60,60012,5957,42,9,0,2,0,-1030,-1160,-1150,-1151
2026-09-19T10:18:00Z,CHAN,23686,23691171,1000,100,0,5,0,-970,-1150,-1133
2026-09-19T10:18:09Z,FRAME #790 tx t=23701512 peer=0x01 type=3 schema=0 frag=0x01 seq=791 rssi=- snr=- st=0 rx=5 deaf=171549
2026-09-19T10:18:17Z,CHAN,23703,23708180,1000,100,0,3,0,-460,-1160,-1121
2026-09-19T10:18:19Z,CHAN,23705,23710180,1000,100,0,3,0,-970,-1150,-1136
2026-09-19T10:18:19Z,FRAME #791 tx t=23711515 peer=0x02 type=3 schema=0 frag=0x01 seq=792 rssi=- snr=- st=0 rx=5 deaf=171766
2026-09-19T10:18:23Z,CHANSUM,23650,23709,60,60012,5957,42,11,0,3,0,-460,-1160,-1150,-1151
2026-09-19T10:18:42Z,CHAN,23728,23733183,1000,100,0,2,0,-1090,-1150,-1139
2026-09-19T10:18:43Z,CHAN,23729,23734183,1000,100,0,1,0,-1100,-1150,-1140
2026-09-19T10:18:53Z,CHAN,23739,23744183,1000,100,0,6,0,-460,-1150,-1111
2026-09-19T10:19:09Z,FRAME #792 tx t=23761508 peer=0x01 type=3 schema=0 frag=0x01 seq=793 rssi=- snr=- st=0 rx=5 deaf=171983
2026-09-19T10:19:19Z,FRAME #793 tx t=23771511 peer=0x02 type=3 schema=0 frag=0x01 seq=794 rssi=- snr=- st=0 rx=5 deaf=172200
2026-09-19T10:19:23Z,CHANSUM,23710,23769,60,60006,5956,42,9,0,3,0,-460,-1160,-1150,-1151
2026-09-19T10:19:35Z,CHAN,23781,23786189,1000,100,0,1,0,-1020,-1150,-1139
2026-09-19T10:19:36Z,CHAN,23782,23787189,1000,100,0,8,0,-1010,-1150,-1130
2026-09-19T10:20:05Z,CHAN,23811,23816189,1000,100,0,4,0,-1020,-1160,-1137
2026-09-19T10:20:09Z,FRAME #794 tx t=23821510 peer=0x01 type=3 schema=0 frag=0x01 seq=795 rssi=- snr=- st=0 rx=5 deaf=172413
2026-09-19T10:20:19Z,FRAME #795 tx t=23831513 peer=0x02 type=3 schema=0 frag=0x01 seq=796 rssi=- snr=- st=0 rx=5 deaf=172630
2026-09-19T10:20:23Z,CHANSUM,23770,23829,60,60012,5957,42,13,0,3,0,-1010,-1170,-1150,-1151
2026-09-19T10:20:40Z,CHAN,23846,23851201,1000,100,0,2,0,-1010,-1150,-1138
2026-09-19T10:20:41Z,CHAN,23847,23852201,1000,100,0,7,0,-1010,-1150,-1132
2026-09-19T10:21:09Z,FRAME #796 tx t=23881512 peer=0x01 type=3 schema=0 frag=0x01 seq=797 rssi=- snr=- st=0 rx=5 deaf=172843
2026-09-19T10:21:19Z,FRAME #797 tx t=23891515 peer=0x02 type=3 schema=0 frag=0x01 seq=798 rssi=- snr=- st=0 rx=5 deaf=173060
2026-09-19T10:21:23Z,CHANSUM,23830,23889,60,60012,5957,42,9,0,2,0,-1010,-1160,-1150,-1151
2026-09-19T10:21:27Z,CHAN,23893,23898213,1000,100,0,3,0,-1100,-1150,-1139
2026-09-19T10:21:43Z,CHAN,23909,23914213,1000,100,0,1,0,-1090,-1150,-1139
2026-09-19T10:22:01Z,CHAN,23927,23932213,1000,100,0,1,0,-1100,-1150,-1138
2026-09-19T10:22:02Z,CHAN,23928,23933213,1000,100,0,3,0,-1010,-1150,-1137
2026-09-19T10:22:09Z,CHAN,23935,23940213,1000,100,0,3,0,-1090,-1150,-1140
2026-09-19T10:22:09Z,FRAME #798 tx t=23941508 peer=0x01 type=3 schema=0 frag=0x01 seq=799 rssi=- snr=- st=0 rx=5 deaf=173277
2026-09-19T10:22:19Z,FRAME #799 tx t=23951511 peer=0x02 type=3 schema=0 frag=0x01 seq=800 rssi=- snr=- st=0 rx=5 deaf=173494
2026-09-19T10:22:23Z,CHANSUM,23890,23949,60,60006,5956,42,11,0,5,0,-1010,-1160,-1150,-1150
2026-09-19T10:22:46Z,CHAN,23972,23977219,1000,100,0,4,0,-1100,-1150,-1139
2026-09-19T10:22:53Z,CHAN,23979,23984219,1000,100,0,3,0,-1070,-1150,-1138
2026-09-19T10:22:57Z,CHAN,23983,23988219,1000,100,0,5,0,-1090,-1150,-1139
2026-09-19T10:23:09Z,FRAME #800 tx t=24001510 peer=0x01 type=3 schema=0 frag=0x01 seq=801 rssi=- snr=- st=0 rx=5 deaf=173707
2026-09-19T10:23:19Z,FRAME #801 tx t=24011513 peer=0x02 type=3 schema=0 frag=0x01 seq=802 rssi=- snr=- st=0 rx=5 deaf=173924
2026-09-19T10:23:23Z,CHANSUM,23950,24009,60,60012,5957,42,12,0,3,0,-1070,-1160,-1150,-1151
2026-09-19T10:23:36Z,CHAN,24022,24027231,1000,100,0,1,0,-1050,-1150,-1141
2026-09-19T10:23:49Z,[24041871][W][WiFiGeneric.cpp:1062] _eventCallback(): Reason: 6 - NOT_AUTHED
2026-09-19T10:23:55Z,CHAN,24041,24046238,1000,100,0,5,0,-1000,-1150,-1134
2026-09-19T10:23:56Z,CHAN,24042,24047238,1000,100,0,4,0,-1000,-1150,-1135
2026-09-19T10:24:09Z,FRAME #802 tx t=24061513 peer=0x01 type=3 schema=0 frag=0x01 seq=803 rssi=- snr=- st=0 rx=5 deaf=174141
2026-09-19T10:24:19Z,FRAME #803 tx t=24071516 peer=0x02 type=3 schema=0 frag=0x01 seq=804 rssi=- snr=- st=0 rx=5 deaf=174358
2026-09-19T10:24:23Z,CHANSUM,24010,24069,60,60013,5956,42,10,0,3,0,-1000,-1160,-1150,-1151
2026-09-19T10:25:00Z,CHAN,24106,24111244,1000,100,0,6,0,-990,-1150,-1132
2026-09-19T10:25:01Z,CHAN,24107,24112244,1000,100,0,3,0,-990,-1160,-1136
2026-09-19T10:25:09Z,FRAME #804 tx t=24121509 peer=0x01 type=3 schema=0 frag=0x01 seq=805 rssi=- snr=- st=0 rx=5 deaf=174575
2026-09-19T10:25:19Z,FRAME #805 tx t=24131512 peer=0x02 type=3 schema=0 frag=0x01 seq=806 rssi=- snr=- st=0 rx=5 deaf=174792
2026-09-19T10:25:23Z,CHANSUM,24070,24129,60,60006,5956,42,9,0,2,0,-990,-1160,-1150,-1151
2026-09-19T10:25:38Z,CHAN,24144,24149250,1000,100,0,2,0,-1100,-1150,-1139
2026-09-19T10:26:08Z,CHAN,24174,24179250,1000,100,0,5,0,-1030,-1150,-1136
2026-09-19T10:26:09Z,FRAME #806 tx t=24181511 peer=0x01 type=3 schema=0 frag=0x01 seq=807 rssi=- snr=- st=0 rx=5 deaf=175005
2026-09-19T10:26:19Z,FRAME #807 tx t=24191514 peer=0x02 type=3 schema=0 frag=0x01 seq=808 rssi=- snr=- st=0 rx=5 deaf=175222
2026-09-19T10:26:23Z,CHANSUM,24130,24189,60,60012,5957,42,7,0,2,0,-1030,-1160,-1150,-1150
2026-09-19T10:27:09Z,CHAN,24235,24240262,1000,100,0,5,0,-820,-1150,-1125
2026-09-19T10:27:09Z,FRAME #808 tx t=24241503 peer=0x01 type=3 schema=0 frag=0x01 seq=809 rssi=- snr=- st=0 rx=5 deaf=175435
2026-09-19T10:27:19Z,FRAME #809 tx t=24251512 peer=0x02 type=3 schema=0 frag=0x01 seq=810 rssi=- snr=- st=0 rx=5 deaf=175648
2026-09-19T10:27:23Z,CHANSUM,24190,24249,60,60018,5958,42,5,0,1,0,-820,-1160,-1150,-1151
2026-09-19T10:27:35Z,CHAN,24261,24266280,1000,100,0,3,0,-840,-1150,-1131
2026-09-19T10:28:09Z,FRAME #810 tx t=24301511 peer=0x01 type=3 schema=0 frag=0x01 seq=811 rssi=- snr=- st=0 rx=5 deaf=175861
2026-09-19T10:28:13Z,CHAN,24299,24304289,1000,100,0,2,0,-860,-1150,-1135
2026-09-19T10:28:14Z,CHAN,24300,24305289,1000,100,0,3,0,-860,-1150,-1132
2026-09-19T10:28:19Z,FRAME #811 tx t=24311514 peer=0x02 type=3 schema=0 frag=0x01 seq=812 rssi=- snr=- st=0 rx=5 deaf=176078
2026-09-19T10:28:23Z,CHANSUM,24250,24309,60,60012,5957,42,8,0,3,0,-840,-1160,-1150,-1151
2026-09-19T10:29:09Z,FRAME #812 tx t=24361507 peer=0x01 type=3 schema=0 frag=0x01 seq=813 rssi=- snr=- st=0 rx=5 deaf=176295
2026-09-19T10:29:19Z,FRAME #813 tx t=24371510 peer=0x02 type=3 schema=0 frag=0x01 seq=814 rssi=- snr=- st=0 rx=5 deaf=176512
2026-09-19T10:29:23Z,CHANSUM,24310,24369,60,60006,5956,42,0,0,0,0,-1120,-1160,-1150,-1151
2026-09-19T10:30:09Z,FRAME #814 tx t=24421509 peer=0x01 type=3 schema=0 frag=0x01 seq=815 rssi=- snr=- st=0 rx=5 deaf=176726
2026-09-19T10:30:19Z,FRAME #815 tx t=24431512 peer=0x02 type=3 schema=0 frag=0x01 seq=816 rssi=- snr=- st=0 rx=5 deaf=176943
2026-09-19T10:30:23Z,CHANSUM,24370,24429,60,60012,5957,42,0,0,0,0,-1110,-1160,-1150,-1150
2026-09-19T10:30:31Z,CHAN,24437,24442310,1000,100,0,5,0,-1070,-1150,-1137
2026-09-19T10:31:01Z,CHAN,24467,24472310,1000,100,0,1,0,-1100,-1150,-1140
2026-09-19T10:31:06Z,CHAN,24472,24477310,1000,100,0,2,0,-1090,-1150,-1139
2026-09-19T10:31:09Z,CHAN,24475,24480310,1000,100,0,1,0,-1100,-1150,-1140
2026-09-19T10:31:09Z,FRAME #816 tx t=24481511 peer=0x01 type=3 schema=0 frag=0x01 seq=817 rssi=- snr=- st=0 rx=5 deaf=177156
2026-09-19T10:31:10Z,CHAN,24476,24481310,1009,79,21,1,0,-1100,-1160,-1141
2026-09-19T10:31:19Z,FRAME #817 tx t=24491514 peer=0x02 type=3 schema=0 frag=0x01 seq=818 rssi=- snr=- st=0 rx=5 deaf=177373
2026-09-19T10:31:23Z,CHANSUM,24430,24489,60,60012,5957,42,10,0,5,0,-1070,-1160,-1150,-1150
2026-09-19T10:31:30Z,CHAN,24496,24501322,1000,100,0,3,0,-1040,-1150,-1138
2026-09-19T10:32:09Z,FRAME #818 tx t=24541507 peer=0x01 type=3 schema=0 frag=0x01 seq=819 rssi=- snr=- st=0 rx=5 deaf=177590
2026-09-19T10:32:19Z,FRAME #819 tx t=24551510 peer=0x02 type=3 schema=0 frag=0x01 seq=820 rssi=- snr=- st=0 rx=5 deaf=177807
2026-09-19T10:32:23Z,CHANSUM,24490,24549,60,60006,5956,42,3,0,1,0,-1040,-1160,-1150,-1152
2026-09-19T10:32:54Z,CHAN,24580,24585328,1000,100,0,5,0,-1080,-1150,-1139
2026-09-19T10:33:09Z,FRAME #820 tx t=24601509 peer=0x01 type=3 schema=0 frag=0x01 seq=821 rssi=- snr=- st=0 rx=5 deaf=178020
2026-09-19T10:33:19Z,FRAME #821 tx t=24611512 peer=0x02 type=3 schema=0 frag=0x01 seq=822 rssi=- snr=- st=0 rx=5 deaf=178237
2026-09-19T10:33:23Z,CHANSUM,24550,24609,60,60012,5957,42,5,0,1,0,-1080,-1160,-1150,-1151
2026-09-19T10:33:24Z,CHAN,24610,24615340,1000,100,0,2,0,-1020,-1150,-1139
2026-09-19T10:33:25Z,CHAN,24611,24616340,1000,100,0,1,0,-1020,-1150,-1140
2026-09-19T10:34:09Z,FRAME #822 tx t=24661511 peer=0x01 type=3 schema=0 frag=0x01 seq=823 rssi=- snr=- st=0 rx=5 deaf=178450
2026-09-19T10:34:19Z,FRAME #823 tx t=24671514 peer=0x02 type=3 schema=0 frag=0x01 seq=824 rssi=- snr=- st=0 rx=5 deaf=178667
2026-09-19T10:34:23Z,CHANSUM,24610,24669,60,60012,5957,42,3,0,2,0,-1020,-1160,-1150,-1151
2026-09-19T10:34:51Z,CHAN,24697,24702352,1000,100,0,15,0,-1040,-1150,-1128
2026-09-19T10:35:09Z,FRAME #824 tx t=24721507 peer=0x01 type=3 schema=0 frag=0x01 seq=825 rssi=- snr=- st=0 rx=5 deaf=178884
2026-09-19T10:35:19Z,FRAME #825 tx t=24731510 peer=0x02 type=3 schema=0 frag=0x01 seq=826 rssi=- snr=- st=0 rx=5 deaf=179102
2026-09-19T10:35:23Z,CHANSUM,24670,24729,60,60006,5956,42,15,0,1,0,-1040,-1160,-1150,-1151
2026-09-19T10:36:09Z,FRAME #826 tx t=24781509 peer=0x01 type=3 schema=0 frag=0x01 seq=827 rssi=- snr=- st=0 rx=5 deaf=179315
2026-09-19T10:36:13Z,CHAN,24779,24784367,1000,100,0,4,0,-900,-1150,-1132
2026-09-19T10:36:19Z,FRAME #827 tx t=24791512 peer=0x02 type=3 schema=0 frag=0x01 seq=828 rssi=- snr=- st=0 rx=5 deaf=179532
2026-09-19T10:36:23Z,CHANSUM,24730,24789,60,60012,5957,42,4,0,1,0,-900,-1160,-1150,-1151
2026-09-19T10:37:09Z,FRAME #828 tx t=24841511 peer=0x01 type=3 schema=0 frag=0x01 seq=829 rssi=- snr=- st=0 rx=5 deaf=179745
2026-09-19T10:37:19Z,FRAME #829 tx t=24851514 peer=0x02 type=3 schema=0 frag=0x01 seq=830 rssi=- snr=- st=0 rx=5 deaf=179962
2026-09-19T10:37:23Z,CHANSUM,24790,24849,60,60012,5957,42,0,0,0,0,-1110,-1160,-1150,-1151
2026-09-19T10:38:09Z,FRAME #830 tx t=24901507 peer=0x01 type=3 schema=0 frag=0x01 seq=831 rssi=- snr=- st=0 rx=5 deaf=180179
2026-09-19T10:38:19Z,FRAME #831 tx t=24911510 peer=0x02 type=3 schema=0 frag=0x01 seq=832 rssi=- snr=- st=0 rx=5 deaf=180396
2026-09-19T10:38:23Z,CHANSUM,24850,24909,60,60006,5956,42,0,0,0,0,-1120,-1160,-1150,-1151
2026-09-19T10:39:09Z,FRAME #832 tx t=24961509 peer=0x01 type=3 schema=0 frag=0x01 seq=833 rssi=- snr=- st=0 rx=5 deaf=180609
2026-09-19T10:39:19Z,FRAME #833 tx t=24971512 peer=0x02 type=3 schema=0 frag=0x01 seq=834 rssi=- snr=- st=0 rx=5 deaf=180826
2026-09-19T10:39:23Z,CHANSUM,24910,24969,60,60012,5957,42,0,0,0,0,-1110,-1160,-1150,-1151
2026-09-19T10:40:09Z,FRAME #834 tx t=25021511 peer=0x01 type=3 schema=0 frag=0x01 seq=835 rssi=- snr=- st=0 rx=5 deaf=181039
2026-09-19T10:40:19Z,FRAME #835 tx t=25031514 peer=0x02 type=3 schema=0 frag=0x01 seq=836 rssi=- snr=- st=0 rx=5 deaf=181256
2026-09-19T10:40:23Z,CHANSUM,24970,25029,60,60012,5957,42,0,0,0,0,-1110,-1160,-1150,-1150
2026-09-19T10:40:56Z,CHAN,25062,25067412,1000,100,0,4,0,-850,-1150,-1132
2026-09-19T10:41:09Z,FRAME #836 tx t=25081503 peer=0x01 type=3 schema=0 frag=0x01 seq=837 rssi=- snr=- st=0 rx=5 deaf=181469
2026-09-19T10:41:20Z,FRAME #837 tx t=25092673 peer=0x02 type=3 schema=0 frag=0x01 seq=838 rssi=- snr=- st=0 rx=5 deaf=181707
2026-09-19T10:41:23Z,CHANSUM,25030,25089,60,60019,5955,44,4,0,1,0,-850,-1160,-1150,-1151
2026-09-19T10:42:09Z,FRAME #838 tx t=25141512 peer=0x01 type=3 schema=0 frag=0x01 seq=839 rssi=- snr=- st=0 rx=5 deaf=181920
2026-09-19T10:42:13Z,CHAN,25139,25144440,1000,100,0,5,0,-460,-1150,-1106
2026-09-19T10:42:18Z,CHAN,25144,25149440,1000,100,0,5,0,-1090,-1150,-1138
2026-09-19T10:42:20Z,FRAME #839 tx t=25152542 peer=0x02 type=3 schema=0 frag=0x01 seq=840 rssi=- snr=- st=0 rx=5 deaf=182158
2026-09-19T10:42:23Z,CHANSUM,25090,25149,60,60019,5955,44,10,0,2,0,-460,-1160,-1150,-1150
2026-09-19T10:42:35Z,CHAN,25161,25166450,1000,100,0,2,0,-1090,-1150,-1139
2026-09-19T10:43:09Z,FRAME #840 tx t=25201515 peer=0x01 type=3 schema=0 frag=0x01 seq=841 rssi=- snr=- st=0 rx=5 deaf=182375
2026-09-19T10:43:19Z,FRAME #841 tx t=25211504 peer=0x02 type=3 schema=0 frag=0x01 seq=842 rssi=- snr=- st=0 rx=5 deaf=182588
2026-09-19T10:43:23Z,CHANSUM,25150,25209,60,60012,5957,42,2,0,1,0,-1090,-1160,-1150,-1151
2026-09-19T10:44:08Z,CHAN,25254,25259462,1000,100,0,4,0,-1100,-1150,-1139
2026-09-19T10:44:09Z,FRAME #842 tx t=25261503 peer=0x01 type=3 schema=0 frag=0x01 seq=843 rssi=- snr=- st=0 rx=5 deaf=182801
2026-09-19T10:44:19Z,FRAME #843 tx t=25271512 peer=0x02 type=3 schema=0 frag=0x01 seq=844 rssi=- snr=- st=0 rx=5 deaf=183014
2026-09-19T10:44:23Z,CHANSUM,25210,25269,60,60018,5958,42,4,0,1,0,-1100,-1160,-1150,-1151
2026-09-19T10:45:09Z,FRAME #844 tx t=25321768 peer=0x01 type=3 schema=0 frag=0x01 seq=845 rssi=- snr=- st=0 rx=5 deaf=183248
2026-09-19T10:45:19Z,FRAME #845 tx t=25331507 peer=0x02 type=3 schema=0 frag=0x01 seq=846 rssi=- snr=- st=0 rx=5 deaf=183461
2026-09-19T10:45:23Z,CHANSUM,25270,25329,60,60015,5955,44,0,0,0,0,-1120,-1160,-1150,-1151
2026-09-19T10:45:53Z,CHAN,25359,25364495,1000,100,0,5,0,-960,-1150,-1133
2026-09-19T10:46:06Z,CHAN,25372,25377495,1000,100,0,3,0,-910,-1150,-1134
2026-09-19T10:46:09Z,FRAME #846 tx t=25381506 peer=0x01 type=3 schema=0 frag=0x01 seq=847 rssi=- snr=- st=0 rx=5 deaf=183674
2026-09-19T10:46:19Z,FRAME #847 tx t=25391509 peer=0x02 type=3 schema=0 frag=0x01 seq=848 rssi=- snr=- st=0 rx=5 deaf=183891
2026-09-19T10:46:23Z,CHANSUM,25330,25389,60,60022,5958,42,8,0,2,0,-910,-1160,-1150,-1151
2026-09-19T10:46:41Z,CHAN,25407,25412517,1000,100,0,9,0,-960,-1160,-1125
2026-09-19T10:46:53Z,CHAN,25419,25424517,1000,100,0,2,0,-970,-1150,-1137
2026-09-19T10:46:54Z,CHAN,25420,25425517,1000,100,0,6,0,-970,-1160,-1132
2026-09-19T10:47:09Z,FRAME #848 tx t=25441508 peer=0x01 type=3 schema=0 frag=0x01 seq=849 rssi=- snr=- st=0 rx=5 deaf=184104
2026-09-19T10:47:19Z,FRAME #849 tx t=25451511 peer=0x02 type=3 schema=0 frag=0x01 seq=850 rssi=- snr=- st=0 rx=5 deaf=184321
2026-09-19T10:47:23Z,CHANSUM,25390,25449,60,60012,5957,42,17,0,3,0,-960,-1160,-1150,-1151
2026-09-19T10:48:02Z,CHAN,25488,25493529,1000,100,0,4,0,-970,-1150,-1134
2026-09-19T10:48:09Z,FRAME #850 tx t=25501510 peer=0x01 type=3 schema=0 frag=0x01 seq=851 rssi=- snr=- st=0 rx=5 deaf=184534
2026-09-19T10:48:19Z,FRAME #851 tx t=25511513 peer=0x02 type=3 schema=0 frag=0x01 seq=852 rssi=- snr=- st=0 rx=5 deaf=184751
2026-09-19T10:48:19Z,CHAN,25505,25510538,1002,96,3,5,0,-450,-1150,-1106
2026-09-19T10:48:23Z,CHANSUM,25450,25509,60,60012,5957,42,9,0,2,0,-450,-1160,-1150,-1151
2026-09-19T10:49:02Z,CHAN,25548,25553541,1000,100,0,8,0,-1010,-1160,-1130
2026-09-19T10:49:03Z,CHAN,25549,25554541,1000,100,0,4,0,-970,-1150,-1133
2026-09-19T10:49:09Z,FRAME #852 tx t=25561512 peer=0x01 type=3 schema=0 frag=0x01 seq=853 rssi=- snr=- st=0 rx=5 deaf=184964
2026-09-19T10:49:19Z,FRAME #853 tx t=25571515 peer=0x02 type=3 schema=0 frag=0x01 seq=854 rssi=- snr=- st=0 rx=5 deaf=185181
2026-09-19T10:49:23Z,CHANSUM,25510,25569,60,60012,5957,42,12,0,2,0,-970,-1160,-1150,-1151
2026-09-19T10:49:28Z,CHAN,25574,25579553,1000,100,0,5,0,-1050,-1150,-1136
2026-09-19T10:49:54Z,CHAN,25600,25605553,1000,100,0,3,0,-1060,-1150,-1139
2026-09-19T10:50:09Z,FRAME #854 tx t=25621508 peer=0x01 type=3 schema=0 frag=0x01 seq=855 rssi=- snr=- st=0 rx=5 deaf=185398
2026-09-19T10:50:17Z,CHAN,25623,25628556,1000,100,0,1,0,-1100,-1150,-1140
2026-09-19T10:50:19Z,FRAME #855 tx t=25631511 peer=0x02 type=3 schema=0 frag=0x01 seq=856 rssi=- snr=- st=0 rx=5 deaf=185615
2026-09-19T10:50:23Z,CHANSUM,25570,25629,60,60006,5956,42,9,0,3,0,-1050,-1160,-1150,-1150
2026-09-19T10:50:30Z,CHAN,25636,25641559,1000,100,0,5,0,-1030,-1150,-1135
2026-09-19T10:50:59Z,CHAN,25665,25670559,1000,100,0,3,0,-1100,-1150,-1139
2026-09-19T10:51:09Z,FRAME #856 tx t=25681510 peer=0x01 type=3 schema=0 frag=0x01 seq=857 rssi=- snr=- st=0 rx=5 deaf=185828
2026-09-19T10:51:19Z,FRAME #857 tx t=25691513 peer=0x02 type=3 schema=0 frag=0x01 seq=858 rssi=- snr=- st=0 rx=5 deaf=186045
2026-09-19T10:51:23Z,CHANSUM,25630,25689,60,60012,5957,42,8,0,2,0,-1030,-1160,-1150,-1150
2026-09-19T10:51:38Z,CHAN,25704,25709571,1000,100,0,3,0,-1080,-1150,-1139
2026-09-19T10:52:10Z,FRAME #858 tx t=25742739 peer=0x01 type=3 schema=0 frag=0x01 seq=859 rssi=- snr=- st=0 rx=5 deaf=186279
2026-09-19T10:52:13Z,CHAN,25739,25744587,1000,100,0,9,0,-960,-1150,-1126
2026-09-19T10:52:19Z,FRAME #859 tx t=25751508 peer=0x02 type=3 schema=0 frag=0x01 seq=860 rssi=- snr=- st=0 rx=5 deaf=186492
2026-09-19T10:52:23Z,CHANSUM,25690,25749,60,60025,5956,44,12,0,2,0,-960,-1170,-1150,-1150
2026-09-19T10:52:26Z,CHAN,25752,25757596,1000,100,0,3,0,-1030,-1150,-1137
2026-09-19T10:52:33Z,CHAN,25759,25764596,1000,100,0,5,0,-850,-1160,-1126
2026-09-19T10:53:09Z,FRAME #860 tx t=25801507 peer=0x01 type=3 schema=0 frag=0x01 seq=861 rssi=- snr=- st=0 rx=5 deaf=186705
2026-09-19T10:53:19Z,FRAME #861 tx t=25811510 peer=0x02 type=3 schema=0 frag=0x01 seq=862 rssi=- snr=- st=0 rx=5 deaf=186922
2026-09-19T10:53:23Z,CHANSUM,25750,25809,60,60012,5957,42,8,0,2,0,-850,-1160,-1150,-1151
2026-09-19T10:53:26Z,CHAN,25812,25817608,1000,100,0,3,0,-1050,-1150,-1139
2026-09-19T10:54:04Z,CHAN,25850,25855608,1000,100,0,4,0,-1050,-1150,-1137
2026-09-19T10:54:09Z,FRAME #862 tx t=25861509 peer=0x01 type=3 schema=0 frag=0x01 seq=863 rssi=- snr=- st=0 rx=5 deaf=187136
2026-09-19T10:54:13Z,CHAN,25859,25864617,1000,100,0,32,0,-960,-1150,-1087
2026-09-19T10:54:14Z,CHAN,25860,25865617,1000,100,0,31,0,-950,-1150,-1093
2026-09-19T10:54:15Z,CHAN,25861,25866617,1000,100,0,9,0,-980,-1150,-1127
2026-09-19T10:54:17Z,CHAN,25863,25868617,1000,100,0,1,0,-940,-1150,-1139
2026-09-19T10:54:19Z,FRAME #863 tx t=25871512 peer=0x02 type=3 schema=0 frag=0x01 seq=864 rssi=- snr=- st=0 rx=5 deaf=187353
2026-09-19T10:54:23Z,CHANSUM,25810,25869,60,60012,5957,42,80,0,6,0,-940,-1160,-1150,-1151
2026-09-19T10:54:34Z,CHAN,25880,25885620,1000,100,0,4,0,-1070,-1160,-1139
2026-09-19T10:54:59Z,CHAN,25905,25910620,1000,100,0,2,0,-1100,-1150,-1140
2026-09-19T10:55:09Z,FRAME #864 tx t=25921511 peer=0x01 type=3 schema=0 frag=0x01 seq=865 rssi=- snr=- st=0 rx=5 deaf=187566
2026-09-19T10:55:19Z,FRAME #865 tx t=25931514 peer=0x02 type=3 schema=0 frag=0x01 seq=866 rssi=- snr=- st=0 rx=5 deaf=187783
2026-09-19T10:55:20Z,CHAN,25926,25931631,1001,91,9,9,0,-1000,-1160,-1127
2026-09-19T10:55:23Z,CHANSUM,25870,25929,60,60012,5957,42,15,0,3,0,-1000,-1160,-1150,-1151
2026-09-19T10:55:43Z,CHAN,25949,25954632,1000,100,0,1,0,-1100,-1150,-1140
2026-09-19T10:56:09Z,FRAME #866 tx t=25981507 peer=0x01 type=3 schema=0 frag=0x01 seq=867 rssi=- snr=- st=0 rx=5 deaf=188000
2026-09-19T10:56:19Z,FRAME #867 tx t=25991510 peer=0x02 type=3 schema=0 frag=0x01 seq=868 rssi=- snr=- st=0 rx=5 deaf=188217
2026-09-19T10:56:23Z,CHANSUM,25930,25989,60,60006,5956,42,1,0,1,0,-1100,-1160,-1150,-1151
2026-09-19T10:56:47Z,CHAN,26013,26018638,1000,100,0,1,0,-1100,-1150,-1139
2026-09-19T10:57:09Z,FRAME #868 tx t=26041509 peer=0x01 type=3 schema=0 frag=0x01 seq=869 rssi=- snr=- st=0 rx=5 deaf=188430
2026-09-19T10:57:19Z,FRAME #869 tx t=26051512 peer=0x02 type=3 schema=0 frag=0x01 seq=870 rssi=- snr=- st=0 rx=5 deaf=188647
2026-09-19T10:57:23Z,CHANSUM,25990,26049,60,60012,5957,42,1,0,1,0,-1100,-1160,-1150,-1151
2026-09-19T10:57:35Z,CHAN,26061,26066650,1000,100,0,1,0,-1080,-1150,-1139
2026-09-19T10:57:48Z,CHAN,26074,26079650,1000,100,0,4,0,-1070,-1150,-1138
2026-09-19T10:58:09Z,FRAME #870 tx t=26101511 peer=0x01 type=3 schema=0 frag=0x01 seq=871 rssi=- snr=- st=0 rx=5 deaf=188860
2026-09-19T10:58:19Z,FRAME #871 tx t=26111514 peer=0x02 type=3 schema=0 frag=0x01 seq=872 rssi=- snr=- st=0 rx=5 deaf=189077
2026-09-19T10:58:23Z,CHANSUM,26050,26109,60,60012,5957,42,5,0,2,0,-1070,-1160,-1150,-1150
2026-09-19T10:58:35Z,CHAN,26121,26126662,1000,100,0,9,0,-980,-1150,-1127
2026-09-19T10:59:09Z,FRAME #872 tx t=26161503 peer=0x01 type=3 schema=0 frag=0x01 seq=873 rssi=- snr=- st=0 rx=5 deaf=189290
2026-09-19T10:59:19Z,FRAME #873 tx t=26171943 peer=0x02 type=3 schema=0 frag=0x01 seq=874 rssi=- snr=- st=0 rx=5 deaf=189528
2026-09-19T10:59:23Z,CHANSUM,26110,26169,60,60019,5955,44,9,0,1,0,-980,-1160,-1150,-1150
2026-09-19T10:59:40Z,CHAN,26186,26191681,1000,100,0,9,0,-980,-1150,-1126
2026-09-19T11:00:02Z,CHAN,26208,26213681,1000,100,0,5,0,-970,-1160,-1132
2026-09-19T11:00:09Z,FRAME #874 tx t=26221512 peer=0x01 type=3 schema=0 frag=0x01 seq=875 rssi=- snr=- st=0 rx=5 deaf=189741
2026-09-19T11:00:10Z,CHAN,26216,26221688,1002,97,3,1,0,-1100,-1160,-1140
2026-09-19T11:00:19Z,FRAME #875 tx t=26231515 peer=0x02 type=3 schema=0 frag=0x01 seq=876 rssi=- snr=- st=0 rx=5 deaf=189958
2026-09-19T11:00:23Z,CHANSUM,26170,26229,60,60012,5957,42,15,0,3,0,-970,-1160,-1150,-1151
2026-09-19T11:01:01Z,CHAN,26267,26272693,1000,100,0,5,0,-990,-1150,-1135
2026-09-19T11:01:09Z,FRAME #876 tx t=26281508 peer=0x01 type=3 schema=0 frag=0x01 seq=877 rssi=- snr=- st=0 rx=5 deaf=190175
2026-09-19T11:01:15Z,CHAN,26281,26286696,1000,100,0,3,0,-1070,-1150,-1140
2026-09-19T11:01:19Z,FRAME #877 tx t=26291511 peer=0x02 type=3 schema=0 frag=0x01 seq=878 rssi=- snr=- st=0 rx=5 deaf=190392
2026-09-19T11:01:21Z,CHAN,26287,26292699,1000,100,0,4,0,-1030,-1150,-1138
2026-09-19T11:01:23Z,CHANSUM,26230,26289,60,60006,5956,42,12,0,3,0,-990,-1160,-1150,-1150
2026-09-19T11:01:42Z,CHAN,26308,26313699,1000,100,0,3,0,-980,-1160,-1138
2026-09-19T11:01:59Z,CHAN,26325,26330699,1000,100,0,4,0,-1030,-1150,-1137
2026-09-19T11:02:09Z,FRAME #878 tx t=26341510 peer=0x01 type=3 schema=0 frag=0x01 seq=879 rssi=- snr=- st=0 rx=5 deaf=190605
2026-09-19T11:02:19Z,FRAME #879 tx t=26351513 peer=0x02 type=3 schema=0 frag=0x01 seq=880 rssi=- snr=- st=0 rx=5 deaf=190822
2026-09-19T11:02:23Z,CHANSUM,26290,26349,60,60022,5958,42,7,0,2,0,-980,-1160,-1150,-1150
2026-09-19T11:02:40Z,CHAN,26366,26371721,1000,100,0,5,0,-1060,-1150,-1137
2026-09-19T11:02:42Z,CHAN,26368,26373721,1000,100,0,4,0,-990,-1150,-1136
2026-09-19T11:02:55Z,CHAN,26381,26386721,1000,100,0,1,0,-1100,-1150,-1141
2026-09-19T11:03:02Z,CHAN,26388,26393721,1000,100,0,2,0,-1090,-1150,-1139
2026-09-19T11:03:07Z,CHAN,26393,26398721,1000,100,0,1,0,-1100,-1160,-1141
2026-09-19T11:03:09Z,FRAME #880 tx t=26401512 peer=0x01 type=3 schema=0 frag=0x01 seq=881 rssi=- snr=- st=0 rx=5 deaf=191035
2026-09-19T11:03:19Z,FRAME #881 tx t=26411515 peer=0x02 type=3 schema=0 frag=0x01 seq=882 rssi=- snr=- st=0 rx=5 deaf=191252
2026-09-19T11:03:23Z,CHANSUM,26350,26409,60,60012,5957,42,13,0,5,0,-990,-1160,-1150,-1150
2026-09-19T11:04:09Z,FRAME #882 tx t=26461508 peer=0x01 type=3 schema=0 frag=0x01 seq=883 rssi=- snr=- st=0 rx=5 deaf=191469
2026-09-19T11:04:19Z,FRAME #883 tx t=26471511 peer=0x02 type=3 schema=0 frag=0x01 seq=884 rssi=- snr=- st=0 rx=5 deaf=191686
2026-09-19T11:04:23Z,CHANSUM,26410,26469,60,60006,5956,42,0,0,0,0,-1120,-1160,-1150,-1151
2026-09-19T11:04:45Z,CHAN,26491,26496739,1000,100,0,9,0,-1030,-1150,-1131
2026-09-19T11:05:03Z,CHAN,26509,26514739,1000,100,0,11,0,-960,-1150,-1125
2026-09-19T11:05:04Z,CHAN,26510,26515739,1000,100,0,9,0,-960,-1150,-1126
2026-09-19T11:05:09Z,FRAME #884 tx t=26521510 peer=0x01 type=3 schema=0 frag=0x01 seq=885 rssi=- snr=- st=0 rx=5 deaf=191899
2026-09-19T11:05:19Z,FRAME #885 tx t=26531513 peer=0x02 type=3 schema=0 frag=0x01 seq=886 rssi=- snr=- st=0 rx=5 deaf=192116
2026-09-19T11:05:23Z,CHANSUM,26470,26529,60,60012,5957,42,29,0,3,0,-960,-1160,-1150,-1151
2026-09-19T11:05:28Z,CHAN,26534,26539751,1000,100,0,3,0,-910,-1150,-1133
2026-09-19T11:05:50Z,CHAN,26556,26561751,1000,100,0,10,0,-1000,-1150,-1128
2026-09-19T11:05:53Z,CHAN,26559,26564751,1000,100,0,3,0,-970,-1150,-1136
2026-09-19T11:06:09Z,FRAME #886 tx t=26581512 peer=0x01 type=3 schema=0 frag=0x01 seq=887 rssi=- snr=- st=0 rx=5 deaf=192329
2026-09-19T11:06:19Z,FRAME #887 tx t=26591515 peer=0x02 type=3 schema=0 frag=0x01 seq=888 rssi=- snr=- st=0 rx=5 deaf=192546
2026-09-19T11:06:23Z,CHANSUM,26530,26589,60,60012,5957,42,16,0,3,0,-910,-1160,-1150,-1150
2026-09-19T11:06:30Z,CHAN,26596,26601763,1000,100,0,3,0,-1060,-1150,-1138
2026-09-19T11:07:00Z,CHAN,26626,26631763,1000,100,0,12,0,-960,-1150,-1123
2026-09-19T11:07:01Z,CHAN,26627,26632763,1000,100,0,10,0,-960,-1150,-1125
2026-09-19T11:07:09Z,FRAME #888 tx t=26641508 peer=0x01 type=3 schema=0 frag=0x01 seq=889 rssi=- snr=- st=0 rx=5 deaf=192763
2026-09-19T11:07:10Z,CHAN,26636,26641766,1000,100,0,4,0,-910,-1150,-1131
2026-09-19T11:07:19Z,FRAME #889 tx t=26651511 peer=0x02 type=3 schema=0 frag=0x01 seq=890 rssi=- snr=- st=0 rx=5 deaf=192980
2026-09-19T11:07:23Z,CHANSUM,26590,26649,60,60006,5956,42,29,0,4,0,-910,-1160,-1150,-1150
2026-09-19T11:07:27Z,CHAN,26653,26658769,1000,100,0,4,0,-1060,-1150,-1137
2026-09-19T11:07:39Z,CHAN,26665,26670769,1000,100,0,5,0,-800,-1160,-1124
2026-09-19T11:08:09Z,FRAME #890 tx t=26701510 peer=0x01 type=3 schema=0 frag=0x01 seq=891 rssi=- snr=- st=0 rx=5 deaf=193193
2026-09-19T11:08:19Z,FRAME #891 tx t=26711513 peer=0x02 type=3 schema=0 frag=0x01 seq=892 rssi=- snr=- st=0 rx=5 deaf=193410
2026-09-19T11:08:23Z,CHANSUM,26650,26709,60,60012,5957,42,9,0,2,0,-800,-1160,-1150,-1151
2026-09-19T11:08:48Z,CHAN,26734,26739781,1000,100,0,4,0,-1080,-1150,-1139
2026-09-19T11:08:53Z,CHAN,26739,26744781,1000,100,0,3,0,-1090,-1150,-1140
2026-09-19T11:09:05Z,CHAN,26751,26756781,1000,100,0,9,0,-1030,-1150,-1130
2026-09-19T11:09:09Z,FRAME #892 tx t=26761512 peer=0x01 type=3 schema=0 frag=0x01 seq=893 rssi=- snr=- st=0 rx=5 deaf=193623
2026-09-19T11:09:19Z,FRAME #893 tx t=26771515 peer=0x02 type=3 schema=0 frag=0x01 seq=894 rssi=- snr=- st=0 rx=5 deaf=193840
2026-09-19T11:09:23Z,CHANSUM,26710,26769,60,60012,5957,42,16,0,3,0,-1030,-1170,-1150,-1151
2026-09-19T11:09:28Z,CHAN,26774,26779793,1000,100,0,3,0,-1090,-1150,-1140
2026-09-19T11:10:01Z,CHAN,26807,26812793,1000,100,0,1,0,-1100,-1160,-1139
2026-09-19T11:10:04Z,CHAN,26810,26815793,1000,100,0,3,0,-1100,-1150,-1139
2026-09-19T11:10:09Z,FRAME #894 tx t=26821508 peer=0x01 type=3 schema=0 frag=0x01 seq=895 rssi=- snr=- st=0 rx=5 deaf=194057
2026-09-19T11:10:10Z,CHAN,26816,26821796,1000,100,0,9,0,-1020,-1150,-1130
2026-09-19T11:10:19Z,FRAME #895 tx t=26831511 peer=0x02 type=3 schema=0 frag=0x01 seq=896 rssi=- snr=- st=0 rx=5 deaf=194274
2026-09-19T11:10:23Z,CHANSUM,26770,26829,60,60006,5956,42,16,0,4,0,-1020,-1160,-1150,-1150
2026-09-19T11:11:09Z,FRAME #896 tx t=26881510 peer=0x01 type=3 schema=0 frag=0x01 seq=897 rssi=- snr=- st=0 rx=5 deaf=194487
2026-09-19T11:11:19Z,FRAME #897 tx t=26891513 peer=0x02 type=3 schema=0 frag=0x01 seq=898 rssi=- snr=- st=0 rx=5 deaf=194704
2026-09-19T11:11:19Z,CHAN,26885,26890808,1003,78,21,2,0,-1100,-1150,-1138
2026-09-19T11:11:23Z,CHANSUM,26830,26889,60,60012,5957,42,2,0,1,0,-1100,-1160,-1150,-1150
2026-09-19T11:11:36Z,CHAN,26902,26907811,1000,100,0,2,0,-1100,-1160,-1139
2026-09-19T11:12:09Z,FRAME #898 tx t=26941512 peer=0x01 type=3 schema=0 frag=0x01 seq=899 rssi=- snr=- st=0 rx=5 deaf=194917
2026-09-19T11:12:11Z,CHAN,26937,26942820,1000,100,0,3,0,-1070,-1150,-1139
2026-09-19T11:12:19Z,FRAME #899 tx t=26951515 peer=0x02 type=3 schema=0 frag=0x01 seq=900 rssi=- snr=- st=0 rx=5 deaf=195134
2026-09-19T11:12:19Z,CHAN,26945,26950820,1003,78,21,1,0,-1100,-1150,-1138
2026-09-19T11:12:23Z,CHANSUM,26890,26949,60,60012,5957,42,6,0,3,0,-1070,-1160,-1150,-1151
2026-09-19T11:12:30Z,CHAN,26956,26961823,1000,100,0,3,0,-1070,-1150,-1139
2026-09-19T11:12:56Z,CHAN,26982,26987823,1000,100,0,4,0,-970,-1150,-1135
2026-09-19T11:13:09Z,FRAME #900 tx t=27001508 peer=0x01 type=3 schema=0 frag=0x01 seq=901 rssi=- snr=- st=0 rx=5 deaf=195351
2026-09-19T11:13:19Z,FRAME #901 tx t=27011511 peer=0x02 type=3 schema=0 frag=0x01 seq=902 rssi=- snr=- st=0 rx=5 deaf=195568
2026-09-19T11:13:23Z,CHANSUM,26950,27009,60,60006,5956,42,7,0,2,0,-970,-1160,-1150,-1151
2026-09-19T11:14:09Z,FRAME #902 tx t=27061510 peer=0x01 type=3 schema=0 frag=0x01 seq=903 rssi=- snr=- st=0 rx=5 deaf=195781
2026-09-19T11:14:19Z,FRAME #903 tx t=27071513 peer=0x02 type=3 schema=0 frag=0x01 seq=904 rssi=- snr=- st=0 rx=5 deaf=195998
2026-09-19T11:14:23Z,CHANSUM,27010,27069,60,60012,5957,42,0,0,0,0,-1110,-1160,-1150,-1152
2026-09-19T11:14:44Z,CHAN,27090,27095841,1000,100,0,5,0,-1060,-1150,-1137
2026-09-19T11:15:09Z,FRAME #904 tx t=27121512 peer=0x01 type=3 schema=0 frag=0x01 seq=905 rssi=- snr=- st=0 rx=5 deaf=196211
2026-09-19T11:15:12Z,CHAN,27118,27123850,1000,100,0,5,0,-900,-1150,-1129
2026-09-19T11:15:19Z,FRAME #905 tx t=27131515 peer=0x02 type=3 schema=0 frag=0x01 seq=906 rssi=- snr=- st=0 rx=5 deaf=196428
2026-09-19T11:15:23Z,CHANSUM,27070,27129,60,60012,5957,42,10,0,2,0,-900,-1160,-1150,-1151
2026-09-19T11:16:09Z,FRAME #906 tx t=27181508 peer=0x01 type=3 schema=0 frag=0x01 seq=907 rssi=- snr=- st=0 rx=5 deaf=196645
2026-09-19T11:16:19Z,FRAME #907 tx t=27191511 peer=0x02 type=3 schema=0 frag=0x01 seq=908 rssi=- snr=- st=0 rx=5 deaf=196862
2026-09-19T11:16:21Z,CHAN,27187,27192859,1000,100,0,2,0,-1100,-1150,-1139
2026-09-19T11:16:23Z,CHANSUM,27130,27189,60,60006,5956,42,2,0,1,0,-1100,-1160,-1150,-1150
2026-09-19T11:16:44Z,CHAN,27210,27215859,1000,100,0,3,0,-1070,-1150,-1139
2026-09-19T11:16:56Z,CHAN,27222,27227859,1000,100,0,5,0,-1070,-1150,-1137
2026-09-19T11:17:09Z,FRAME #908 tx t=27241510 peer=0x01 type=3 schema=0 frag=0x01 seq=909 rssi=- snr=- st=0 rx=5 deaf=197075
2026-09-19T11:17:19Z,FRAME #909 tx t=27251513 peer=0x02 type=3 schema=0 frag=0x01 seq=910 rssi=- snr=- st=0 rx=5 deaf=197292
2026-09-19T11:17:23Z,CHANSUM,27190,27249,60,60012,5957,42,8,0,2,0,-1070,-1160,-1150,-1151
2026-09-19T11:17:53Z,CHAN,27279,27284871,1000,100,0,3,0,-1090,-1150,-1140
2026-09-19T11:18:09Z,FRAME #910 tx t=27301512 peer=0x01 type=3 schema=0 frag=0x01 seq=911 rssi=- snr=- st=0 rx=5 deaf=197505
2026-09-19T11:18:19Z,FRAME #911 tx t=27311515 peer=0x02 type=3 schema=0 frag=0x01 seq=912 rssi=- snr=- st=0 rx=5 deaf=197722
2026-09-19T11:18:23Z,CHANSUM,27250,27309,60,60012,5957,42,3,0,1,0,-1090,-1160,-1150,-1150
2026-09-19T11:19:09Z,FRAME #912 tx t=27361508 peer=0x01 type=3 schema=0 frag=0x01 seq=913 rssi=- snr=- st=0 rx=5 deaf=197939
2026-09-19T11:19:19Z,FRAME #913 tx t=27371511 peer=0x02 type=3 schema=0 frag=0x01 seq=914 rssi=- snr=- st=0 rx=5 deaf=198156
2026-09-19T11:19:23Z,CHANSUM,27310,27369,60,60006,5956,42,0,0,0,0,-1110,-1160,-1150,-1150
2026-09-19T11:19:56Z,CHAN,27402,27407889,1000,100,0,3,0,-940,-1150,-1135
2026-09-19T11:20:09Z,FRAME #914 tx t=27421510 peer=0x01 type=3 schema=0 frag=0x01 seq=915 rssi=- snr=- st=0 rx=5 deaf=198369
2026-09-19T11:20:19Z,FRAME #915 tx t=27431513 peer=0x02 type=3 schema=0 frag=0x01 seq=916 rssi=- snr=- st=0 rx=5 deaf=198586
2026-09-19T11:20:23Z,CHANSUM,27370,27429,60,60012,5957,42,3,0,1,0,-940,-1160,-1150,-1151
2026-09-19T11:20:28Z,CHAN,27434,27439901,1000,100,0,5,0,-1090,-1150,-1139
2026-09-19T11:20:42Z,CHAN,27448,27453901,1000,100,0,1,0,-1100,-1150,-1139
2026-09-19T11:21:09Z,FRAME #916 tx t=27481512 peer=0x01 type=3 schema=0 frag=0x01 seq=917 rssi=- snr=- st=0 rx=5 deaf=198799
2026-09-19T11:21:19Z,FRAME #917 tx t=27491515 peer=0x02 type=3 schema=0 frag=0x01 seq=918 rssi=- snr=- st=0 rx=5 deaf=199016
2026-09-19T11:21:23Z,CHANSUM,27430,27489,60,60012,5957,42,6,0,2,0,-1090,-1160,-1150,-1151
2026-09-19T11:21:46Z,CHAN,27512,27517913,1000,100,0,5,0,-470,-1150,-1108
2026-09-19T11:21:55Z,CHAN,27521,27526913,1000,100,0,2,0,-460,-1150,-1127
2026-09-19T11:22:09Z,FRAME #918 tx t=27541508 peer=0x01 type=3 schema=0 frag=0x01 seq=919 rssi=- snr=- st=0 rx=5 deaf=199233
2026-09-19T11:22:19Z,FRAME #919 tx t=27551511 peer=0x02 type=3 schema=0 frag=0x01 seq=920 rssi=- snr=- st=0 rx=5 deaf=199450
2026-09-19T11:22:23Z,CHANSUM,27490,27549,60,60006,5956,42,7,0,2,0,-460,-1160,-1150,-1151
2026-09-19T11:23:09Z,FRAME #920 tx t=27601510 peer=0x01 type=3 schema=0 frag=0x01 seq=921 rssi=- snr=- st=0 rx=5 deaf=199663
2026-09-19T11:23:19Z,FRAME #921 tx t=27611513 peer=0x02 type=3 schema=0 frag=0x01 seq=922 rssi=- snr=- st=0 rx=5 deaf=199880
2026-09-19T11:23:23Z,CHANSUM,27550,27609,60,60012,5957,42,0,0,0,0,-1110,-1160,-1150,-1150
2026-09-19T11:23:41Z,[27633657][W][WiFiGeneric.cpp:1062] _eventCallback(): Reason: 6 - NOT_AUTHED
2026-09-19T11:24:08Z,CHAN,27654,27659934,1000,100,0,5,0,-1080,-1150,-1138
2026-09-19T11:24:09Z,FRAME #922 tx t=27661505 peer=0x01 type=3 schema=0 frag=0x01 seq=923 rssi=- snr=- st=0 rx=5 deaf=200093
2026-09-19T11:24:14Z,CHAN,27660,27665943,1000,100,0,4,0,-1080,-1150,-1140
2026-09-19T11:24:19Z,FRAME #923 tx t=27671508 peer=0x02 type=3 schema=0 frag=0x01 seq=924 rssi=- snr=- st=0 rx=5 deaf=200310
2026-09-19T11:24:23Z,CHANSUM,27610,27669,60,60015,5957,42,9,0,2,0,-1080,-1160,-1150,-1151
2026-09-19T11:25:09Z,FRAME #924 tx t=27721507 peer=0x01 type=3 schema=0 frag=0x01 seq=925 rssi=- snr=- st=0 rx=5 deaf=200523
2026-09-19T11:25:19Z,FRAME #925 tx t=27731510 peer=0x02 type=3 schema=0 frag=0x01 seq=926 rssi=- snr=- st=0 rx=5 deaf=200740
2026-09-19T11:25:23Z,CHANSUM,27670,27729,60,60013,5957,42,0,0,0,0,-1130,-1160,-1150,-1151
2026-09-19T11:26:07Z,CHAN,27773,27778959,1000,100,0,3,0,-1090,-1150,-1139
2026-09-19T11:26:09Z,FRAME #926 tx t=27781514 peer=0x01 type=3 schema=0 frag=0x01 seq=927 rssi=- snr=- st=0 rx=5 deaf=200958
2026-09-19T11:26:17Z,CHAN,27783,27788962,1000,100,0,5,0,-1090,-1150,-1139
2026-09-19T11:26:19Z,FRAME #927 tx t=27791503 peer=0x02 type=3 schema=0 frag=0x01 seq=928 rssi=- snr=- st=0 rx=5 deaf=201171
2026-09-19T11:26:23Z,CHANSUM,27730,27789,60,60012,5957,42,8,0,2,0,-1090,-1160,-1150,-1151
2026-09-19T11:26:30Z,CHAN,27796,27801971,1000,100,0,3,0,-810,-1150,-1131
2026-09-19T11:26:33Z,CHAN,27799,27804971,1000,100,0,5,0,-1020,-1150,-1135
2026-09-19T11:26:57Z,CHAN,27823,27828971,1000,100,0,1,0,-1100,-1150,-1140
2026-09-19T11:27:03Z,CHAN,27829,27834971,1000,100,0,1,0,-1100,-1150,-1140
2026-09-19T11:27:09Z,FRAME #928 tx t=27841516 peer=0x01 type=3 schema=0 frag=0x01 seq=929 rssi=- snr=- st=0 rx=5 deaf=201388
2026-09-19T11:27:18Z,CHAN,27844,27849974,1000,100,0,4,0,-1000,-1150,-1136
2026-09-19T11:27:19Z,FRAME #929 tx t=27851505 peer=0x02 type=3 schema=0 frag=0x01 seq=930 rssi=- snr=- st=0 rx=5 deaf=201601
2026-09-19T11:27:23Z,CHANSUM,27790,27849,60,60012,5957,42,14,0,5,0,-810,-1160,-1150,-1151
2026-09-19T11:28:01Z,CHAN,27887,27892983,1000,100,0,1,0,-1100,-1150,-1141
2026-09-19T11:28:02Z,CHAN,27888,27893983,1000,100,0,5,0,-910,-1150,-1129
2026-09-19T11:28:09Z,FRAME #930 tx t=27901504 peer=0x01 type=3 schema=0 frag=0x01 seq=931 rssi=- snr=- st=0 rx=5 deaf=201814
2026-09-19T11:28:16Z,CHAN,27902,27907992,1000,100,0,3,0,-460,-1150,-1120
2026-09-19T11:28:19Z,FRAME #931 tx t=27911507 peer=0x02 type=3 schema=0 frag=0x01 seq=932 rssi=- snr=- st=0 rx=5 deaf=202031
2026-09-19T11:28:23Z,CHANSUM,27850,27909,60,60012,5957,42,9,0,3,0,-460,-1160,-1150,-1150
2026-09-19T11:28:26Z,CHAN,27912,27917995,1000,100,0,3,0,-1030,-1150,-1138
2026-09-19T11:28:47Z,CHAN,27933,27938995,1000,100,0,4,0,-1000,-1150,-1136
2026-09-19T11:29:09Z,FRAME #932 tx t=27961506 peer=0x01 type=3 schema=0 frag=0x01 seq=933 rssi=- snr=- st=0 rx=5 deaf=202244
2026-09-19T11:29:19Z,FRAME #933 tx t=27971509 peer=0x02 type=3 schema=0 frag=0x01 seq=934 rssi=- snr=- st=0 rx=5 deaf=202461
2026-09-19T11:29:23Z,CHANSUM,27910,27969,60,60012,5957,42,7,0,2,0,-1000,-1160,-1150,-1151
2026-09-19T11:29:24Z,CHAN,27970,27976007,1000,100,0,3,0,-1080,-1150,-1139
2026-09-19T11:30:09Z,CHAN,28015,28021007,1007,98,2,1,0,-1100,-1160,-1140
2026-09-19T11:30:10Z,FRAME #934 tx t=28022169 peer=0x01 type=3 schema=0 frag=0x01 seq=935 rssi=- snr=- st=0 rx=5 deaf=202699
2026-09-19T11:30:19Z,FRAME #935 tx t=28031512 peer=0x02 type=3 schema=0 frag=0x01 seq=936 rssi=- snr=- st=0 rx=5 deaf=202916
2026-09-19T11:30:23Z,CHANSUM,27970,28029,60,60013,5954,44,4,0,2,0,-1080,-1160,-1150,-1150
2026-09-19T11:31:09Z,FRAME #936 tx t=28081511 peer=0x01 type=3 schema=0 frag=0x01 seq=937 rssi=- snr=- st=0 rx=5 deaf=203129
2026-09-19T11:31:11Z,CHAN,28077,28083029,1000,100,0,2,0,-1060,-1150,-1140
2026-09-19T11:31:19Z,FRAME #937 tx t=28091510 peer=0x02 type=3 schema=0 frag=0x01 seq=938 rssi=- snr=- st=0 rx=5 deaf=203342
2026-09-19T11:31:23Z,CHANSUM,28030,28089,60,60018,5958,42,2,0,1,0,-1060,-1160,-1150,-1151
2026-09-19T11:31:34Z,CHAN,28100,28106038,1000,100,0,3,0,-1060,-1150,-1138
2026-09-19T11:31:50Z,CHAN,28116,28122038,1000,100,0,5,0,-1090,-1150,-1139
2026-09-19T11:32:09Z,FRAME #938 tx t=28141509 peer=0x01 type=3 schema=0 frag=0x01 seq=939 rssi=- snr=- st=0 rx=5 deaf=203555
2026-09-19T11:32:19Z,FRAME #939 tx t=28151512 peer=0x02 type=3 schema=0 frag=0x01 seq=940 rssi=- snr=- st=0 rx=5 deaf=203772
2026-09-19T11:32:23Z,CHANSUM,28090,28149,60,60012,5957,42,8,0,2,0,-1060,-1160,-1150,-1151
2026-09-19T11:33:09Z,FRAME #940 tx t=28201511 peer=0x01 type=3 schema=0 frag=0x01 seq=941 rssi=- snr=- st=0 rx=5 deaf=203985
2026-09-19T11:33:19Z,FRAME #941 tx t=28211514 peer=0x02 type=3 schema=0 frag=0x01 seq=942 rssi=- snr=- st=0 rx=5 deaf=204202
2026-09-19T11:33:23Z,CHANSUM,28150,28209,60,60012,5957,42,0,0,0,0,-1120,-1160,-1150,-1151
2026-09-19T11:33:34Z,CHAN,28220,28226062,1000,100,0,5,0,-920,-1150,-1130
2026-09-19T11:33:50Z,CHAN,28236,28242062,1000,100,0,3,0,-1100,-1150,-1139
2026-09-19T11:34:09Z,FRAME #942 tx t=28261507 peer=0x01 type=3 schema=0 frag=0x01 seq=943 rssi=- snr=- st=0 rx=5 deaf=204419
2026-09-19T11:34:17Z,CHAN,28263,28269065,1000,100,0,5,0,-980,-1150,-1134
2026-09-19T11:34:19Z,FRAME #943 tx t=28271510 peer=0x02 type=3 schema=0 frag=0x01 seq=944 rssi=- snr=- st=0 rx=5 deaf=204636
2026-09-19T11:34:23Z,CHANSUM,28210,28269,60,60006,5956,42,13,0,3,0,-920,-1160,-1150,-1151
2026-09-19T11:35:09Z,FRAME #944 tx t=28321509 peer=0x01 type=3 schema=0 frag=0x01 seq=945 rssi=- snr=- st=0 rx=5 deaf=204850
2026-09-19T11:35:19Z,FRAME #945 tx t=28331512 peer=0x02 type=3 schema=0 frag=0x01 seq=946 rssi=- snr=- st=0 rx=5 deaf=205067
2026-09-19T11:35:21Z,CHAN,28327,28333080,1000,100,0,4,0,-930,-1150,-1133
2026-09-19T11:35:23Z,CHANSUM,28270,28329,60,60012,5957,42,4,0,1,0,-930,-1160,-1150,-1151
2026-09-19T11:35:26Z,CHAN,28332,28338080,1000,100,0,3,0,-1100,-1150,-1139
2026-09-19T11:36:09Z,FRAME #946 tx t=28381511 peer=0x01 type=3 schema=0 frag=0x01 seq=947 rssi=- snr=- st=0 rx=5 deaf=205280
2026-09-19T11:36:19Z,FRAME #947 tx t=28391514 peer=0x02 type=3 schema=0 frag=0x01 seq=948 rssi=- snr=- st=0 rx=5 deaf=205497
2026-09-19T11:36:23Z,CHANSUM,28330,28389,60,60012,5957,42,3,0,1,0,-1100,-1160,-1150,-1152
2026-09-19T11:36:30Z,CHAN,28396,28402092,1000,100,0,5,0,-990,-1150,-1134
2026-09-19T11:36:55Z,CHAN,28421,28427092,1000,100,0,5,0,-1080,-1150,-1137
2026-09-19T11:37:09Z,FRAME #948 tx t=28441507 peer=0x01 type=3 schema=0 frag=0x01 seq=949 rssi=- snr=- st=0 rx=5 deaf=205714
2026-09-19T11:37:19Z,FRAME #949 tx t=28451510 peer=0x02 type=3 schema=0 frag=0x01 seq=950 rssi=- snr=- st=0 rx=5 deaf=205931
2026-09-19T11:37:23Z,CHANSUM,28390,28449,60,60006,5956,42,10,0,2,0,-990,-1160,-1150,-1150
2026-09-19T11:37:32Z,CHAN,28458,28464098,1000,100,0,3,0,-1070,-1150,-1139
2026-09-19T11:37:46Z,CHAN,28472,28478098,1000,100,0,5,0,-1050,-1150,-1137
2026-09-19T11:37:59Z,CHAN,28485,28491098,1000,100,0,4,0,-1050,-1150,-1137
2026-09-19T11:38:05Z,CHAN,28491,28497098,1000,100,0,1,0,-830,-1150,-1138
2026-09-19T11:38:09Z,FRAME #950 tx t=28501509 peer=0x01 type=3 schema=0 frag=0x01 seq=951 rssi=- snr=- st=0 rx=5 deaf=206144
2026-09-19T11:38:19Z,FRAME #951 tx t=28511512 peer=0x02 type=3 schema=0 frag=0x01 seq=952 rssi=- snr=- st=0 rx=5 deaf=206361
2026-09-19T11:38:23Z,CHANSUM,28450,28509,60,60012,5957,42,13,0,4,0,-830,-1160,-1150,-1150
2026-09-19T11:39:03Z,CHAN,28549,28555110,1000,100,0,1,0,-1100,-1150,-1140
2026-09-19T11:39:09Z,FRAME #952 tx t=28561511 peer=0x01 type=3 schema=0 frag=0x01 seq=953 rssi=- snr=- st=0 rx=5 deaf=206574
2026-09-19T11:39:19Z,FRAME #953 tx t=28571514 peer=0x02 type=3 schema=0 frag=0x01 seq=954 rssi=- snr=- st=0 rx=5 deaf=206791
2026-09-19T11:39:23Z,CHANSUM,28510,28569,60,60012,5957,42,1,0,1,0,-1100,-1160,-1150,-1151
2026-09-19T11:39:25Z,CHAN,28571,28577122,1000,100,0,9,0,-1000,-1150,-1129
2026-09-19T11:39:42Z,CHAN,28588,28594122,1000,100,0,1,0,-1100,-1150,-1139
2026-09-19T11:40:09Z,FRAME #954 tx t=28621507 peer=0x01 type=3 schema=0 frag=0x01 seq=955 rssi=- snr=- st=0 rx=5 deaf=207008
2026-09-19T11:40:11Z,CHAN,28617,28623125,1000,100,0,5,0,-930,-1150,-1130
2026-09-19T11:40:19Z,FRAME #955 tx t=28631510 peer=0x02 type=3 schema=0 frag=0x01 seq=956 rssi=- snr=- st=0 rx=5 deaf=207225
2026-09-19T11:40:23Z,CHANSUM,28570,28629,60,60006,5956,42,15,0,3,0,-930,-1160,-1150,-1150
2026-09-19T11:40:30Z,CHAN,28636,28642128,1000,100,0,9,0,-1010,-1150,-1130
2026-09-19T11:40:44Z,CHAN,28650,28656128,1000,100,0,4,0,-1050,-1150,-1137
2026-09-19T11:41:09Z,FRAME #956 tx t=28681509 peer=0x01 type=3 schema=0 frag=0x01 seq=957 rssi=- snr=- st=0 rx=5 deaf=207438
2026-09-19T11:41:19Z,FRAME #957 tx t=28691512 peer=0x02 type=3 schema=0 frag=0x01 seq=958 rssi=- snr=- st=0 rx=5 deaf=207655
2026-09-19T11:41:20Z,CHAN,28686,28692140,1000,100,0,3,0,-1080,-1150,-1138
2026-09-19T11:41:23Z,CHANSUM,28630,28689,60,60012,5957,42,16,0,3,0,-1010,-1160,-1150,-1150
2026-09-19T11:41:27Z,CHAN,28693,28699140,1000,100,0,5,0,-1060,-1150,-1137
2026-09-19T11:41:57Z,CHAN,28723,28729140,1000,100,0,4,0,-820,-1160,-1129
2026-09-19T11:42:09Z,FRAME #958 tx t=28741511 peer=0x01 type=3 schema=0 frag=0x01 seq=959 rssi=- snr=- st=0 rx=5 deaf=207869
2026-09-19T11:42:19Z,FRAME #959 tx t=28751514 peer=0x02 type=3 schema=0 frag=0x01 seq=960 rssi=- snr=- st=0 rx=5 deaf=208086
2026-09-19T11:42:23Z,CHANSUM,28690,28749,60,60012,5957,42,9,0,2,0,-820,-1160,-1150,-1151
2026-09-19T11:42:28Z,CHAN,28754,28760152,1000,100,0,2,0,-1100,-1160,-1140
2026-09-19T11:42:30Z,CHAN,28756,28762152,1000,100,0,4,0,-1060,-1150,-1138
2026-09-19T11:42:45Z,CHAN,28771,28777152,1000,100,0,1,0,-1070,-1150,-1140
2026-09-19T11:42:55Z,CHAN,28781,28787152,1000,100,0,3,0,-1090,-1150,-1138
2026-09-19T11:43:09Z,FRAME #960 tx t=28801507 peer=0x01 type=3 schema=0 frag=0x01 seq=961 rssi=- snr=- st=0 rx=5 deaf=208303
2026-09-19T11:43:19Z,FRAME #961 tx t=28812127 peer=0x02 type=3 schema=0 frag=0x01 seq=962 rssi=- snr=- st=0 rx=5 deaf=208541
2026-09-19T11:43:23Z,CHANSUM,28750,28809,60,60013,5954,44,10,0,4,0,-1060,-1160,-1150,-1150
2026-09-19T11:43:45Z,CHAN,28831,28837165,1000,100,0,10,0,-1000,-1150,-1129
2026-09-19T11:43:49Z,CHAN,28835,28841165,1000,100,0,4,0,-980,-1160,-1134
2026-09-19T11:43:54Z,CHAN,28840,28846165,1000,100,0,4,0,-1060,-1150,-1138
2026-09-19T11:44:09Z,FRAME #962 tx t=28861506 peer=0x01 type=3 schema=0 frag=0x01 seq=963 rssi=- snr=- st=0 rx=5 deaf=208754
2026-09-19T11:44:09Z,CHAN,28855,28861165,1009,79,21,5,0,-1060,-1160,-1137
2026-09-19T11:44:10Z,CHAN,28856,28862174,1000,100,0,1,0,-1100,-1150,-1139
2026-09-19T11:44:19Z,FRAME #963 tx t=28871509 peer=0x02 type=3 schema=0 frag=0x01 seq=964 rssi=- snr=- st=0 rx=5 deaf=208971
2026-09-19T11:44:23Z,CHANSUM,28810,28869,60,60012,5957,42,24,0,5,0,-980,-1160,-1150,-1151
2026-09-19T11:44:48Z,CHAN,28894,28900177,1000,100,0,5,0,-1080,-1150,-1138
2026-09-19T11:44:49Z,CHAN,28895,28901177,1000,100,0,10,0,-1060,-1160,-1134
2026-09-19T11:44:50Z,CHAN,28896,28902177,1000,100,0,9,0,-1010,-1150,-1129
2026-09-19T11:45:09Z,FRAME #964 tx t=28921508 peer=0x01 type=3 schema=0 frag=0x01 seq=965 rssi=- snr=- st=0 rx=5 deaf=209184
2026-09-19T11:45:19Z,FRAME #965 tx t=28931511 peer=0x02 type=3 schema=0 frag=0x01 seq=966 rssi=- snr=- st=0 rx=5 deaf=209401
2026-09-19T11:45:23Z,CHANSUM,28870,28929,60,60012,5957,42,24,0,3,0,-1010,-1170,-1150,-1152
2026-09-19T11:45:49Z,CHAN,28955,28961189,1000,100,0,1,0,-1090,-1150,-1140
2026-09-19T11:46:09Z,FRAME #966 tx t=28981510 peer=0x01 type=3 schema=0 frag=0x01 seq=967 rssi=- snr=- st=0 rx=5 deaf=209614
2026-09-19T11:46:10Z,CHAN,28976,28982198,1000,100,0,5,0,-1050,-1150,-1138
2026-09-19T11:46:19Z,FRAME #967 tx t=28991513 peer=0x02 type=3 schema=0 frag=0x01 seq=968 rssi=- snr=- st=0 rx=5 deaf=209831
2026-09-19T11:46:23Z,CHANSUM,28930,28989,60,60012,5957,42,6,0,2,0,-1050,-1160,-1150,-1150
2026-09-19T11:46:52Z,CHAN,29018,29024201,1000,100,0,3,0,-1090,-1160,-1140
2026-09-19T11:47:09Z,FRAME #968 tx t=29041512 peer=0x01 type=3 schema=0 frag=0x01 seq=969 rssi=- snr=- st=0 rx=5 deaf=210044
2026-09-19T11:47:19Z,FRAME #969 tx t=29051515 peer=0x02 type=3 schema=0 frag=0x01 seq=970 rssi=- snr=- st=0 rx=5 deaf=210261
2026-09-19T11:47:23Z,CHANSUM,28990,29049,60,60012,5957,42,3,0,1,0,-1090,-1160,-1150,-1151
2026-09-19T11:48:09Z,FRAME #970 tx t=29101508 peer=0x01 type=3 schema=0 frag=0x01 seq=971 rssi=- snr=- st=0 rx=5 deaf=210478
2026-09-19T11:48:19Z,FRAME #971 tx t=29111511 peer=0x02 type=3 schema=0 frag=0x01 seq=972 rssi=- snr=- st=0 rx=5 deaf=210695
2026-09-19T11:48:23Z,CHANSUM,29050,29109,60,60006,5956,42,0,0,0,0,-1120,-1160,-1150,-1150
2026-09-19T11:48:52Z,CHAN,29138,29144219,1000,100,0,9,0,-820,-1150,-1125
2026-09-19T11:48:55Z,CHAN,29141,29147219,1000,100,0,38,0,-1020,-1150,-1098
2026-09-19T11:49:01Z,CHAN,29147,29153219,1000,100,0,4,0,-1050,-1150,-1137
2026-09-19T11:49:09Z,FRAME #972 tx t=29161510 peer=0x01 type=3 schema=0 frag=0x01 seq=973 rssi=- snr=- st=0 rx=5 deaf=210908
2026-09-19T11:49:19Z,FRAME #973 tx t=29171513 peer=0x02 type=3 schema=0 frag=0x01 seq=974 rssi=- snr=- st=0 rx=5 deaf=211125
2026-09-19T11:49:23Z,CHANSUM,29110,29169,60,60012,5957,42,51,0,3,0,-820,-1160,-1150,-1151
2026-09-19T11:49:35Z,CHAN,29181,29187231,1000,100,0,3,0,-1090,-1150,-1139
2026-09-19T11:50:09Z,FRAME #974 tx t=29221512 peer=0x01 type=3 schema=0 frag=0x01 seq=975 rssi=- snr=- st=0 rx=5 deaf=211338
2026-09-19T11:50:19Z,FRAME #975 tx t=29231515 peer=0x02 type=3 schema=0 frag=0x01 seq=976 rssi=- snr=- st=0 rx=5 deaf=211555
2026-09-19T11:50:23Z,CHANSUM,29170,29229,60,60012,5957,42,3,0,1,0,-1090,-1160,-1150,-1151
2026-09-19T11:50:34Z,CHAN,29240,29246243,1000,100,0,4,0,-910,-1150,-1132
2026-09-19T11:51:09Z,FRAME #976 tx t=29281508 peer=0x01 type=3 schema=0 frag=0x01 seq=977 rssi=- snr=- st=0 rx=5 deaf=211772
2026-09-19T11:51:19Z,FRAME #977 tx t=29291511 peer=0x02 type=3 schema=0 frag=0x01 seq=978 rssi=- snr=- st=0 rx=5 deaf=211989
2026-09-19T11:51:23Z,CHANSUM,29230,29289,60,60006,5956,42,4,0,1,0,-910,-1160,-1150,-1151
2026-09-19T11:52:09Z,FRAME #978 tx t=29341510 peer=0x01 type=3 schema=0 frag=0x01 seq=979 rssi=- snr=- st=0 rx=5 deaf=212202
2026-09-19T11:52:19Z,FRAME #979 tx t=29351513 peer=0x02 type=3 schema=0 frag=0x01 seq=980 rssi=- snr=- st=0 rx=5 deaf=212419
2026-09-19T11:52:24Z,CHANSUM,29290,29349,60,60012,5957,42,0,0,0,0,-1120,-1160,-1150,-1151
2026-09-19T11:52:37Z,CHAN,29362,29368261,1000,100,0,3,0,-1100,-1150,-1139
2026-09-19T11:52:47Z,CHAN,29372,29378261,1000,100,0,2,0,-1080,-1150,-1139
2026-09-19T11:53:04Z,CHAN,29389,29395261,1000,100,0,5,0,-1030,-1150,-1136
2026-09-19T11:53:09Z,FRAME #980 tx t=29401512 peer=0x01 type=3 schema=0 frag=0x01 seq=981 rssi=- snr=- st=0 rx=5 deaf=212632
2026-09-19T11:53:19Z,FRAME #981 tx t=29411515 peer=0x02 type=3 schema=0 frag=0x01 seq=982 rssi=- snr=- st=0 rx=5 deaf=212849
2026-09-19T11:53:24Z,CHANSUM,29350,29409,60,60012,5957,42,10,0,3,0,-1030,-1160,-1150,-1152
2026-09-19T11:53:31Z,CHAN,29416,29422273,1000,100,0,5,0,-1090,-1150,-1139
2026-09-19T11:54:03Z,CHAN,29448,29454273,1000,100,0,5,0,-830,-1150,-1125
2026-09-19T11:54:09Z,FRAME #982 tx t=29461508 peer=0x01 type=3 schema=0 frag=0x01 seq=983 rssi=- snr=- st=0 rx=5 deaf=213066
2026-09-19T11:54:10Z,CHAN,29455,29461273,1003,78,21,4,0,-1100,-1150,-1139
2026-09-19T11:54:20Z,FRAME #983 tx t=29472538 peer=0x02 type=3 schema=0 frag=0x01 seq=984 rssi=- snr=- st=0 rx=5 deaf=213304
2026-09-19T11:54:24Z,CHANSUM,29410,29469,60,60013,5954,44,14,0,3,0,-830,-1160,-1150,-1150
2026-09-19T11:54:38Z,CHAN,29483,29489286,1000,100,0,5,0,-940,-1150,-1131
2026-09-19T11:55:09Z,FRAME #984 tx t=29521511 peer=0x01 type=3 schema=0 frag=0x01 seq=985 rssi=- snr=- st=0 rx=5 deaf=213521
2026-09-19T11:55:19Z,FRAME #985 tx t=29531514 peer=0x02 type=3 schema=0 frag=0x01 seq=986 rssi=- snr=- st=0 rx=5 deaf=213738
2026-09-19T11:55:24Z,CHANSUM,29470,29529,60,60006,5956,42,5,0,1,0,-940,-1160,-1150,-1151
2026-09-19T11:55:26Z,CHAN,29531,29537292,1000,100,0,5,0,-1080,-1150,-1138
2026-09-19T11:55:51Z,CHAN,29556,29562292,1000,100,0,1,0,-1100,-1150,-1139
2026-09-19T11:56:09Z,FRAME #986 tx t=29581507 peer=0x01 type=3 schema=0 frag=0x01 seq=987 rssi=- snr=- st=0 rx=5 deaf=213955
2026-09-19T11:56:19Z,FRAME #987 tx t=29591510 peer=0x02 type=3 schema=0 frag=0x01 seq=988 rssi=- snr=- st=0 rx=5 deaf=214172
2026-09-19T11:56:24Z,CHANSUM,29530,29589,60,60006,5956,42,6,0,2,0,-1080,-1160,-1150,-1151
2026-09-19T11:57:09Z,FRAME #988 tx t=29641509 peer=0x01 type=3 schema=0 frag=0x01 seq=989 rssi=- snr=- st=0 rx=5 deaf=214386
2026-09-19T11:57:19Z,FRAME #989 tx t=29651512 peer=0x02 type=3 schema=0 frag=0x01 seq=990 rssi=- snr=- st=0 rx=5 deaf=214603
2026-09-19T11:57:24Z,CHANSUM,29590,29649,60,60012,5957,42,0,0,0,0,-1110,-1160,-1150,-1152
2026-09-19T11:57:26Z,CHAN,29651,29657310,1000,100,0,1,0,-1100,-1150,-1139
2026-09-19T11:57:37Z,CHAN,29662,29668310,1000,100,0,5,0,-1010,-1150,-1134
2026-09-19T11:58:09Z,FRAME #990 tx t=29701511 peer=0x01 type=3 schema=0 frag=0x01 seq=991 rssi=- snr=- st=0 rx=5 deaf=214816
2026-09-19T11:58:19Z,FRAME #991 tx t=29711514 peer=0x02 type=3 schema=0 frag=0x01 seq=992 rssi=- snr=- st=0 rx=5 deaf=215033
2026-09-19T11:58:24Z,CHANSUM,29650,29709,60,60012,5957,42,6,0,2,0,-1010,-1170,-1150,-1151
2026-09-19T11:59:01Z,CHAN,29746,29752322,1000,100,0,1,0,-1100,-1150,-1140
2026-09-19T11:59:09Z,FRAME #992 tx t=29761507 peer=0x01 type=3 schema=0 frag=0x01 seq=993 rssi=- snr=- st=0 rx=5 deaf=215250
2026-09-19T11:59:19Z,FRAME #993 tx t=29771510 peer=0x02 type=3 schema=0 frag=0x01 seq=994 rssi=- snr=- st=0 rx=5 deaf=215467
2026-09-19T11:59:24Z,CHANSUM,29710,29769,60,60006,5956,42,1,0,1,0,-1100,-1160,-1150,-1150
2026-09-19T11:59:49Z,CHAN,29794,29800328,1000,100,0,1,0,-1080,-1150,-1141
2026-09-19T12:00:05Z,CHAN,29810,29816328,1000,100,0,3,0,-1100,-1150,-1139
2026-09-19T12:00:09Z,FRAME #994 tx t=29822246 peer=0x01 type=3 schema=0 frag=0x01 seq=995 rssi=- snr=- st=0 rx=5 deaf=215701
2026-09-19T12:00:19Z,FRAME #995 tx t=29831505 peer=0x02 type=3 schema=0 frag=0x01 seq=996 rssi=- snr=- st=0 rx=5 deaf=215914
2026-09-19T12:00:24Z,CHANSUM,29770,29829,60,60015,5955,44,4,0,2,0,-1080,-1160,-1150,-1151
2026-09-19T12:01:04Z,CHAN,29869,29875343,1000,100,0,2,0,-840,-1150,-1134
2026-09-19T12:01:09Z,FRAME #996 tx t=29881504 peer=0x01 type=3 schema=0 frag=0x01 seq=997 rssi=- snr=- st=0 rx=5 deaf=216127
2026-09-19T12:01:19Z,FRAME #997 tx t=29891507 peer=0x02 type=3 schema=0 frag=0x01 seq=998 rssi=- snr=- st=0 rx=5 deaf=216344
2026-09-19T12:01:24Z,CHANSUM,29830,29889,60,60012,5957,42,2,0,1,0,-840,-1160,-1150,-1150
2026-09-19T12:01:49Z,CHAN,29914,29920355,1000,100,0,5,0,-900,-1150,-1130
2026-09-19T12:02:09Z,FRAME #998 tx t=29941506 peer=0x01 type=3 schema=0 frag=0x01 seq=999 rssi=- snr=- st=0 rx=5 deaf=216557
2026-09-19T12:02:19Z,FRAME #999 tx t=29951509 peer=0x02 type=3 schema=0 frag=0x01 seq=1000 rssi=- snr=- st=0 rx=5 deaf=216774
2026-09-19T12:02:24Z,CHANSUM,29890,29949,60,60012,5957,42,5,0,1,0,-900,-1160,-1150,-1151
2026-09-19T12:02:40Z,CHAN,29965,29971367,1000,100,0,5,0,-1000,-1150,-1134
2026-09-19T12:03:00Z,CHAN,29985,29991367,1000,100,0,1,0,-1100,-1150,-1141
2026-09-19T12:03:09Z,FRAME #1000 tx t=30001508 peer=0x01 type=3 schema=0 frag=0x01 seq=1001 rssi=- snr=- st=0 rx=5 deaf=216987
2026-09-19T12:03:15Z,CHAN,30000,30006376,1000,100,0,3,0,-1070,-1150,-1140
2026-09-19T12:03:19Z,FRAME #1001 tx t=30011511 peer=0x02 type=3 schema=0 frag=0x01 seq=1002 rssi=- snr=- st=0 rx=5 deaf=217204
2026-09-19T12:03:21Z,CHAN,30006,30012379,1000,100,0,5,0,-1090,-1150,-1138
2026-09-19T12:03:24Z,CHANSUM,29950,30009,60,60012,5957,42,14,0,4,0,-1000,-1160,-1150,-1150
2026-09-19T12:03:42Z,CHAN,30027,30033379,1000,100,0,5,0,-1010,-1150,-1133
2026-09-19T12:04:09Z,FRAME #1002 tx t=30061510 peer=0x01 type=3 schema=0 frag=0x01 seq=1003 rssi=- snr=- st=0 rx=5 deaf=217417
2026-09-19T12:04:19Z,FRAME #1003 tx t=30071513 peer=0x02 type=3 schema=0 frag=0x01 seq=1004 rssi=- snr=- st=0 rx=5 deaf=217634
2026-09-19T12:04:24Z,CHANSUM,30010,30069,60,60012,5957,42,5,0,1,0,-1010,-1160,-1150,-1151
2026-09-19T12:04:39Z,CHAN,30084,30090391,1000,100,0,2,0,-1100,-1150,-1140
2026-09-19T12:04:57Z,CHAN,30102,30108391,1000,100,0,5,0,-950,-1150,-1131
2026-09-19T12:05:09Z,FRAME #1004 tx t=30121512 peer=0x01 type=3 schema=0 frag=0x01 seq=1005 rssi=- snr=- st=0 rx=5 deaf=217847
2026-09-19T12:05:19Z,FRAME #1005 tx t=30131515 peer=0x02 type=3 schema=0 frag=0x01 seq=1006 rssi=- snr=- st=0 rx=5 deaf=218064
2026-09-19T12:05:24Z,CHANSUM,30070,30129,60,60012,5957,42,7,0,2,0,-950,-1160,-1150,-1151
2026-09-19T12:06:09Z,FRAME #1006 tx t=30181508 peer=0x01 type=3 schema=0 frag=0x01 seq=1007 rssi=- snr=- st=0 rx=5 deaf=218281
2026-09-19T12:06:10Z,CHAN,30175,30181403,1003,78,21,3,0,-1050,-1160,-1137
2026-09-19T12:06:19Z,FRAME #1007 tx t=30191511 peer=0x02 type=3 schema=0 frag=0x01 seq=1008 rssi=- snr=- st=0 rx=5 deaf=218498
2026-09-19T12:06:24Z,CHANSUM,30130,30189,60,60006,5956,42,3,0,1,0,-1050,-1160,-1150,-1151
2026-09-19T12:06:46Z,CHAN,30211,30217409,1000,100,0,5,0,-970,-1150,-1135
2026-09-19T12:07:09Z,FRAME #1008 tx t=30241510 peer=0x01 type=3 schema=0 frag=0x01 seq=1009 rssi=- snr=- st=0 rx=5 deaf=218711
2026-09-19T12:07:20Z,FRAME #1009 tx t=30252840 peer=0x02 type=3 schema=0 frag=0x01 seq=1010 rssi=- snr=- st=0 rx=5 deaf=218949
2026-09-19T12:07:24Z,CHANSUM,30190,30249,60,60019,5955,44,5,0,1,0,-970,-1160,-1150,-1151
2026-09-19T12:07:54Z,CHAN,30279,30285428,1000,100,0,4,0,-1100,-1150,-1138
2026-09-19T12:08:00Z,CHAN,30285,30291428,1000,100,0,1,0,-1100,-1150,-1138
2026-09-19T12:08:09Z,FRAME #1010 tx t=30301513 peer=0x01 type=3 schema=0 frag=0x01 seq=1011 rssi=- snr=- st=0 rx=5 deaf=219166
2026-09-19T12:08:19Z,FRAME #1011 tx t=30311516 peer=0x02 type=3 schema=0 frag=0x01 seq=1012 rssi=- snr=- st=0 rx=5 deaf=219383
2026-09-19T12:08:24Z,CHANSUM,30250,30309,60,60006,5956,42,5,0,2,0,-1100,-1160,-1150,-1151
2026-09-19T12:08:28Z,CHAN,30313,30319434,1000,100,0,4,0,-1080,-1150,-1138
2026-09-19T12:08:32Z,CHAN,30317,30323434,1000,100,0,5,0,-970,-1150,-1133
2026-09-19T12:09:09Z,FRAME #1012 tx t=30361509 peer=0x01 type=3 schema=0 frag=0x01 seq=1013 rssi=- snr=- st=0 rx=5 deaf=219600
2026-09-19T12:09:19Z,FRAME #1013 tx t=30371512 peer=0x02 type=3 schema=0 frag=0x01 seq=1014 rssi=- snr=- st=0 rx=5 deaf=219817
2026-09-19T12:09:24Z,CHANSUM,30310,30369,60,60006,5956,42,9,0,2,0,-970,-1160,-1150,-1150
2026-09-19T12:09:54Z,CHAN,30399,30405440,1000,100,0,3,0,-1040,-1150,-1138
2026-09-19T12:10:09Z,FRAME #1014 tx t=30421511 peer=0x01 type=3 schema=0 frag=0x01 seq=1015 rssi=- snr=- st=0 rx=5 deaf=220030
2026-09-19T12:10:19Z,FRAME #1015 tx t=30431514 peer=0x02 type=3 schema=0 frag=0x01 seq=1016 rssi=- snr=- st=0 rx=5 deaf=220247
2026-09-19T12:10:24Z,CHANSUM,30370,30429,60,60012,5957,42,3,0,1,0,-1040,-1160,-1150,-1150
2026-09-19T12:10:51Z,CHAN,30456,30462452,1000,100,0,1,0,-1100,-1150,-1140
2026-09-19T12:10:55Z,CHAN,30460,30466452,1000,100,0,9,0,-1030,-1150,-1131
2026-09-19T12:10:59Z,CHAN,30464,30470452,1000,100,0,5,0,-1050,-1150,-1137
2026-09-19T12:11:04Z,CHAN,30469,30475452,1000,100,0,5,0,-950,-1150,-1130
2026-09-19T12:11:09Z,FRAME #1016 tx t=30481507 peer=0x01 type=3 schema=0 frag=0x01 seq=1017 rssi=- snr=- st=0 rx=5 deaf=220464
2026-09-19T12:11:19Z,FRAME #1017 tx t=30491510 peer=0x02 type=3 schema=0 frag=0x01 seq=1018 rssi=- snr=- st=0 rx=5 deaf=220681
2026-09-19T12:11:24Z,CHANSUM,30430,30489,60,60006,5956,42,20,0,4,0,-950,-1160,-1150,-1151
2026-09-19T12:12:00Z,CHAN,30525,30531458,1000,100,0,9,0,-1030,-1150,-1131
2026-09-19T12:12:09Z,FRAME #1018 tx t=30541509 peer=0x01 type=3 schema=0 frag=0x01 seq=1019 rssi=- snr=- st=0 rx=5 deaf=220895
2026-09-19T12:12:19Z,FRAME #1019 tx t=30551512 peer=0x02 type=3 schema=0 frag=0x01 seq=1020 rssi=- snr=- st=0 rx=5 deaf=221112
2026-09-19T12:12:24Z,CHAN,30549,30555470,1000,100,0,3,0,-790,-1150,-1130
2026-09-19T12:12:24Z,CHANSUM,30490,30549,60,60012,5957,42,12,0,2,0,-790,-1160,-1150,-1150
2026-09-19T12:12:26Z,CHAN,30551,30557470,1000,100,0,4,0,-910,-1160,-1131
2026-09-19T12:12:35Z,CHAN,30560,30566470,1000,100,0,1,0,-1100,-1150,-1140
2026-09-19T12:12:36Z,CHAN,30561,30567470,1000,100,0,1,0,-1090,-1160,-1140
2026-09-19T12:13:09Z,FRAME #1020 tx t=30601511 peer=0x01 type=3 schema=0 frag=0x01 seq=1021 rssi=- snr=- st=0 rx=5 deaf=221325
2026-09-19T12:13:15Z,CHAN,30600,30606479,1000,100,0,9,0,-950,-1150,-1125
2026-09-19T12:13:19Z,FRAME #1021 tx t=30611514 peer=0x02 type=3 schema=0 frag=0x01 seq=1022 rssi=- snr=- st=0 rx=5 deaf=221542
2026-09-19T12:13:23Z,CHAN,30608,30614482,1000,100,0,1,0,-1100,-1160,-1140
2026-09-19T12:13:24Z,CHANSUM,30550,30609,60,60012,5957,42,16,0,5,0,-910,-1160,-1150,-1152
2026-09-19T12:13:48Z,CHAN,30633,30639482,1000,100,0,1,0,-1090,-1150,-1140
2026-09-19T12:13:49Z,CHAN,30634,30640482,1000,100,0,2,0,-1050,-1150,-1138
2026-09-19T12:14:09Z,FRAME #1022 tx t=30661507 peer=0x01 type=3 schema=0 frag=0x01 seq=1023 rssi=- snr=- st=0 rx=5 deaf=221759
2026-09-19T12:14:19Z,FRAME #1023 tx t=30671510 peer=0x02 type=3 schema=0 frag=0x01 seq=1024 rssi=- snr=- st=0 rx=5 deaf=221976
2026-09-19T12:14:24Z,CHANSUM,30610,30669,60,60006,5956,42,3,0,2,0,-1050,-1160,-1150,-1151
2026-09-19T12:14:25Z,CHAN,30670,30676488,1000,100,0,4,0,-790,-1150,-1127
2026-09-19T12:14:49Z,CHAN,30694,30700488,1000,100,0,4,0,-820,-1150,-1128
2026-09-19T12:15:09Z,FRAME #1024 tx t=30721509 peer=0x01 type=3 schema=0 frag=0x01 seq=1025 rssi=- snr=- st=0 rx=5 deaf=222190
2026-09-19T12:15:15Z,CHAN,30720,30726497,1000,100,0,9,0,-1020,-1160,-1131
2026-09-19T12:15:19Z,FRAME #1025 tx t=30731512 peer=0x02 type=3 schema=0 frag=0x01 seq=1026 rssi=- snr=- st=0 rx=5 deaf=222407
2026-09-19T12:15:24Z,CHANSUM,30670,30729,60,60022,5958,42,17,0,3,0,-790,-1160,-1150,-1151
2026-09-19T12:15:44Z,CHAN,30749,30755510,1000,100,0,4,0,-1060,-1150,-1137
2026-09-19T12:16:09Z,FRAME #1026 tx t=30781511 peer=0x01 type=3 schema=0 frag=0x01 seq=1027 rssi=- snr=- st=0 rx=5 deaf=222620
2026-09-19T12:16:19Z,FRAME #1027 tx t=30791514 peer=0x02 type=3 schema=0 frag=0x01 seq=1028 rssi=- snr=- st=0 rx=5 deaf=222837
2026-09-19T12:16:20Z,CHAN,30785,30791531,1001,81,19,14,0,-820,-1160,-1110
2026-09-19T12:16:24Z,CHANSUM,30730,30789,60,60022,5958,42,18,0,2,0,-820,-1160,-1150,-1151
2026-09-19T12:16:39Z,CHAN,30804,30810532,1000,100,0,4,0,-1060,-1150,-1138
2026-09-19T12:16:45Z,CHAN,30810,30816532,1000,100,0,4,0,-460,-1160,-1116
2026-09-19T12:16:47Z,CHAN,30812,30818532,1000,100,0,3,0,-1000,-1150,-1136
2026-09-19T12:17:09Z,FRAME #1028 tx t=30841507 peer=0x01 type=3 schema=0 frag=0x01 seq=1029 rssi=- snr=- st=0 rx=5 deaf=223054
2026-09-19T12:17:19Z,FRAME #1029 tx t=30851510 peer=0x02 type=3 schema=0 frag=0x01 seq=1030 rssi=- snr=- st=0 rx=5 deaf=223271
2026-09-19T12:17:24Z,CHANSUM,30790,30849,60,60006,5956,42,11,0,3,0,-460,-1160,-1150,-1151
2026-09-19T12:17:30Z,CHAN,30855,30861538,1000,100,0,5,0,-1090,-1150,-1139
2026-09-19T12:17:33Z,CHAN,30858,30864538,1000,100,0,5,0,-1060,-1150,-1137
2026-09-19T12:17:55Z,CHAN,30880,30886538,1000,100,0,3,0,-1030,-1150,-1138
2026-09-19T12:18:09Z,FRAME #1030 tx t=30901509 peer=0x01 type=3 schema=0 frag=0x01 seq=1031 rssi=- snr=- st=0 rx=5 deaf=223484
2026-09-19T12:18:16Z,CHAN,30901,30907547,1000,100,0,4,0,-990,-1150,-1135
2026-09-19T12:18:19Z,FRAME #1031 tx t=30911512 peer=0x02 type=3 schema=0 frag=0x01 seq=1032 rssi=- snr=- st=0 rx=5 deaf=223701
2026-09-19T12:18:24Z,CHANSUM,30850,30909,60,60012,5957,42,17,0,4,0,-990,-1160,-1150,-1150
2026-09-19T12:18:36Z,CHAN,30921,30927550,1000,100,0,4,0,-1090,-1150,-1139
2026-09-19T12:18:51Z,CHAN,30936,30942550,1000,100,0,5,0,-1060,-1150,-1137
2026-09-19T12:19:09Z,FRAME #1032 tx t=30961511 peer=0x01 type=3 schema=0 frag=0x01 seq=1033 rssi=- snr=- st=0 rx=5 deaf=223914
2026-09-19T12:19:19Z,FRAME #1033 tx t=30971514 peer=0x02 type=3 schema=0 frag=0x01 seq=1034 rssi=- snr=- st=0 rx=5 deaf=224131
2026-09-19T12:19:19Z,CHAN,30964,30970559,1001,94,5,9,0,-1030,-1150,-1131
2026-09-19T12:19:24Z,CHANSUM,30910,30969,60,60012,5957,42,18,0,3,0,-1030,-1160,-1150,-1150
2026-09-19T12:19:53Z,CHAN,30998,31004562,1000,100,0,5,0,-1010,-1150,-1134
2026-09-19T12:20:09Z,FRAME #1034 tx t=31021503 peer=0x01 type=3 schema=0 frag=0x01 seq=1035 rssi=- snr=- st=0 rx=5 deaf=224344
2026-09-19T12:20:19Z,FRAME #1035 tx t=31031512 peer=0x02 type=3 schema=0 frag=0x01 seq=1036 rssi=- snr=- st=0 rx=5 deaf=224557
2026-09-19T12:20:24Z,CHANSUM,30970,31029,60,60018,5958,42,5,0,1,0,-1010,-1160,-1150,-1150
2026-09-19T12:20:40Z,CHAN,31045,31051580,1000,100,0,3,0,-1060,-1150,-1138
2026-09-19T12:20:48Z,CHAN,31053,31059580,1000,100,0,5,0,-1040,-1150,-1136
2026-09-19T12:20:56Z,CHAN,31061,31067580,1000,100,0,4,0,-1030,-1150,-1137
2026-09-19T12:21:10Z,FRAME #1036 tx t=31082578 peer=0x01 type=3 schema=0 frag=0x01 seq=1037 rssi=- snr=- st=0 rx=5 deaf=224791
2026-09-19T12:21:19Z,FRAME #1037 tx t=31091507 peer=0x02 type=3 schema=0 frag=0x01 seq=1038 rssi=- snr=- st=0 rx=5 deaf=225004
2026-09-19T12:21:24Z,CHANSUM,31030,31089,60,60025,5956,44,12,0,3,0,-1030,-1160,-1150,-1151
2026-09-19T12:21:25Z,CHAN,31090,31096605,1000,100,0,9,0,-1030,-1150,-1131
2026-09-19T12:21:33Z,CHAN,31098,31104605,1000,100,0,4,0,-1070,-1150,-1138
2026-09-19T12:21:50Z,CHAN,31115,31121605,1000,100,0,3,0,-780,-1160,-1129
2026-09-19T12:22:09Z,FRAME #1038 tx t=31141506 peer=0x01 type=3 schema=0 frag=0x01 seq=1039 rssi=- snr=- st=0 rx=5 deaf=225217
2026-09-19T12:22:19Z,FRAME #1039 tx t=31151509 peer=0x02 type=3 schema=0 frag=0x01 seq=1040 rssi=- snr=- st=0 rx=5 deaf=225434
2026-09-19T12:22:24Z,CHANSUM,31090,31149,60,60012,5957,42,16,0,3,0,-780,-1160,-1150,-1151
2026-09-19T12:22:30Z,CHAN,31155,31161617,1000,100,0,9,0,-1020,-1150,-1129
2026-09-19T12:23:09Z,FRAME #1040 tx t=31201508 peer=0x01 type=3 schema=0 frag=0x01 seq=1041 rssi=- snr=- st=0 rx=5 deaf=225647
2026-09-19T12:23:19Z,FRAME #1041 tx t=31211511 peer=0x02 type=3 schema=0 frag=0x01 seq=1042 rssi=- snr=- st=0 rx=5 deaf=225864
2026-09-19T12:23:24Z,CHANSUM,31150,31209,60,60012,5957,42,9,0,1,0,-1020,-1160,-1150,-1150
2026-09-19T12:24:09Z,FRAME #1042 tx t=31261510 peer=0x01 type=3 schema=0 frag=0x01 seq=1043 rssi=- snr=- st=0 rx=5 deaf=226077
2026-09-19T12:24:19Z,FRAME #1043 tx t=31271513 peer=0x02 type=3 schema=0 frag=0x01 seq=1044 rssi=- snr=- st=0 rx=5 deaf=226294
2026-09-19T12:24:24Z,CHANSUM,31210,31269,60,60012,5957,42,0,0,0,0,-1120,-1160,-1150,-1151
2026-09-19T12:24:41Z,CHAN,31286,31292641,1000,100,0,1,0,-1100,-1150,-1139
2026-09-19T12:25:07Z,CHAN,31312,31318641,1000,100,0,4,0,-960,-1150,-1134
2026-09-19T12:25:09Z,FRAME #1044 tx t=31321512 peer=0x01 type=3 schema=0 frag=0x01 seq=1045 rssi=- snr=- st=0 rx=5 deaf=226507
2026-09-19T12:25:19Z,FRAME #1045 tx t=31331515 peer=0x02 type=3 schema=0 frag=0x01 seq=1046 rssi=- snr=- st=0 rx=5 deaf=226724
2026-09-19T12:25:24Z,CHANSUM,31270,31329,60,60012,5957,42,5,0,2,0,-960,-1160,-1150,-1151
2026-09-19T12:25:45Z,CHAN,31350,31356653,1000,100,0,9,0,-1030,-1150,-1131
2026-09-19T12:25:50Z,CHAN,31355,31361653,1000,100,0,5,0,-910,-1150,-1128
2026-09-19T12:26:09Z,FRAME #1046 tx t=31381508 peer=0x01 type=3 schema=0 frag=0x01 seq=1047 rssi=- snr=- st=0 rx=5 deaf=226941
2026-09-19T12:26:20Z,FRAME #1047 tx t=31392692 peer=0x02 type=3 schema=0 frag=0x01 seq=1048 rssi=- snr=- st=0 rx=5 deaf=227183
2026-09-19T12:26:24Z,CHANSUM,31330,31389,60,60007,5953,44,14,0,2,0,-910,-1160,-1150,-1150
2026-09-19T12:26:41Z,CHAN,31406,31412660,1000,100,0,1,0,-1100,-1150,-1140
2026-09-19T12:26:49Z,CHAN,31414,31420660,1000,100,0,4,0,-980,-1150,-1135
2026-09-19T12:26:50Z,CHAN,31415,31421660,1000,100,0,9,0,-1030,-1150,-1132
2026-09-19T12:27:09Z,FRAME #1048 tx t=31441511 peer=0x01 type=3 schema=0 frag=0x01 seq=1049 rssi=- snr=- st=0 rx=5 deaf=227396
2026-09-19T12:27:19Z,FRAME #1049 tx t=31451510 peer=0x02 type=3 schema=0 frag=0x01 seq=1050 rssi=- snr=- st=0 rx=5 deaf=227609
2026-09-19T12:27:24Z,CHANSUM,31390,31449,60,60018,5958,42,14,0,3,0,-980,-1160,-1150,-1151
2026-09-19T12:27:36Z,CHAN,31461,31467678,1000,100,0,3,0,-780,-1150,-1131
2026-09-19T12:28:09Z,FRAME #1050 tx t=31501509 peer=0x01 type=3 schema=0 frag=0x01 seq=1051 rssi=- snr=- st=0 rx=5 deaf=227822
2026-09-19T12:28:19Z,FRAME #1051 tx t=31511512 peer=0x02 type=3 schema=0 frag=0x01 seq=1052 rssi=- snr=- st=0 rx=5 deaf=228039
2026-09-19T12:28:24Z,CHANSUM,31450,31509,60,60012,5957,42,3,0,1,0,-780,-1160,-1150,-1151
2026-09-19T12:29:09Z,FRAME #1052 tx t=31561511 peer=0x01 type=3 schema=0 frag=0x01 seq=1053 rssi=- snr=- st=0 rx=5 deaf=228252
2026-09-19T12:29:11Z,CHAN,31556,31562699,1000,100,0,5,0,-900,-1150,-1129
2026-09-19T12:29:19Z,FRAME #1053 tx t=31571514 peer=0x02 type=3 schema=0 frag=0x01 seq=1054 rssi=- snr=- st=0 rx=5 deaf=228469
2026-09-19T12:29:24Z,CHANSUM,31510,31569,60,60012,5957,42,5,0,1,0,-900,-1160,-1150,-1151
2026-09-19T12:30:09Z,FRAME #1054 tx t=31622244 peer=0x01 type=3 schema=0 frag=0x01 seq=1055 rssi=- snr=- st=0 rx=5 deaf=228707
2026-09-19T12:30:19Z,FRAME #1055 tx t=31631503 peer=0x02 type=3 schema=0 frag=0x01 seq=1056 rssi=- snr=- st=0 rx=5 deaf=228920
2026-09-19T12:30:24Z,CHANSUM,31570,31629,60,60019,5955,44,0,0,0,0,-1110,-1160,-1150,-1151
2026-09-19T12:30:28Z,CHAN,31633,31639721,1000,100,0,4,0,-1090,-1150,-1139
2026-09-19T12:30:50Z,CHAN,31655,31661721,1000,100,0,3,0,-900,-1150,-1134
2026-09-19T12:30:51Z,CHAN,31656,31662721,1000,100,0,3,0,-1080,-1160,-1139
2026-09-19T12:31:09Z,FRAME #1056 tx t=31681516 peer=0x01 type=3 schema=0 frag=0x01 seq=1057 rssi=- snr=- st=0 rx=5 deaf=229137
2026-09-19T12:31:19Z,FRAME #1057 tx t=31691505 peer=0x02 type=3 schema=0 frag=0x01 seq=1058 rssi=- snr=- st=0 rx=5 deaf=229350
2026-09-19T12:31:24Z,CHANSUM,31630,31689,60,60012,5957,42,10,0,3,0,-900,-1160,-1150,-1150
2026-09-19T12:32:09Z,FRAME #1058 tx t=31741504 peer=0x01 type=3 schema=0 frag=0x01 seq=1059 rssi=- snr=- st=0 rx=5 deaf=229563
2026-09-19T12:32:19Z,FRAME #1059 tx t=31751507 peer=0x02 type=3 schema=0 frag=0x01 seq=1060 rssi=- snr=- st=0 rx=5 deaf=229780
2026-09-19T12:32:24Z,CHANSUM,31690,31749,60,60012,5957,42,0,0,0,0,-1110,-1160,-1150,-1151
2026-09-19T12:33:05Z,CHAN,31790,31796745,1000,100,0,38,0,-1000,-1150,-1089
2026-09-19T12:33:07Z,CHAN,31792,31798745,1000,100,0,1,0,-970,-1150,-1139
2026-09-19T12:33:10Z,FRAME #1060 tx t=31802417 peer=0x01 type=3 schema=0 frag=0x01 seq=1061 rssi=- snr=- st=0 rx=5 deaf=230018
2026-09-19T12:33:19Z,FRAME #1061 tx t=31811510 peer=0x02 type=3 schema=0 frag=0x01 seq=1062 rssi=- snr=- st=0 rx=5 deaf=230235
2026-09-19T12:33:24Z,CHANSUM,31750,31809,60,60013,5954,44,39,0,2,0,-970,-1160,-1150,-1151
2026-09-19T12:33:34Z,CHAN,31819,31825758,1000,100,0,5,0,-830,-1150,-1127
2026-09-19T12:34:00Z,CHAN,31845,31851758,1000,100,0,5,0,-1030,-1160,-1135
2026-09-19T12:34:09Z,FRAME #1062 tx t=31861509 peer=0x01 type=3 schema=0 frag=0x01 seq=1063 rssi=- snr=- st=0 rx=5 deaf=230448
2026-09-19T12:34:09Z,CHAN,31854,31860758,1009,79,21,1,0,-970,-1150,-1138
2026-09-19T12:34:10Z,CHAN,31855,31861767,1000,100,0,38,0,-1000,-1150,-1090
2026-09-19T12:34:19Z,FRAME #1063 tx t=31871512 peer=0x02 type=3 schema=0 frag=0x01 seq=1064 rssi=- snr=- st=0 rx=5 deaf=230665
2026-09-19T12:34:24Z,CHANSUM,31810,31869,60,60012,5957,42,49,0,4,0,-830,-1160,-1150,-1151
2026-09-19T12:34:29Z,CHAN,31874,31880770,1000,100,0,1,0,-1100,-1150,-1139
2026-09-19T12:34:36Z,CHAN,31881,31887770,1000,100,0,4,0,-1090,-1150,-1139
2026-09-19T12:34:52Z,CHAN,31897,31903770,1000,100,0,5,0,-1080,-1160,-1139
2026-09-19T12:35:09Z,FRAME #1064 tx t=31921511 peer=0x01 type=3 schema=0 frag=0x01 seq=1065 rssi=- snr=- st=0 rx=5 deaf=230878
2026-09-19T12:35:19Z,FRAME #1065 tx t=31931514 peer=0x02 type=3 schema=0 frag=0x01 seq=1066 rssi=- snr=- st=0 rx=5 deaf=231095
2026-09-19T12:35:24Z,CHANSUM,31870,31929,60,60012,5957,42,10,0,3,0,-1080,-1160,-1150,-1150
2026-09-19T12:36:09Z,FRAME #1066 tx t=31981503 peer=0x01 type=3 schema=0 frag=0x01 seq=1067 rssi=- snr=- st=0 rx=5 deaf=231308
2026-09-19T12:36:19Z,FRAME #1067 tx t=31992139 peer=0x02 type=3 schema=0 frag=0x01 seq=1068 rssi=- snr=- st=0 rx=5 deaf=231542
2026-09-19T12:36:24Z,CHANSUM,31930,31989,60,60025,5956,44,0,0,0,0,-1120,-1160,-1150,-1150
2026-09-19T12:37:10Z,FRAME #1068 tx t=32042745 peer=0x01 type=3 schema=0 frag=0x01 seq=1069 rssi=- snr=- st=0 rx=5 deaf=231776
2026-09-19T12:37:19Z,FRAME #1069 tx t=32051504 peer=0x02 type=3 schema=0 frag=0x01 seq=1070 rssi=- snr=- st=0 rx=5 deaf=231989
2026-09-19T12:37:24Z,CHANSUM,31990,32049,60,60025,5956,44,0,0,0,0,-1120,-1160,-1150,-1151
2026-09-19T12:37:35Z,CHAN,32060,32066832,1000,100,0,5,0,-1060,-1150,-1137
2026-09-19T12:38:09Z,FRAME #1070 tx t=32101503 peer=0x01 type=3 schema=0 frag=0x01 seq=1071 rssi=- snr=- st=0 rx=5 deaf=232202
2026-09-19T12:38:10Z,CHAN,32095,32101841,1000,100,0,5,0,-1060,-1150,-1137
2026-09-19T12:38:19Z,FRAME #1071 tx t=32111512 peer=0x02 type=3 schema=0 frag=0x01 seq=1072 rssi=- snr=- st=0 rx=5 deaf=232415
2026-09-19T12:38:24Z,CHANSUM,32050,32109,60,60018,5958,42,10,0,2,0,-1060,-1170,-1150,-1151
2026-09-19T12:39:09Z,FRAME #1072 tx t=32161511 peer=0x01 type=3 schema=0 frag=0x01 seq=1073 rssi=- snr=- st=0 rx=5 deaf=232628
2026-09-19T12:39:18Z,CHAN,32163,32169859,1000,100,0,1,0,-1100,-1150,-1139
2026-09-19T12:39:19Z,FRAME #1073 tx t=32171514 peer=0x02 type=3 schema=0 frag=0x01 seq=1074 rssi=- snr=- st=0 rx=5 deaf=232845
2026-09-19T12:39:24Z,CHANSUM,32110,32169,60,60012,5957,42,1,0,1,0,-1100,-1160,-1150,-1150
2026-09-19T12:39:44Z,CHAN,32189,32195862,1000,100,0,4,0,-1010,-1150,-1135
2026-09-19T12:40:09Z,FRAME #1074 tx t=32221507 peer=0x01 type=3 schema=0 frag=0x01 seq=1075 rssi=- snr=- st=0 rx=5 deaf=233062
2026-09-19T12:40:19Z,FRAME #1075 tx t=32231510 peer=0x02 type=3 schema=0 frag=0x01 seq=1076 rssi=- snr=- st=0 rx=5 deaf=233279
2026-09-19T12:40:24Z,CHANSUM,32170,32229,60,60006,5956,42,4,0,1,0,-1010,-1160,-1150,-1151
2026-09-19T12:40:49Z,CHAN,32254,32260868,1000,100,0,3,0,-1030,-1150,-1138
2026-09-19T12:41:09Z,FRAME #1076 tx t=32281509 peer=0x01 type=3 schema=0 frag=0x01 seq=1077 rssi=- snr=- st=0 rx=5 deaf=233492
2026-09-19T12:41:20Z,FRAME #1077 tx t=32292319 peer=0x02 type=3 schema=0 frag=0x01 seq=1078 rssi=- snr=- st=0 rx=5 deaf=233730
2026-09-19T12:41:24Z,CHANSUM,32230,32289,60,60019,5955,44,3,0,1,0,-1030,-1160,-1150,-1152
2026-09-19T12:41:53Z,CHAN,32318,32324887,1000,100,0,5,0,-1060,-1150,-1138
2026-09-19T12:42:02Z,CHAN,32327,32333887,1000,100,0,4,0,-1030,-1160,-1136
2026-09-19T12:42:09Z,FRAME #1078 tx t=32341512 peer=0x01 type=3 schema=0 frag=0x01 seq=1079 rssi=- snr=- st=0 rx=5 deaf=233947
2026-09-19T12:42:12Z,CHAN,32337,32343890,1000,100,0,1,0,-1050,-1150,-1142
2026-09-19T12:42:13Z,CHAN,32338,32344890,1000,100,0,4,0,-1060,-1150,-1139
2026-09-19T12:42:19Z,FRAME #1079 tx t=32351515 peer=0x02 type=3 schema=0 frag=0x01 seq=1080 rssi=- snr=- st=0 rx=5 deaf=234164
2026-09-19T12:42:24Z,CHANSUM,32290,32349,60,60006,5956,42,14,0,4,0,-1030,-1160,-1150,-1152
2026-09-19T12:42:55Z,CHAN,32380,32386893,1000,100,0,4,0,-1090,-1160,-1140
2026-09-19T12:43:09Z,FRAME #1080 tx t=32401508 peer=0x01 type=3 schema=0 frag=0x01 seq=1081 rssi=- snr=- st=0 rx=5 deaf=234381
2026-09-19T12:43:09Z,CHAN,32394,32400893,1003,78,21,4,0,-910,-1150,-1130
2026-09-19T12:43:13Z,CHAN,32398,32404896,1000,100,0,2,0,-1070,-1150,-1140
2026-09-19T12:43:19Z,FRAME #1081 tx t=32411511 peer=0x02 type=3 schema=0 frag=0x01 seq=1082 rssi=- snr=- st=0 rx=5 deaf=234598
2026-09-19T12:43:22Z,CHAN,32407,32413899,1000,100,0,5,0,-990,-1150,-1135
2026-09-19T12:43:24Z,CHANSUM,32350,32409,60,60006,5956,42,15,0,4,0,-910,-1160,-1150,-1151
2026-09-19T12:43:41Z,CHAN,32426,32432899,1000,100,0,4,0,-1050,-1150,-1137
2026-09-19T12:44:09Z,FRAME #1082 tx t=32461510 peer=0x01 type=3 schema=0 frag=0x01 seq=1083 rssi=- snr=- st=0 rx=5 deaf=234811
2026-09-19T12:44:19Z,FRAME #1083 tx t=32471513 peer=0x02 type=3 schema=0 frag=0x01 seq=1084 rssi=- snr=- st=0 rx=5 deaf=235028
2026-09-19T12:44:24Z,CHANSUM,32410,32469,60,60012,5957,42,4,0,1,0,-1050,-1160,-1150,-1151
2026-09-19T12:44:32Z,CHAN,32477,32483911,1000,100,0,5,0,-940,-1150,-1132
2026-09-19T12:45:09Z,FRAME #1084 tx t=32521512 peer=0x01 type=3 schema=0 frag=0x01 seq=1085 rssi=- snr=- st=0 rx=5 deaf=235241
2026-09-19T12:45:19Z,FRAME #1085 tx t=32531515 peer=0x02 type=3 schema=0 frag=0x01 seq=1086 rssi=- snr=- st=0 rx=5 deaf=235458
2026-09-19T12:45:24Z,CHANSUM,32470,32529,60,60012,5957,42,5,0,1,0,-940,-1160,-1150,-1151
2026-09-19T12:45:25Z,CHAN,32530,32536923,1000,100,0,1,0,-1100,-1150,-1138
2026-09-19T12:45:35Z,CHAN,32540,32546923,1000,100,0,19,0,-1000,-1150,-1116
2026-09-19T12:46:09Z,FRAME #1086 tx t=32581508 peer=0x01 type=3 schema=0 frag=0x01 seq=1087 rssi=- snr=- st=0 rx=5 deaf=235675
2026-09-19T12:46:19Z,FRAME #1087 tx t=32591511 peer=0x02 type=3 schema=0 frag=0x01 seq=1088 rssi=- snr=- st=0 rx=5 deaf=235892
2026-09-19T12:46:24Z,CHANSUM,32530,32589,60,60006,5956,42,20,0,2,0,-1000,-1160,-1150,-1150
2026-09-19T12:46:40Z,CHAN,32605,32611929,1000,100,0,9,0,-1000,-1160,-1129
2026-09-19T12:47:10Z,FRAME #1088 tx t=32642246 peer=0x01 type=3 schema=0 frag=0x01 seq=1089 rssi=- snr=- st=0 rx=5 deaf=236126
2026-09-19T12:47:19Z,FRAME #1089 tx t=32651505 peer=0x02 type=3 schema=0 frag=0x01 seq=1090 rssi=- snr=- st=0 rx=5 deaf=236339
2026-09-19T12:47:24Z,CHANSUM,32590,32649,60,60024,5956,44,9,0,1,0,-1000,-1160,-1150,-1151
2026-09-19T12:47:47Z,CHAN,32672,32678953,1000,100,0,1,0,-1100,-1150,-1140
2026-09-19T12:48:09Z,FRAME #1090 tx t=32701504 peer=0x01 type=3 schema=0 frag=0x01 seq=1091 rssi=- snr=- st=0 rx=5 deaf=236552
2026-09-19T12:48:19Z,FRAME #1091 tx t=32711507 peer=0x02 type=3 schema=0 frag=0x01 seq=1092 rssi=- snr=- st=0 rx=5 deaf=236769
2026-09-19T12:48:24Z,CHANSUM,32650,32709,60,60012,5957,42,1,0,1,0,-1100,-1160,-1150,-1150
2026-09-19T12:48:41Z,CHAN,32726,32732965,1000,100,0,4,0,-1020,-1160,-1137
2026-09-19T12:48:59Z,CHAN,32744,32750965,1000,100,0,4,0,-990,-1150,-1134
2026-09-19T12:49:09Z,FRAME #1092 tx t=32761506 peer=0x01 type=3 schema=0 frag=0x01 seq=1093 rssi=- snr=- st=0 rx=5 deaf=236982
2026-09-19T12:49:15Z,CHAN,32760,32766974,1000,100,0,5,0,-1090,-1150,-1139
2026-09-19T12:49:19Z,FRAME #1093 tx t=32771509 peer=0x02 type=3 schema=0 frag=0x01 seq=1094 rssi=- snr=- st=0 rx=5 deaf=237199
2026-09-19T12:49:24Z,CHANSUM,32710,32769,60,60012,5957,42,13,0,3,0,-990,-1160,-1150,-1151
2026-09-19T12:49:32Z,CHAN,32777,32783977,1000,100,0,1,0,-1100,-1150,-1141
2026-09-19T12:49:41Z,CHAN,32786,32792977,1000,100,0,3,0,-1030,-1150,-1136
2026-09-19T12:49:50Z,CHAN,32795,32801977,1000,100,0,4,0,-1050,-1150,-1137
2026-09-19T12:49:55Z,CHAN,32800,32806977,1000,100,0,9,0,-1000,-1150,-1129
2026-09-19T12:50:00Z,CHAN,32805,32811977,1000,100,0,5,0,-1020,-1150,-1133
2026-09-19T12:50:10Z,FRAME #1094 tx t=32822329 peer=0x01 type=3 schema=0 frag=0x01 seq=1095 rssi=- snr=- st=0 rx=5 deaf=237437
2026-09-19T12:50:11Z,CHAN,32816,32822987,1000,100,0,5,0,-1000,-1150,-1135
2026-09-19T12:50:20Z,FRAME #1095 tx t=32832995 peer=0x02 type=3 schema=0 frag=0x01 seq=1096 rssi=- snr=- st=0 rx=5 deaf=237671
2026-09-19T12:50:24Z,CHANSUM,32770,32829,60,60026,5953,46,27,0,6,0,-1000,-1160,-1150,-1151
2026-09-19T12:50:57Z,CHAN,32862,32869003,1000,100,0,5,0,-840,-1150,-1128
2026-09-19T12:51:00Z,CHAN,32865,32872003,1000,100,0,9,0,-1000,-1150,-1127
2026-09-19T12:51:09Z,FRAME #1096 tx t=32881671 peer=0x01 type=3 schema=0 frag=0x01 seq=1097 rssi=- snr=- st=0 rx=5 deaf=237905
2026-09-19T12:51:12Z,CHAN,32877,32884009,1000,100,0,1,0,-1100,-1160,-1140
2026-09-19T12:51:19Z,FRAME #1097 tx t=32891514 peer=0x02 type=3 schema=0 frag=0x01 seq=1098 rssi=- snr=- st=0 rx=5 deaf=238122
2026-09-19T12:51:24Z,CHANSUM,32830,32889,60,60009,5954,44,15,0,3,0,-840,-1160,-1150,-1151
2026-09-19T12:52:09Z,FRAME #1098 tx t=32941507 peer=0x01 type=3 schema=0 frag=0x01 seq=1099 rssi=- snr=- st=0 rx=5 deaf=238339
2026-09-19T12:52:18Z,CHAN,32943,32950015,1000,100,0,5,0,-1090,-1160,-1137
2026-09-19T12:52:19Z,FRAME #1099 tx t=32951510 peer=0x02 type=3 schema=0 frag=0x01 seq=1100 rssi=- snr=- st=0 rx=5 deaf=238556
2026-09-19T12:52:24Z,CHANSUM,32890,32949,60,60006,5956,42,5,0,1,0,-1090,-1160,-1150,-1151
2026-09-19T12:53:09Z,FRAME #1100 tx t=33001509 peer=0x01 type=3 schema=0 frag=0x01 seq=1101 rssi=- snr=- st=0 rx=5 deaf=238769
2026-09-19T12:53:19Z,FRAME #1101 tx t=33011512 peer=0x02 type=3 schema=0 frag=0x01 seq=1102 rssi=- snr=- st=0 rx=5 deaf=238986
2026-09-19T12:53:24Z,CHANSUM,32950,33009,60,60012,5957,42,0,0,0,0,-1110,-1160,-1150,-1151
2026-09-19T12:54:09Z,FRAME #1102 tx t=33061511 peer=0x01 type=3 schema=0 frag=0x01 seq=1103 rssi=- snr=- st=0 rx=5 deaf=239199
2026-09-19T12:54:09Z,CHAN,33054,33061030,1009,79,21,3,0,-1070,-1160,-1140
2026-09-19T12:54:19Z,FRAME #1103 tx t=33071514 peer=0x02 type=3 schema=0 frag=0x01 seq=1104 rssi=- snr=- st=0 rx=5 deaf=239416
2026-09-19T12:54:24Z,CHANSUM,33010,33069,60,60012,5957,42,3,0,1,0,-1070,-1160,-1150,-1151
2026-09-19T12:55:09Z,FRAME #1104 tx t=33121507 peer=0x01 type=3 schema=0 frag=0x01 seq=1105 rssi=- snr=- st=0 rx=5 deaf=239633
2026-09-19T12:55:19Z,FRAME #1105 tx t=33131510 peer=0x02 type=3 schema=0 frag=0x01 seq=1106 rssi=- snr=- st=0 rx=5 deaf=239850
2026-09-19T12:55:24Z,CHANSUM,33070,33129,60,60006,5956,42,0,0,0,0,-1120,-1160,-1150,-1152
2026-09-19T12:56:05Z,CHAN,33170,33177048,1000,100,0,9,0,-990,-1150,-1128
2026-09-19T12:56:09Z,CHAN,33174,33181048,1007,98,2,5,0,-890,-1160,-1129
2026-09-19T12:56:10Z,FRAME #1106 tx t=33182356 peer=0x01 type=3 schema=0 frag=0x01 seq=1107 rssi=- snr=- st=0 rx=5 deaf=240084
2026-09-19T12:56:19Z,FRAME #1107 tx t=33191505 peer=0x02 type=3 schema=0 frag=0x01 seq=1108 rssi=- snr=- st=0 rx=5 deaf=240297
2026-09-19T12:56:22Z,CHAN,33187,33194073,1000,100,0,4,0,-1090,-1150,-1140
2026-09-19T12:56:24Z,CHANSUM,33130,33189,60,60025,5956,44,18,0,3,0,-890,-1160,-1150,-1152
2026-09-19T12:56:51Z,CHAN,33216,33223073,1000,100,0,5,0,-870,-1150,-1130
2026-09-19T12:57:09Z,FRAME #1108 tx t=33241504 peer=0x01 type=3 schema=0 frag=0x01 seq=1109 rssi=- snr=- st=0 rx=5 deaf=240510
2026-09-19T12:57:10Z,CHAN,33235,33242082,1000,100,0,10,0,-980,-1150,-1128
2026-09-19T12:57:19Z,FRAME #1109 tx t=33251507 peer=0x02 type=3 schema=0 frag=0x01 seq=1110 rssi=- snr=- st=0 rx=5 deaf=240727
2026-09-19T12:57:24Z,CHANSUM,33190,33249,60,60012,5957,42,15,0,2,0,-870,-1160,-1150,-1151
2026-09-19T12:57:25Z,CHAN,33250,33257085,1000,100,0,9,0,-1090,-1150,-1137
2026-09-19T12:57:26Z,CHAN,33251,33258085,1000,100,0,1,0,-1090,-1160,-1141
2026-09-19T12:57:34Z,CHAN,33259,33266085,1000,100,0,1,0,-1100,-1150,-1142
2026-09-19T12:57:54Z,CHAN,33279,33286085,1000,100,0,3,0,-1090,-1160,-1141
2026-09-19T12:58:09Z,FRAME #1110 tx t=33301506 peer=0x01 type=3 schema=0 frag=0x01 seq=1111 rssi=- snr=- st=0 rx=5 deaf=240940
2026-09-19T12:58:19Z,FRAME #1111 tx t=33311509 peer=0x02 type=3 schema=0 frag=0x01 seq=1112 rssi=- snr=- st=0 rx=5 deaf=241157
2026-09-19T12:58:24Z,CHANSUM,33250,33309,60,60012,5957,42,14,0,4,0,-1090,-1160,-1150,-1151
2026-09-19T12:58:50Z,CHAN,33335,33342097,1000,100,0,1,0,-1100,-1150,-1140
2026-09-19T12:58:52Z,CHAN,33337,33344097,1000,100,0,5,0,-1060,-1150,-1137
2026-09-19T12:58:53Z,CHAN,33338,33345097,1000,100,0,1,0,-1100,-1150,-1141
2026-09-19T12:59:09Z,FRAME #1112 tx t=33361508 peer=0x01 type=3 schema=0 frag=0x01 seq=1113 rssi=- snr=- st=0 rx=5 deaf=241370
2026-09-19T12:59:19Z,FRAME #1113 tx t=33371511 peer=0x02 type=3 schema=0 frag=0x01 seq=1114 rssi=- snr=- st=0 rx=5 deaf=241587
2026-09-19T12:59:24Z,CHANSUM,33310,33369,60,60012,5957,42,7,0,3,0,-1060,-1160,-1150,-1150
2026-09-19T12:59:57Z,CHAN,33402,33409109,1000,100,0,1,0,-1100,-1160,-1142
2026-09-19T13:00:09Z,FRAME #1114 tx t=33421514 peer=0x01 type=3 schema=0 frag=0x01 seq=1115 rssi=- snr=- st=0 rx=5 deaf=241804
2026-09-19T13:00:19Z,FRAME #1115 tx t=33431503 peer=0x02 type=3 schema=0 frag=0x01 seq=1116 rssi=- snr=- st=0 rx=5 deaf=242017
2026-09-19T13:00:20Z,CHAN,33425,33432121,1000,100,0,3,0,-850,-1150,-1134
2026-09-19T13:00:24Z,CHANSUM,33370,33429,60,60012,5957,42,4,0,2,0,-850,-1160,-1150,-1151
2026-09-19T13:00:25Z,CHAN,33430,33437121,1000,100,0,10,0,-990,-1150,-1128
2026-09-19T13:01:09Z,FRAME #1116 tx t=33481516 peer=0x01 type=3 schema=0 frag=0x01 seq=1117 rssi=- snr=- st=0 rx=5 deaf=242234
2026-09-19T13:01:19Z,FRAME #1117 tx t=33491505 peer=0x02 type=3 schema=0 frag=0x01 seq=1118 rssi=- snr=- st=0 rx=5 deaf=242447
2026-09-19T13:01:24Z,CHANSUM,33430,33489,60,60012,5957,42,10,0,1,0,-990,-1160,-1150,-1153
2026-09-19T13:01:30Z,CHAN,33495,33502133,1000,100,0,9,0,-980,-1150,-1129
2026-09-19T13:01:36Z,CHAN,33501,33508133,1000,100,0,5,0,-1020,-1150,-1136
2026-09-19T13:01:41Z,CHAN,33506,33513133,1000,100,0,4,0,-1050,-1150,-1139
2026-09-19T13:02:09Z,FRAME #1118 tx t=33541504 peer=0x01 type=3 schema=0 frag=0x01 seq=1119 rssi=- snr=- st=0 rx=5 deaf=242660
2026-09-19T13:02:19Z,FRAME #1119 tx t=33551507 peer=0x02 type=3 schema=0 frag=0x01 seq=1120 rssi=- snr=- st=0 rx=5 deaf=242877
2026-09-19T13:02:24Z,CHANSUM,33490,33549,60,60012,5957,42,18,0,3,0,-980,-1160,-1150,-1152
2026-09-19T13:02:53Z,CHAN,33578,33585145,1000,100,0,5,0,-1020,-1160,-1136
2026-09-19T13:03:09Z,FRAME #1120 tx t=33601506 peer=0x01 type=3 schema=0 frag=0x01 seq=1121 rssi=- snr=- st=0 rx=5 deaf=243090
2026-09-19T13:03:10Z,CHAN,33595,33602154,1000,100,0,4,0,-1050,-1150,-1139
2026-09-19T13:03:19Z,FRAME #1121 tx t=33611509 peer=0x02 type=3 schema=0 frag=0x01 seq=1122 rssi=- snr=- st=0 rx=5 deaf=243307
2026-09-19T13:03:25Z,CHANSUM,33550,33609,60,60012,5957,42,9,0,2,0,-1020,-1160,-1150,-1153
2026-09-19T13:03:45Z,CHAN,33629,33636157,1000,100,0,5,0,-890,-1150,-1130
2026-09-19T13:04:09Z,FRAME #1122 tx t=33661508 peer=0x01 type=3 schema=0 frag=0x01 seq=1123 rssi=- snr=- st=0 rx=5 deaf=243520
2026-09-19T13:04:19Z,FRAME #1123 tx t=33671511 peer=0x02 type=3 schema=0 frag=0x01 seq=1124 rssi=- snr=- st=0 rx=5 deaf=243737
2026-09-19T13:04:25Z,CHANSUM,33610,33669,60,60012,5957,42,5,0,1,0,-890,-1160,-1150,-1151
2026-09-19T13:04:50Z,CHAN,33694,33701169,1000,100,0,4,0,-1100,-1150,-1140
2026-09-19T13:05:09Z,FRAME #1124 tx t=33721510 peer=0x01 type=3 schema=0 frag=0x01 seq=1125 rssi=- snr=- st=0 rx=5 deaf=243950
2026-09-19T13:05:19Z,FRAME #1125 tx t=33731513 peer=0x02 type=3 schema=0 frag=0x01 seq=1126 rssi=- snr=- st=0 rx=5 deaf=244167
2026-09-19T13:05:25Z,CHANSUM,33670,33729,60,60012,5957,42,4,0,1,0,-1100,-1160,-1150,-1152
2026-09-19T13:05:46Z,CHAN,33750,33757181,1000,100,0,5,0,-900,-1160,-1130
2026-09-19T13:06:06Z,CHAN,33770,33777181,1000,100,0,5,0,-1010,-1150,-1135
2026-09-19T13:06:09Z,FRAME #1126 tx t=33781979 peer=0x01 type=3 schema=0 frag=0x01 seq=1127 rssi=- snr=- st=0 rx=5 deaf=244401
2026-09-19T13:06:19Z,FRAME #1127 tx t=33791508 peer=0x02 type=3 schema=0 frag=0x01 seq=1128 rssi=- snr=- st=0 rx=5 deaf=244614
2026-09-19T13:06:25Z,CHANSUM,33730,33789,60,60015,5955,44,10,0,2,0,-900,-1160,-1150,-1152
2026-09-19T13:07:09Z,FRAME #1128 tx t=33841507 peer=0x01 type=3 schema=0 frag=0x01 seq=1129 rssi=- snr=- st=0 rx=5 deaf=244827
2026-09-19T13:07:19Z,FRAME #1129 tx t=33851510 peer=0x02 type=3 schema=0 frag=0x01 seq=1130 rssi=- snr=- st=0 rx=5 deaf=245044
2026-09-19T13:07:25Z,CHANSUM,33790,33849,60,60012,5957,42,0,0,0,0,-1120,-1160,-1150,-1151
2026-09-19T13:07:40Z,CHAN,33864,33871208,1000,100,0,1,0,-1050,-1150,-1140
2026-09-19T13:08:09Z,FRAME #1130 tx t=33901509 peer=0x01 type=3 schema=0 frag=0x01 seq=1131 rssi=- snr=- st=0 rx=5 deaf=245257
2026-09-19T13:08:19Z,FRAME #1131 tx t=33911512 peer=0x02 type=3 schema=0 frag=0x01 seq=1132 rssi=- snr=- st=0 rx=5 deaf=245474
2026-09-19T13:08:25Z,CHANSUM,33850,33909,60,60012,5957,42,1,0,1,0,-1050,-1160,-1150,-1151
2026-09-19T13:08:28Z,CHAN,33912,33919220,1000,100,0,4,0,-1070,-1150,-1140
2026-09-19T13:09:09Z,FRAME #1132 tx t=33961511 peer=0x01 type=3 schema=0 frag=0x01 seq=1133 rssi=- snr=- st=0 rx=5 deaf=245687
2026-09-19T13:09:19Z,FRAME #1133 tx t=33971514 peer=0x02 type=3 schema=0 frag=0x01 seq=1134 rssi=- snr=- st=0 rx=5 deaf=245904
2026-09-19T13:09:25Z,CHANSUM,33910,33969,60,60012,5957,42,4,0,1,0,-1070,-1160,-1150,-1152
2026-09-19T13:09:32Z,CHAN,33976,33983232,1000,100,0,2,0,-1060,-1150,-1139
2026-09-19T13:09:44Z,CHAN,33988,33995232,1000,100,0,4,0,-1060,-1160,-1140
2026-09-19T13:10:09Z,CHAN,34013,34020232,1000,100,0,4,0,-1060,-1150,-1140
2026-09-19T13:10:09Z,FRAME #1134 tx t=34021507 peer=0x01 type=3 schema=0 frag=0x01 seq=1135 rssi=- snr=- st=0 rx=5 deaf=246121
2026-09-19T13:10:19Z,FRAME #1135 tx t=34031510 peer=0x02 type=3 schema=0 frag=0x01 seq=1136 rssi=- snr=- st=0 rx=5 deaf=246338
2026-09-19T13:10:25Z,CHANSUM,33970,34029,60,60006,5956,42,10,0,3,0,-1060,-1170,-1150,-1151
2026-09-19T13:11:09Z,FRAME #1136 tx t=34081509 peer=0x01 type=3 schema=0 frag=0x01 seq=1137 rssi=- snr=- st=0 rx=5 deaf=246552
2026-09-19T13:11:19Z,FRAME #1137 tx t=34091512 peer=0x02 type=3 schema=0 frag=0x01 seq=1138 rssi=- snr=- st=0 rx=5 deaf=246769
2026-09-19T13:11:25Z,CHANSUM,34030,34089,60,60012,5957,42,0,0,0,0,-1110,-1160,-1150,-1151
2026-09-19T13:12:09Z,FRAME #1138 tx t=34141511 peer=0x01 type=3 schema=0 frag=0x01 seq=1139 rssi=- snr=- st=0 rx=5 deaf=246982
2026-09-19T13:12:19Z,FRAME #1139 tx t=34151514 peer=0x02 type=3 schema=0 frag=0x01 seq=1140 rssi=- snr=- st=0 rx=5 deaf=247199
2026-09-19T13:12:22Z,CHAN,34146,34153262,1000,100,0,6,0,-960,-1150,-1134
2026-09-19T13:12:23Z,CHAN,34147,34154262,1000,100,0,1,0,-1100,-1160,-1142
2026-09-19T13:12:24Z,CHAN,34148,34155262,1000,100,0,5,0,-950,-1150,-1134
2026-09-19T13:12:25Z,CHANSUM,34090,34149,60,60012,5957,42,12,0,3,0,-950,-1160,-1150,-1151
2026-09-19T13:12:44Z,CHAN,34168,34175262,1000,100,0,4,0,-1040,-1150,-1138
2026-09-19T13:13:09Z,FRAME #1140 tx t=34201507 peer=0x01 type=3 schema=0 frag=0x01 seq=1141 rssi=- snr=- st=0 rx=5 deaf=247416
2026-09-19T13:13:19Z,FRAME #1141 tx t=34211510 peer=0x02 type=3 schema=0 frag=0x01 seq=1142 rssi=- snr=- st=0 rx=5 deaf=247633
2026-09-19T13:13:25Z,CHANSUM,34150,34209,60,60006,5956,42,4,0,1,0,-1040,-1160,-1150,-1151
2026-09-19T13:14:09Z,FRAME #1142 tx t=34261509 peer=0x01 type=3 schema=0 frag=0x01 seq=1143 rssi=- snr=- st=0 rx=5 deaf=247847
2026-09-19T13:14:17Z,CHAN,34261,34268277,1000,100,0,2,0,-1100,-1150,-1141
2026-09-19T13:14:19Z,FRAME #1143 tx t=34271512 peer=0x02 type=3 schema=0 frag=0x01 seq=1144 rssi=- snr=- st=0 rx=5 deaf=248064
2026-09-19T13:14:25Z,CHANSUM,34210,34269,60,60012,5957,42,2,0,1,0,-1100,-1160,-1150,-1151
2026-09-19T13:14:32Z,CHAN,34276,34283280,1000,100,0,1,0,-1100,-1150,-1140
2026-09-19T13:15:09Z,FRAME #1144 tx t=34322038 peer=0x01 type=3 schema=0 frag=0x01 seq=1145 rssi=- snr=- st=0 rx=5 deaf=248298
2026-09-19T13:15:19Z,FRAME #1145 tx t=34331507 peer=0x02 type=3 schema=0 frag=0x01 seq=1146 rssi=- snr=- st=0 rx=5 deaf=248511
2026-09-19T13:15:25Z,CHANSUM,34270,34329,60,60015,5955,44,1,0,1,0,-1100,-1160,-1150,-1152
2026-09-19T13:15:47Z,CHAN,34351,34358295,1000,100,0,5,0,-1030,-1150,-1137
2026-09-19T13:16:09Z,FRAME #1146 tx t=34381506 peer=0x01 type=3 schema=0 frag=0x01 seq=1147 rssi=- snr=- st=0 rx=5 deaf=248724
2026-09-19T13:16:19Z,FRAME #1147 tx t=34391509 peer=0x02 type=3 schema=0 frag=0x01 seq=1148 rssi=- snr=- st=0 rx=5 deaf=248941
2026-09-19T13:16:25Z,CHANSUM,34330,34389,60,60012,5957,42,5,0,1,0,-1030,-1160,-1150,-1153
2026-09-19T13:16:37Z,CHAN,34401,34408307,1000,100,0,3,0,-1050,-1150,-1140
2026-09-19T13:17:09Z,FRAME #1148 tx t=34441508 peer=0x01 type=3 schema=0 frag=0x01 seq=1149 rssi=- snr=- st=0 rx=5 deaf=249154
2026-09-19T13:17:19Z,FRAME #1149 tx t=34451511 peer=0x02 type=3 schema=0 frag=0x01 seq=1150 rssi=- snr=- st=0 rx=5 deaf=249371
2026-09-19T13:17:25Z,CHANSUM,34390,34449,60,60012,5957,42,3,0,1,0,-1050,-1160,-1150,-1153
2026-09-19T13:17:44Z,CHAN,34468,34475319,1000,100,0,3,0,-1050,-1150,-1139
2026-09-19T13:17:51Z,CHAN,34475,34482319,1000,100,0,4,0,-970,-1150,-1135
2026-09-19T13:18:09Z,CHAN,34493,34500319,1000,100,0,1,0,-1100,-1150,-1138
2026-09-19T13:18:09Z,FRAME #1150 tx t=34501510 peer=0x01 type=3 schema=0 frag=0x01 seq=1151 rssi=- snr=- st=0 rx=5 deaf=249584
2026-09-19T13:18:16Z,CHAN,34500,34507328,1000,100,0,1,0,-1100,-1160,-1140
2026-09-19T13:18:19Z,FRAME #1151 tx t=34511513 peer=0x02 type=3 schema=0 frag=0x01 seq=1152 rssi=- snr=- st=0 rx=5 deaf=249801
2026-09-19T13:18:25Z,CHANSUM,34450,34509,60,60012,5957,42,9,0,4,0,-970,-1160,-1150,-1151
2026-09-19T13:19:09Z,FRAME #1152 tx t=34561512 peer=0x01 type=3 schema=0 frag=0x01 seq=1153 rssi=- snr=- st=0 rx=5 deaf=250014
2026-09-19T13:19:20Z,FRAME #1153 tx t=34572766 peer=0x02 type=3 schema=0 frag=0x01 seq=1154 rssi=- snr=- st=0 rx=5 deaf=250256
2026-09-19T13:19:25Z,CHANSUM,34510,34569,60,60013,5954,44,0,0,0,0,-1120,-1170,-1150,-1151
2026-09-19T13:19:30Z,CHAN,34574,34581344,1000,100,0,5,0,-950,-1160,-1132
2026-09-19T13:19:50Z,CHAN,34594,34601344,1000,100,0,5,0,-1050,-1150,-1137
2026-09-19T13:20:09Z,FRAME #1154 tx t=34621509 peer=0x01 type=3 schema=0 frag=0x01 seq=1155 rssi=- snr=- st=0 rx=5 deaf=250473
2026-09-19T13:20:19Z,FRAME #1155 tx t=34631512 peer=0x02 type=3 schema=0 frag=0x01 seq=1156 rssi=- snr=- st=0 rx=5 deaf=250690
2026-09-19T13:20:25Z,CHANSUM,34570,34629,60,60006,5956,42,10,0,2,0,-950,-1160,-1150,-1152
2026-09-19T13:20:29Z,CHAN,34633,34640350,1000,100,0,5,0,-1080,-1160,-1139
2026-09-19T13:20:37Z,CHAN,34641,34648350,1000,100,0,3,0,-1090,-1150,-1139
2026-09-19T13:21:09Z,FRAME #1156 tx t=34681511 peer=0x01 type=3 schema=0 frag=0x01 seq=1157 rssi=- snr=- st=0 rx=5 deaf=250903
2026-09-19T13:21:19Z,FRAME #1157 tx t=34691514 peer=0x02 type=3 schema=0 frag=0x01 seq=1158 rssi=- snr=- st=0 rx=5 deaf=251120
2026-09-19T13:21:25Z,CHANSUM,34630,34689,60,60012,5957,42,8,0,2,0,-1080,-1160,-1150,-1152
2026-09-19T13:22:09Z,FRAME #1158 tx t=34741507 peer=0x01 type=3 schema=0 frag=0x01 seq=1159 rssi=- snr=- st=0 rx=5 deaf=251337
2026-09-19T13:22:13Z,CHAN,34737,34744365,1000,100,0,3,0,-1090,-1150,-1141
2026-09-19T13:22:19Z,FRAME #1159 tx t=34751510 peer=0x02 type=3 schema=0 frag=0x01 seq=1160 rssi=- snr=- st=0 rx=5 deaf=251554
2026-09-19T13:22:20Z,CHAN,34744,34751365,1003,78,21,5,0,-1100,-1150,-1139
2026-09-19T13:22:21Z,CHAN,34745,34752368,1000,100,0,3,0,-1100,-1150,-1139
2026-09-19T13:22:25Z,CHAN,34749,34756368,1000,100,0,7,0,-510,-1150,-1102
2026-09-19T13:22:25Z,CHANSUM,34690,34749,60,60006,5956,42,18,0,4,0,-510,-1160,-1150,-1151
2026-09-19T13:22:45Z,CHAN,34769,34776368,1000,100,0,2,0,-1080,-1150,-1140
2026-09-19T13:22:46Z,CHAN,34770,34777368,1000,100,0,1,0,-1090,-1150,-1141
2026-09-19T13:22:57Z,CHAN,34781,34788368,1000,100,0,3,0,-1080,-1150,-1140
2026-09-19T13:23:09Z,FRAME #1160 tx t=34801509 peer=0x01 type=3 schema=0 frag=0x01 seq=1161 rssi=- snr=- st=0 rx=5 deaf=251767
2026-09-19T13:23:11Z,CHAN,34795,34802377,1000,100,0,4,0,-1070,-1150,-1139
2026-09-19T13:23:17Z,CHAN,34801,34808377,1000,100,0,3,0,-860,-1150,-1133
2026-09-19T13:23:19Z,FRAME #1161 tx t=34811512 peer=0x02 type=3 schema=0 frag=0x01 seq=1162 rssi=- snr=- st=0 rx=5 deaf=251984
2026-09-19T13:23:25Z,CHANSUM,34750,34809,60,60012,5957,42,13,0,5,0,-860,-1160,-1150,-1152
2026-09-19T13:23:51Z,[34843487][W][WiFiGeneric.cpp:1062] _eventCallback(): Reason: 6 - NOT_AUTHED
2026-09-19T13:23:53Z,CHAN,34837,34844384,1000,100,0,5,0,-1050,-1150,-1136
2026-09-19T13:24:09Z,FRAME #1162 tx t=34861509 peer=0x01 type=3 schema=0 frag=0x01 seq=1163 rssi=- snr=- st=0 rx=5 deaf=252201
2026-09-19T13:24:19Z,FRAME #1163 tx t=34871508 peer=0x02 type=3 schema=0 frag=0x01 seq=1164 rssi=- snr=- st=0 rx=5 deaf=252414
2026-09-19T13:24:25Z,CHANSUM,34810,34869,60,60016,5957,42,5,0,1,0,-1050,-1160,-1150,-1152
2026-09-19T13:24:54Z,CHAN,34898,34905396,1000,100,0,3,0,-930,-1150,-1133
2026-09-19T13:25:03Z,CHAN,34907,34914396,1000,100,0,3,0,-940,-1150,-1135
2026-09-19T13:25:09Z,FRAME #1164 tx t=34921507 peer=0x01 type=3 schema=0 frag=0x01 seq=1165 rssi=- snr=- st=0 rx=5 deaf=252627
2026-09-19T13:25:19Z,FRAME #1165 tx t=34931510 peer=0x02 type=3 schema=0 frag=0x01 seq=1166 rssi=- snr=- st=0 rx=5 deaf=252844
2026-09-19T13:25:25Z,CHANSUM,34870,34929,60,60012,5957,42,6,0,2,0,-930,-1160,-1150,-1151
2026-09-19T13:26:09Z,FRAME #1166 tx t=34981509 peer=0x01 type=3 schema=0 frag=0x01 seq=1167 rssi=- snr=- st=0 rx=5 deaf=253057
2026-09-19T13:26:14Z,CHAN,34978,34985417,1000,100,0,10,0,-880,-1160,-1126
2026-09-19T13:26:19Z,FRAME #1167 tx t=34991512 peer=0x02 type=3 schema=0 frag=0x01 seq=1168 rssi=- snr=- st=0 rx=5 deaf=253274
2026-09-19T13:26:25Z,CHANSUM,34930,34989,60,60012,5957,42,10,0,1,0,-880,-1160,-1150,-1152
2026-09-19T13:27:09Z,CHAN,35033,35040420,1000,100,0,2,0,-1100,-1150,-1139
2026-09-19T13:27:09Z,FRAME #1168 tx t=35041511 peer=0x01 type=3 schema=0 frag=0x01 seq=1169 rssi=- snr=- st=0 rx=5 deaf=253487
2026-09-19T13:27:17Z,CHAN,35041,35048429,1000,100,0,1,0,-880,-1150,-1139
2026-09-19T13:27:18Z,CHAN,35042,35049429,1000,100,0,2,0,-870,-1150,-1135
2026-09-19T13:27:19Z,FRAME #1169 tx t=35051711 peer=0x02 type=3 schema=0 frag=0x01 seq=1170 rssi=- snr=- st=0 rx=5 deaf=253725
2026-09-19T13:27:25Z,CHANSUM,34990,35049,60,60009,5954,44,5,0,3,0,-870,-1160,-1150,-1151
2026-09-19T13:27:35Z,CHAN,35059,35066429,1000,100,0,9,0,-1020,-1150,-1129
2026-09-19T13:27:46Z,CHAN,35070,35077429,1000,100,0,1,0,-1100,-1150,-1141
2026-09-19T13:27:54Z,CHAN,35078,35085429,1000,100,0,1,0,-1100,-1160,-1141
2026-09-19T13:28:09Z,FRAME #1170 tx t=35101510 peer=0x01 type=3 schema=0 frag=0x01 seq=1171 rssi=- snr=- st=0 rx=5 deaf=253938
2026-09-19T13:28:15Z,CHAN,35099,35106438,1000,100,0,2,0,-1100,-1150,-1142
2026-09-19T13:28:16Z,CHAN,35100,35107438,1000,100,0,5,0,-1070,-1150,-1138
2026-09-19T13:28:19Z,FRAME #1171 tx t=35111513 peer=0x02 type=3 schema=0 frag=0x01 seq=1172 rssi=- snr=- st=0 rx=5 deaf=254155
2026-09-19T13:28:25Z,CHANSUM,35050,35109,60,60012,5957,42,18,0,5,0,-1020,-1160,-1150,-1150
2026-09-19T13:28:40Z,CHAN,35124,35131441,1000,100,0,9,0,-1010,-1160,-1131
2026-09-19T13:29:07Z,CHAN,35151,35158441,1000,100,0,4,0,-1070,-1150,-1140
2026-09-19T13:29:09Z,FRAME #1172 tx t=35161512 peer=0x01 type=3 schema=0 frag=0x01 seq=1173 rssi=- snr=- st=0 rx=5 deaf=254368
2026-09-19T13:29:19Z,FRAME #1173 tx t=35171515 peer=0x02 type=3 schema=0 frag=0x01 seq=1174 rssi=- snr=- st=0 rx=5 deaf=254585
2026-09-19T13:29:25Z,CHANSUM,35110,35169,60,60012,5957,42,13,0,2,0,-1010,-1160,-1150,-1151
2026-09-19T13:30:07Z,CHAN,35211,35218453,1000,100,0,10,0,-850,-1150,-1125
2026-09-19T13:30:09Z,FRAME #1174 tx t=35221508 peer=0x01 type=3 schema=0 frag=0x01 seq=1175 rssi=- snr=- st=0 rx=5 deaf=254802
2026-09-19T13:30:10Z,CHAN,35214,35221453,1003,78,21,1,0,-1100,-1160,-1141
2026-09-19T13:30:19Z,FRAME #1175 tx t=35231511 peer=0x02 type=3 schema=0 frag=0x01 seq=1176 rssi=- snr=- st=0 rx=5 deaf=255019
2026-09-19T13:30:25Z,CHANSUM,35170,35229,60,60006,5956,42,11,0,2,0,-850,-1160,-1150,-1152
2026-09-19T13:31:00Z,CHAN,35264,35271459,1000,100,0,5,0,-1050,-1160,-1138
2026-09-19T13:31:04Z,CHAN,35268,35275459,1000,100,0,3,0,-1090,-1150,-1141
2026-09-19T13:31:09Z,FRAME #1176 tx t=35281741 peer=0x01 type=3 schema=0 frag=0x01 seq=1177 rssi=- snr=- st=0 rx=5 deaf=255257
2026-09-19T13:31:19Z,FRAME #1177 tx t=35291510 peer=0x02 type=3 schema=0 frag=0x01 seq=1178 rssi=- snr=- st=0 rx=5 deaf=255470
2026-09-19T13:31:21Z,CHAN,35285,35292468,1000,100,0,5,0,-1090,-1150,-1137
2026-09-19T13:31:25Z,CHANSUM,35230,35289,60,60009,5954,44,13,0,3,0,-1050,-1160,-1150,-1151
2026-09-19T13:31:55Z,CHAN,35319,35326468,1000,100,0,9,0,-1000,-1150,-1128
2026-09-19T13:32:09Z,FRAME #1178 tx t=35341509 peer=0x01 type=3 schema=0 frag=0x01 seq=1179 rssi=- snr=- st=0 rx=5 deaf=255683
2026-09-19T13:32:19Z,FRAME #1179 tx t=35351512 peer=0x02 type=3 schema=0 frag=0x01 seq=1180 rssi=- snr=- st=0 rx=5 deaf=255900
2026-09-19T13:32:25Z,CHANSUM,35290,35349,60,60012,5957,42,9,0,1,0,-1000,-1160,-1150,-1151
2026-09-19T13:33:00Z,CHAN,35384,35391480,1000,100,0,9,0,-1000,-1150,-1129
2026-09-19T13:33:09Z,FRAME #1180 tx t=35401511 peer=0x01 type=3 schema=0 frag=0x01 seq=1181 rssi=- snr=- st=0 rx=5 deaf=256113
2026-09-19T13:33:19Z,FRAME #1181 tx t=35411514 peer=0x02 type=3 schema=0 frag=0x01 seq=1182 rssi=- snr=- st=0 rx=5 deaf=256330
2026-09-19T13:33:25Z,CHANSUM,35350,35409,60,60012,5957,42,9,0,1,0,-1000,-1160,-1150,-1151
2026-09-19T13:33:27Z,CHAN,35411,35418492,1000,100,0,3,0,-870,-1150,-1134
2026-09-19T13:33:41Z,CHAN,35425,35432492,1000,100,0,4,0,-1070,-1160,-1139
2026-09-19T13:34:01Z,CHAN,35445,35452492,1000,100,0,9,0,-1010,-1150,-1131
2026-09-19T13:34:03Z,CHAN,35447,35454492,1000,100,0,2,0,-1100,-1150,-1139
2026-09-19T13:34:09Z,FRAME #1182 tx t=35461507 peer=0x01 type=3 schema=0 frag=0x01 seq=1183 rssi=- snr=- st=0 rx=5 deaf=256547
2026-09-19T13:34:19Z,FRAME #1183 tx t=35471510 peer=0x02 type=3 schema=0 frag=0x01 seq=1184 rssi=- snr=- st=0 rx=5 deaf=256764
2026-09-19T13:34:22Z,CHAN,35466,35473518,1000,100,0,3,0,-1070,-1150,-1140
2026-09-19T13:34:25Z,CHANSUM,35410,35469,60,60026,5958,42,21,0,5,0,-870,-1160,-1150,-1151
2026-09-19T13:35:10Z,FRAME #1184 tx t=35522696 peer=0x01 type=3 schema=0 frag=0x01 seq=1185 rssi=- snr=- st=0 rx=5 deaf=256998
2026-09-19T13:35:19Z,FRAME #1185 tx t=35531505 peer=0x02 type=3 schema=0 frag=0x01 seq=1186 rssi=- snr=- st=0 rx=5 deaf=257211
2026-09-19T13:35:25Z,CHANSUM,35470,35529,60,60025,5956,44,0,0,0,0,-1110,-1160,-1150,-1151
2026-09-19T13:36:09Z,FRAME #1186 tx t=35581504 peer=0x01 type=3 schema=0 frag=0x01 seq=1187 rssi=- snr=- st=0 rx=5 deaf=257424
2026-09-19T13:36:19Z,FRAME #1187 tx t=35591507 peer=0x02 type=3 schema=0 frag=0x01 seq=1188 rssi=- snr=- st=0 rx=5 deaf=257641
2026-09-19T13:36:25Z,CHANSUM,35530,35589,60,60012,5957,42,0,0,0,0,-1120,-1160,-1150,-1151
2026-09-19T13:37:09Z,FRAME #1188 tx t=35641506 peer=0x01 type=3 schema=0 frag=0x01 seq=1189 rssi=- snr=- st=0 rx=5 deaf=257854
2026-09-19T13:37:19Z,FRAME #1189 tx t=35651509 peer=0x02 type=3 schema=0 frag=0x01 seq=1190 rssi=- snr=- st=0 rx=5 deaf=258071
2026-09-19T13:37:25Z,CHANSUM,35590,35649,60,60012,5957,42,0,0,0,0,-1110,-1160,-1150,-1152
2026-09-19T13:38:05Z,CHAN,35689,35696567,1000,100,0,9,0,-1010,-1150,-1131
2026-09-19T13:38:09Z,FRAME #1190 tx t=35701952 peer=0x01 type=3 schema=0 frag=0x01 seq=1191 rssi=- snr=- st=0 rx=5 deaf=258326
2026-09-19T13:38:19Z,FRAME #1191 tx t=35711511 peer=0x02 type=3 schema=0 frag=0x01 seq=1192 rssi=- snr=- st=0 rx=5 deaf=258539
2026-09-19T13:38:25Z,CHANSUM,35650,35709,60,60022,5953,46,9,0,1,0,-1010,-1160,-1150,-1151
2026-09-19T13:38:45Z,CHAN,35729,35736589,1000,100,0,8,0,-960,-1160,-1130
2026-09-19T13:39:10Z,FRAME #1192 tx t=35762621 peer=0x01 type=3 schema=0 frag=0x01 seq=1193 rssi=- snr=- st=0 rx=5 deaf=258777
2026-09-19T13:39:10Z,CHAN,35754,35761596,1000,100,0,9,0,-1010,-1150,-1129
2026-09-19T13:39:19Z,FRAME #1193 tx t=35771514 peer=0x02 type=3 schema=0 frag=0x01 seq=1194 rssi=- snr=- st=0 rx=5 deaf=258994
2026-09-19T13:39:25Z,CHANSUM,35710,35769,60,60013,5954,44,17,0,2,0,-960,-1160,-1150,-1151
2026-09-19T13:40:09Z,FRAME #1194 tx t=35821507 peer=0x01 type=3 schema=0 frag=0x01 seq=1195 rssi=- snr=- st=0 rx=5 deaf=259211
2026-09-19T13:40:19Z,FRAME #1195 tx t=35831510 peer=0x02 type=3 schema=0 frag=0x01 seq=1196 rssi=- snr=- st=0 rx=5 deaf=259428
2026-09-19T13:40:23Z,CHAN,35827,35834608,1000,100,0,1,0,-1100,-1150,-1141
2026-09-19T13:40:25Z,CHANSUM,35770,35829,60,60006,5956,42,1,0,1,0,-1100,-1160,-1150,-1151
2026-09-19T13:40:38Z,CHAN,35842,35849608,1000,100,0,5,0,-800,-1150,-1123
2026-09-19T13:40:48Z,CHAN,35852,35859608,1000,100,0,9,0,-950,-1160,-1126
2026-09-19T13:41:09Z,FRAME #1196 tx t=35881509 peer=0x01 type=3 schema=0 frag=0x01 seq=1197 rssi=- snr=- st=0 rx=5 deaf=259641
2026-09-19T13:41:19Z,FRAME #1197 tx t=35891512 peer=0x02 type=3 schema=0 frag=0x01 seq=1198 rssi=- snr=- st=0 rx=5 deaf=259858
2026-09-19T13:41:25Z,CHANSUM,35830,35889,60,60012,5957,42,14,0,2,0,-800,-1160,-1150,-1152
2026-09-19T13:42:09Z,FRAME #1198 tx t=35941511 peer=0x01 type=3 schema=0 frag=0x01 seq=1199 rssi=- snr=- st=0 rx=5 deaf=260071
2026-09-19T13:42:19Z,FRAME #1199 tx t=35951514 peer=0x02 type=3 schema=0 frag=0x01 seq=1200 rssi=- snr=- st=0 rx=5 deaf=260288
2026-09-19T13:42:25Z,CHAN,35949,35956632,1000,100,0,9,0,-1010,-1160,-1131
2026-09-19T13:42:25Z,CHANSUM,35890,35949,60,60012,5957,42,9,0,1,0,-1010,-1160,-1150,-1152
2026-09-19T13:42:53Z,CHAN,35977,35984632,1000,100,0,1,0,-1100,-1150,-1141
2026-09-19T13:42:54Z,CHAN,35978,35985632,1000,100,0,1,0,-1100,-1160,-1143
# M25 capture closed 2026-09-19T13:43:08Z
