# M25 capture opened 2026-09-18T15:14:03Z port=/dev/cu.usbserial-0001 baud=115200
2026-09-18T15:14:03Z,#PORT-OPEN
2026-09-18T15:14:03Z,ESP-ROM:esp32s3-20210327
2026-09-18T15:14:03Z,Build:Mar 27 2021
2026-09-18T15:14:03Z,rst:0x1 (POWERON),boot:0x9 (SPI_FAST_FLASH_BOOT)
2026-09-18T15:14:03Z,SPIWP:0xee
2026-09-18T15:14:03Z,mode:DIO, clock div:1
2026-09-18T15:14:03Z,load:0x3fce3808,len:0x4bc
2026-09-18T15:14:03Z,load:0x403c9700,len:0xbd8
2026-09-18T15:14:04Z,load:0x403cc700,len:0x2a0c
2026-09-18T15:14:04Z,entry 0x403c98d0
2026-09-18T15:14:04Z,LRAN Bridge Node - node 0x00
2026-09-18T15:14:04Z,Binding spec: LRAN-Protocol-Specification v0.12 (ver = 2)
2026-09-18T15:14:04Z,PHY: 917.2 MHz, SF9, BW 125 kHz, CR 4/5, -4 dBm conducted, 3.0 dBi
2026-09-18T15:14:04Z,Version: 0.1.0 (5e752e9)
2026-09-18T15:14:04Z,Slot: app0
2026-09-18T15:14:04Z,Image state: not_pending
2026-09-18T15:14:04Z,CHAN-BOOT,5e752e9,917200000,9,1250,1000,-1100,10
2026-09-18T15:14:04Z,WiFi SSID: McLeeNet
2026-09-18T15:14:04Z,MQTT broker: 192.168.2.52:1883
2026-09-18T15:14:04Z,Registry: 0x01 0x02 0xF0(bench) 0xF1(bench) 0xF2(bench) 0xF3(bench)
2026-09-18T15:14:04Z,Tasks started: 7
2026-09-18T15:14:04Z,BF-15: WiFi, MQTT, OTA, the radio link and the registry. No discovery yet.
2026-09-18T15:14:04Z,LoRa: radio up - 917200000 Hz, SF9, BW 125.0 kHz, CR 4/5, -4 dBm conducted, 3.0 dBi antenna
2026-09-18T15:14:04Z,LoRa: stack high-water 6268 bytes free
2026-09-18T15:14:04Z,FRAME #0 tx t=553 peer=0x01 type=3 schema=0 frag=0x01 seq=1 rssi=- snr=- st=0 rx=5 deaf=25
2026-09-18T15:14:04Z,[   655][I][esp32-hal-i2c.c:75] i2cInit(): Initialising I2C Master: sda=17 scl=18 freq=100000
2026-09-18T15:14:04Z,[   664][W][Wire.cpp:301] begin(): Bus already started in Master Mode.
2026-09-18T15:14:04Z,[   700][I][ArduinoOTA.cpp:141] begin(): OTA server at: lran-bridge.local:3232
2026-09-18T15:14:04Z,OTA: listening as lran-bridge
2026-09-18T15:14:06Z,CHAN,1,1531,1000,100,0,1,0,-1100,-1150,-1139
2026-09-18T15:14:07Z,CHAN,2,2531,1000,100,0,1,0,-1090,-1150,-1141
2026-09-18T15:14:08Z,CHAN,3,3531,1000,100,0,1,0,-1090,-1150,-1139
2026-09-18T15:14:14Z,CHANSUM,0,9,10,10003,977,22,3,0,3,0,-1090,-1150,-1150,-1150
2026-09-18T15:14:15Z,FRAME #1 tx t=11512 peer=0x02 type=3 schema=0 frag=0x01 seq=2 rssi=- snr=- st=0 rx=5 deaf=238
2026-09-18T15:14:35Z,CHAN,30,30540,1000,100,0,1,0,-1090,-1150,-1139
2026-09-18T15:14:45Z,CHAN,40,40540,1000,100,0,3,0,-1100,-1150,-1138
2026-09-18T15:15:04Z,CHAN,59,59540,1000,100,0,1,0,-1080,-1150,-1139
2026-09-18T15:15:05Z,FRAME #2 tx t=61511 peer=0x01 type=3 schema=0 frag=0x01 seq=3 rssi=- snr=- st=0 rx=5 deaf=451
2026-09-18T15:15:07Z,CHAN,62,62549,1000,100,0,1,0,-1090,-1160,-1140
2026-09-18T15:15:14Z,CHANSUM,10,69,60,60018,5958,42,6,0,4,0,-1080,-1160,-1150,-1150
2026-09-18T15:15:15Z,FRAME #3 tx t=71861 peer=0x02 type=3 schema=0 frag=0x01 seq=4 rssi=- snr=- st=0 rx=5 deaf=689
2026-09-18T15:15:26Z,CHAN,81,81559,1000,100,0,1,0,-1100,-1150,-1139
2026-09-18T15:16:05Z,FRAME #4 tx t=121514 peer=0x01 type=3 schema=0 frag=0x01 seq=5 rssi=- snr=- st=0 rx=5 deaf=906
2026-09-18T15:16:14Z,CHANSUM,70,129,60,60013,5954,44,1,0,1,0,-1100,-1160,-1150,-1150
2026-09-18T15:16:15Z,availability: gatelink offline (missed_polls 3, threshold 3)
2026-09-18T15:16:15Z,FRAME #5 tx t=131503 peer=0x02 type=3 schema=0 frag=0x01 seq=6 rssi=- snr=- st=0 rx=5 deaf=1119
2026-09-18T15:16:25Z,availability: welllink offline (missed_polls 3, threshold 3)
2026-09-18T15:17:02Z,CHAN,177,177571,1000,100,0,2,0,-1090,-1150,-1140
2026-09-18T15:17:05Z,FRAME #6 tx t=181516 peer=0x01 type=3 schema=0 frag=0x01 seq=7 rssi=- snr=- st=0 rx=5 deaf=1336
2026-09-18T15:17:07Z,CHAN,182,182574,1000,100,0,1,0,-1090,-1150,-1140
2026-09-18T15:17:14Z,CHANSUM,130,189,60,60012,5957,42,3,0,2,0,-1090,-1160,-1150,-1150
2026-09-18T15:17:15Z,FRAME #7 tx t=191505 peer=0x02 type=3 schema=0 frag=0x01 seq=8 rssi=- snr=- st=0 rx=5 deaf=1549
2026-09-18T15:18:05Z,FRAME #8 tx t=241504 peer=0x01 type=3 schema=0 frag=0x01 seq=9 rssi=- snr=- st=0 rx=5 deaf=1762
2026-09-18T15:18:14Z,CHANSUM,190,249,60,60018,5958,42,0,0,0,0,-1110,-1160,-1150,-1151
2026-09-18T15:18:15Z,FRAME #9 tx t=251507 peer=0x02 type=3 schema=0 frag=0x01 seq=10 rssi=- snr=- st=0 rx=5 deaf=1979
2026-09-18T15:18:16Z,CHAN,251,251594,1001,88,12,1,0,-1100,-1150,-1139
2026-09-18T15:18:40Z,CHAN,275,275595,1000,100,0,1,0,-1080,-1150,-1139
2026-09-18T15:19:03Z,CHAN,298,298595,1000,100,0,3,0,-1060,-1150,-1138
2026-09-18T15:19:05Z,FRAME #10 tx t=301506 peer=0x01 type=3 schema=0 frag=0x01 seq=11 rssi=- snr=- st=0 rx=5 deaf=2192
2026-09-18T15:19:14Z,CHANSUM,250,309,60,60012,5957,42,5,0,3,0,-1060,-1160,-1150,-1151
2026-09-18T15:19:15Z,FRAME #11 tx t=311509 peer=0x02 type=3 schema=0 frag=0x01 seq=12 rssi=- snr=- st=0 rx=5 deaf=2409
2026-09-18T15:19:25Z,CHAN,320,320607,1000,100,0,2,0,-1100,-1150,-1139
2026-09-18T15:19:54Z,CHAN,349,349607,1000,100,0,5,0,-860,-1150,-1130
2026-09-18T15:20:03Z,CHAN,358,358607,1000,100,0,3,0,-1050,-1150,-1138
2026-09-18T15:20:05Z,FRAME #12 tx t=361508 peer=0x01 type=3 schema=0 frag=0x01 seq=13 rssi=- snr=- st=0 rx=5 deaf=2622
2026-09-18T15:20:14Z,CHANSUM,310,369,60,60012,5957,42,10,0,3,0,-860,-1160,-1150,-1152
2026-09-18T15:20:15Z,FRAME #13 tx t=371511 peer=0x02 type=3 schema=0 frag=0x01 seq=14 rssi=- snr=- st=0 rx=5 deaf=2839
2026-09-18T15:20:16Z,CHAN,371,371618,1001,90,10,4,0,-960,-1160,-1132
2026-09-18T15:20:37Z,CHAN,392,392619,1000,100,0,1,0,-1090,-1150,-1139
2026-09-18T15:20:43Z,CHAN,398,398619,1000,100,0,1,0,-1090,-1150,-1140
2026-09-18T15:21:05Z,FRAME #14 tx t=421510 peer=0x01 type=3 schema=0 frag=0x01 seq=15 rssi=- snr=- st=0 rx=5 deaf=3052
2026-09-18T15:21:05Z,CHAN,420,420619,1007,88,12,1,0,-1080,-1150,-1140
2026-09-18T15:21:07Z,CHAN,422,422628,1000,100,0,1,0,-1100,-1150,-1141
2026-09-18T15:21:10Z,CHAN,425,425628,1000,100,0,10,0,-1050,-1150,-1132
2026-09-18T15:21:11Z,CHAN,426,426628,1000,100,0,1,0,-1100,-1160,-1140
2026-09-18T15:21:14Z,CHANSUM,370,429,60,60012,5957,42,19,0,7,0,-960,-1160,-1150,-1151
2026-09-18T15:21:15Z,FRAME #15 tx t=431513 peer=0x02 type=3 schema=0 frag=0x01 seq=16 rssi=- snr=- st=0 rx=5 deaf=3269
2026-09-18T15:21:22Z,CHAN,437,437631,1000,100,0,2,0,-1100,-1150,-1139
2026-09-18T15:21:32Z,CHAN,447,447631,1000,100,0,7,0,-830,-1150,-1128
2026-09-18T15:21:34Z,CHAN,449,449631,1000,100,0,34,0,-940,-1150,-1071
2026-09-18T15:21:35Z,CHAN,450,450631,1000,100,0,2,0,-950,-1150,-1137
2026-09-18T15:21:45Z,CHAN,460,460631,1000,100,0,33,0,-940,-1150,-1079
2026-09-18T15:21:46Z,CHAN,461,461631,1000,100,0,39,0,-940,-1150,-1067
2026-09-18T15:22:01Z,CHAN,476,476631,1000,100,0,1,0,-1100,-1150,-1139
2026-09-18T15:22:04Z,CHAN,479,479631,1000,100,0,1,0,-1100,-1160,-1140
2026-09-18T15:22:05Z,FRAME #16 tx t=481549 peer=0x01 type=3 schema=0 frag=0x01 seq=17 rssi=- snr=- st=0 rx=5 deaf=3503
2026-09-18T15:22:08Z,CHAN,483,483637,1000,100,0,1,0,-1070,-1150,-1140
2026-09-18T15:22:14Z,CHANSUM,430,489,60,60009,5954,44,120,0,9,0,-830,-1160,-1150,-1151
2026-09-18T15:22:15Z,FRAME #17 tx t=491508 peer=0x02 type=3 schema=0 frag=0x01 seq=18 rssi=- snr=- st=0 rx=5 deaf=3716
2026-09-18T15:23:04Z,CHAN,539,539646,1000,100,0,1,0,-1100,-1150,-1140
2026-09-18T15:23:05Z,FRAME #18 tx t=541507 peer=0x01 type=3 schema=0 frag=0x01 seq=19 rssi=- snr=- st=0 rx=5 deaf=3929
2026-09-18T15:23:05Z,CHAN,540,540646,1008,85,15,1,0,-1100,-1150,-1139
2026-09-18T15:23:14Z,CHANSUM,490,549,60,60018,5958,42,2,0,2,0,-1100,-1160,-1150,-1150
2026-09-18T15:23:15Z,FRAME #19 tx t=551510 peer=0x02 type=3 schema=0 frag=0x01 seq=20 rssi=- snr=- st=0 rx=5 deaf=4146
2026-09-18T15:23:20Z,CHAN,555,555658,1000,100,0,10,0,-1090,-1150,-1135
2026-09-18T15:23:24Z,CHAN,559,559658,1000,100,0,1,0,-1030,-1150,-1139
2026-09-18T15:24:05Z,FRAME #20 tx t=601509 peer=0x01 type=3 schema=0 frag=0x01 seq=21 rssi=- snr=- st=0 rx=5 deaf=4359
2026-09-18T15:24:14Z,CHANSUM,550,609,60,60012,5957,42,11,0,2,0,-1030,-1160,-1150,-1151
2026-09-18T15:24:15Z,FRAME #21 tx t=611512 peer=0x02 type=3 schema=0 frag=0x01 seq=22 rssi=- snr=- st=0 rx=5 deaf=4576
2026-09-18T15:24:36Z,CHAN,631,631670,1000,100,0,22,0,-940,-1150,-1097
2026-09-18T15:24:37Z,CHAN,632,632670,1000,100,0,14,0,-940,-1160,-1113
2026-09-18T15:25:05Z,FRAME #22 tx t=661568 peer=0x01 type=3 schema=0 frag=0x01 seq=23 rssi=- snr=- st=0 rx=5 deaf=4810
2026-09-18T15:25:11Z,CHAN,666,666676,1000,100,0,1,0,-1090,-1150,-1143
2026-09-18T15:25:14Z,CHANSUM,610,669,60,60009,5954,44,37,0,3,0,-940,-1160,-1150,-1153
2026-09-18T15:25:15Z,FRAME #23 tx t=671507 peer=0x02 type=3 schema=0 frag=0x01 seq=24 rssi=- snr=- st=0 rx=5 deaf=5023
2026-09-18T15:25:27Z,CHAN,682,682685,1000,100,0,3,0,-1090,-1150,-1138
2026-09-18T15:26:05Z,FRAME #24 tx t=721506 peer=0x01 type=3 schema=0 frag=0x01 seq=25 rssi=- snr=- st=0 rx=5 deaf=5236
2026-09-18T15:26:14Z,CHANSUM,670,729,60,60018,5958,42,3,0,1,0,-1090,-1160,-1150,-1152
2026-09-18T15:26:15Z,FRAME #25 tx t=731509 peer=0x02 type=3 schema=0 frag=0x01 seq=26 rssi=- snr=- st=0 rx=5 deaf=5453
2026-09-18T15:26:25Z,CHAN,740,740697,1000,100,0,9,0,-1030,-1160,-1131
2026-09-18T15:26:39Z,CHAN,754,754697,1000,100,0,1,0,-1100,-1160,-1142
2026-09-18T15:27:05Z,FRAME #26 tx t=781508 peer=0x01 type=3 schema=0 frag=0x01 seq=27 rssi=- snr=- st=0 rx=5 deaf=5666
2026-09-18T15:27:06Z,CHAN,781,781700,1006,99,1,1,0,-1100,-1160,-1142
2026-09-18T15:27:14Z,CHANSUM,730,789,60,60012,5957,42,11,0,3,0,-1030,-1160,-1150,-1153
2026-09-18T15:27:15Z,FRAME #27 tx t=791511 peer=0x02 type=3 schema=0 frag=0x01 seq=28 rssi=- snr=- st=0 rx=5 deaf=5883
2026-09-18T15:27:40Z,CHAN,815,815719,1000,100,0,1,0,-1080,-1160,-1143
2026-09-18T15:27:45Z,CHAN,820,820719,1000,100,0,1,0,-1100,-1150,-1142
2026-09-18T15:28:04Z,CHAN,839,839719,1000,100,0,1,0,-1100,-1150,-1140
2026-09-18T15:28:05Z,FRAME #28 tx t=841510 peer=0x01 type=3 schema=0 frag=0x01 seq=29 rssi=- snr=- st=0 rx=5 deaf=6096
2026-09-18T15:28:05Z,CHAN,840,840719,1009,79,21,1,0,-1090,-1160,-1140
2026-09-18T15:28:10Z,CHAN,845,845728,1000,100,0,1,0,-1100,-1150,-1139
2026-09-18T15:28:14Z,CHANSUM,790,849,60,60022,5958,42,5,0,5,0,-1080,-1160,-1150,-1152
2026-09-18T15:28:15Z,FRAME #29 tx t=851513 peer=0x02 type=3 schema=0 frag=0x01 seq=30 rssi=- snr=- st=0 rx=5 deaf=6313
2026-09-18T15:28:35Z,CHAN,870,870731,1000,100,0,9,0,-1030,-1160,-1134
2026-09-18T15:29:05Z,FRAME #30 tx t=901512 peer=0x01 type=3 schema=0 frag=0x01 seq=31 rssi=- snr=- st=0 rx=5 deaf=6526
2026-09-18T15:29:10Z,CHAN,905,905740,1000,100,0,1,0,-1090,-1160,-1141
2026-09-18T15:29:14Z,CHANSUM,850,909,60,60012,5957,42,10,0,2,0,-1030,-1160,-1150,-1153
2026-09-18T15:29:15Z,FRAME #31 tx t=911515 peer=0x02 type=3 schema=0 frag=0x01 seq=32 rssi=- snr=- st=0 rx=5 deaf=6743
2026-09-18T15:29:46Z,CHAN,941,941743,1000,100,0,2,0,-1100,-1160,-1139
2026-09-18T15:29:47Z,CHAN,942,942743,1000,100,0,5,0,-1040,-1150,-1134
2026-09-18T15:30:05Z,FRAME #32 tx t=961508 peer=0x01 type=3 schema=0 frag=0x01 seq=33 rssi=- snr=- st=0 rx=5 deaf=6960
2026-09-18T15:30:14Z,CHANSUM,910,969,60,60006,5956,42,7,0,2,0,-1040,-1160,-1150,-1151
2026-09-18T15:30:15Z,FRAME #33 tx t=971511 peer=0x02 type=3 schema=0 frag=0x01 seq=34 rssi=- snr=- st=0 rx=5 deaf=7177
2026-09-18T15:31:05Z,FRAME #34 tx t=1021510 peer=0x01 type=3 schema=0 frag=0x01 seq=35 rssi=- snr=- st=0 rx=5 deaf=7390
2026-09-18T15:31:14Z,CHANSUM,970,1029,60,60012,5957,42,0,0,0,0,-1110,-1160,-1150,-1152
2026-09-18T15:31:15Z,FRAME #35 tx t=1031513 peer=0x02 type=3 schema=0 frag=0x01 seq=36 rssi=- snr=- st=0 rx=5 deaf=7607
2026-09-18T15:32:00Z,CHAN,1075,1075761,1000,100,0,4,0,-940,-1150,-1133
2026-09-18T15:32:05Z,FRAME #36 tx t=1081512 peer=0x01 type=3 schema=0 frag=0x01 seq=37 rssi=- snr=- st=0 rx=5 deaf=7820
2026-09-18T15:32:14Z,CHANSUM,1030,1089,60,60012,5957,42,4,0,1,0,-940,-1160,-1150,-1151
2026-09-18T15:32:15Z,FRAME #37 tx t=1091515 peer=0x02 type=3 schema=0 frag=0x01 seq=38 rssi=- snr=- st=0 rx=5 deaf=8037
2026-09-18T15:33:02Z,CHAN,1137,1137773,1000,100,0,1,0,-1070,-1150,-1140
2026-09-18T15:33:04Z,CHAN,1139,1139773,1000,100,0,6,0,-870,-1160,-1127
2026-09-18T15:33:05Z,FRAME #38 tx t=1141508 peer=0x01 type=3 schema=0 frag=0x01 seq=39 rssi=- snr=- st=0 rx=5 deaf=8254
2026-09-18T15:33:07Z,CHAN,1142,1142776,1000,100,0,1,0,-1060,-1150,-1140
2026-09-18T15:33:12Z,CHAN,1147,1147776,1000,100,0,1,0,-1070,-1160,-1142
2026-09-18T15:33:14Z,CHANSUM,1090,1149,60,60006,5956,42,9,0,4,0,-870,-1160,-1150,-1151
2026-09-18T15:33:15Z,FRAME #39 tx t=1151511 peer=0x02 type=3 schema=0 frag=0x01 seq=40 rssi=- snr=- st=0 rx=5 deaf=8471
2026-09-18T15:33:38Z,CHAN,1173,1173779,1000,100,0,1,0,-1070,-1150,-1142
2026-09-18T15:34:05Z,FRAME #40 tx t=1201510 peer=0x01 type=3 schema=0 frag=0x01 seq=41 rssi=- snr=- st=0 rx=5 deaf=8684
2026-09-18T15:34:14Z,CHANSUM,1150,1209,60,60012,5957,42,1,0,1,0,-1070,-1160,-1150,-1151
2026-09-18T15:34:15Z,FRAME #41 tx t=1211513 peer=0x02 type=3 schema=0 frag=0x01 seq=42 rssi=- snr=- st=0 rx=5 deaf=8901
2026-09-18T15:35:05Z,FRAME #42 tx t=1261512 peer=0x01 type=3 schema=0 frag=0x01 seq=43 rssi=- snr=- st=0 rx=5 deaf=9114
2026-09-18T15:35:06Z,CHAN,1261,1261800,1000,100,0,1,0,-1100,-1150,-1143
2026-09-18T15:35:14Z,CHANSUM,1210,1269,60,60012,5957,42,1,0,1,0,-1100,-1160,-1150,-1153
2026-09-18T15:35:17Z,FRAME #43 tx t=1273189 peer=0x02 type=3 schema=0 frag=0x01 seq=44 rssi=- snr=- st=0 rx=5 deaf=9373
2026-09-18T15:35:43Z,CHAN,1298,1298807,1000,100,0,1,0,-1100,-1170,-1144
2026-09-18T15:36:05Z,FRAME #44 tx t=1321508 peer=0x01 type=3 schema=0 frag=0x01 seq=45 rssi=- snr=- st=0 rx=5 deaf=9586
2026-09-18T15:36:14Z,CHANSUM,1270,1329,60,60016,5952,46,1,0,1,0,-1100,-1170,-1150,-1152
2026-09-18T15:36:15Z,FRAME #45 tx t=1331511 peer=0x02 type=3 schema=0 frag=0x01 seq=46 rssi=- snr=- st=0 rx=5 deaf=9803
2026-09-18T15:37:05Z,FRAME #46 tx t=1381510 peer=0x01 type=3 schema=0 frag=0x01 seq=47 rssi=- snr=- st=0 rx=5 deaf=10016
2026-09-18T15:37:14Z,CHAN,1389,1389828,1000,100,0,1,0,-1100,-1150,-1143
2026-09-18T15:37:14Z,CHANSUM,1330,1389,60,60012,5957,42,1,0,1,0,-1100,-1160,-1150,-1151
2026-09-18T15:37:15Z,FRAME #47 tx t=1391513 peer=0x02 type=3 schema=0 frag=0x01 seq=48 rssi=- snr=- st=0 rx=5 deaf=10233
2026-09-18T15:37:36Z,CHAN,1411,1411831,1000,100,0,1,0,-1100,-1150,-1142
2026-09-18T15:37:50Z,CHAN,1425,1425831,1000,100,0,10,0,-950,-1150,-1126
2026-09-18T15:38:04Z,CHAN,1439,1439831,1000,100,0,1,0,-1100,-1150,-1143
2026-09-18T15:38:05Z,FRAME #48 tx t=1441512 peer=0x01 type=3 schema=0 frag=0x01 seq=49 rssi=- snr=- st=0 rx=5 deaf=10446
2026-09-18T15:38:14Z,CHANSUM,1390,1449,60,60012,5957,42,12,0,3,0,-950,-1160,-1150,-1152
2026-09-18T15:38:15Z,FRAME #49 tx t=1451515 peer=0x02 type=3 schema=0 frag=0x01 seq=50 rssi=- snr=- st=0 rx=5 deaf=10663
2026-09-18T15:38:46Z,CHAN,1481,1481843,1000,100,0,2,0,-1100,-1160,-1142
2026-09-18T15:39:05Z,FRAME #50 tx t=1501508 peer=0x01 type=3 schema=0 frag=0x01 seq=51 rssi=- snr=- st=0 rx=5 deaf=10880
2026-09-18T15:39:14Z,CHANSUM,1450,1509,60,60006,5956,42,2,0,1,0,-1100,-1160,-1150,-1153
2026-09-18T15:39:15Z,FRAME #51 tx t=1511511 peer=0x02 type=3 schema=0 frag=0x01 seq=52 rssi=- snr=- st=0 rx=5 deaf=11097
2026-09-18T15:40:05Z,FRAME #52 tx t=1561510 peer=0x01 type=3 schema=0 frag=0x01 seq=53 rssi=- snr=- st=0 rx=5 deaf=11310
2026-09-18T15:40:14Z,CHANSUM,1510,1569,60,60012,5957,42,0,0,0,0,-1120,-1160,-1150,-1152
2026-09-18T15:40:15Z,CHAN,1570,1570858,1001,97,2,1,0,-1100,-1160,-1142
2026-09-18T15:40:15Z,FRAME #53 tx t=1571924 peer=0x02 type=3 schema=0 frag=0x01 seq=54 rssi=- snr=- st=0 rx=5 deaf=11552
2026-09-18T15:41:05Z,FRAME #54 tx t=1621507 peer=0x01 type=3 schema=0 frag=0x01 seq=55 rssi=- snr=- st=0 rx=5 deaf=11769
2026-09-18T15:41:14Z,CHANSUM,1570,1629,60,60007,5953,44,1,0,1,0,-1100,-1160,-1150,-1153
2026-09-18T15:41:15Z,FRAME #55 tx t=1631510 peer=0x02 type=3 schema=0 frag=0x01 seq=56 rssi=- snr=- st=0 rx=5 deaf=11986
2026-09-18T15:41:21Z,CHAN,1636,1636868,1000,100,0,2,0,-1100,-1150,-1140
2026-09-18T15:41:48Z,CHAN,1663,1663868,1000,100,0,18,0,-930,-1160,-1109
2026-09-18T15:41:49Z,CHAN,1664,1664868,1000,100,0,24,0,-950,-1150,-1100
2026-09-18T15:42:05Z,FRAME #56 tx t=1681509 peer=0x01 type=3 schema=0 frag=0x01 seq=57 rssi=- snr=- st=0 rx=5 deaf=12199
2026-09-18T15:42:05Z,CHAN,1680,1680868,1009,79,21,1,0,-1100,-1150,-1141
2026-09-18T15:42:10Z,CHAN,1685,1685877,1000,100,0,9,0,-1010,-1150,-1130
2026-09-18T15:42:14Z,CHANSUM,1630,1689,60,60012,5957,42,54,0,5,0,-930,-1160,-1150,-1152
2026-09-18T15:42:15Z,FRAME #57 tx t=1691512 peer=0x02 type=3 schema=0 frag=0x01 seq=58 rssi=- snr=- st=0 rx=5 deaf=12416
2026-09-18T15:43:04Z,CHAN,1739,1739880,1000,100,0,1,0,-1090,-1150,-1140
2026-09-18T15:43:05Z,FRAME #58 tx t=1741511 peer=0x01 type=3 schema=0 frag=0x01 seq=59 rssi=- snr=- st=0 rx=5 deaf=12629
2026-09-18T15:43:14Z,CHANSUM,1690,1749,60,60012,5957,42,1,0,1,0,-1090,-1160,-1150,-1152
2026-09-18T15:43:15Z,FRAME #59 tx t=1751514 peer=0x02 type=3 schema=0 frag=0x01 seq=60 rssi=- snr=- st=0 rx=5 deaf=12846
2026-09-18T15:44:05Z,FRAME #60 tx t=1801507 peer=0x01 type=3 schema=0 frag=0x01 seq=61 rssi=- snr=- st=0 rx=5 deaf=13063
2026-09-18T15:44:14Z,CHANSUM,1750,1809,60,60006,5956,42,0,0,0,0,-1110,-1160,-1150,-1153
2026-09-18T15:44:15Z,FRAME #61 tx t=1811510 peer=0x02 type=3 schema=0 frag=0x01 seq=62 rssi=- snr=- st=0 rx=5 deaf=13280
2026-09-18T15:44:20Z,CHAN,1815,1815898,1000,100,0,9,0,-1010,-1150,-1131
2026-09-18T15:45:05Z,FRAME #62 tx t=1861509 peer=0x01 type=3 schema=0 frag=0x01 seq=63 rssi=- snr=- st=0 rx=5 deaf=13494
2026-09-18T15:45:05Z,CHAN,1860,1860898,1009,79,21,2,0,-1090,-1160,-1140
2026-09-18T15:45:14Z,CHANSUM,1810,1869,60,60012,5957,42,11,0,2,0,-1010,-1160,-1150,-1152
2026-09-18T15:45:15Z,FRAME #63 tx t=1871512 peer=0x02 type=3 schema=0 frag=0x01 seq=64 rssi=- snr=- st=0 rx=5 deaf=13711
2026-09-18T15:45:15Z,CHAN,1870,1870907,1003,78,21,1,0,-1100,-1150,-1142
2026-09-18T15:45:46Z,CHAN,1901,1901910,1000,100,0,1,0,-1090,-1150,-1140
2026-09-18T15:45:54Z,CHAN,1909,1909910,1000,100,0,5,0,-950,-1160,-1134
2026-09-18T15:46:04Z,CHAN,1919,1919910,1000,100,0,1,0,-1100,-1150,-1142
2026-09-18T15:46:05Z,FRAME #64 tx t=1921511 peer=0x01 type=3 schema=0 frag=0x01 seq=65 rssi=- snr=- st=0 rx=5 deaf=13924
2026-09-18T15:46:08Z,CHAN,1923,1923919,1000,100,0,3,0,-1080,-1150,-1138
2026-09-18T15:46:14Z,CHANSUM,1870,1929,60,60012,5957,42,11,0,5,0,-950,-1160,-1150,-1151
2026-09-18T15:46:15Z,FRAME #65 tx t=1931514 peer=0x02 type=3 schema=0 frag=0x01 seq=66 rssi=- snr=- st=0 rx=5 deaf=14141
2026-09-18T15:47:05Z,FRAME #66 tx t=1981507 peer=0x01 type=3 schema=0 frag=0x01 seq=67 rssi=- snr=- st=0 rx=5 deaf=14358
2026-09-18T15:47:14Z,CHANSUM,1930,1989,60,60006,5956,42,0,0,0,0,-1110,-1160,-1150,-1152
2026-09-18T15:47:15Z,FRAME #67 tx t=1991510 peer=0x02 type=3 schema=0 frag=0x01 seq=68 rssi=- snr=- st=0 rx=5 deaf=14575
2026-09-18T15:47:17Z,CHAN,1992,1992928,1000,100,0,1,0,-1080,-1150,-1141
2026-09-18T15:47:25Z,CHAN,2000,2000928,1000,100,0,9,0,-1060,-1150,-1136
2026-09-18T15:47:26Z,CHAN,2001,2001928,1000,100,0,3,0,-980,-1160,-1138
2026-09-18T15:47:36Z,CHAN,2011,2011928,1000,100,0,1,0,-980,-1150,-1142
2026-09-18T15:48:05Z,FRAME #68 tx t=2041509 peer=0x01 type=3 schema=0 frag=0x01 seq=69 rssi=- snr=- st=0 rx=5 deaf=14788
2026-09-18T15:48:07Z,CHAN,2042,2042937,1000,100,0,1,0,-1090,-1160,-1143
2026-09-18T15:48:14Z,CHANSUM,1990,2049,60,60012,5957,42,15,0,5,0,-980,-1160,-1150,-1152
2026-09-18T15:48:15Z,FRAME #69 tx t=2051512 peer=0x02 type=3 schema=0 frag=0x01 seq=70 rssi=- snr=- st=0 rx=5 deaf=15005
2026-09-18T15:49:05Z,FRAME #70 tx t=2101511 peer=0x01 type=3 schema=0 frag=0x01 seq=71 rssi=- snr=- st=0 rx=5 deaf=15218
2026-09-18T15:49:14Z,CHANSUM,2050,2109,60,60012,5957,42,0,0,0,0,-1110,-1160,-1150,-1154
2026-09-18T15:49:15Z,FRAME #71 tx t=2111514 peer=0x02 type=3 schema=0 frag=0x01 seq=72 rssi=- snr=- st=0 rx=5 deaf=15435
2026-09-18T15:49:19Z,CHAN,2114,2114952,1000,100,0,4,0,-940,-1160,-1135
2026-09-18T15:49:35Z,CHAN,2130,2130952,1000,100,0,9,0,-1030,-1150,-1133
2026-09-18T15:49:39Z,CHAN,2134,2134952,1000,100,0,1,0,-1060,-1160,-1143
2026-09-18T15:50:05Z,FRAME #72 tx t=2161507 peer=0x01 type=3 schema=0 frag=0x01 seq=73 rssi=- snr=- st=0 rx=5 deaf=15652
2026-09-18T15:50:07Z,CHAN,2162,2162955,1000,100,0,1,0,-1100,-1150,-1141
2026-09-18T15:50:14Z,CHANSUM,2110,2169,60,60006,5956,42,15,0,4,0,-940,-1160,-1150,-1153
2026-09-18T15:50:15Z,FRAME #73 tx t=2171510 peer=0x02 type=3 schema=0 frag=0x01 seq=74 rssi=- snr=- st=0 rx=5 deaf=15869
2026-09-18T15:51:05Z,FRAME #74 tx t=2221509 peer=0x01 type=3 schema=0 frag=0x01 seq=75 rssi=- snr=- st=0 rx=5 deaf=16082
2026-09-18T15:51:14Z,CHANSUM,2170,2229,60,60012,5957,42,0,0,0,0,-1110,-1160,-1150,-1154
2026-09-18T15:51:15Z,FRAME #75 tx t=2231512 peer=0x02 type=3 schema=0 frag=0x01 seq=76 rssi=- snr=- st=0 rx=5 deaf=16299
2026-09-18T15:52:04Z,CHAN,2279,2279970,1000,100,0,1,0,-1100,-1160,-1143
2026-09-18T15:52:05Z,FRAME #76 tx t=2281511 peer=0x01 type=3 schema=0 frag=0x01 seq=77 rssi=- snr=- st=0 rx=5 deaf=16512
2026-09-18T15:52:14Z,CHANSUM,2230,2289,60,60012,5957,42,1,0,1,0,-1100,-1160,-1150,-1155
2026-09-18T15:52:15Z,FRAME #77 tx t=2291514 peer=0x02 type=3 schema=0 frag=0x01 seq=78 rssi=- snr=- st=0 rx=5 deaf=16729
2026-09-18T15:53:05Z,FRAME #78 tx t=2341507 peer=0x01 type=3 schema=0 frag=0x01 seq=79 rssi=- snr=- st=0 rx=5 deaf=16946
2026-09-18T15:53:14Z,CHANSUM,2290,2349,60,60006,5956,42,0,0,0,0,-1110,-1160,-1150,-1153
2026-09-18T15:53:15Z,FRAME #79 tx t=2351510 peer=0x02 type=3 schema=0 frag=0x01 seq=80 rssi=- snr=- st=0 rx=5 deaf=17163
2026-09-18T15:53:23Z,CHAN,2358,2358988,1000,100,0,1,0,-1020,-1160,-1140
2026-09-18T15:54:05Z,FRAME #80 tx t=2401509 peer=0x01 type=3 schema=0 frag=0x01 seq=81 rssi=- snr=- st=0 rx=5 deaf=17376
2026-09-18T15:54:08Z,CHAN,2402,2402997,1000,100,0,1,0,-1100,-1150,-1142
2026-09-18T15:54:15Z,CHANSUM,2350,2409,60,60012,5957,42,2,0,2,0,-1020,-1160,-1150,-1154
2026-09-18T15:54:15Z,FRAME #81 tx t=2411512 peer=0x02 type=3 schema=0 frag=0x01 seq=82 rssi=- snr=- st=0 rx=5 deaf=17593
2026-09-18T15:55:02Z,CHAN,2456,2457000,1000,100,0,1,0,-1100,-1160,-1143
2026-09-18T15:55:05Z,FRAME #82 tx t=2461511 peer=0x01 type=3 schema=0 frag=0x01 seq=83 rssi=- snr=- st=0 rx=5 deaf=17806
2026-09-18T15:55:15Z,CHANSUM,2410,2469,60,60012,5957,42,1,0,1,0,-1100,-1170,-1150,-1153
2026-09-18T15:55:15Z,FRAME #83 tx t=2471514 peer=0x02 type=3 schema=0 frag=0x01 seq=84 rssi=- snr=- st=0 rx=5 deaf=18023
2026-09-18T15:56:05Z,FRAME #84 tx t=2521507 peer=0x01 type=3 schema=0 frag=0x01 seq=85 rssi=- snr=- st=0 rx=5 deaf=18240
2026-09-18T15:56:15Z,CHANSUM,2470,2529,60,60006,5956,42,0,0,0,0,-1120,-1160,-1150,-1156
2026-09-18T15:56:15Z,FRAME #85 tx t=2531506 peer=0x02 type=3 schema=0 frag=0x01 seq=86 rssi=- snr=- st=0 rx=5 deaf=18453
2026-09-18T15:57:05Z,FRAME #86 tx t=2581509 peer=0x01 type=3 schema=0 frag=0x01 seq=87 rssi=- snr=- st=0 rx=5 deaf=18670
2026-09-18T15:57:15Z,CHANSUM,2530,2589,60,60012,5957,42,0,0,0,0,-1120,-1170,-1150,-1155
2026-09-18T15:57:15Z,FRAME #87 tx t=2591512 peer=0x02 type=3 schema=0 frag=0x01 seq=88 rssi=- snr=- st=0 rx=5 deaf=18887
2026-09-18T15:57:56Z,CHAN,2630,2631030,1000,100,0,1,0,-1100,-1150,-1144
2026-09-18T15:58:05Z,FRAME #88 tx t=2641511 peer=0x01 type=3 schema=0 frag=0x01 seq=89 rssi=- snr=- st=0 rx=5 deaf=19100
2026-09-18T15:58:15Z,CHANSUM,2590,2649,60,60012,5957,42,1,0,1,0,-1100,-1160,-1150,-1153
2026-09-18T15:58:15Z,FRAME #89 tx t=2651514 peer=0x02 type=3 schema=0 frag=0x01 seq=90 rssi=- snr=- st=0 rx=5 deaf=19317
2026-09-18T15:58:21Z,CHAN,2655,2656042,1000,100,0,1,0,-1100,-1150,-1144
2026-09-18T15:58:23Z,CHAN,2657,2658042,1000,100,0,1,0,-1000,-1150,-1143
2026-09-18T15:59:05Z,FRAME #90 tx t=2701507 peer=0x01 type=3 schema=0 frag=0x01 seq=91 rssi=- snr=- st=0 rx=5 deaf=19534
2026-09-18T15:59:15Z,CHANSUM,2650,2709,60,60006,5956,42,2,0,2,0,-1000,-1160,-1150,-1155
2026-09-18T15:59:15Z,FRAME #91 tx t=2711510 peer=0x02 type=3 schema=0 frag=0x01 seq=92 rssi=- snr=- st=0 rx=5 deaf=19751
2026-09-18T15:59:57Z,CHAN,2751,2752048,1000,100,0,1,0,-1100,-1150,-1143
2026-09-18T16:00:05Z,FRAME #92 tx t=2761509 peer=0x01 type=3 schema=0 frag=0x01 seq=93 rssi=- snr=- st=0 rx=5 deaf=19964
2026-09-18T16:00:06Z,CHAN,2760,2761048,1009,79,21,1,0,-1100,-1160,-1145
2026-09-18T16:00:15Z,CHANSUM,2710,2769,60,60012,5957,42,2,0,2,0,-1100,-1160,-1150,-1154
2026-09-18T16:00:15Z,FRAME #93 tx t=2771512 peer=0x02 type=3 schema=0 frag=0x01 seq=94 rssi=- snr=- st=0 rx=5 deaf=20181
2026-09-18T16:01:05Z,FRAME #94 tx t=2821511 peer=0x01 type=3 schema=0 frag=0x01 seq=95 rssi=- snr=- st=0 rx=5 deaf=20394
2026-09-18T16:01:15Z,CHANSUM,2770,2829,60,60012,5957,42,0,0,0,0,-1110,-1160,-1150,-1151
2026-09-18T16:01:15Z,FRAME #95 tx t=2831514 peer=0x02 type=3 schema=0 frag=0x01 seq=96 rssi=- snr=- st=0 rx=5 deaf=20611
2026-09-18T16:02:05Z,FRAME #96 tx t=2881507 peer=0x01 type=3 schema=0 frag=0x01 seq=97 rssi=- snr=- st=0 rx=5 deaf=20828
2026-09-18T16:02:15Z,CHANSUM,2830,2889,60,60006,5956,42,0,0,0,0,-1120,-1160,-1150,-1153
2026-09-18T16:02:16Z,FRAME #97 tx t=2892897 peer=0x02 type=3 schema=0 frag=0x01 seq=98 rssi=- snr=- st=0 rx=5 deaf=21066
2026-09-18T16:02:52Z,CHAN,2926,2927085,1000,100,0,1,0,-1100,-1160,-1143
2026-09-18T16:03:05Z,FRAME #98 tx t=2941506 peer=0x01 type=3 schema=0 frag=0x01 seq=99 rssi=- snr=- st=0 rx=5 deaf=21279
2026-09-18T16:03:10Z,CHAN,2944,2945094,1000,100,0,5,0,-1050,-1150,-1139
2026-09-18T16:03:11Z,CHAN,2945,2946094,1000,100,0,5,0,-1060,-1150,-1139
2026-09-18T16:03:15Z,CHANSUM,2890,2949,60,60019,5955,44,11,0,3,0,-1050,-1160,-1150,-1155
2026-09-18T16:03:15Z,FRAME #99 tx t=2951509 peer=0x02 type=3 schema=0 frag=0x01 seq=100 rssi=- snr=- st=0 rx=5 deaf=21496
2026-09-18T16:04:05Z,FRAME #100 tx t=3001508 peer=0x01 type=3 schema=0 frag=0x01 seq=101 rssi=- snr=- st=0 rx=5 deaf=21709
2026-09-18T16:04:15Z,CHANSUM,2950,3009,60,60012,5957,42,0,0,0,0,-1120,-1160,-1150,-1154
2026-09-18T16:04:16Z,FRAME #101 tx t=3012782 peer=0x02 type=3 schema=0 frag=0x01 seq=102 rssi=- snr=- st=0 rx=5 deaf=21951
2026-09-18T16:04:23Z,CHAN,3017,3018110,1000,100,0,3,0,-1000,-1160,-1141
2026-09-18T16:04:53Z,CHAN,3047,3048110,1000,100,0,1,0,-1100,-1150,-1144
2026-09-18T16:04:58Z,CHAN,3052,3053110,1000,100,0,1,0,-1100,-1160,-1144
2026-09-18T16:05:05Z,CHAN,3059,3060110,1000,100,0,1,0,-1090,-1150,-1141
2026-09-18T16:05:05Z,FRAME #102 tx t=3061511 peer=0x01 type=3 schema=0 frag=0x01 seq=103 rssi=- snr=- st=0 rx=5 deaf=22164
2026-09-18T16:05:06Z,CHAN,3060,3061110,1009,79,21,1,0,-1100,-1150,-1143
2026-09-18T16:05:12Z,CHAN,3066,3067119,1000,100,0,4,0,-960,-1150,-1137
2026-09-18T16:05:15Z,CHANSUM,3010,3069,60,60013,5954,44,11,0,6,0,-960,-1160,-1150,-1154
2026-09-18T16:05:15Z,FRAME #103 tx t=3071514 peer=0x02 type=3 schema=0 frag=0x01 seq=104 rssi=- snr=- st=0 rx=5 deaf=22381
2026-09-18T16:05:20Z,CHAN,3074,3075122,1000,100,0,7,0,-1000,-1160,-1134
2026-09-18T16:05:21Z,CHAN,3075,3076122,1000,100,0,2,0,-1000,-1160,-1141
2026-09-18T16:06:02Z,CHAN,3116,3117122,1000,100,0,1,0,-1100,-1150,-1144
2026-09-18T16:06:05Z,FRAME #104 tx t=3121507 peer=0x01 type=3 schema=0 frag=0x01 seq=105 rssi=- snr=- st=0 rx=5 deaf=22598
2026-09-18T16:06:15Z,CHANSUM,3070,3129,60,60006,5956,42,10,0,3,0,-1000,-1160,-1150,-1155
2026-09-18T16:06:15Z,FRAME #105 tx t=3131510 peer=0x02 type=3 schema=0 frag=0x01 seq=106 rssi=- snr=- st=0 rx=5 deaf=22815
2026-09-18T16:06:42Z,CHAN,3156,3157128,1000,100,0,1,0,-1100,-1160,-1143
2026-09-18T16:06:50Z,CHAN,3164,3165128,1000,100,0,4,0,-970,-1160,-1136
2026-09-18T16:06:54Z,CHAN,3168,3169128,1000,100,0,1,0,-1090,-1170,-1143
2026-09-18T16:07:05Z,FRAME #106 tx t=3181509 peer=0x01 type=3 schema=0 frag=0x01 seq=107 rssi=- snr=- st=0 rx=5 deaf=23028
2026-09-18T16:07:15Z,CHANSUM,3130,3189,60,60012,5957,42,6,0,3,0,-970,-1170,-1150,-1153
2026-09-18T16:07:16Z,FRAME #107 tx t=3192739 peer=0x02 type=3 schema=0 frag=0x01 seq=108 rssi=- snr=- st=0 rx=5 deaf=23266
2026-09-18T16:08:05Z,FRAME #108 tx t=3241508 peer=0x01 type=3 schema=0 frag=0x01 seq=109 rssi=- snr=- st=0 rx=5 deaf=23479
2026-09-18T16:08:07Z,CHAN,3241,3242156,1000,100,0,1,0,-1090,-1160,-1143
2026-09-18T16:08:15Z,CHANSUM,3190,3249,60,60019,5955,44,1,0,1,0,-1090,-1160,-1150,-1155
2026-09-18T16:08:15Z,FRAME #109 tx t=3251511 peer=0x02 type=3 schema=0 frag=0x01 seq=110 rssi=- snr=- st=0 rx=5 deaf=23696
2026-09-18T16:08:25Z,CHAN,3259,3260159,1000,100,0,9,0,-1050,-1150,-1134
2026-09-18T16:08:54Z,CHAN,3288,3289159,1000,100,0,1,0,-1100,-1150,-1143
2026-09-18T16:09:02Z,CHAN,3296,3297159,1000,100,0,1,0,-1090,-1160,-1144
2026-09-18T16:09:05Z,FRAME #110 tx t=3301510 peer=0x01 type=3 schema=0 frag=0x01 seq=111 rssi=- snr=- st=0 rx=5 deaf=23909
2026-09-18T16:09:15Z,CHANSUM,3250,3309,60,60012,5957,42,11,0,3,0,-1050,-1160,-1150,-1152
2026-09-18T16:09:15Z,FRAME #111 tx t=3311513 peer=0x02 type=3 schema=0 frag=0x01 seq=112 rssi=- snr=- st=0 rx=5 deaf=24126
2026-09-18T16:09:30Z,CHAN,3324,3325171,1000,100,0,1,0,-990,-1160,-1142
2026-09-18T16:10:05Z,FRAME #112 tx t=3361512 peer=0x01 type=3 schema=0 frag=0x01 seq=113 rssi=- snr=- st=0 rx=5 deaf=24339
2026-09-18T16:10:07Z,CHAN,3361,3362180,1000,100,0,1,0,-1090,-1150,-1140
2026-09-18T16:10:15Z,CHANSUM,3310,3369,60,60012,5957,42,2,0,2,0,-990,-1160,-1150,-1153
2026-09-18T16:10:15Z,FRAME #113 tx t=3371515 peer=0x02 type=3 schema=0 frag=0x01 seq=114 rssi=- snr=- st=0 rx=5 deaf=24556
2026-09-18T16:10:35Z,CHAN,3389,3390183,1000,100,0,9,0,-1010,-1150,-1129
2026-09-18T16:10:55Z,CHAN,3409,3410183,1000,100,0,1,0,-1090,-1150,-1144
2026-09-18T16:11:05Z,FRAME #114 tx t=3421508 peer=0x01 type=3 schema=0 frag=0x01 seq=115 rssi=- snr=- st=0 rx=5 deaf=24773
2026-09-18T16:11:15Z,CHANSUM,3370,3429,60,60006,5956,42,10,0,2,0,-1010,-1160,-1150,-1151
2026-09-18T16:11:15Z,FRAME #115 tx t=3431511 peer=0x02 type=3 schema=0 frag=0x01 seq=116 rssi=- snr=- st=0 rx=5 deaf=24990
2026-09-18T16:11:55Z,CHAN,3469,3470189,1000,100,0,1,0,-1090,-1150,-1139
2026-09-18T16:12:05Z,FRAME #116 tx t=3481510 peer=0x01 type=3 schema=0 frag=0x01 seq=117 rssi=- snr=- st=0 rx=5 deaf=25203
2026-09-18T16:12:15Z,CHANSUM,3430,3489,60,60012,5957,42,1,0,1,0,-1090,-1160,-1150,-1151
2026-09-18T16:12:15Z,FRAME #117 tx t=3491513 peer=0x02 type=3 schema=0 frag=0x01 seq=118 rssi=- snr=- st=0 rx=5 deaf=25420
2026-09-18T16:12:56Z,CHAN,3530,3531201,1000,100,0,2,0,-1060,-1160,-1139
2026-09-18T16:13:05Z,CHAN,3539,3540201,1000,100,0,1,0,-1090,-1150,-1140
2026-09-18T16:13:05Z,FRAME #118 tx t=3541512 peer=0x01 type=3 schema=0 frag=0x01 seq=119 rssi=- snr=- st=0 rx=5 deaf=25633
2026-09-18T16:13:15Z,CHANSUM,3490,3549,60,60012,5957,42,3,0,2,0,-1060,-1160,-1150,-1151
2026-09-18T16:13:15Z,FRAME #119 tx t=3551515 peer=0x02 type=3 schema=0 frag=0x01 seq=120 rssi=- snr=- st=0 rx=5 deaf=25850
2026-09-18T16:13:17Z,CHAN,3551,3552213,1000,100,0,2,0,-940,-1150,-1137
2026-09-18T16:14:02Z,CHAN,3596,3597213,1000,100,0,1,0,-1100,-1150,-1141
2026-09-18T16:14:05Z,FRAME #120 tx t=3601508 peer=0x01 type=3 schema=0 frag=0x01 seq=121 rssi=- snr=- st=0 rx=5 deaf=26067
2026-09-18T16:14:15Z,CHANSUM,3550,3609,60,60006,5956,42,3,0,2,0,-940,-1160,-1150,-1152
2026-09-18T16:14:15Z,FRAME #121 tx t=3611511 peer=0x02 type=3 schema=0 frag=0x01 seq=122 rssi=- snr=- st=0 rx=5 deaf=26284
2026-09-18T16:14:26Z,CHAN,3620,3621219,1000,100,0,1,0,-1090,-1160,-1141
2026-09-18T16:14:37Z,CHAN,3631,3632219,1000,100,0,1,0,-1030,-1150,-1140
2026-09-18T16:15:05Z,FRAME #122 tx t=3661510 peer=0x01 type=3 schema=0 frag=0x01 seq=123 rssi=- snr=- st=0 rx=5 deaf=26497
2026-09-18T16:15:15Z,CHANSUM,3610,3669,60,60012,5957,42,2,0,2,0,-1030,-1160,-1150,-1152
2026-09-18T16:15:15Z,FRAME #123 tx t=3671513 peer=0x02 type=3 schema=0 frag=0x01 seq=124 rssi=- snr=- st=0 rx=5 deaf=26714
2026-09-18T16:16:02Z,CHAN,3716,3717231,1000,100,0,1,0,-1100,-1150,-1141
2026-09-18T16:16:05Z,FRAME #124 tx t=3721512 peer=0x01 type=3 schema=0 frag=0x01 seq=125 rssi=- snr=- st=0 rx=5 deaf=26927
2026-09-18T16:16:15Z,CHANSUM,3670,3729,60,60012,5957,42,1,0,1,0,-1100,-1160,-1150,-1151
2026-09-18T16:16:15Z,FRAME #125 tx t=3731515 peer=0x02 type=3 schema=0 frag=0x01 seq=126 rssi=- snr=- st=0 rx=5 deaf=27144
2026-09-18T16:16:26Z,CHAN,3740,3741243,1000,100,0,1,0,-1100,-1150,-1142
2026-09-18T16:16:50Z,CHAN,3764,3765243,1000,100,0,9,0,-1040,-1150,-1131
2026-09-18T16:17:05Z,FRAME #126 tx t=3781508 peer=0x01 type=3 schema=0 frag=0x01 seq=127 rssi=- snr=- st=0 rx=5 deaf=27361
2026-09-18T16:17:15Z,CHANSUM,3730,3789,60,60006,5956,42,10,0,2,0,-1040,-1170,-1150,-1152
2026-09-18T16:17:15Z,FRAME #127 tx t=3791511 peer=0x02 type=3 schema=0 frag=0x01 seq=128 rssi=- snr=- st=0 rx=5 deaf=27578
2026-09-18T16:17:57Z,CHAN,3831,3832249,1000,100,0,1,0,-1090,-1150,-1138
2026-09-18T16:18:06Z,FRAME #128 tx t=3842276 peer=0x01 type=3 schema=0 frag=0x01 seq=129 rssi=- snr=- st=0 rx=5 deaf=27812
2026-09-18T16:18:08Z,CHAN,3842,3843264,1000,100,0,1,0,-1100,-1150,-1140
2026-09-18T16:18:15Z,CHANSUM,3790,3849,60,60018,5955,44,2,0,2,0,-1090,-1170,-1150,-1152
2026-09-18T16:18:15Z,FRAME #129 tx t=3851509 peer=0x02 type=3 schema=0 frag=0x01 seq=130 rssi=- snr=- st=0 rx=5 deaf=28029
2026-09-18T16:18:44Z,CHAN,3878,3879267,1000,100,0,2,0,-1040,-1150,-1140
2026-09-18T16:18:53Z,CHAN,3887,3888267,1000,100,0,20,0,-790,-1150,-1110
2026-09-18T16:18:54Z,CHAN,3888,3889267,1000,100,0,26,0,-1010,-1150,-1105
2026-09-18T16:19:00Z,CHAN,3894,3895267,1000,100,0,9,0,-1000,-1160,-1131
2026-09-18T16:19:01Z,CHAN,3895,3896267,1000,100,0,2,0,-1090,-1160,-1142
2026-09-18T16:19:05Z,FRAME #130 tx t=3901508 peer=0x01 type=3 schema=0 frag=0x01 seq=131 rssi=- snr=- st=0 rx=5 deaf=28242
2026-09-18T16:19:15Z,CHANSUM,3850,3909,60,60012,5957,42,59,0,5,0,-790,-1160,-1150,-1152
2026-09-18T16:19:15Z,FRAME #131 tx t=3911511 peer=0x02 type=3 schema=0 frag=0x01 seq=132 rssi=- snr=- st=0 rx=5 deaf=28459
2026-09-18T16:19:57Z,CHAN,3951,3952279,1000,100,0,1,0,-1100,-1150,-1140
2026-09-18T16:20:05Z,CHAN,3959,3960279,1000,100,0,1,0,-1100,-1150,-1141
2026-09-18T16:20:05Z,FRAME #132 tx t=3961510 peer=0x01 type=3 schema=0 frag=0x01 seq=133 rssi=- snr=- st=0 rx=5 deaf=28672
2026-09-18T16:20:15Z,CHANSUM,3910,3969,60,60012,5957,42,2,0,2,0,-1100,-1160,-1150,-1153
2026-09-18T16:20:15Z,FRAME #133 tx t=3971513 peer=0x02 type=3 schema=0 frag=0x01 seq=134 rssi=- snr=- st=0 rx=5 deaf=28889
2026-09-18T16:20:51Z,CHAN,4005,4006291,1000,100,0,3,0,-1040,-1150,-1139
2026-09-18T16:20:58Z,CHAN,4012,4013291,1000,100,0,1,0,-1090,-1160,-1140
2026-09-18T16:21:05Z,FRAME #134 tx t=4021512 peer=0x01 type=3 schema=0 frag=0x01 seq=135 rssi=- snr=- st=0 rx=5 deaf=29102
2026-09-18T16:21:07Z,CHAN,4021,4022300,1000,100,0,2,0,-1090,-1150,-1140
2026-09-18T16:21:13Z,CHAN,4027,4028300,1000,100,0,3,0,-1080,-1150,-1140
2026-09-18T16:21:15Z,CHANSUM,3970,4029,60,60012,5957,42,9,0,4,0,-1040,-1160,-1150,-1151
2026-09-18T16:21:16Z,FRAME #135 tx t=4032966 peer=0x02 type=3 schema=0 frag=0x01 seq=136 rssi=- snr=- st=0 rx=5 deaf=29344
2026-09-18T16:21:28Z,CHAN,4042,4043304,1000,100,0,1,0,-1080,-1150,-1141
2026-09-18T16:21:37Z,CHAN,4051,4052304,1000,100,0,3,0,-1070,-1160,-1141
2026-09-18T16:21:46Z,CHAN,4060,4061304,1000,100,0,4,0,-1070,-1150,-1139
2026-09-18T16:21:52Z,CHAN,4066,4067304,1000,100,0,1,0,-1090,-1150,-1141
2026-09-18T16:22:05Z,CHAN,4079,4080304,1000,100,0,10,0,-1000,-1150,-1128
2026-09-18T16:22:05Z,FRAME #136 tx t=4081509 peer=0x01 type=3 schema=0 frag=0x01 seq=137 rssi=- snr=- st=0 rx=5 deaf=29561
2026-09-18T16:22:06Z,CHAN,4080,4081304,1003,78,21,3,0,-1040,-1150,-1137
2026-09-18T16:22:15Z,CHANSUM,4030,4089,60,60007,5953,44,22,0,6,0,-1000,-1160,-1150,-1152
2026-09-18T16:22:15Z,FRAME #137 tx t=4091512 peer=0x02 type=3 schema=0 frag=0x01 seq=138 rssi=- snr=- st=0 rx=5 deaf=29778
2026-09-18T16:22:39Z,CHAN,4113,4114310,1000,100,0,4,0,-1060,-1160,-1139
2026-09-18T16:23:03Z,CHAN,4137,4138310,1000,100,0,1,0,-1090,-1160,-1143
2026-09-18T16:23:05Z,CHAN,4139,4140310,1000,100,0,1,0,-1090,-1160,-1144
2026-09-18T16:23:05Z,FRAME #138 tx t=4141511 peer=0x01 type=3 schema=0 frag=0x01 seq=139 rssi=- snr=- st=0 rx=5 deaf=29991
2026-09-18T16:23:06Z,CHAN,4140,4141310,1009,79,21,1,0,-1090,-1160,-1144
2026-09-18T16:23:07Z,CHAN,4141,4142319,1000,100,0,1,0,-1100,-1150,-1143
2026-09-18T16:23:10Z,CHAN,4144,4145319,1000,100,0,2,0,-1100,-1160,-1142
2026-09-18T16:23:15Z,CHANSUM,4090,4149,60,60012,5957,42,10,0,6,0,-1060,-1160,-1150,-1153
2026-09-18T16:23:15Z,FRAME #139 tx t=4151585 peer=0x02 type=3 schema=0 frag=0x01 seq=140 rssi=- snr=- st=0 rx=5 deaf=30233
2026-09-18T16:23:17Z,CHAN,4151,4152323,1000,100,0,1,0,-1100,-1150,-1140
2026-09-18T16:24:02Z,CHAN,4196,4197323,1000,100,0,1,0,-1090,-1160,-1142
2026-09-18T16:24:05Z,FRAME #140 tx t=4201508 peer=0x01 type=3 schema=0 frag=0x01 seq=141 rssi=- snr=- st=0 rx=5 deaf=30450
2026-09-18T16:24:15Z,CHAN,4209,4210326,1000,100,0,9,0,-1000,-1160,-1130
2026-09-18T16:24:15Z,CHANSUM,4150,4209,60,60007,5953,44,11,0,3,0,-1000,-1160,-1150,-1152
2026-09-18T16:24:15Z,FRAME #141 tx t=4211511 peer=0x02 type=3 schema=0 frag=0x01 seq=142 rssi=- snr=- st=0 rx=5 deaf=30667
2026-09-18T16:24:27Z,CHAN,4221,4222329,1000,100,0,4,0,-1100,-1150,-1140
2026-09-18T16:24:59Z,CHAN,4253,4254329,1000,100,0,2,0,-1100,-1150,-1137
2026-09-18T16:25:05Z,CHAN,4259,4260329,1000,100,0,1,0,-1090,-1160,-1144
2026-09-18T16:25:05Z,FRAME #142 tx t=4261510 peer=0x01 type=3 schema=0 frag=0x01 seq=143 rssi=- snr=- st=0 rx=5 deaf=30880
2026-09-18T16:25:15Z,CHANSUM,4210,4269,60,60012,5957,42,7,0,3,0,-1090,-1160,-1150,-1153
2026-09-18T16:25:15Z,FRAME #143 tx t=4271513 peer=0x02 type=3 schema=0 frag=0x01 seq=144 rssi=- snr=- st=0 rx=5 deaf=31097
2026-09-18T16:25:25Z,CHAN,4279,4280341,1000,100,0,4,0,-940,-1150,-1134
2026-09-18T16:26:04Z,CHAN,4318,4319341,1000,100,0,1,0,-1100,-1150,-1144
2026-09-18T16:26:05Z,CHAN,4319,4320341,1000,100,0,1,0,-1100,-1150,-1144
2026-09-18T16:26:05Z,FRAME #144 tx t=4321512 peer=0x01 type=3 schema=0 frag=0x01 seq=145 rssi=- snr=- st=0 rx=5 deaf=31310
2026-09-18T16:26:15Z,CHANSUM,4270,4329,60,60012,5957,42,6,0,3,0,-940,-1160,-1150,-1154
2026-09-18T16:26:15Z,FRAME #145 tx t=4331515 peer=0x02 type=3 schema=0 frag=0x01 seq=146 rssi=- snr=- st=0 rx=5 deaf=31527
2026-09-18T16:26:29Z,CHAN,4343,4344353,1000,100,0,1,0,-1090,-1160,-1142
2026-09-18T16:27:02Z,CHAN,4376,4377353,1000,100,0,1,0,-1100,-1160,-1144
2026-09-18T16:27:05Z,FRAME #146 tx t=4381508 peer=0x01 type=3 schema=0 frag=0x01 seq=147 rssi=- snr=- st=0 rx=5 deaf=31744
2026-09-18T16:27:15Z,CHANSUM,4330,4389,60,60006,5956,42,2,0,2,0,-1090,-1160,-1150,-1153
2026-09-18T16:27:15Z,FRAME #147 tx t=4391511 peer=0x02 type=3 schema=0 frag=0x01 seq=148 rssi=- snr=- st=0 rx=5 deaf=31961
2026-09-18T16:27:53Z,CHAN,4427,4428359,1000,100,0,5,0,-840,-1150,-1127
2026-09-18T16:28:05Z,FRAME #148 tx t=4441510 peer=0x01 type=3 schema=0 frag=0x01 seq=149 rssi=- snr=- st=0 rx=5 deaf=32174
2026-09-18T16:28:07Z,CHAN,4441,4442368,1000,100,0,1,0,-1090,-1150,-1141
2026-09-18T16:28:15Z,CHANSUM,4390,4449,60,60012,5957,42,6,0,2,0,-840,-1170,-1150,-1153
2026-09-18T16:28:15Z,FRAME #149 tx t=4451513 peer=0x02 type=3 schema=0 frag=0x01 seq=150 rssi=- snr=- st=0 rx=5 deaf=32391
2026-09-18T16:28:44Z,CHAN,4478,4479371,1000,100,0,4,0,-1050,-1160,-1140
2026-09-18T16:29:05Z,FRAME #150 tx t=4501512 peer=0x01 type=3 schema=0 frag=0x01 seq=151 rssi=- snr=- st=0 rx=5 deaf=32604
2026-09-18T16:29:15Z,CHANSUM,4450,4509,60,60012,5957,42,4,0,1,0,-1050,-1160,-1150,-1154
2026-09-18T16:29:15Z,FRAME #151 tx t=4511515 peer=0x02 type=3 schema=0 frag=0x01 seq=152 rssi=- snr=- st=0 rx=5 deaf=32821
2026-09-18T16:29:58Z,CHAN,4552,4553383,1000,100,0,1,0,-1030,-1160,-1140
2026-09-18T16:30:05Z,FRAME #152 tx t=4561508 peer=0x01 type=3 schema=0 frag=0x01 seq=153 rssi=- snr=- st=0 rx=5 deaf=33038
2026-09-18T16:30:09Z,CHAN,4563,4564386,1000,100,0,3,0,-1100,-1150,-1141
2026-09-18T16:30:15Z,CHANSUM,4510,4569,60,60006,5956,42,4,0,2,0,-1030,-1160,-1150,-1154
2026-09-18T16:30:15Z,FRAME #153 tx t=4571511 peer=0x02 type=3 schema=0 frag=0x01 seq=154 rssi=- snr=- st=0 rx=5 deaf=33255
2026-09-18T16:31:05Z,FRAME #154 tx t=4621510 peer=0x01 type=3 schema=0 frag=0x01 seq=155 rssi=- snr=- st=0 rx=5 deaf=33468
2026-09-18T16:31:06Z,CHAN,4620,4621389,1009,79,21,1,0,-1080,-1150,-1142
2026-09-18T16:31:15Z,CHANSUM,4570,4629,60,60012,5957,42,1,0,1,0,-1080,-1160,-1150,-1153
2026-09-18T16:31:15Z,FRAME #155 tx t=4631513 peer=0x02 type=3 schema=0 frag=0x01 seq=156 rssi=- snr=- st=0 rx=5 deaf=33685
2026-09-18T16:31:31Z,CHAN,4645,4646401,1000,100,0,1,0,-1100,-1160,-1141
2026-09-18T16:32:01Z,CHAN,4675,4676401,1000,100,0,2,0,-1080,-1160,-1144
2026-09-18T16:32:05Z,FRAME #156 tx t=4681512 peer=0x01 type=3 schema=0 frag=0x01 seq=157 rssi=- snr=- st=0 rx=5 deaf=33898
2026-09-18T16:32:15Z,CHANSUM,4630,4689,60,60012,5957,42,3,0,2,0,-1080,-1160,-1150,-1154
2026-09-18T16:32:15Z,FRAME #157 tx t=4691515 peer=0x02 type=3 schema=0 frag=0x01 seq=158 rssi=- snr=- st=0 rx=5 deaf=34115
2026-09-18T16:32:16Z,CHAN,4690,4691410,1003,78,21,1,0,-1090,-1150,-1144
2026-09-18T16:33:00Z,CHAN,4734,4735413,1000,100,0,2,0,-1100,-1160,-1143
2026-09-18T16:33:05Z,FRAME #158 tx t=4741508 peer=0x01 type=3 schema=0 frag=0x01 seq=159 rssi=- snr=- st=0 rx=5 deaf=34332
2026-09-18T16:33:07Z,CHAN,4741,4742416,1000,100,0,1,0,-1090,-1150,-1144
2026-09-18T16:33:15Z,CHANSUM,4690,4749,60,60006,5956,42,4,0,3,0,-1090,-1160,-1150,-1154
2026-09-18T16:33:15Z,FRAME #159 tx t=4751511 peer=0x02 type=3 schema=0 frag=0x01 seq=160 rssi=- snr=- st=0 rx=5 deaf=34549
2026-09-18T16:33:28Z,CHAN,4762,4763419,1000,100,0,2,0,-1090,-1160,-1142
2026-09-18T16:33:57Z,CHAN,4791,4792419,1000,100,0,4,0,-1100,-1150,-1139
2026-09-18T16:34:05Z,FRAME #160 tx t=4801510 peer=0x01 type=3 schema=0 frag=0x01 seq=161 rssi=- snr=- st=0 rx=5 deaf=34762
2026-09-18T16:34:15Z,CHANSUM,4750,4809,60,60012,5957,42,6,0,2,0,-1090,-1160,-1150,-1154
2026-09-18T16:34:15Z,FRAME #161 tx t=4811513 peer=0x02 type=3 schema=0 frag=0x01 seq=162 rssi=- snr=- st=0 rx=5 deaf=34979
2026-09-18T16:34:27Z,CHAN,4821,4822431,1000,100,0,5,0,-1070,-1150,-1140
2026-09-18T16:34:39Z,CHAN,4833,4834431,1000,100,0,3,0,-1080,-1150,-1142
2026-09-18T16:35:05Z,CHAN,4859,4860431,1000,100,0,2,0,-1040,-1160,-1142
2026-09-18T16:35:05Z,FRAME #162 tx t=4861512 peer=0x01 type=3 schema=0 frag=0x01 seq=163 rssi=- snr=- st=0 rx=5 deaf=35192
2026-09-18T16:35:15Z,CHANSUM,4810,4869,60,60012,5957,42,10,0,3,0,-1040,-1160,-1150,-1155
2026-09-18T16:35:15Z,FRAME #163 tx t=4871515 peer=0x02 type=3 schema=0 frag=0x01 seq=164 rssi=- snr=- st=0 rx=5 deaf=35409
2026-09-18T16:35:30Z,CHAN,4884,4885443,1000,100,0,3,0,-1060,-1160,-1142
2026-09-18T16:35:31Z,CHAN,4885,4886443,1000,100,0,3,0,-1060,-1150,-1141
2026-09-18T16:36:02Z,CHAN,4916,4917443,1000,100,0,1,0,-1090,-1160,-1144
2026-09-18T16:36:05Z,FRAME #164 tx t=4921508 peer=0x01 type=3 schema=0 frag=0x01 seq=165 rssi=- snr=- st=0 rx=5 deaf=35626
2026-09-18T16:36:15Z,CHANSUM,4870,4929,60,60006,5956,42,7,0,3,0,-1060,-1160,-1150,-1155
2026-09-18T16:36:15Z,FRAME #165 tx t=4931511 peer=0x02 type=3 schema=0 frag=0x01 seq=166 rssi=- snr=- st=0 rx=5 deaf=35843
2026-09-18T16:36:28Z,CHAN,4942,4943449,1000,100,0,3,0,-1050,-1150,-1138
2026-09-18T16:37:05Z,FRAME #166 tx t=4981510 peer=0x01 type=3 schema=0 frag=0x01 seq=167 rssi=- snr=- st=0 rx=5 deaf=36056
2026-09-18T16:37:15Z,CHANSUM,4930,4989,60,60012,5957,42,3,0,1,0,-1050,-1160,-1150,-1152
2026-09-18T16:37:15Z,FRAME #167 tx t=4991513 peer=0x02 type=3 schema=0 frag=0x01 seq=168 rssi=- snr=- st=0 rx=5 deaf=36273
2026-09-18T16:37:50Z,CHAN,5024,5025461,1000,100,0,9,0,-980,-1150,-1126
2026-09-18T16:38:05Z,FRAME #168 tx t=5041516 peer=0x01 type=3 schema=0 frag=0x01 seq=169 rssi=- snr=- st=0 rx=5 deaf=36490
2026-09-18T16:38:15Z,CHANSUM,4990,5049,60,60006,5956,42,9,0,1,0,-980,-1160,-1150,-1153
2026-09-18T16:38:15Z,FRAME #169 tx t=5051505 peer=0x02 type=3 schema=0 frag=0x01 seq=170 rssi=- snr=- st=0 rx=5 deaf=36703
2026-09-18T16:38:27Z,CHAN,5061,5062473,1000,100,0,5,0,-930,-1160,-1136
2026-09-18T16:38:29Z,CHAN,5063,5064473,1000,100,0,2,0,-920,-1160,-1141
2026-09-18T16:38:40Z,CHAN,5074,5075473,1000,100,0,1,0,-1060,-1160,-1143
2026-09-18T16:39:05Z,FRAME #170 tx t=5101504 peer=0x01 type=3 schema=0 frag=0x01 seq=171 rssi=- snr=- st=0 rx=5 deaf=36916
2026-09-18T16:39:14Z,CHAN,5108,5109482,1000,100,0,4,0,-980,-1150,-1137
2026-09-18T16:39:15Z,CHANSUM,5050,5109,60,60018,5958,42,12,0,4,0,-920,-1160,-1150,-1155
2026-09-18T16:39:15Z,FRAME #171 tx t=5111507 peer=0x02 type=3 schema=0 frag=0x01 seq=172 rssi=- snr=- st=0 rx=5 deaf=37133
2026-09-18T16:40:00Z,CHAN,5154,5155485,1000,100,0,10,0,-1040,-1160,-1135
2026-09-18T16:40:05Z,FRAME #172 tx t=5161506 peer=0x01 type=3 schema=0 frag=0x01 seq=173 rssi=- snr=- st=0 rx=5 deaf=37346
2026-09-18T16:40:12Z,CHAN,5166,5167494,1000,100,0,1,0,-1040,-1150,-1143
2026-09-18T16:40:15Z,FRAME #173 tx t=5171509 peer=0x02 type=3 schema=0 frag=0x01 seq=174 rssi=- snr=- st=0 rx=5 deaf=37563
2026-09-18T16:40:15Z,CHANSUM,5110,5169,60,60018,5957,42,11,0,2,0,-1040,-1160,-1150,-1153
2026-09-18T16:41:04Z,CHAN,5218,5219507,1000,100,0,1,0,-1090,-1160,-1143
2026-09-18T16:41:05Z,FRAME #174 tx t=5221508 peer=0x01 type=3 schema=0 frag=0x01 seq=175 rssi=- snr=- st=0 rx=5 deaf=37776
2026-09-18T16:41:15Z,FRAME #175 tx t=5231511 peer=0x02 type=3 schema=0 frag=0x01 seq=176 rssi=- snr=- st=0 rx=5 deaf=37993
2026-09-18T16:41:15Z,CHANSUM,5170,5229,60,60028,5956,44,1,0,1,0,-1090,-1160,-1150,-1152
2026-09-18T16:42:04Z,CHAN,5278,5279529,1000,100,0,1,0,-1090,-1150,-1140
2026-09-18T16:42:05Z,FRAME #176 tx t=5281510 peer=0x01 type=3 schema=0 frag=0x01 seq=177 rssi=- snr=- st=0 rx=5 deaf=38206
2026-09-18T16:42:05Z,CHAN,5279,5280529,1007,97,3,1,0,-1100,-1150,-1140
2026-09-18T16:42:07Z,CHAN,5281,5282538,1000,100,0,1,0,-1100,-1150,-1142
2026-09-18T16:42:15Z,FRAME #177 tx t=5291513 peer=0x02 type=3 schema=0 frag=0x01 seq=178 rssi=- snr=- st=0 rx=5 deaf=38423
2026-09-18T16:42:15Z,CHANSUM,5230,5289,60,60012,5956,43,3,0,3,0,-1090,-1160,-1150,-1151
2026-09-18T16:42:39Z,CHAN,5313,5314541,1000,100,0,1,0,-1100,-1150,-1139
2026-09-18T16:42:46Z,CHAN,5320,5321541,1000,100,0,5,0,-1090,-1150,-1142
2026-09-18T16:43:05Z,FRAME #178 tx t=5341512 peer=0x01 type=3 schema=0 frag=0x01 seq=179 rssi=- snr=- st=0 rx=5 deaf=38636
2026-09-18T16:43:05Z,CHAN,5339,5340541,1007,96,4,9,0,-1030,-1150,-1130
2026-09-18T16:43:09Z,CHAN,5343,5344550,1000,100,0,1,0,-1100,-1150,-1140
2026-09-18T16:43:15Z,FRAME #179 tx t=5351515 peer=0x02 type=3 schema=0 frag=0x01 seq=180 rssi=- snr=- st=0 rx=5 deaf=38853
2026-09-18T16:43:15Z,CHANSUM,5290,5349,60,60012,5956,43,16,0,4,0,-1030,-1160,-1150,-1153
2026-09-18T16:44:05Z,FRAME #180 tx t=5401508 peer=0x01 type=3 schema=0 frag=0x01 seq=181 rssi=- snr=- st=0 rx=5 deaf=39070
2026-09-18T16:44:15Z,FRAME #181 tx t=5411511 peer=0x02 type=3 schema=0 frag=0x01 seq=182 rssi=- snr=- st=0 rx=5 deaf=39287
2026-09-18T16:44:15Z,CHANSUM,5350,5409,60,60006,5955,43,0,0,0,0,-1110,-1170,-1150,-1153
2026-09-18T16:44:52Z,CHAN,5446,5447559,1000,100,0,5,0,-1030,-1150,-1138
2026-09-18T16:45:04Z,CHAN,5458,5459559,1000,100,0,1,0,-1100,-1150,-1140
2026-09-18T16:45:05Z,FRAME #182 tx t=5461510 peer=0x01 type=3 schema=0 frag=0x01 seq=183 rssi=- snr=- st=0 rx=5 deaf=39500
2026-09-18T16:45:05Z,CHAN,5459,5460559,1007,94,6,1,0,-1090,-1150,-1141
2026-09-18T16:45:15Z,FRAME #183 tx t=5471513 peer=0x02 type=3 schema=0 frag=0x01 seq=184 rssi=- snr=- st=0 rx=5 deaf=39717
2026-09-18T16:45:15Z,CHAN,5469,5470568,1002,93,6,9,0,-1010,-1150,-1131
2026-09-18T16:45:15Z,CHANSUM,5410,5469,60,60012,5956,43,16,0,4,0,-1010,-1160,-1150,-1152
2026-09-18T16:45:20Z,CHAN,5474,5475571,1000,100,0,2,0,-990,-1160,-1142
2026-09-18T16:46:01Z,CHAN,5515,5516571,1000,100,0,1,0,-1080,-1150,-1140
2026-09-18T16:46:07Z,FRAME #184 tx t=5523009 peer=0x01 type=3 schema=0 frag=0x01 seq=185 rssi=- snr=- st=0 rx=5 deaf=39951
2026-09-18T16:46:15Z,FRAME #185 tx t=5531508 peer=0x02 type=3 schema=0 frag=0x01 seq=186 rssi=- snr=- st=0 rx=5 deaf=40164
2026-09-18T16:46:15Z,CHANSUM,5470,5529,60,60025,5953,47,3,0,2,0,-990,-1160,-1150,-1154
2026-09-18T16:47:05Z,FRAME #186 tx t=5581507 peer=0x01 type=3 schema=0 frag=0x01 seq=187 rssi=- snr=- st=0 rx=5 deaf=40377
2026-09-18T16:47:15Z,FRAME #187 tx t=5591510 peer=0x02 type=3 schema=0 frag=0x01 seq=188 rssi=- snr=- st=0 rx=5 deaf=40594
2026-09-18T16:47:15Z,CHANSUM,5530,5589,60,60012,5956,43,0,0,0,0,-1110,-1160,-1150,-1153
2026-09-18T16:47:28Z,CHAN,5602,5603608,1000,100,0,4,0,-1090,-1150,-1140
2026-09-18T16:47:35Z,CHAN,5609,5610608,1000,100,0,1,0,-1080,-1150,-1142
2026-09-18T16:47:53Z,CHAN,5627,5628608,1000,100,0,3,0,-820,-1160,-1134
2026-09-18T16:47:56Z,CHAN,5630,5631608,1000,100,0,1,0,-1100,-1160,-1143
2026-09-18T16:48:03Z,CHAN,5637,5638608,1000,100,0,2,0,-1100,-1160,-1143
2026-09-18T16:48:05Z,FRAME #188 tx t=5641509 peer=0x01 type=3 schema=0 frag=0x01 seq=189 rssi=- snr=- st=0 rx=5 deaf=40807
2026-09-18T16:48:06Z,CHAN,5640,5641615,1002,90,10,1,0,-1100,-1160,-1145
2026-09-18T16:48:15Z,FRAME #189 tx t=5651512 peer=0x02 type=3 schema=0 frag=0x01 seq=190 rssi=- snr=- st=0 rx=5 deaf=41024
2026-09-18T16:48:15Z,CHANSUM,5590,5649,60,60012,5956,43,12,0,6,0,-820,-1160,-1150,-1153
2026-09-18T16:48:44Z,CHAN,5678,5679620,1000,100,0,20,0,-940,-1160,-1106
2026-09-18T16:48:45Z,CHAN,5679,5680620,1000,100,0,16,0,-940,-1150,-1113
2026-09-18T16:49:04Z,CHAN,5698,5699620,1000,100,0,1,0,-1070,-1150,-1143
2026-09-18T16:49:05Z,FRAME #190 tx t=5701511 peer=0x01 type=3 schema=0 frag=0x01 seq=191 rssi=- snr=- st=0 rx=5 deaf=41237
2026-09-18T16:49:05Z,CHAN,5699,5700620,1007,88,12,1,0,-1100,-1160,-1146
2026-09-18T16:49:07Z,CHAN,5701,5702629,1000,100,0,1,0,-1100,-1150,-1144
2026-09-18T16:49:15Z,FRAME #191 tx t=5711514 peer=0x02 type=3 schema=0 frag=0x01 seq=192 rssi=- snr=- st=0 rx=5 deaf=41454
2026-09-18T16:49:15Z,CHANSUM,5650,5709,60,60012,5956,43,39,0,5,0,-940,-1160,-1150,-1155
2026-09-18T16:50:05Z,FRAME #192 tx t=5761507 peer=0x01 type=3 schema=0 frag=0x01 seq=193 rssi=- snr=- st=0 rx=5 deaf=41671
2026-09-18T16:50:15Z,FRAME #193 tx t=5771510 peer=0x02 type=3 schema=0 frag=0x01 seq=194 rssi=- snr=- st=0 rx=5 deaf=41888
2026-09-18T16:50:15Z,CHANSUM,5710,5769,60,60006,5955,43,0,0,0,0,-1120,-1160,-1150,-1156
2026-09-18T16:50:19Z,CHAN,5773,5774638,1000,100,0,39,0,-940,-1150,-1073
2026-09-18T16:50:27Z,CHAN,5781,5782638,1000,100,0,2,0,-1020,-1160,-1142
2026-09-18T16:51:05Z,FRAME #194 tx t=5821509 peer=0x01 type=3 schema=0 frag=0x01 seq=195 rssi=- snr=- st=0 rx=5 deaf=42101
2026-09-18T16:51:07Z,CHAN,5821,5822647,1000,100,0,1,0,-1090,-1150,-1141
2026-09-18T16:51:09Z,CHAN,5823,5824647,1000,100,0,2,0,-1070,-1150,-1139
2026-09-18T16:51:10Z,CHAN,5824,5825647,1000,100,0,3,0,-1090,-1150,-1139
2026-09-18T16:51:15Z,FRAME #195 tx t=5831512 peer=0x02 type=3 schema=0 frag=0x01 seq=196 rssi=- snr=- st=0 rx=5 deaf=42318
2026-09-18T16:51:15Z,CHANSUM,5770,5829,60,60012,5956,43,47,0,5,0,-940,-1160,-1150,-1152
2026-09-18T16:52:05Z,FRAME #196 tx t=5881511 peer=0x01 type=3 schema=0 frag=0x01 seq=197 rssi=- snr=- st=0 rx=5 deaf=42531
2026-09-18T16:52:15Z,FRAME #197 tx t=5891514 peer=0x02 type=3 schema=0 frag=0x01 seq=198 rssi=- snr=- st=0 rx=5 deaf=42748
2026-09-18T16:52:15Z,CHANSUM,5830,5889,60,60012,5956,43,0,0,0,0,-1120,-1160,-1150,-1152
2026-09-18T16:52:32Z,CHAN,5906,5907662,1000,100,0,2,0,-1090,-1150,-1142
2026-09-18T16:53:05Z,FRAME #198 tx t=5941507 peer=0x01 type=3 schema=0 frag=0x01 seq=199 rssi=- snr=- st=0 rx=5 deaf=42965
2026-09-18T16:53:06Z,CHAN,5940,5941664,1001,95,5,1,0,-1100,-1160,-1144
2026-09-18T16:53:11Z,CHAN,5945,5946665,1000,100,0,1,0,-1090,-1160,-1140
2026-09-18T16:53:15Z,FRAME #199 tx t=5951510 peer=0x02 type=3 schema=0 frag=0x01 seq=200 rssi=- snr=- st=0 rx=5 deaf=43182
2026-09-18T16:53:15Z,CHANSUM,5890,5949,60,60006,5955,43,4,0,3,0,-1090,-1160,-1150,-1153
2026-09-18T16:53:37Z,CHAN,5971,5972668,1000,100,0,1,0,-1090,-1150,-1144
2026-09-18T16:53:52Z,CHAN,5986,5987668,1000,100,0,8,0,-1010,-1160,-1136
2026-09-18T16:54:05Z,FRAME #200 tx t=6001509 peer=0x01 type=3 schema=0 frag=0x01 seq=201 rssi=- snr=- st=0 rx=5 deaf=43395
2026-09-18T16:54:15Z,FRAME #201 tx t=6011512 peer=0x02 type=3 schema=0 frag=0x01 seq=202 rssi=- snr=- st=0 rx=5 deaf=43612
2026-09-18T16:54:15Z,CHANSUM,5950,6009,60,60012,5956,43,9,0,2,0,-1010,-1160,-1150,-1153
2026-09-18T16:54:16Z,CHAN,6010,6011679,1001,96,4,1,0,-1090,-1160,-1140
2026-09-18T16:55:01Z,CHAN,6055,6056680,1000,100,0,4,0,-990,-1160,-1134
2026-09-18T16:55:05Z,FRAME #202 tx t=6061511 peer=0x01 type=3 schema=0 frag=0x01 seq=203 rssi=- snr=- st=0 rx=5 deaf=43825
2026-09-18T16:55:15Z,FRAME #203 tx t=6071514 peer=0x02 type=3 schema=0 frag=0x01 seq=204 rssi=- snr=- st=0 rx=5 deaf=44042
2026-09-18T16:55:15Z,CHANSUM,6010,6069,60,60012,5956,43,5,0,2,0,-990,-1160,-1150,-1152
2026-09-18T16:55:32Z,CHAN,6086,6087692,1000,100,0,2,0,-1100,-1150,-1140
2026-09-18T16:55:34Z,CHAN,6088,6089692,1000,100,0,2,0,-960,-1150,-1137
2026-09-18T16:56:04Z,CHAN,6118,6119692,1000,100,0,1,0,-1100,-1150,-1139
2026-09-18T16:56:06Z,FRAME #204 tx t=6122168 peer=0x01 type=3 schema=0 frag=0x01 seq=205 rssi=- snr=- st=0 rx=5 deaf=44284
2026-09-18T16:56:15Z,FRAME #205 tx t=6131511 peer=0x02 type=3 schema=0 frag=0x01 seq=206 rssi=- snr=- st=0 rx=5 deaf=44501
2026-09-18T16:56:15Z,CHANSUM,6070,6129,60,60007,5952,45,5,0,3,0,-960,-1160,-1150,-1152
2026-09-18T16:57:04Z,CHAN,6178,6179699,1000,100,0,1,0,-1090,-1150,-1140
2026-09-18T16:57:05Z,FRAME #206 tx t=6181510 peer=0x01 type=3 schema=0 frag=0x01 seq=207 rssi=- snr=- st=0 rx=5 deaf=44714
2026-09-18T16:57:05Z,CHAN,6179,6180699,1003,80,20,1,0,-1080,-1150,-1139
2026-09-18T16:57:09Z,CHAN,6183,6184708,1000,100,0,1,0,-1090,-1150,-1140
2026-09-18T16:57:11Z,CHAN,6185,6186708,1000,100,0,1,0,-1090,-1160,-1140
2026-09-18T16:57:15Z,FRAME #207 tx t=6191513 peer=0x02 type=3 schema=0 frag=0x01 seq=208 rssi=- snr=- st=0 rx=5 deaf=44931
2026-09-18T16:57:15Z,CHANSUM,6130,6189,60,60023,5956,44,4,0,4,0,-1080,-1160,-1150,-1151
2026-09-18T16:58:05Z,FRAME #208 tx t=6241512 peer=0x01 type=3 schema=0 frag=0x01 seq=209 rssi=- snr=- st=0 rx=5 deaf=45144
2026-09-18T16:58:07Z,CHAN,6241,6242730,1000,100,0,1,0,-1100,-1160,-1144
2026-09-18T16:58:09Z,CHAN,6243,6244730,1000,100,0,2,0,-1090,-1160,-1139
2026-09-18T16:58:15Z,FRAME #209 tx t=6251515 peer=0x02 type=3 schema=0 frag=0x01 seq=210 rssi=- snr=- st=0 rx=5 deaf=45361
2026-09-18T16:58:15Z,CHANSUM,6190,6249,60,60012,5957,42,3,0,2,0,-1090,-1160,-1150,-1153
2026-09-18T16:58:50Z,CHAN,6284,6285733,1000,100,0,9,0,-990,-1150,-1128
2026-09-18T16:59:05Z,FRAME #210 tx t=6301508 peer=0x01 type=3 schema=0 frag=0x01 seq=211 rssi=- snr=- st=0 rx=5 deaf=45578
2026-09-18T16:59:06Z,CHAN,6300,6301736,1000,100,0,1,0,-1100,-1150,-1139
2026-09-18T16:59:15Z,FRAME #211 tx t=6311511 peer=0x02 type=3 schema=0 frag=0x01 seq=212 rssi=- snr=- st=0 rx=5 deaf=45795
2026-09-18T16:59:15Z,CHANSUM,6250,6309,60,60006,5956,42,10,0,2,0,-990,-1160,-1150,-1152
2026-09-18T16:59:25Z,CHAN,6319,6320739,1000,100,0,2,0,-930,-1160,-1137
2026-09-18T16:59:48Z,CHAN,6342,6343739,1000,100,0,1,0,-1010,-1150,-1139
2026-09-18T17:00:05Z,FRAME #212 tx t=6361510 peer=0x01 type=3 schema=0 frag=0x01 seq=213 rssi=- snr=- st=0 rx=5 deaf=46008
2026-09-18T17:00:05Z,CHAN,6359,6360739,1009,79,21,1,0,-1100,-1150,-1142
2026-09-18T17:00:15Z,FRAME #213 tx t=6371513 peer=0x02 type=3 schema=0 frag=0x01 seq=214 rssi=- snr=- st=0 rx=5 deaf=46225
2026-09-18T17:00:15Z,CHANSUM,6310,6369,60,60012,5957,42,4,0,3,0,-930,-1160,-1150,-1153
2026-09-18T17:00:38Z,CHAN,6392,6393751,1000,100,0,5,0,-1060,-1160,-1140
2026-09-18T17:01:00Z,CHAN,6414,6415751,1000,100,0,9,0,-1040,-1150,-1134
2026-09-18T17:01:05Z,FRAME #214 tx t=6421512 peer=0x01 type=3 schema=0 frag=0x01 seq=215 rssi=- snr=- st=0 rx=5 deaf=46438
2026-09-18T17:01:05Z,CHAN,6419,6420751,1009,79,21,1,0,-1100,-1150,-1142
2026-09-18T17:01:15Z,FRAME #215 tx t=6431515 peer=0x02 type=3 schema=0 frag=0x01 seq=216 rssi=- snr=- st=0 rx=5 deaf=46655
2026-09-18T17:01:15Z,CHANSUM,6370,6429,60,60013,5957,42,15,0,3,0,-1040,-1160,-1150,-1154
2026-09-18T17:01:55Z,CHAN,6469,6470764,1000,100,0,1,0,-1080,-1150,-1139
2026-09-18T17:02:05Z,FRAME #216 tx t=6481505 peer=0x01 type=3 schema=0 frag=0x01 seq=217 rssi=- snr=- st=0 rx=5 deaf=46868
2026-09-18T17:02:07Z,CHAN,6481,6482773,1000,100,0,1,0,-1090,-1160,-1143
2026-09-18T17:02:15Z,FRAME #217 tx t=6491508 peer=0x02 type=3 schema=0 frag=0x01 seq=218 rssi=- snr=- st=0 rx=5 deaf=47085
2026-09-18T17:02:15Z,CHANSUM,6430,6489,60,60012,5957,42,2,0,2,0,-1080,-1160,-1150,-1154
2026-09-18T17:02:16Z,CHAN,6490,6491776,1000,100,0,2,0,-1090,-1150,-1140
2026-09-18T17:02:57Z,CHAN,6531,6532776,1000,100,0,3,0,-1090,-1150,-1143
2026-09-18T17:03:05Z,FRAME #218 tx t=6541507 peer=0x01 type=3 schema=0 frag=0x01 seq=219 rssi=- snr=- st=0 rx=5 deaf=47298
2026-09-18T17:03:06Z,CHAN,6540,6541785,1000,100,0,1,0,-1100,-1150,-1140
2026-09-18T17:03:15Z,FRAME #219 tx t=6551510 peer=0x02 type=3 schema=0 frag=0x01 seq=220 rssi=- snr=- st=0 rx=5 deaf=47515
2026-09-18T17:03:15Z,CHANSUM,6490,6549,60,60012,5957,42,6,0,3,0,-1090,-1160,-1150,-1154
2026-09-18T17:04:02Z,CHAN,6596,6597788,1000,100,0,4,0,-940,-1150,-1136
2026-09-18T17:04:04Z,CHAN,6598,6599788,1000,100,0,1,0,-1080,-1150,-1144
2026-09-18T17:04:05Z,FRAME #220 tx t=6601509 peer=0x01 type=3 schema=0 frag=0x01 seq=221 rssi=- snr=- st=0 rx=5 deaf=47728
2026-09-18T17:04:05Z,CHAN,6599,6600788,1009,79,21,9,0,-1020,-1160,-1130
2026-09-18T17:04:07Z,CHAN,6601,6602797,1000,100,0,1,0,-1100,-1160,-1143
2026-09-18T17:04:08Z,CHAN,6602,6603797,1000,100,0,1,0,-1020,-1160,-1143
2026-09-18T17:04:11Z,CHAN,6605,6606797,1000,100,0,1,0,-1060,-1150,-1144
2026-09-18T17:04:15Z,FRAME #221 tx t=6611512 peer=0x02 type=3 schema=0 frag=0x01 seq=222 rssi=- snr=- st=0 rx=5 deaf=47945
2026-09-18T17:04:15Z,CHANSUM,6550,6609,60,60012,5957,42,17,0,6,0,-940,-1160,-1150,-1153
2026-09-18T17:04:41Z,CHAN,6635,6636800,1000,100,0,5,0,-1060,-1160,-1137
2026-09-18T17:04:47Z,CHAN,6641,6642800,1000,100,0,1,0,-1100,-1150,-1142
2026-09-18T17:05:05Z,CHAN,6659,6660800,1007,98,2,1,0,-1100,-1160,-1142
2026-09-18T17:05:06Z,FRAME #222 tx t=6662758 peer=0x01 type=3 schema=0 frag=0x01 seq=223 rssi=- snr=- st=0 rx=5 deaf=48179
2026-09-18T17:05:15Z,FRAME #223 tx t=6671511 peer=0x02 type=3 schema=0 frag=0x01 seq=224 rssi=- snr=- st=0 rx=5 deaf=48396
2026-09-18T17:05:15Z,CHANSUM,6610,6669,60,60019,5955,44,7,0,3,0,-1060,-1160,-1150,-1153
2026-09-18T17:05:48Z,CHAN,6702,6703819,1000,100,0,1,0,-1010,-1150,-1140
2026-09-18T17:05:49Z,CHAN,6703,6704819,1000,100,0,3,0,-1060,-1150,-1138
2026-09-18T17:06:05Z,FRAME #224 tx t=6721510 peer=0x01 type=3 schema=0 frag=0x01 seq=225 rssi=- snr=- st=0 rx=5 deaf=48609
2026-09-18T17:06:05Z,CHAN,6719,6720819,1009,79,21,1,0,-1090,-1150,-1141
2026-09-18T17:06:06Z,CHAN,6720,6721828,1000,100,0,1,0,-1100,-1150,-1142
2026-09-18T17:06:15Z,FRAME #225 tx t=6731513 peer=0x02 type=3 schema=0 frag=0x01 seq=226 rssi=- snr=- st=0 rx=5 deaf=48826
2026-09-18T17:06:15Z,CHAN,6729,6730828,1003,78,21,9,0,-1040,-1160,-1132
2026-09-18T17:06:15Z,CHANSUM,6670,6729,60,60012,5957,42,15,0,5,0,-1010,-1160,-1150,-1152
2026-09-18T17:06:19Z,CHAN,6733,6734831,1000,100,0,1,0,-1100,-1160,-1142
2026-09-18T17:06:31Z,CHAN,6745,6746831,1000,100,0,4,0,-1090,-1150,-1143
2026-09-18T17:07:05Z,FRAME #226 tx t=6781512 peer=0x01 type=3 schema=0 frag=0x01 seq=227 rssi=- snr=- st=0 rx=5 deaf=49039
2026-09-18T17:07:15Z,FRAME #227 tx t=6791515 peer=0x02 type=3 schema=0 frag=0x01 seq=228 rssi=- snr=- st=0 rx=5 deaf=49256
2026-09-18T17:07:15Z,CHANSUM,6730,6789,60,60012,5957,42,5,0,2,0,-1090,-1160,-1150,-1155
2026-09-18T17:07:58Z,CHAN,6832,6833843,1000,100,0,1,0,-1100,-1150,-1143
2026-09-18T17:08:05Z,FRAME #228 tx t=6841508 peer=0x01 type=3 schema=0 frag=0x01 seq=229 rssi=- snr=- st=0 rx=5 deaf=49473
2026-09-18T17:08:13Z,CHAN,6847,6848846,1000,100,0,1,0,-1090,-1150,-1140
2026-09-18T17:08:15Z,FRAME #229 tx t=6851511 peer=0x02 type=3 schema=0 frag=0x01 seq=230 rssi=- snr=- st=0 rx=5 deaf=49690
2026-09-18T17:08:15Z,CHANSUM,6790,6849,60,60006,5956,42,2,0,2,0,-1090,-1160,-1150,-1153
2026-09-18T17:09:04Z,CHAN,6898,6899849,1000,100,0,1,0,-1090,-1150,-1139
2026-09-18T17:09:05Z,FRAME #230 tx t=6901510 peer=0x01 type=3 schema=0 frag=0x01 seq=231 rssi=- snr=- st=0 rx=5 deaf=49903
2026-09-18T17:09:05Z,CHAN,6899,6900849,1009,79,21,1,0,-1090,-1150,-1141
2026-09-18T17:09:15Z,FRAME #231 tx t=6911513 peer=0x02 type=3 schema=0 frag=0x01 seq=232 rssi=- snr=- st=0 rx=5 deaf=50120
2026-09-18T17:09:15Z,CHANSUM,6850,6909,60,60012,5957,42,2,0,2,0,-1090,-1160,-1150,-1152
2026-09-18T17:10:05Z,FRAME #232 tx t=6961512 peer=0x01 type=3 schema=0 frag=0x01 seq=233 rssi=- snr=- st=0 rx=5 deaf=50333
2026-09-18T17:10:15Z,FRAME #233 tx t=6971515 peer=0x02 type=3 schema=0 frag=0x01 seq=234 rssi=- snr=- st=0 rx=5 deaf=50550
2026-09-18T17:10:15Z,CHANSUM,6910,6969,60,60012,5957,42,0,0,0,0,-1110,-1160,-1150,-1153
2026-09-18T17:10:55Z,CHAN,7009,7010873,1000,100,0,2,0,-1080,-1160,-1142
2026-09-18T17:11:04Z,CHAN,7018,7019873,1000,100,0,1,0,-1100,-1150,-1141
2026-09-18T17:11:05Z,FRAME #234 tx t=7021508 peer=0x01 type=3 schema=0 frag=0x01 seq=235 rssi=- snr=- st=0 rx=5 deaf=50767
2026-09-18T17:11:15Z,FRAME #235 tx t=7031511 peer=0x02 type=3 schema=0 frag=0x01 seq=236 rssi=- snr=- st=0 rx=5 deaf=50984
2026-09-18T17:11:15Z,CHANSUM,6970,7029,60,60006,5956,42,3,0,2,0,-1080,-1160,-1150,-1152
2026-09-18T17:11:45Z,CHAN,7059,7060879,1000,100,0,1,0,-1100,-1150,-1142
2026-09-18T17:12:04Z,CHAN,7078,7079879,1000,100,0,1,0,-1090,-1160,-1142
2026-09-18T17:12:05Z,FRAME #236 tx t=7081510 peer=0x01 type=3 schema=0 frag=0x01 seq=237 rssi=- snr=- st=0 rx=5 deaf=51197
2026-09-18T17:12:05Z,CHAN,7079,7080879,1009,79,21,1,0,-1100,-1160,-1141
2026-09-18T17:12:15Z,FRAME #237 tx t=7091513 peer=0x02 type=3 schema=0 frag=0x01 seq=238 rssi=- snr=- st=0 rx=5 deaf=51414
2026-09-18T17:12:15Z,CHANSUM,7030,7089,60,60012,5957,42,3,0,3,0,-1090,-1160,-1150,-1152
2026-09-18T17:12:34Z,CHAN,7108,7109891,1000,100,0,38,0,-970,-1150,-1077
2026-09-18T17:13:02Z,CHAN,7136,7137891,1000,100,0,1,0,-1090,-1150,-1141
2026-09-18T17:13:05Z,FRAME #238 tx t=7141512 peer=0x01 type=3 schema=0 frag=0x01 seq=239 rssi=- snr=- st=0 rx=5 deaf=51627
2026-09-18T17:13:10Z,CHAN,7144,7145900,1000,100,0,4,0,-950,-1150,-1134
2026-09-18T17:13:13Z,CHAN,7147,7148900,1000,100,0,4,0,-1090,-1150,-1140
2026-09-18T17:13:15Z,FRAME #239 tx t=7151515 peer=0x02 type=3 schema=0 frag=0x01 seq=240 rssi=- snr=- st=0 rx=5 deaf=51844
2026-09-18T17:13:15Z,CHANSUM,7090,7149,60,60012,5957,42,47,0,4,0,-950,-1160,-1150,-1151
2026-09-18T17:13:24Z,CHAN,7158,7159903,1000,100,0,4,0,-950,-1150,-1135
2026-09-18T17:14:05Z,FRAME #240 tx t=7201508 peer=0x01 type=3 schema=0 frag=0x01 seq=241 rssi=- snr=- st=0 rx=5 deaf=52062
2026-09-18T17:14:10Z,CHAN,7204,7205906,1000,100,0,1,0,-1090,-1160,-1142
2026-09-18T17:14:15Z,FRAME #241 tx t=7211511 peer=0x02 type=3 schema=0 frag=0x01 seq=242 rssi=- snr=- st=0 rx=5 deaf=52279
2026-09-18T17:14:15Z,CHANSUM,7150,7209,60,60006,5956,42,5,0,2,0,-950,-1160,-1150,-1152
2026-09-18T17:14:40Z,CHAN,7234,7235909,1000,100,0,38,0,-1030,-1150,-1103
2026-09-18T17:14:51Z,CHAN,7245,7246909,1000,100,0,3,0,-1060,-1150,-1139
2026-09-18T17:15:05Z,FRAME #242 tx t=7261510 peer=0x01 type=3 schema=0 frag=0x01 seq=243 rssi=- snr=- st=0 rx=5 deaf=52492
2026-09-18T17:15:05Z,CHAN,7259,7260909,1009,79,21,6,0,-960,-1150,-1131
2026-09-18T17:15:15Z,FRAME #243 tx t=7271513 peer=0x02 type=3 schema=0 frag=0x01 seq=244 rssi=- snr=- st=0 rx=5 deaf=52709
2026-09-18T17:15:15Z,CHANSUM,7210,7269,60,60012,5957,42,47,0,3,0,-960,-1160,-1150,-1151
2026-09-18T17:16:05Z,FRAME #244 tx t=7321512 peer=0x01 type=3 schema=0 frag=0x01 seq=245 rssi=- snr=- st=0 rx=5 deaf=52922
2026-09-18T17:16:15Z,FRAME #245 tx t=7331515 peer=0x02 type=3 schema=0 frag=0x01 seq=246 rssi=- snr=- st=0 rx=5 deaf=53139
2026-09-18T17:16:16Z,CHANSUM,7270,7329,60,60012,5957,42,0,0,0,0,-1120,-1160,-1150,-1150
2026-09-18T17:16:17Z,CHAN,7330,7331933,1000,100,0,1,0,-1090,-1150,-1139
2026-09-18T17:16:47Z,CHAN,7360,7361933,1000,100,0,1,0,-1100,-1150,-1141
2026-09-18T17:16:52Z,CHAN,7365,7366933,1000,100,0,1,0,-1100,-1150,-1141
2026-09-18T17:17:05Z,FRAME #246 tx t=7381508 peer=0x01 type=3 schema=0 frag=0x01 seq=247 rssi=- snr=- st=0 rx=5 deaf=53356
2026-09-18T17:17:08Z,CHAN,7381,7382936,1000,100,0,1,0,-1100,-1150,-1141
2026-09-18T17:17:15Z,FRAME #247 tx t=7391511 peer=0x02 type=3 schema=0 frag=0x01 seq=248 rssi=- snr=- st=0 rx=5 deaf=53573
2026-09-18T17:17:16Z,CHANSUM,7330,7389,60,60006,5956,42,4,0,4,0,-1090,-1160,-1150,-1152
2026-09-18T17:17:23Z,CHAN,7396,7397939,1000,100,0,1,0,-1100,-1150,-1139
2026-09-18T17:17:53Z,CHAN,7426,7427939,1000,100,0,1,0,-1100,-1150,-1141
2026-09-18T17:18:05Z,CHAN,7438,7439939,1000,100,0,1,0,-1100,-1150,-1140
2026-09-18T17:18:05Z,FRAME #248 tx t=7441510 peer=0x01 type=3 schema=0 frag=0x01 seq=249 rssi=- snr=- st=0 rx=5 deaf=53786
2026-09-18T17:18:06Z,CHAN,7439,7440939,1009,79,21,1,0,-1080,-1150,-1141
2026-09-18T17:18:07Z,CHAN,7440,7441948,1000,100,0,1,0,-1070,-1160,-1140
2026-09-18T17:18:14Z,CHAN,7447,7448948,1000,100,0,4,0,-1090,-1150,-1139
2026-09-18T17:18:15Z,FRAME #249 tx t=7451513 peer=0x02 type=3 schema=0 frag=0x01 seq=250 rssi=- snr=- st=0 rx=5 deaf=54003
2026-09-18T17:18:16Z,CHANSUM,7390,7449,60,60012,5957,42,9,0,6,0,-1070,-1160,-1150,-1151
2026-09-18T17:19:05Z,FRAME #250 tx t=7501512 peer=0x01 type=3 schema=0 frag=0x01 seq=251 rssi=- snr=- st=0 rx=5 deaf=54216
2026-09-18T17:19:15Z,FRAME #251 tx t=7511515 peer=0x02 type=3 schema=0 frag=0x01 seq=252 rssi=- snr=- st=0 rx=5 deaf=54433
2026-09-18T17:19:16Z,CHANSUM,7450,7509,60,60012,5957,42,0,0,0,0,-1120,-1160,-1150,-1151
2026-09-18T17:19:28Z,CHAN,7521,7522963,1000,100,0,1,0,-1050,-1160,-1140
2026-09-18T17:19:29Z,CHAN,7522,7523963,1000,100,0,1,0,-1100,-1150,-1141
2026-09-18T17:19:39Z,CHAN,7532,7533963,1000,100,0,1,0,-1060,-1150,-1140
2026-09-18T17:19:51Z,CHAN,7544,7545963,1000,100,0,9,0,-1010,-1150,-1128
2026-09-18T17:20:05Z,FRAME #252 tx t=7561508 peer=0x01 type=3 schema=0 frag=0x01 seq=253 rssi=- snr=- st=0 rx=5 deaf=54650
2026-09-18T17:20:15Z,FRAME #253 tx t=7571511 peer=0x02 type=3 schema=0 frag=0x01 seq=254 rssi=- snr=- st=0 rx=5 deaf=54867
2026-09-18T17:20:16Z,CHANSUM,7510,7569,60,60006,5956,42,12,0,4,0,-1010,-1160,-1150,-1151
2026-09-18T17:20:18Z,CHAN,7571,7572969,1000,100,0,1,0,-1100,-1150,-1140
2026-09-18T17:21:05Z,FRAME #254 tx t=7621510 peer=0x01 type=3 schema=0 frag=0x01 seq=255 rssi=- snr=- st=0 rx=5 deaf=55080
2026-09-18T17:21:11Z,CHAN,7624,7625978,1000,100,0,1,0,-1050,-1150,-1140
2026-09-18T17:21:15Z,FRAME #255 tx t=7631513 peer=0x02 type=3 schema=0 frag=0x01 seq=256 rssi=- snr=- st=0 rx=5 deaf=55297
2026-09-18T17:21:16Z,CHANSUM,7570,7629,60,60012,5957,42,2,0,2,0,-1050,-1160,-1150,-1150
2026-09-18T17:21:33Z,CHAN,7646,7647981,1000,100,0,2,0,-1030,-1160,-1138
2026-09-18T17:21:34Z,CHAN,7647,7648981,1000,100,0,1,0,-1040,-1150,-1140
2026-09-18T17:21:37Z,CHAN,7650,7651981,1000,100,0,1,0,-990,-1150,-1139
2026-09-18T17:21:41Z,CHAN,7654,7655981,1000,100,0,1,0,-1010,-1150,-1140
2026-09-18T17:21:44Z,CHAN,7657,7658981,1000,100,0,2,0,-1040,-1150,-1139
2026-09-18T17:21:47Z,CHAN,7660,7661981,1000,100,0,1,0,-1100,-1160,-1141
2026-09-18T17:21:49Z,CHAN,7662,7663981,1000,100,0,1,0,-1100,-1160,-1139
2026-09-18T17:21:58Z,CHAN,7671,7672981,1000,100,0,1,0,-1030,-1160,-1141
2026-09-18T17:22:05Z,FRAME #256 tx t=7681879 peer=0x01 type=3 schema=0 frag=0x01 seq=257 rssi=- snr=- st=0 rx=5 deaf=55531
2026-09-18T17:22:15Z,FRAME #257 tx t=7691508 peer=0x02 type=3 schema=0 frag=0x01 seq=258 rssi=- snr=- st=0 rx=5 deaf=55744
2026-09-18T17:22:16Z,CHANSUM,7630,7689,60,60015,5955,44,10,0,8,0,-990,-1160,-1150,-1151
2026-09-18T17:23:05Z,FRAME #258 tx t=7741507 peer=0x01 type=3 schema=0 frag=0x01 seq=259 rssi=- snr=- st=0 rx=5 deaf=55957
2026-09-18T17:23:15Z,FRAME #259 tx t=7751510 peer=0x02 type=3 schema=0 frag=0x01 seq=260 rssi=- snr=- st=0 rx=5 deaf=56174
2026-09-18T17:23:16Z,CHANSUM,7690,7749,60,60012,5957,42,0,0,0,0,-1120,-1160,-1150,-1152
2026-09-18T17:24:05Z,FRAME #260 tx t=7801509 peer=0x01 type=3 schema=0 frag=0x01 seq=261 rssi=- snr=- st=0 rx=5 deaf=56387
2026-09-18T17:24:15Z,FRAME #261 tx t=7811512 peer=0x02 type=3 schema=0 frag=0x01 seq=262 rssi=- snr=- st=0 rx=5 deaf=56604
2026-09-18T17:24:16Z,CHANSUM,7750,7809,60,60012,5957,42,0,0,0,0,-1120,-1160,-1150,-1151
2026-09-18T17:25:01Z,CHAN,7854,7856020,1000,100,0,1,0,-1100,-1160,-1142
2026-09-18T17:25:05Z,FRAME #262 tx t=7861511 peer=0x01 type=3 schema=0 frag=0x01 seq=263 rssi=- snr=- st=0 rx=5 deaf=56817
2026-09-18T17:25:15Z,FRAME #263 tx t=7871514 peer=0x02 type=3 schema=0 frag=0x01 seq=264 rssi=- snr=- st=0 rx=5 deaf=57034
2026-09-18T17:25:16Z,CHANSUM,7810,7869,60,60012,5957,42,1,0,1,0,-1100,-1170,-1150,-1153
2026-09-18T17:25:20Z,CHAN,7873,7875032,1000,100,0,1,0,-1090,-1150,-1141
2026-09-18T17:26:05Z,CHAN,7918,7920032,1000,100,0,5,0,-1090,-1150,-1140
2026-09-18T17:26:05Z,FRAME #264 tx t=7921507 peer=0x01 type=3 schema=0 frag=0x01 seq=265 rssi=- snr=- st=0 rx=5 deaf=57251
2026-09-18T17:26:15Z,FRAME #265 tx t=7931510 peer=0x02 type=3 schema=0 frag=0x01 seq=266 rssi=- snr=- st=0 rx=5 deaf=57468
2026-09-18T17:26:16Z,CHANSUM,7870,7929,60,60006,5956,42,6,0,2,0,-1090,-1160,-1150,-1152
2026-09-18T17:27:05Z,FRAME #266 tx t=7981509 peer=0x01 type=3 schema=0 frag=0x01 seq=267 rssi=- snr=- st=0 rx=5 deaf=57682
2026-09-18T17:27:15Z,FRAME #267 tx t=7991512 peer=0x02 type=3 schema=0 frag=0x01 seq=268 rssi=- snr=- st=0 rx=5 deaf=57899
2026-09-18T17:27:16Z,CHANSUM,7930,7989,60,60012,5957,42,0,0,0,0,-1120,-1160,-1150,-1154
2026-09-18T17:28:05Z,FRAME #268 tx t=8041511 peer=0x01 type=3 schema=0 frag=0x01 seq=269 rssi=- snr=- st=0 rx=5 deaf=58112
2026-09-18T17:28:15Z,FRAME #269 tx t=8051514 peer=0x02 type=3 schema=0 frag=0x01 seq=270 rssi=- snr=- st=0 rx=5 deaf=58329
2026-09-18T17:28:16Z,CHANSUM,7990,8049,60,60012,5957,42,0,0,0,0,-1110,-1160,-1150,-1151
2026-09-18T17:29:05Z,CHAN,8098,8100062,1000,100,0,1,0,-1100,-1150,-1142
2026-09-18T17:29:05Z,FRAME #270 tx t=8101507 peer=0x01 type=3 schema=0 frag=0x01 seq=271 rssi=- snr=- st=0 rx=5 deaf=58546
2026-09-18T17:29:15Z,FRAME #271 tx t=8111510 peer=0x02 type=3 schema=0 frag=0x01 seq=272 rssi=- snr=- st=0 rx=5 deaf=58763
2026-09-18T17:29:16Z,CHANSUM,8050,8109,60,60006,5956,42,1,0,1,0,-1100,-1160,-1150,-1151
2026-09-18T17:29:51Z,CHAN,8144,8146068,1000,100,0,1,0,-1100,-1150,-1140
2026-09-18T17:30:05Z,FRAME #272 tx t=8161509 peer=0x01 type=3 schema=0 frag=0x01 seq=273 rssi=- snr=- st=0 rx=5 deaf=58976
2026-09-18T17:30:07Z,CHAN,8160,8162077,1000,100,0,1,0,-1100,-1160,-1143
2026-09-18T17:30:15Z,FRAME #273 tx t=8171512 peer=0x02 type=3 schema=0 frag=0x01 seq=274 rssi=- snr=- st=0 rx=5 deaf=59193
2026-09-18T17:30:16Z,CHANSUM,8110,8169,60,60012,5957,42,2,0,2,0,-1100,-1160,-1150,-1152
2026-09-18T17:31:05Z,FRAME #274 tx t=8221511 peer=0x01 type=3 schema=0 frag=0x01 seq=275 rssi=- snr=- st=0 rx=5 deaf=59406
2026-09-18T17:31:15Z,FRAME #275 tx t=8231514 peer=0x02 type=3 schema=0 frag=0x01 seq=276 rssi=- snr=- st=0 rx=5 deaf=59623
2026-09-18T17:31:16Z,CHANSUM,8170,8229,60,60012,5957,42,0,0,0,0,-1120,-1160,-1150,-1151
2026-09-18T17:31:25Z,CHAN,8238,8240092,1000,100,0,2,0,-1040,-1150,-1142
2026-09-18T17:31:57Z,CHAN,8270,8272092,1000,100,0,1,0,-1090,-1150,-1140
2026-09-18T17:32:05Z,FRAME #276 tx t=8281507 peer=0x01 type=3 schema=0 frag=0x01 seq=277 rssi=- snr=- st=0 rx=5 deaf=59840
2026-09-18T17:32:15Z,FRAME #277 tx t=8291510 peer=0x02 type=3 schema=0 frag=0x01 seq=278 rssi=- snr=- st=0 rx=5 deaf=60057
2026-09-18T17:32:16Z,CHANSUM,8230,8289,60,60006,5956,42,3,0,2,0,-1040,-1160,-1150,-1152
2026-09-18T17:32:50Z,CHAN,8323,8325098,1000,100,0,1,0,-980,-1150,-1140
2026-09-18T17:33:05Z,FRAME #278 tx t=8341509 peer=0x01 type=3 schema=0 frag=0x01 seq=279 rssi=- snr=- st=0 rx=5 deaf=60270
2026-09-18T17:33:15Z,FRAME #279 tx t=8351512 peer=0x02 type=3 schema=0 frag=0x01 seq=280 rssi=- snr=- st=0 rx=5 deaf=60487
2026-09-18T17:33:16Z,CHANSUM,8290,8349,60,60012,5957,42,1,0,1,0,-980,-1160,-1150,-1151
2026-09-18T17:33:30Z,CHAN,8363,8365110,1000,100,0,6,0,-1040,-1150,-1136
2026-09-18T17:33:31Z,CHAN,8364,8366110,1000,100,0,3,0,-1040,-1150,-1139
2026-09-18T17:34:05Z,FRAME #280 tx t=8401511 peer=0x01 type=3 schema=0 frag=0x01 seq=281 rssi=- snr=- st=0 rx=5 deaf=60700
2026-09-18T17:34:15Z,FRAME #281 tx t=8411514 peer=0x02 type=3 schema=0 frag=0x01 seq=282 rssi=- snr=- st=0 rx=5 deaf=60917
2026-09-18T17:34:16Z,CHANSUM,8350,8409,60,60012,5957,42,9,0,2,0,-1040,-1160,-1150,-1151
2026-09-18T17:34:22Z,CHAN,8415,8417122,1000,100,0,1,0,-1090,-1160,-1140
2026-09-18T17:34:58Z,CHAN,8451,8453122,1000,100,0,1,0,-1080,-1150,-1141
2026-09-18T17:35:05Z,FRAME #282 tx t=8461507 peer=0x01 type=3 schema=0 frag=0x01 seq=283 rssi=- snr=- st=0 rx=5 deaf=61134
2026-09-18T17:35:15Z,FRAME #283 tx t=8471510 peer=0x02 type=3 schema=0 frag=0x01 seq=284 rssi=- snr=- st=0 rx=5 deaf=61351
2026-09-18T17:35:16Z,CHANSUM,8410,8469,60,60006,5956,42,2,0,2,0,-1080,-1160,-1150,-1152
2026-09-18T17:35:22Z,CHAN,8475,8477128,1000,100,0,1,0,-1080,-1160,-1142
2026-09-18T17:35:40Z,CHAN,8493,8495128,1000,100,0,8,0,-1010,-1160,-1133
2026-09-18T17:35:41Z,CHAN,8494,8496128,1000,100,0,1,0,-1010,-1160,-1141
2026-09-18T17:35:53Z,CHAN,8506,8508128,1000,100,0,1,0,-1090,-1150,-1143
2026-09-18T17:36:05Z,FRAME #284 tx t=8521509 peer=0x01 type=3 schema=0 frag=0x01 seq=285 rssi=- snr=- st=0 rx=5 deaf=61564
2026-09-18T17:36:07Z,CHAN,8520,8522137,1000,100,0,1,0,-1080,-1150,-1138
2026-09-18T17:36:15Z,FRAME #285 tx t=8531512 peer=0x02 type=3 schema=0 frag=0x01 seq=286 rssi=- snr=- st=0 rx=5 deaf=61781
2026-09-18T17:36:16Z,CHANSUM,8470,8529,60,60012,5957,42,12,0,5,0,-1010,-1160,-1150,-1153
2026-09-18T17:37:06Z,FRAME #286 tx t=8582297 peer=0x01 type=3 schema=0 frag=0x01 seq=287 rssi=- snr=- st=0 rx=5 deaf=62015
2026-09-18T17:37:15Z,FRAME #287 tx t=8591510 peer=0x02 type=3 schema=0 frag=0x01 seq=288 rssi=- snr=- st=0 rx=5 deaf=62232
2026-09-18T17:37:16Z,CHANSUM,8530,8589,60,60018,5955,44,0,0,0,0,-1110,-1160,-1150,-1153
2026-09-18T17:37:23Z,CHAN,8596,8598158,1000,100,0,1,0,-1100,-1150,-1138
2026-09-18T17:37:49Z,CHAN,8622,8624158,1000,100,0,1,0,-1060,-1150,-1139
2026-09-18T17:38:05Z,FRAME #288 tx t=8641509 peer=0x01 type=3 schema=0 frag=0x01 seq=289 rssi=- snr=- st=0 rx=5 deaf=62445
2026-09-18T17:38:15Z,FRAME #289 tx t=8651512 peer=0x02 type=3 schema=0 frag=0x01 seq=290 rssi=- snr=- st=0 rx=5 deaf=62662
2026-09-18T17:38:16Z,CHANSUM,8590,8649,60,60012,5957,42,2,0,2,0,-1060,-1160,-1150,-1150
2026-09-18T17:38:45Z,CHAN,8678,8680170,1000,100,0,9,0,-1040,-1150,-1134
2026-09-18T17:38:59Z,CHAN,8692,8694170,1000,100,0,1,0,-1090,-1150,-1140
2026-09-18T17:39:05Z,FRAME #290 tx t=8701511 peer=0x01 type=3 schema=0 frag=0x01 seq=291 rssi=- snr=- st=0 rx=5 deaf=62875
2026-09-18T17:39:06Z,CHAN,8699,8701170,1009,79,21,1,0,-1090,-1160,-1142
2026-09-18T17:39:15Z,FRAME #291 tx t=8711514 peer=0x02 type=3 schema=0 frag=0x01 seq=292 rssi=- snr=- st=0 rx=5 deaf=63092
2026-09-18T17:39:16Z,CHANSUM,8650,8709,60,60012,5957,42,11,0,3,0,-1040,-1160,-1150,-1153
2026-09-18T17:39:33Z,CHAN,8726,8728182,1000,100,0,4,0,-940,-1150,-1134
2026-09-18T17:40:05Z,FRAME #292 tx t=8761507 peer=0x01 type=3 schema=0 frag=0x01 seq=293 rssi=- snr=- st=0 rx=5 deaf=63309
2026-09-18T17:40:15Z,FRAME #293 tx t=8771510 peer=0x02 type=3 schema=0 frag=0x01 seq=294 rssi=- snr=- st=0 rx=5 deaf=63526
2026-09-18T17:40:16Z,CHANSUM,8710,8769,60,60006,5956,42,4,0,1,0,-940,-1160,-1150,-1152
2026-09-18T17:40:28Z,CHAN,8781,8783188,1000,100,0,4,0,-1090,-1150,-1139
2026-09-18T17:40:55Z,CHAN,8808,8810188,1000,100,0,9,0,-1010,-1160,-1132
2026-09-18T17:41:05Z,FRAME #294 tx t=8821513 peer=0x01 type=3 schema=0 frag=0x01 seq=295 rssi=- snr=- st=0 rx=5 deaf=63744
2026-09-18T17:41:06Z,CHAN,8819,8821188,1003,78,21,1,0,-1100,-1160,-1143
2026-09-18T17:41:15Z,FRAME #295 tx t=8831516 peer=0x02 type=3 schema=0 frag=0x01 seq=296 rssi=- snr=- st=0 rx=5 deaf=63961
2026-09-18T17:41:16Z,CHANSUM,8770,8829,60,60006,5956,42,14,0,3,0,-1010,-1160,-1150,-1153
2026-09-18T17:41:24Z,CHAN,8837,8839194,1000,100,0,1,0,-1080,-1150,-1142
2026-09-18T17:42:05Z,FRAME #296 tx t=8881509 peer=0x01 type=3 schema=0 frag=0x01 seq=297 rssi=- snr=- st=0 rx=5 deaf=64178
2026-09-18T17:42:15Z,FRAME #297 tx t=8891512 peer=0x02 type=3 schema=0 frag=0x01 seq=298 rssi=- snr=- st=0 rx=5 deaf=64395
2026-09-18T17:42:16Z,CHANSUM,8830,8889,60,60006,5956,42,1,0,1,0,-1080,-1160,-1150,-1152
2026-09-18T17:42:41Z,CHAN,8914,8916200,1000,100,0,1,0,-1090,-1150,-1141
2026-09-18T17:42:52Z,CHAN,8925,8927200,1000,100,0,1,0,-1100,-1160,-1140
2026-09-18T17:43:00Z,CHAN,8933,8935200,1000,100,0,1,0,-1100,-1160,-1142
2026-09-18T17:43:05Z,FRAME #298 tx t=8941511 peer=0x01 type=3 schema=0 frag=0x01 seq=299 rssi=- snr=- st=0 rx=5 deaf=64608
2026-09-18T17:43:15Z,FRAME #299 tx t=8951835 peer=0x02 type=3 schema=0 frag=0x01 seq=300 rssi=- snr=- st=0 rx=5 deaf=64850
2026-09-18T17:43:16Z,CHANSUM,8890,8949,60,60013,5954,44,3,0,3,0,-1090,-1160,-1150,-1152
2026-09-18T17:44:05Z,FRAME #300 tx t=9001508 peer=0x01 type=3 schema=0 frag=0x01 seq=301 rssi=- snr=- st=0 rx=5 deaf=65067
2026-09-18T17:44:15Z,FRAME #301 tx t=9011511 peer=0x02 type=3 schema=0 frag=0x01 seq=302 rssi=- snr=- st=0 rx=5 deaf=65284
2026-09-18T17:44:16Z,CHANSUM,8950,9009,60,60006,5956,42,0,0,0,0,-1110,-1160,-1150,-1152
2026-09-18T17:44:31Z,CHAN,9024,9026219,1000,100,0,28,0,-990,-1150,-1111
2026-09-18T17:44:50Z,CHAN,9043,9045219,1000,100,0,4,0,-1100,-1160,-1141
2026-09-18T17:45:05Z,CHAN,9058,9060219,1000,100,0,1,0,-1090,-1150,-1138
2026-09-18T17:45:05Z,FRAME #302 tx t=9061510 peer=0x01 type=3 schema=0 frag=0x01 seq=303 rssi=- snr=- st=0 rx=5 deaf=65497
2026-09-18T17:45:06Z,CHAN,9059,9061219,1009,79,21,1,0,-1100,-1150,-1140
2026-09-18T17:45:09Z,CHAN,9062,9064228,1000,100,0,4,0,-840,-1150,-1129
2026-09-18T17:45:15Z,FRAME #303 tx t=9071513 peer=0x02 type=3 schema=0 frag=0x01 seq=304 rssi=- snr=- st=0 rx=5 deaf=65714
2026-09-18T17:45:16Z,CHANSUM,9010,9069,60,60012,5957,42,38,0,5,0,-840,-1160,-1150,-1151
2026-09-18T17:45:25Z,CHAN,9078,9080231,1000,100,0,1,0,-1100,-1150,-1141
2026-09-18T17:46:05Z,FRAME #304 tx t=9121512 peer=0x01 type=3 schema=0 frag=0x01 seq=305 rssi=- snr=- st=0 rx=5 deaf=65927
2026-09-18T17:46:07Z,CHAN,9120,9122240,1000,100,0,3,0,-1060,-1150,-1139
2026-09-18T17:46:15Z,FRAME #305 tx t=9131515 peer=0x02 type=3 schema=0 frag=0x01 seq=306 rssi=- snr=- st=0 rx=5 deaf=66144
2026-09-18T17:46:16Z,CHANSUM,9070,9129,60,60012,5957,42,4,0,2,0,-1060,-1160,-1150,-1152
2026-09-18T17:46:28Z,CHAN,9141,9143243,1000,100,0,4,0,-1070,-1160,-1138
2026-09-18T17:46:47Z,CHAN,9160,9162243,1000,100,0,2,0,-1060,-1150,-1141
2026-09-18T17:46:58Z,CHAN,9171,9173243,1000,100,0,4,0,-1070,-1160,-1140
2026-09-18T17:47:05Z,FRAME #306 tx t=9181508 peer=0x01 type=3 schema=0 frag=0x01 seq=307 rssi=- snr=- st=0 rx=5 deaf=66361
2026-09-18T17:47:09Z,CHAN,9182,9184246,1000,100,0,4,0,-860,-1150,-1132
2026-09-18T17:47:15Z,CHAN,9188,9190246,1000,100,0,2,0,-1100,-1150,-1140
2026-09-18T17:47:15Z,FRAME #307 tx t=9191762 peer=0x02 type=3 schema=0 frag=0x01 seq=308 rssi=- snr=- st=0 rx=5 deaf=66603
2026-09-18T17:47:16Z,CHANSUM,9130,9189,60,60007,5953,44,16,0,5,0,-860,-1160,-1150,-1151
2026-09-18T17:47:45Z,CHAN,9218,9220250,1000,100,0,1,0,-1050,-1160,-1139
2026-09-18T17:48:06Z,FRAME #308 tx t=9241948 peer=0x01 type=3 schema=0 frag=0x01 seq=309 rssi=- snr=- st=0 rx=5 deaf=66837
2026-09-18T17:48:07Z,CHAN,9240,9242256,1000,100,0,1,0,-1100,-1150,-1139
2026-09-18T17:48:15Z,FRAME #309 tx t=9251507 peer=0x02 type=3 schema=0 frag=0x01 seq=310 rssi=- snr=- st=0 rx=5 deaf=67050
2026-09-18T17:48:16Z,CHANSUM,9190,9249,60,60015,5955,44,2,0,2,0,-1050,-1160,-1150,-1151
2026-09-18T17:48:30Z,CHAN,9263,9265265,1000,100,0,4,0,-970,-1150,-1135
2026-09-18T17:48:44Z,CHAN,9277,9279265,1000,100,0,3,0,-1060,-1150,-1137
2026-09-18T17:48:45Z,CHAN,9278,9280265,1000,100,0,2,0,-1090,-1150,-1137
2026-09-18T17:49:05Z,FRAME #310 tx t=9301506 peer=0x01 type=3 schema=0 frag=0x01 seq=311 rssi=- snr=- st=0 rx=5 deaf=67263
2026-09-18T17:49:15Z,FRAME #311 tx t=9311509 peer=0x02 type=3 schema=0 frag=0x01 seq=312 rssi=- snr=- st=0 rx=5 deaf=67480
2026-09-18T17:49:16Z,CHANSUM,9250,9309,60,60012,5957,42,9,0,3,0,-970,-1160,-1150,-1151
2026-09-18T17:50:02Z,CHAN,9355,9357277,1000,100,0,1,0,-1100,-1150,-1140
2026-09-18T17:50:05Z,FRAME #312 tx t=9361508 peer=0x01 type=3 schema=0 frag=0x01 seq=313 rssi=- snr=- st=0 rx=5 deaf=67693
2026-09-18T17:50:15Z,FRAME #313 tx t=9371511 peer=0x02 type=3 schema=0 frag=0x01 seq=314 rssi=- snr=- st=0 rx=5 deaf=67910
2026-09-18T17:50:16Z,CHANSUM,9310,9369,60,60012,5957,42,1,0,1,0,-1100,-1160,-1150,-1150
2026-09-18T17:51:05Z,CHAN,9418,9420289,1000,100,0,1,0,-1100,-1150,-1139
2026-09-18T17:51:05Z,FRAME #314 tx t=9421510 peer=0x01 type=3 schema=0 frag=0x01 seq=315 rssi=- snr=- st=0 rx=5 deaf=68123
2026-09-18T17:51:06Z,CHAN,9419,9421289,1009,79,21,1,0,-1090,-1150,-1140
2026-09-18T17:51:15Z,FRAME #315 tx t=9431513 peer=0x02 type=3 schema=0 frag=0x01 seq=316 rssi=- snr=- st=0 rx=5 deaf=68340
2026-09-18T17:51:16Z,CHANSUM,9370,9429,60,60012,5957,42,2,0,2,0,-1090,-1160,-1150,-1151
2026-09-18T17:52:05Z,FRAME #316 tx t=9481512 peer=0x01 type=3 schema=0 frag=0x01 seq=317 rssi=- snr=- st=0 rx=5 deaf=68553
2026-09-18T17:52:15Z,FRAME #317 tx t=9491515 peer=0x02 type=3 schema=0 frag=0x01 seq=318 rssi=- snr=- st=0 rx=5 deaf=68770
2026-09-18T17:52:16Z,CHANSUM,9430,9489,60,60012,5957,42,0,0,0,0,-1110,-1160,-1150,-1151
2026-09-18T17:53:05Z,CHAN,9538,9540313,1000,100,0,1,0,-1090,-1150,-1139
2026-09-18T17:53:05Z,FRAME #318 tx t=9541508 peer=0x01 type=3 schema=0 frag=0x01 seq=319 rssi=- snr=- st=0 rx=5 deaf=68987
2026-09-18T17:53:12Z,CHAN,9545,9547316,1000,100,0,4,0,-970,-1150,-1133
2026-09-18T17:53:15Z,FRAME #319 tx t=9551511 peer=0x02 type=3 schema=0 frag=0x01 seq=320 rssi=- snr=- st=0 rx=5 deaf=69204
2026-09-18T17:53:16Z,CHANSUM,9490,9549,60,60006,5956,42,5,0,2,0,-970,-1160,-1150,-1150
2026-09-18T17:53:28Z,CHAN,9561,9563319,1000,100,0,1,0,-1100,-1160,-1139
2026-09-18T17:54:05Z,FRAME #320 tx t=9601510 peer=0x01 type=3 schema=0 frag=0x01 seq=321 rssi=- snr=- st=0 rx=5 deaf=69417
2026-09-18T17:54:15Z,FRAME #321 tx t=9611513 peer=0x02 type=3 schema=0 frag=0x01 seq=322 rssi=- snr=- st=0 rx=5 deaf=69634
2026-09-18T17:54:16Z,CHANSUM,9550,9609,60,60012,5957,42,1,0,1,0,-1100,-1160,-1150,-1151
2026-09-18T17:54:30Z,CHAN,9623,9625331,1000,100,0,9,0,-1060,-1150,-1135
2026-09-18T17:55:00Z,CHAN,9653,9655331,1000,100,0,1,0,-1100,-1150,-1142
2026-09-18T17:55:05Z,FRAME #322 tx t=9661512 peer=0x01 type=3 schema=0 frag=0x01 seq=323 rssi=- snr=- st=0 rx=5 deaf=69847
2026-09-18T17:55:07Z,CHAN,9660,9662340,1000,100,0,1,0,-1100,-1160,-1142
2026-09-18T17:55:09Z,CHAN,9662,9664340,1000,100,0,1,0,-1050,-1150,-1142
2026-09-18T17:55:12Z,CHAN,9665,9667340,1000,100,0,1,0,-1090,-1150,-1142
2026-09-18T17:55:16Z,CHANSUM,9610,9669,60,60010,5976,23,13,0,5,0,-1050,-1160,-1150,-1152
2026-09-18T17:55:16Z,FRAME #323 tx t=9672876 peer=0x02 type=3 schema=0 frag=0x01 seq=324 rssi=- snr=- st=0 rx=5 deaf=70089
2026-09-18T17:55:48Z,CHAN,9701,9703344,1000,100,0,1,0,-1090,-1160,-1141
2026-09-18T17:56:05Z,FRAME #324 tx t=9721509 peer=0x01 type=3 schema=0 frag=0x01 seq=325 rssi=- snr=- st=0 rx=5 deaf=70306
2026-09-18T17:56:15Z,FRAME #325 tx t=9731512 peer=0x02 type=3 schema=0 frag=0x01 seq=326 rssi=- snr=- st=0 rx=5 deaf=70523
2026-09-18T17:56:16Z,CHANSUM,9670,9729,60,60009,5934,63,1,0,1,0,-1090,-1160,-1150,-1152
2026-09-18T17:56:29Z,CHAN,9742,9744350,1000,100,0,1,0,-1090,-1160,-1141
2026-09-18T17:56:40Z,CHAN,9753,9755350,1000,100,0,9,0,-1020,-1150,-1131
2026-09-18T17:57:01Z,CHAN,9774,9776350,1000,100,0,7,0,-1040,-1150,-1136
2026-09-18T17:57:03Z,CHAN,9776,9778350,1000,100,0,4,0,-900,-1150,-1133
2026-09-18T17:57:05Z,FRAME #326 tx t=9781511 peer=0x01 type=3 schema=0 frag=0x01 seq=327 rssi=- snr=- st=0 rx=5 deaf=70736
2026-09-18T17:57:07Z,CHAN,9780,9782359,1000,100,0,1,0,-1100,-1150,-1142
2026-09-18T17:57:15Z,FRAME #327 tx t=9791514 peer=0x02 type=3 schema=0 frag=0x01 seq=328 rssi=- snr=- st=0 rx=5 deaf=70953
2026-09-18T17:57:16Z,CHANSUM,9730,9789,60,60012,5957,42,22,0,5,0,-900,-1160,-1150,-1152
2026-09-18T17:57:23Z,CHAN,9796,9798362,1000,100,0,4,0,-1070,-1160,-1140
2026-09-18T17:57:52Z,CHAN,9825,9827362,1000,100,0,3,0,-1100,-1150,-1140
2026-09-18T17:58:05Z,FRAME #328 tx t=9841507 peer=0x01 type=3 schema=0 frag=0x01 seq=329 rssi=- snr=- st=0 rx=5 deaf=71170
2026-09-18T17:58:15Z,FRAME #329 tx t=9851510 peer=0x02 type=3 schema=0 frag=0x01 seq=330 rssi=- snr=- st=0 rx=5 deaf=71387
2026-09-18T17:58:16Z,CHANSUM,9790,9849,60,60006,5956,42,7,0,2,0,-1070,-1160,-1150,-1152
2026-09-18T17:59:05Z,FRAME #330 tx t=9901509 peer=0x01 type=3 schema=0 frag=0x01 seq=331 rssi=- snr=- st=0 rx=5 deaf=71600
2026-09-18T17:59:15Z,FRAME #331 tx t=9911512 peer=0x02 type=3 schema=0 frag=0x01 seq=332 rssi=- snr=- st=0 rx=5 deaf=71817
2026-09-18T17:59:16Z,CHANSUM,9850,9909,60,60012,5957,42,0,0,0,0,-1110,-1160,-1150,-1152
2026-09-18T17:59:45Z,CHAN,9938,9940380,1000,100,0,9,0,-1000,-1150,-1129
2026-09-18T18:00:02Z,CHAN,9955,9957380,1000,100,0,1,0,-1100,-1150,-1141
2026-09-18T18:00:05Z,CHAN,9958,9960380,1000,100,0,1,0,-1100,-1160,-1141
2026-09-18T18:00:05Z,FRAME #332 tx t=9961511 peer=0x01 type=3 schema=0 frag=0x01 seq=333 rssi=- snr=- st=0 rx=5 deaf=72030
2026-09-18T18:00:15Z,FRAME #333 tx t=9971514 peer=0x02 type=3 schema=0 frag=0x01 seq=334 rssi=- snr=- st=0 rx=5 deaf=72247
2026-09-18T18:00:16Z,CHANSUM,9910,9969,60,60012,5957,42,11,0,3,0,-1000,-1160,-1150,-1151
2026-09-18T18:01:05Z,FRAME #334 tx t=10021507 peer=0x01 type=3 schema=0 frag=0x01 seq=335 rssi=- snr=- st=0 rx=5 deaf=72464
2026-09-18T18:01:07Z,CHAN,10020,10022395,1000,100,0,2,0,-1090,-1160,-1145
2026-09-18T18:01:15Z,FRAME #335 tx t=10031510 peer=0x02 type=3 schema=0 frag=0x01 seq=336 rssi=- snr=- st=0 rx=5 deaf=72681
2026-09-18T18:01:16Z,CHANSUM,9970,10029,60,60006,5956,42,2,0,1,0,-1090,-1160,-1150,-1153
2026-09-18T18:01:39Z,CHAN,10052,10054398,1000,100,0,25,0,-960,-1160,-1106
2026-09-18T18:01:40Z,CHAN,10053,10055398,1000,100,0,28,0,-960,-1150,-1102
2026-09-18T18:01:41Z,CHAN,10054,10056398,1000,100,0,25,0,-960,-1160,-1110
2026-09-18T18:01:42Z,CHAN,10055,10057398,1000,100,0,27,0,-960,-1150,-1099
2026-09-18T18:01:43Z,CHAN,10056,10058398,1000,100,0,28,0,-970,-1150,-1104
2026-09-18T18:01:44Z,CHAN,10057,10059398,1000,100,0,40,0,-960,-1160,-1079
2026-09-18T18:01:45Z,CHAN,10058,10060398,1000,100,0,21,0,-960,-1150,-1110
2026-09-18T18:01:55Z,CHAN,10068,10070398,1000,100,0,9,0,-1040,-1150,-1132
2026-09-18T18:02:05Z,FRAME #336 tx t=10081509 peer=0x01 type=3 schema=0 frag=0x01 seq=337 rssi=- snr=- st=0 rx=5 deaf=72895
2026-09-18T18:02:07Z,CHAN,10080,10082407,1000,100,0,1,0,-1080,-1150,-1140
2026-09-18T18:02:15Z,FRAME #337 tx t=10091512 peer=0x02 type=3 schema=0 frag=0x01 seq=338 rssi=- snr=- st=0 rx=5 deaf=73112
2026-09-18T18:02:16Z,CHANSUM,10030,10089,60,60012,5957,42,204,0,9,0,-960,-1160,-1150,-1153
2026-09-18T18:03:05Z,FRAME #338 tx t=10141511 peer=0x01 type=3 schema=0 frag=0x01 seq=339 rssi=- snr=- st=0 rx=5 deaf=73325
2026-09-18T18:03:15Z,FRAME #339 tx t=10151514 peer=0x02 type=3 schema=0 frag=0x01 seq=340 rssi=- snr=- st=0 rx=5 deaf=73542
2026-09-18T18:03:16Z,CHANSUM,10090,10149,60,60012,5957,42,0,0,0,0,-1120,-1160,-1150,-1154
2026-09-18T18:03:44Z,CHAN,10177,10179422,1000,100,0,4,0,-1070,-1160,-1140
2026-09-18T18:04:05Z,FRAME #340 tx t=10201507 peer=0x01 type=3 schema=0 frag=0x01 seq=341 rssi=- snr=- st=0 rx=5 deaf=73759
2026-09-18T18:04:12Z,CHAN,10205,10207425,1000,100,0,3,0,-1070,-1150,-1141
2026-09-18T18:04:14Z,CHAN,10207,10209425,1000,100,0,10,0,-970,-1160,-1126
2026-09-18T18:04:15Z,CHAN,10208,10210425,1000,100,0,31,0,-970,-1150,-1100
2026-09-18T18:04:16Z,CHAN,10209,10211425,1001,97,2,27,0,-960,-1160,-1104
2026-09-18T18:04:16Z,CHANSUM,10150,10209,60,60004,5975,23,75,0,5,0,-960,-1160,-1150,-1154
2026-09-18T18:04:16Z,FRAME #341 tx t=10212717 peer=0x02 type=3 schema=0 frag=0x01 seq=342 rssi=- snr=- st=0 rx=5 deaf=73997
2026-09-18T18:04:17Z,CHAN,10210,10212426,1009,79,21,19,0,-970,-1160,-1115
2026-09-18T18:04:18Z,CHAN,10211,10213435,1000,100,0,31,0,-970,-1160,-1095
2026-09-18T18:04:19Z,CHAN,10212,10214435,1000,100,0,29,0,-970,-1160,-1103
2026-09-18T18:04:20Z,CHAN,10213,10215435,1000,100,0,29,0,-970,-1160,-1103
2026-09-18T18:04:21Z,CHAN,10214,10216435,1000,100,0,10,0,-970,-1160,-1128
2026-09-18T18:05:05Z,FRAME #342 tx t=10261506 peer=0x01 type=3 schema=0 frag=0x01 seq=343 rssi=- snr=- st=0 rx=5 deaf=74210
2026-09-18T18:05:15Z,FRAME #343 tx t=10271509 peer=0x02 type=3 schema=0 frag=0x01 seq=344 rssi=- snr=- st=0 rx=5 deaf=74427
2026-09-18T18:05:16Z,CHANSUM,10210,10269,60,60021,5936,63,118,0,5,0,-970,-1160,-1150,-1152
2026-09-18T18:05:56Z,CHAN,10309,10311447,1000,100,0,9,0,-980,-1150,-1133
2026-09-18T18:06:05Z,FRAME #344 tx t=10321508 peer=0x01 type=3 schema=0 frag=0x01 seq=345 rssi=- snr=- st=0 rx=5 deaf=74640
2026-09-18T18:06:15Z,FRAME #345 tx t=10331511 peer=0x02 type=3 schema=0 frag=0x01 seq=346 rssi=- snr=- st=0 rx=5 deaf=74857
2026-09-18T18:06:16Z,CHANSUM,10270,10329,60,60012,5957,42,9,0,1,0,-980,-1160,-1150,-1153
2026-09-18T18:07:02Z,CHAN,10375,10377459,1000,100,0,1,0,-1090,-1160,-1142
2026-09-18T18:07:04Z,CHAN,10377,10379459,1000,100,0,1,0,-1100,-1150,-1141
2026-09-18T18:07:05Z,FRAME #346 tx t=10381510 peer=0x01 type=3 schema=0 frag=0x01 seq=347 rssi=- snr=- st=0 rx=5 deaf=75070
2026-09-18T18:07:15Z,FRAME #347 tx t=10391513 peer=0x02 type=3 schema=0 frag=0x01 seq=348 rssi=- snr=- st=0 rx=5 deaf=75287
2026-09-18T18:07:15Z,CHAN,10388,10390468,1000,100,0,2,0,-1040,-1150,-1139
2026-09-18T18:07:16Z,CHANSUM,10330,10389,60,60012,5957,42,4,0,3,0,-1040,-1160,-1150,-1151
2026-09-18T18:08:05Z,FRAME #348 tx t=10441516 peer=0x01 type=3 schema=0 frag=0x01 seq=349 rssi=- snr=- st=0 rx=5 deaf=75504
2026-09-18T18:08:09Z,CHAN,10442,10444474,1000,100,0,2,0,-1090,-1150,-1140
2026-09-18T18:08:15Z,FRAME #349 tx t=10451505 peer=0x02 type=3 schema=0 frag=0x01 seq=350 rssi=- snr=- st=0 rx=5 deaf=75717
2026-09-18T18:08:16Z,CHANSUM,10390,10449,60,60012,5957,42,2,0,1,0,-1090,-1160,-1150,-1151
2026-09-18T18:09:05Z,FRAME #350 tx t=10501504 peer=0x01 type=3 schema=0 frag=0x01 seq=351 rssi=- snr=- st=0 rx=5 deaf=75930
2026-09-18T18:09:07Z,CHAN,10500,10502492,1000,100,0,1,0,-1100,-1160,-1141
2026-09-18T18:09:15Z,FRAME #351 tx t=10511507 peer=0x02 type=3 schema=0 frag=0x01 seq=352 rssi=- snr=- st=0 rx=5 deaf=76147
2026-09-18T18:09:16Z,CHANSUM,10450,10509,60,60022,5958,42,1,0,1,0,-1100,-1160,-1150,-1153
2026-09-18T18:09:18Z,CHAN,10511,10513505,1000,100,0,24,0,-970,-1150,-1102
2026-09-18T18:09:19Z,CHAN,10512,10514505,1000,100,0,18,0,-970,-1150,-1110
2026-09-18T18:10:05Z,FRAME #352 tx t=10561506 peer=0x01 type=3 schema=0 frag=0x01 seq=353 rssi=- snr=- st=0 rx=5 deaf=76360
2026-09-18T18:10:07Z,CHAN,10560,10562514,1000,100,0,2,0,-1100,-1150,-1143
2026-09-18T18:10:15Z,FRAME #353 tx t=10571509 peer=0x02 type=3 schema=0 frag=0x01 seq=354 rssi=- snr=- st=0 rx=5 deaf=76577
2026-09-18T18:10:16Z,CHANSUM,10510,10569,60,60022,5958,42,44,0,3,0,-970,-1160,-1150,-1153
2026-09-18T18:11:02Z,CHAN,10615,10617527,1000,100,0,1,0,-1090,-1150,-1141
2026-09-18T18:11:05Z,FRAME #354 tx t=10621508 peer=0x01 type=3 schema=0 frag=0x01 seq=355 rssi=- snr=- st=0 rx=5 deaf=76790
2026-09-18T18:11:15Z,FRAME #355 tx t=10631511 peer=0x02 type=3 schema=0 frag=0x01 seq=356 rssi=- snr=- st=0 rx=5 deaf=77007
2026-09-18T18:11:16Z,CHANSUM,10570,10629,60,60012,5957,42,1,0,1,0,-1090,-1160,-1150,-1152
2026-09-18T18:11:37Z,CHAN,10650,10652539,1000,100,0,3,0,-1030,-1160,-1140
2026-09-18T18:11:57Z,CHAN,10670,10672539,1000,100,0,1,0,-1090,-1160,-1139
2026-09-18T18:12:05Z,FRAME #356 tx t=10681510 peer=0x01 type=3 schema=0 frag=0x01 seq=357 rssi=- snr=- st=0 rx=5 deaf=77220
2026-09-18T18:12:15Z,FRAME #357 tx t=10691513 peer=0x02 type=3 schema=0 frag=0x01 seq=358 rssi=- snr=- st=0 rx=5 deaf=77437
2026-09-18T18:12:16Z,CHANSUM,10630,10689,60,60012,5957,42,4,0,2,0,-1030,-1160,-1150,-1154
2026-09-18T18:12:17Z,CHAN,10690,10692551,1000,100,0,1,0,-1080,-1150,-1140
2026-09-18T18:12:22Z,CHAN,10695,10697551,1000,100,0,2,0,-1040,-1160,-1140
2026-09-18T18:12:37Z,CHAN,10710,10712551,1000,100,0,1,0,-1100,-1160,-1140
2026-09-18T18:13:05Z,FRAME #358 tx t=10741512 peer=0x01 type=3 schema=0 frag=0x01 seq=359 rssi=- snr=- st=0 rx=5 deaf=77650
2026-09-18T18:13:15Z,FRAME #359 tx t=10751515 peer=0x02 type=3 schema=0 frag=0x01 seq=360 rssi=- snr=- st=0 rx=5 deaf=77867
2026-09-18T18:13:16Z,CHANSUM,10690,10749,60,60012,5957,42,4,0,3,0,-1040,-1160,-1150,-1151
2026-09-18T18:13:33Z,CHAN,10766,10768563,1000,100,0,1,0,-1090,-1150,-1141
2026-09-18T18:14:05Z,FRAME #360 tx t=10801508 peer=0x01 type=3 schema=0 frag=0x01 seq=361 rssi=- snr=- st=0 rx=5 deaf=78084
2026-09-18T18:14:15Z,FRAME #361 tx t=10811511 peer=0x02 type=3 schema=0 frag=0x01 seq=362 rssi=- snr=- st=0 rx=5 deaf=78301
2026-09-18T18:14:16Z,CHANSUM,10750,10809,60,60006,5956,42,1,0,1,0,-1090,-1160,-1150,-1152
2026-09-18T18:15:04Z,CHAN,10857,10859569,1000,100,0,1,0,-1100,-1160,-1141
2026-09-18T18:15:05Z,FRAME #362 tx t=10861510 peer=0x01 type=3 schema=0 frag=0x01 seq=363 rssi=- snr=- st=0 rx=5 deaf=78514
2026-09-18T18:15:15Z,FRAME #363 tx t=10871513 peer=0x02 type=3 schema=0 frag=0x01 seq=364 rssi=- snr=- st=0 rx=5 deaf=78731
2026-09-18T18:15:16Z,CHANSUM,10810,10869,60,60012,5957,42,1,0,1,0,-1100,-1160,-1150,-1152
2026-09-18T18:15:30Z,CHAN,10883,10885581,1000,100,0,9,0,-1080,-1150,-1135
2026-09-18T18:16:04Z,CHAN,10917,10919581,1000,100,0,1,0,-1100,-1150,-1140
2026-09-18T18:16:05Z,FRAME #364 tx t=10921693 peer=0x01 type=3 schema=0 frag=0x01 seq=365 rssi=- snr=- st=0 rx=5 deaf=78969
2026-09-18T18:16:06Z,CHAN,10919,10921588,1003,78,21,1,0,-1100,-1160,-1141
2026-09-18T18:16:15Z,FRAME #365 tx t=10931516 peer=0x02 type=3 schema=0 frag=0x01 seq=366 rssi=- snr=- st=0 rx=5 deaf=79186
2026-09-18T18:16:16Z,CHANSUM,10870,10929,60,60013,5954,44,11,0,3,0,-1080,-1160,-1150,-1151
2026-09-18T18:17:05Z,FRAME #366 tx t=10981509 peer=0x01 type=3 schema=0 frag=0x01 seq=367 rssi=- snr=- st=0 rx=5 deaf=79403
2026-09-18T18:17:15Z,FRAME #367 tx t=10991512 peer=0x02 type=3 schema=0 frag=0x01 seq=368 rssi=- snr=- st=0 rx=5 deaf=79620
2026-09-18T18:17:16Z,CHANSUM,10930,10989,60,60006,5956,42,0,0,0,0,-1110,-1160,-1150,-1151
2026-09-18T18:17:40Z,CHAN,11013,11015600,1000,100,0,9,0,-1060,-1160,-1134
2026-09-18T18:18:02Z,CHAN,11035,11037600,1000,100,0,4,0,-950,-1150,-1133
2026-09-18T18:18:05Z,FRAME #368 tx t=11041511 peer=0x01 type=3 schema=0 frag=0x01 seq=369 rssi=- snr=- st=0 rx=5 deaf=79833
2026-09-18T18:18:15Z,FRAME #369 tx t=11051514 peer=0x02 type=3 schema=0 frag=0x01 seq=370 rssi=- snr=- st=0 rx=5 deaf=80050
2026-09-18T18:18:16Z,CHAN,11049,11051611,1001,89,11,36,0,-960,-1160,-1072
2026-09-18T18:18:16Z,CHANSUM,10990,11049,60,60012,5957,42,49,0,3,0,-950,-1160,-1150,-1151
2026-09-18T18:19:02Z,CHAN,11095,11097612,1000,100,0,1,0,-1090,-1150,-1141
2026-09-18T18:19:05Z,FRAME #370 tx t=11101507 peer=0x01 type=3 schema=0 frag=0x01 seq=371 rssi=- snr=- st=0 rx=5 deaf=80267
2026-09-18T18:19:07Z,CHAN,11100,11102615,1000,100,0,1,0,-1090,-1160,-1141
2026-09-18T18:19:15Z,FRAME #371 tx t=11111510 peer=0x02 type=3 schema=0 frag=0x01 seq=372 rssi=- snr=- st=0 rx=5 deaf=80484
2026-09-18T18:19:16Z,CHANSUM,11050,11109,60,60007,5956,42,2,0,2,0,-1090,-1160,-1150,-1152
2026-09-18T18:19:35Z,CHAN,11128,11130619,1000,100,0,23,0,-960,-1150,-1104
2026-09-18T18:19:36Z,CHAN,11129,11131619,1000,100,0,32,0,-960,-1150,-1089
2026-09-18T18:20:05Z,FRAME #372 tx t=11161510 peer=0x01 type=3 schema=0 frag=0x01 seq=373 rssi=- snr=- st=0 rx=5 deaf=80698
2026-09-18T18:20:15Z,FRAME #373 tx t=11171513 peer=0x02 type=3 schema=0 frag=0x01 seq=374 rssi=- snr=- st=0 rx=5 deaf=80915
2026-09-18T18:20:16Z,CHANSUM,11110,11169,60,60012,5957,42,55,0,2,0,-960,-1160,-1150,-1151
2026-09-18T18:20:40Z,CHAN,11193,11195631,1000,100,0,1,0,-1070,-1150,-1142
2026-09-18T18:20:45Z,CHAN,11198,11200631,1000,100,0,9,0,-1000,-1150,-1129
2026-09-18T18:21:05Z,FRAME #374 tx t=11221512 peer=0x01 type=3 schema=0 frag=0x01 seq=375 rssi=- snr=- st=0 rx=5 deaf=81128
2026-09-18T18:21:07Z,CHAN,11220,11222640,1000,100,0,2,0,-1090,-1160,-1142
2026-09-18T18:21:08Z,CHAN,11221,11223640,1000,100,0,2,0,-1080,-1160,-1141
2026-09-18T18:21:15Z,FRAME #375 tx t=11231515 peer=0x02 type=3 schema=0 frag=0x01 seq=376 rssi=- snr=- st=0 rx=5 deaf=81345
2026-09-18T18:21:16Z,CHANSUM,11170,11229,60,60012,5957,42,14,0,4,0,-1000,-1160,-1150,-1153
2026-09-18T18:21:49Z,CHAN,11262,11264643,1000,100,0,1,0,-1100,-1150,-1141
2026-09-18T18:22:05Z,FRAME #376 tx t=11281508 peer=0x01 type=3 schema=0 frag=0x01 seq=377 rssi=- snr=- st=0 rx=5 deaf=81562
2026-09-18T18:22:06Z,CHAN,11279,11281645,1001,93,7,1,0,-1080,-1150,-1141
2026-09-18T18:22:15Z,FRAME #377 tx t=11291511 peer=0x02 type=3 schema=0 frag=0x01 seq=378 rssi=- snr=- st=0 rx=5 deaf=81779
2026-09-18T18:22:16Z,CHANSUM,11230,11289,60,60006,5956,42,2,0,2,0,-1080,-1160,-1150,-1152
2026-09-18T18:22:23Z,CHAN,11296,11298649,1000,100,0,15,0,-960,-1150,-1117
2026-09-18T18:22:24Z,CHAN,11297,11299649,1000,100,0,46,0,-960,-1150,-1067
2026-09-18T18:22:33Z,CHAN,11306,11308649,1000,100,0,1,0,-1010,-1150,-1140
2026-09-18T18:22:36Z,CHAN,11309,11311649,1000,100,0,1,0,-1090,-1150,-1139
2026-09-18T18:22:37Z,CHAN,11310,11312649,1000,100,0,2,0,-1070,-1150,-1139
2026-09-18T18:22:52Z,CHAN,11325,11327649,1000,100,0,31,0,-960,-1160,-1098
2026-09-18T18:22:53Z,CHAN,11326,11328649,1000,100,0,37,0,-940,-1150,-1076
2026-09-18T18:22:54Z,CHAN,11327,11329649,1000,100,0,25,0,-950,-1160,-1101
2026-09-18T18:22:55Z,CHAN,11328,11330649,1000,100,0,33,0,-950,-1150,-1087
2026-09-18T18:22:56Z,CHAN,11329,11331649,1000,100,0,27,0,-950,-1150,-1100
2026-09-18T18:22:57Z,CHAN,11330,11332649,1000,100,0,28,0,-960,-1150,-1099
2026-09-18T18:22:58Z,CHAN,11331,11333649,1000,100,0,20,0,-960,-1150,-1117
2026-09-18T18:23:05Z,FRAME #378 tx t=11341510 peer=0x01 type=3 schema=0 frag=0x01 seq=379 rssi=- snr=- st=0 rx=5 deaf=81992
2026-09-18T18:23:15Z,FRAME #379 tx t=11351513 peer=0x02 type=3 schema=0 frag=0x01 seq=380 rssi=- snr=- st=0 rx=5 deaf=82209
2026-09-18T18:23:16Z,CHANSUM,11290,11349,60,60012,5957,42,266,0,12,0,-940,-1160,-1150,-1151
2026-09-18T18:23:19Z,CHAN,11352,11354661,1000,100,0,25,0,-950,-1160,-1100
2026-09-18T18:23:20Z,CHAN,11353,11355661,1000,100,0,29,0,-950,-1150,-1097
2026-09-18T18:23:21Z,CHAN,11354,11356661,1000,100,0,28,0,-950,-1150,-1102
2026-09-18T18:23:22Z,CHAN,11355,11357661,1000,100,0,28,0,-960,-1160,-1100
2026-09-18T18:23:23Z,CHAN,11356,11358661,1000,100,0,27,0,-950,-1150,-1098
2026-09-18T18:23:24Z,CHAN,11357,11359661,1000,100,0,37,0,-950,-1150,-1087
2026-09-18T18:23:25Z,CHAN,11358,11360661,1000,100,0,27,0,-950,-1160,-1101
2026-09-18T18:24:05Z,FRAME #380 tx t=11401512 peer=0x01 type=3 schema=0 frag=0x01 seq=381 rssi=- snr=- st=0 rx=5 deaf=82422
2026-09-18T18:24:15Z,FRAME #381 tx t=11411515 peer=0x02 type=3 schema=0 frag=0x01 seq=382 rssi=- snr=- st=0 rx=5 deaf=82639
2026-09-18T18:24:16Z,CHANSUM,11350,11409,60,60012,5957,42,201,0,7,0,-950,-1160,-1150,-1152
2026-09-18T18:25:05Z,FRAME #382 tx t=11461508 peer=0x01 type=3 schema=0 frag=0x01 seq=383 rssi=- snr=- st=0 rx=5 deaf=82856
2026-09-18T18:25:05Z,CHAN,11458,11460673,1002,82,17,18,0,-1000,-1150,-1115
2026-09-18T18:25:06Z,CHAN,11459,11461675,1001,96,4,28,0,-960,-1160,-1097
2026-09-18T18:25:07Z,CHAN,11460,11462676,1000,100,0,27,0,-970,-1160,-1103
2026-09-18T18:25:08Z,CHAN,11461,11463676,1000,100,0,27,0,-960,-1150,-1104
2026-09-18T18:25:09Z,CHAN,11462,11464676,1000,100,0,29,0,-950,-1150,-1095
2026-09-18T18:25:10Z,CHAN,11463,11465676,1000,100,0,40,0,-950,-1150,-1070
2026-09-18T18:25:11Z,CHAN,11464,11466676,1000,100,0,24,0,-960,-1150,-1113
2026-09-18T18:25:14Z,CHAN,11467,11469676,1000,100,0,18,0,-1000,-1150,-1120
2026-09-18T18:25:15Z,FRAME #383 tx t=11471511 peer=0x02 type=3 schema=0 frag=0x01 seq=384 rssi=- snr=- st=0 rx=5 deaf=83073
2026-09-18T18:25:15Z,CHAN,11468,11470676,1002,82,17,24,0,-950,-1150,-1098
2026-09-18T18:25:16Z,CHAN,11469,11471678,1001,96,4,26,0,-950,-1160,-1105
2026-09-18T18:25:16Z,CHANSUM,11410,11469,60,60006,5956,42,261,0,10,0,-950,-1160,-1150,-1152
2026-09-18T18:25:17Z,CHAN,11470,11472679,1000,100,0,37,0,-940,-1150,-1075
2026-09-18T18:25:18Z,CHAN,11471,11473679,1000,100,0,26,0,-940,-1150,-1102
2026-09-18T18:25:19Z,CHAN,11472,11474679,1000,100,0,28,0,-940,-1150,-1101
2026-09-18T18:25:20Z,CHAN,11473,11475679,1000,100,0,36,0,-940,-1150,-1083
2026-09-18T18:26:05Z,FRAME #384 tx t=11521510 peer=0x01 type=3 schema=0 frag=0x01 seq=385 rssi=- snr=- st=0 rx=5 deaf=83286
2026-09-18T18:26:05Z,CHAN,11518,11520679,1007,82,18,1,0,-1090,-1160,-1142
2026-09-18T18:26:08Z,CHAN,11521,11523688,1000,100,0,1,0,-1100,-1150,-1142
2026-09-18T18:26:15Z,FRAME #385 tx t=11531513 peer=0x02 type=3 schema=0 frag=0x01 seq=386 rssi=- snr=- st=0 rx=5 deaf=83503
2026-09-18T18:26:16Z,CHANSUM,11470,11529,60,60012,5957,42,129,0,6,0,-940,-1160,-1150,-1152
2026-09-18T18:26:48Z,CHAN,11561,11563691,1000,100,0,42,0,-950,-1150,-1061
2026-09-18T18:26:49Z,CHAN,11562,11564691,1000,100,0,14,0,-950,-1150,-1116
2026-09-18T18:27:05Z,FRAME #386 tx t=11581512 peer=0x01 type=3 schema=0 frag=0x01 seq=387 rssi=- snr=- st=0 rx=5 deaf=83716
2026-09-18T18:27:08Z,CHAN,11581,11583700,1000,100,0,1,0,-1100,-1150,-1142
2026-09-18T18:27:15Z,FRAME #387 tx t=11591515 peer=0x02 type=3 schema=0 frag=0x01 seq=388 rssi=- snr=- st=0 rx=5 deaf=83933
2026-09-18T18:27:16Z,CHANSUM,11530,11589,60,60012,5957,42,57,0,3,0,-950,-1160,-1150,-1152
2026-09-18T18:28:05Z,FRAME #388 tx t=11641508 peer=0x01 type=3 schema=0 frag=0x01 seq=389 rssi=- snr=- st=0 rx=5 deaf=84150
2026-09-18T18:28:15Z,FRAME #389 tx t=11651511 peer=0x02 type=3 schema=0 frag=0x01 seq=390 rssi=- snr=- st=0 rx=5 deaf=84367
2026-09-18T18:28:16Z,CHANSUM,11590,11649,60,60016,5957,42,0,0,0,0,-1120,-1160,-1150,-1153
2026-09-18T18:28:33Z,CHAN,11666,11668719,1000,100,0,1,0,-1060,-1160,-1143
2026-09-18T18:29:04Z,CHAN,11697,11699719,1000,100,0,1,0,-1080,-1160,-1141
2026-09-18T18:29:05Z,FRAME #390 tx t=11701510 peer=0x01 type=3 schema=0 frag=0x01 seq=391 rssi=- snr=- st=0 rx=5 deaf=84580
2026-09-18T18:29:09Z,CHAN,11702,11704728,1000,100,0,1,0,-1090,-1160,-1142
2026-09-18T18:29:10Z,CHAN,11703,11705728,1000,100,0,1,0,-960,-1160,-1141
2026-09-18T18:29:15Z,FRAME #391 tx t=11711513 peer=0x02 type=3 schema=0 frag=0x01 seq=392 rssi=- snr=- st=0 rx=5 deaf=84797
2026-09-18T18:29:16Z,CHANSUM,11650,11709,60,60012,5957,42,4,0,4,0,-960,-1160,-1150,-1154
2026-09-18T18:30:05Z,FRAME #392 tx t=11761512 peer=0x01 type=3 schema=0 frag=0x01 seq=393 rssi=- snr=- st=0 rx=5 deaf=85010
2026-09-18T18:30:15Z,FRAME #393 tx t=11771515 peer=0x02 type=3 schema=0 frag=0x01 seq=394 rssi=- snr=- st=0 rx=5 deaf=85227
2026-09-18T18:30:16Z,CHANSUM,11710,11769,60,60012,5957,42,0,0,0,0,-1110,-1160,-1150,-1153
2026-09-18T18:31:05Z,FRAME #394 tx t=11821508 peer=0x01 type=3 schema=0 frag=0x01 seq=395 rssi=- snr=- st=0 rx=5 deaf=85444
2026-09-18T18:31:15Z,FRAME #395 tx t=11831511 peer=0x02 type=3 schema=0 frag=0x01 seq=396 rssi=- snr=- st=0 rx=5 deaf=85661
2026-09-18T18:31:16Z,CHANSUM,11770,11829,60,60006,5956,42,0,0,0,0,-1130,-1160,-1150,-1154
2026-09-18T18:32:04Z,CHAN,11877,11879749,1000,100,0,1,0,-1090,-1150,-1142
2026-09-18T18:32:05Z,FRAME #396 tx t=11881510 peer=0x01 type=3 schema=0 frag=0x01 seq=397 rssi=- snr=- st=0 rx=5 deaf=85874
2026-09-18T18:32:05Z,CHAN,11878,11880749,1009,79,21,1,0,-1100,-1150,-1141
2026-09-18T18:32:06Z,CHAN,11879,11881758,1000,100,0,1,0,-1100,-1160,-1141
2026-09-18T18:32:15Z,FRAME #397 tx t=11891513 peer=0x02 type=3 schema=0 frag=0x01 seq=398 rssi=- snr=- st=0 rx=5 deaf=86091
2026-09-18T18:32:16Z,CHANSUM,11830,11889,60,60012,5957,42,3,0,3,0,-1090,-1160,-1150,-1154
2026-09-18T18:32:31Z,CHAN,11904,11906761,1000,100,0,1,0,-1100,-1150,-1143
2026-09-18T18:33:05Z,FRAME #398 tx t=11941512 peer=0x01 type=3 schema=0 frag=0x01 seq=399 rssi=- snr=- st=0 rx=5 deaf=86304
2026-09-18T18:33:15Z,FRAME #399 tx t=11951515 peer=0x02 type=3 schema=0 frag=0x01 seq=400 rssi=- snr=- st=0 rx=5 deaf=86521
2026-09-18T18:33:16Z,CHANSUM,11890,11949,60,60012,5957,42,1,0,1,0,-1100,-1160,-1150,-1156
2026-09-18T18:33:28Z,CHAN,11961,11963773,1000,100,0,2,0,-1100,-1160,-1144
2026-09-18T18:34:05Z,FRAME #400 tx t=12001508 peer=0x01 type=3 schema=0 frag=0x01 seq=401 rssi=- snr=- st=0 rx=5 deaf=86738
2026-09-18T18:34:11Z,CHAN,12004,12006776,1000,100,0,1,0,-1090,-1150,-1140
2026-09-18T18:34:15Z,FRAME #401 tx t=12011511 peer=0x02 type=3 schema=0 frag=0x01 seq=402 rssi=- snr=- st=0 rx=5 deaf=86955
2026-09-18T18:34:16Z,CHANSUM,11950,12009,60,60006,5956,42,3,0,2,0,-1090,-1160,-1150,-1155
2026-09-18T18:34:25Z,CHAN,12018,12020779,1000,100,0,10,0,-1000,-1150,-1128
2026-09-18T18:34:26Z,CHAN,12019,12021779,1000,100,0,2,0,-1090,-1150,-1140
2026-09-18T18:34:27Z,CHAN,12020,12022779,1000,100,0,2,0,-1080,-1150,-1139
2026-09-18T18:35:05Z,FRAME #402 tx t=12061510 peer=0x01 type=3 schema=0 frag=0x01 seq=403 rssi=- snr=- st=0 rx=5 deaf=87168
2026-09-18T18:35:05Z,CHAN,12058,12060779,1009,79,21,1,0,-1090,-1150,-1141
2026-09-18T18:35:15Z,FRAME #403 tx t=12071513 peer=0x02 type=3 schema=0 frag=0x01 seq=404 rssi=- snr=- st=0 rx=5 deaf=87385
2026-09-18T18:35:16Z,CHANSUM,12010,12069,60,60012,5957,42,15,0,4,0,-1000,-1160,-1150,-1150
2026-09-18T18:36:04Z,CHAN,12117,12119791,1000,100,0,1,0,-1100,-1160,-1141
2026-09-18T18:36:06Z,FRAME #404 tx t=12122013 peer=0x01 type=3 schema=0 frag=0x01 seq=405 rssi=- snr=- st=0 rx=5 deaf=87623
2026-09-18T18:36:15Z,FRAME #405 tx t=12131516 peer=0x02 type=3 schema=0 frag=0x01 seq=406 rssi=- snr=- st=0 rx=5 deaf=87840
2026-09-18T18:36:16Z,CHANSUM,12070,12129,60,60013,5954,44,1,0,1,0,-1100,-1160,-1150,-1152
2026-09-18T18:36:35Z,CHAN,12148,12150804,1000,100,0,9,0,-1010,-1150,-1130
2026-09-18T18:37:05Z,FRAME #406 tx t=12181509 peer=0x01 type=3 schema=0 frag=0x01 seq=407 rssi=- snr=- st=0 rx=5 deaf=88057
2026-09-18T18:37:12Z,CHAN,12185,12187807,1000,100,0,1,0,-1100,-1160,-1140
2026-09-18T18:37:15Z,FRAME #407 tx t=12191512 peer=0x02 type=3 schema=0 frag=0x01 seq=408 rssi=- snr=- st=0 rx=5 deaf=88274
2026-09-18T18:37:16Z,CHANSUM,12130,12189,60,60006,5956,42,10,0,2,0,-1010,-1160,-1150,-1151
2026-09-18T18:38:05Z,FRAME #408 tx t=12241511 peer=0x01 type=3 schema=0 frag=0x01 seq=409 rssi=- snr=- st=0 rx=5 deaf=88487
2026-09-18T18:38:15Z,FRAME #409 tx t=12251514 peer=0x02 type=3 schema=0 frag=0x01 seq=410 rssi=- snr=- st=0 rx=5 deaf=88704
2026-09-18T18:38:16Z,CHANSUM,12190,12249,60,60012,5957,42,0,0,0,0,-1120,-1160,-1150,-1152
2026-09-18T18:39:05Z,FRAME #410 tx t=12301503 peer=0x01 type=3 schema=0 frag=0x01 seq=411 rssi=- snr=- st=0 rx=5 deaf=88917
2026-09-18T18:39:15Z,FRAME #411 tx t=12311512 peer=0x02 type=3 schema=0 frag=0x01 seq=412 rssi=- snr=- st=0 rx=5 deaf=89130
2026-09-18T18:39:16Z,CHANSUM,12250,12309,60,60018,5958,42,0,0,0,0,-1110,-1160,-1150,-1153
2026-09-18T18:40:02Z,CHAN,12355,12357840,1000,100,0,1,0,-1100,-1160,-1143
2026-09-18T18:40:05Z,FRAME #412 tx t=12361511 peer=0x01 type=3 schema=0 frag=0x01 seq=413 rssi=- snr=- st=0 rx=5 deaf=89343
2026-09-18T18:40:08Z,CHAN,12361,12363849,1000,100,0,22,0,-950,-1160,-1104
2026-09-18T18:40:09Z,CHAN,12362,12364849,1000,100,0,14,0,-960,-1160,-1118
2026-09-18T18:40:15Z,FRAME #413 tx t=12371514 peer=0x02 type=3 schema=0 frag=0x01 seq=414 rssi=- snr=- st=0 rx=5 deaf=89560
2026-09-18T18:40:16Z,CHANSUM,12310,12369,60,60012,5957,42,37,0,3,0,-950,-1160,-1150,-1154
2026-09-18T18:40:30Z,CHAN,12383,12385852,1000,100,0,28,0,-960,-1160,-1092
2026-09-18T18:41:04Z,CHAN,12417,12419852,1000,100,0,1,0,-1100,-1150,-1142
2026-09-18T18:41:05Z,FRAME #414 tx t=12421507 peer=0x01 type=3 schema=0 frag=0x01 seq=415 rssi=- snr=- st=0 rx=5 deaf=89777
2026-09-18T18:41:15Z,FRAME #415 tx t=12431510 peer=0x02 type=3 schema=0 frag=0x01 seq=416 rssi=- snr=- st=0 rx=5 deaf=89994
2026-09-18T18:41:16Z,CHANSUM,12370,12429,60,60006,5956,42,29,0,2,0,-960,-1160,-1150,-1154
2026-09-18T18:42:05Z,FRAME #416 tx t=12481509 peer=0x01 type=3 schema=0 frag=0x01 seq=417 rssi=- snr=- st=0 rx=5 deaf=90207
2026-09-18T18:42:06Z,CHAN,12479,12481867,1000,100,0,1,0,-1090,-1160,-1144
2026-09-18T18:42:15Z,FRAME #417 tx t=12491512 peer=0x02 type=3 schema=0 frag=0x01 seq=418 rssi=- snr=- st=0 rx=5 deaf=90424
2026-09-18T18:42:16Z,CHANSUM,12430,12489,60,60012,5957,42,1,0,1,0,-1090,-1160,-1150,-1154
2026-09-18T18:43:05Z,FRAME #418 tx t=12541511 peer=0x01 type=3 schema=0 frag=0x01 seq=419 rssi=- snr=- st=0 rx=5 deaf=90637
2026-09-18T18:43:05Z,CHAN,12538,12540870,1009,79,21,1,0,-1100,-1160,-1142
2026-09-18T18:43:07Z,CHAN,12540,12542879,1000,100,0,1,0,-1100,-1150,-1145
2026-09-18T18:43:15Z,FRAME #419 tx t=12551514 peer=0x02 type=3 schema=0 frag=0x01 seq=420 rssi=- snr=- st=0 rx=5 deaf=90854
2026-09-18T18:43:16Z,CHANSUM,12490,12549,60,60012,5957,42,2,0,2,0,-1100,-1160,-1150,-1155
2026-09-18T18:44:05Z,FRAME #420 tx t=12601507 peer=0x01 type=3 schema=0 frag=0x01 seq=421 rssi=- snr=- st=0 rx=5 deaf=91071
2026-09-18T18:44:06Z,CHAN,12599,12601885,1000,100,0,1,0,-1090,-1160,-1144
2026-09-18T18:44:15Z,FRAME #421 tx t=12611510 peer=0x02 type=3 schema=0 frag=0x01 seq=422 rssi=- snr=- st=0 rx=5 deaf=91288
2026-09-18T18:44:16Z,CHANSUM,12550,12609,60,60006,5956,42,1,0,1,0,-1090,-1160,-1150,-1154
2026-09-18T18:45:05Z,FRAME #422 tx t=12661696 peer=0x01 type=3 schema=0 frag=0x01 seq=423 rssi=- snr=- st=0 rx=5 deaf=91522
2026-09-18T18:45:16Z,CHANSUM,12610,12669,60,60013,5974,25,0,0,0,0,-1110,-1170,-1150,-1157
2026-09-18T18:45:17Z,FRAME #423 tx t=12673032 peer=0x02 type=3 schema=0 frag=0x01 seq=424 rssi=- snr=- st=0 rx=5 deaf=91756
2026-09-18T18:46:05Z,FRAME #424 tx t=12721511 peer=0x01 type=3 schema=0 frag=0x01 seq=425 rssi=- snr=- st=0 rx=5 deaf=91969
2026-09-18T18:46:15Z,CHAN,12728,12730919,1001,97,2,1,0,-1090,-1160,-1145
2026-09-18T18:46:16Z,FRAME #425 tx t=12732071 peer=0x02 type=3 schema=0 frag=0x01 seq=426 rssi=- snr=- st=0 rx=5 deaf=92207
2026-09-18T18:46:16Z,CHAN,12729,12731920,1009,79,21,1,0,-1070,-1160,-1143
2026-09-18T18:46:16Z,CHANSUM,12670,12729,60,60028,5934,65,2,0,2,0,-1070,-1160,-1150,-1157
2026-09-18T18:46:24Z,CHAN,12737,12739929,1000,100,0,1,0,-1030,-1160,-1143
2026-09-18T18:47:04Z,CHAN,12777,12779929,1000,100,0,1,0,-1080,-1160,-1144
2026-09-18T18:47:05Z,FRAME #426 tx t=12781514 peer=0x01 type=3 schema=0 frag=0x01 seq=427 rssi=- snr=- st=0 rx=5 deaf=92424
2026-09-18T18:47:07Z,CHAN,12780,12782932,1000,100,0,1,0,-1100,-1160,-1144
2026-09-18T18:47:15Z,FRAME #427 tx t=12791503 peer=0x02 type=3 schema=0 frag=0x01 seq=428 rssi=- snr=- st=0 rx=5 deaf=92637
2026-09-18T18:47:17Z,CHANSUM,12730,12789,60,60012,5957,42,3,0,3,0,-1030,-1160,-1150,-1155
2026-09-18T18:48:05Z,FRAME #428 tx t=12841516 peer=0x01 type=3 schema=0 frag=0x01 seq=429 rssi=- snr=- st=0 rx=5 deaf=92854
2026-09-18T18:48:07Z,CHAN,12839,12841944,1000,100,0,1,0,-1090,-1160,-1145
2026-09-18T18:48:15Z,FRAME #429 tx t=12851505 peer=0x02 type=3 schema=0 frag=0x01 seq=430 rssi=- snr=- st=0 rx=5 deaf=93067
2026-09-18T18:48:17Z,CHANSUM,12790,12849,60,60012,5957,42,1,0,1,0,-1090,-1160,-1150,-1156
2026-09-18T18:48:18Z,CHAN,12850,12852953,1000,100,0,1,0,-1050,-1160,-1144
2026-09-18T18:49:05Z,FRAME #430 tx t=12901504 peer=0x01 type=3 schema=0 frag=0x01 seq=431 rssi=- snr=- st=0 rx=5 deaf=93280
2026-09-18T18:49:15Z,FRAME #431 tx t=12911507 peer=0x02 type=3 schema=0 frag=0x01 seq=432 rssi=- snr=- st=0 rx=5 deaf=93497
2026-09-18T18:49:17Z,CHANSUM,12850,12909,60,60012,5957,42,1,0,1,0,-1050,-1160,-1150,-1157
2026-09-18T18:50:05Z,FRAME #432 tx t=12961506 peer=0x01 type=3 schema=0 frag=0x01 seq=433 rssi=- snr=- st=0 rx=5 deaf=93710
2026-09-18T18:50:07Z,CHAN,12959,12961974,1000,100,0,1,0,-1100,-1150,-1144
2026-09-18T18:50:11Z,CHAN,12963,12965974,1000,100,0,9,0,-970,-1160,-1130
2026-09-18T18:50:15Z,FRAME #433 tx t=12971509 peer=0x02 type=3 schema=0 frag=0x01 seq=434 rssi=- snr=- st=0 rx=5 deaf=93927
2026-09-18T18:50:17Z,CHANSUM,12910,12969,60,60012,5957,42,10,0,2,0,-970,-1160,-1150,-1157
2026-09-18T18:51:05Z,FRAME #434 tx t=13021508 peer=0x01 type=3 schema=0 frag=0x01 seq=435 rssi=- snr=- st=0 rx=5 deaf=94140
2026-09-18T18:51:15Z,FRAME #435 tx t=13031511 peer=0x02 type=3 schema=0 frag=0x01 seq=436 rssi=- snr=- st=0 rx=5 deaf=94357
2026-09-18T18:51:17Z,CHANSUM,12970,13029,60,60012,5957,42,0,0,0,0,-1110,-1160,-1150,-1158
2026-09-18T18:51:18Z,CHAN,13030,13032989,1000,100,0,1,0,-1100,-1160,-1146
2026-09-18T18:52:02Z,CHAN,13074,13076989,1000,100,0,1,0,-1100,-1160,-1144
2026-09-18T18:52:05Z,FRAME #436 tx t=13081510 peer=0x01 type=3 schema=0 frag=0x01 seq=437 rssi=- snr=- st=0 rx=5 deaf=94570
2026-09-18T18:52:06Z,CHAN,13078,13080989,1009,79,21,1,0,-1100,-1160,-1145
2026-09-18T18:52:07Z,CHAN,13079,13081998,1000,100,0,1,0,-1100,-1160,-1145
2026-09-18T18:52:15Z,FRAME #437 tx t=13091513 peer=0x02 type=3 schema=0 frag=0x01 seq=438 rssi=- snr=- st=0 rx=5 deaf=94787
2026-09-18T18:52:17Z,CHANSUM,13030,13089,60,60012,5957,42,4,0,4,0,-1100,-1160,-1150,-1158
2026-09-18T18:52:21Z,CHAN,13093,13096001,1000,100,0,9,0,-960,-1160,-1131
2026-09-18T18:52:24Z,CHAN,13096,13099001,1000,100,0,1,0,-1060,-1160,-1145
2026-09-18T18:52:48Z,CHAN,13120,13123001,1000,100,0,1,0,-1100,-1160,-1146
2026-09-18T18:53:05Z,FRAME #438 tx t=13141512 peer=0x01 type=3 schema=0 frag=0x01 seq=439 rssi=- snr=- st=0 rx=5 deaf=95000
2026-09-18T18:53:15Z,FRAME #439 tx t=13151515 peer=0x02 type=3 schema=0 frag=0x01 seq=440 rssi=- snr=- st=0 rx=5 deaf=95217
2026-09-18T18:53:17Z,CHANSUM,13090,13149,60,60012,5957,42,11,0,3,0,-960,-1160,-1150,-1158
2026-09-18T18:54:04Z,CHAN,13196,13199013,1000,100,0,5,0,-1100,-1160,-1143
2026-09-18T18:54:05Z,FRAME #440 tx t=13201508 peer=0x01 type=3 schema=0 frag=0x01 seq=441 rssi=- snr=- st=0 rx=5 deaf=95434
2026-09-18T18:54:15Z,FRAME #441 tx t=13211511 peer=0x02 type=3 schema=0 frag=0x01 seq=442 rssi=- snr=- st=0 rx=5 deaf=95651
2026-09-18T18:54:17Z,CHANSUM,13150,13209,60,60006,5956,42,5,0,1,0,-1100,-1160,-1150,-1158
2026-09-18T18:54:49Z,CHAN,13241,13244019,1000,100,0,1,0,-1090,-1160,-1145
2026-09-18T18:55:02Z,CHAN,13254,13257019,1000,100,0,1,0,-1100,-1160,-1146
2026-09-18T18:55:05Z,CHAN,13257,13260019,1000,100,0,1,0,-1100,-1160,-1146
2026-09-18T18:55:05Z,FRAME #442 tx t=13261510 peer=0x01 type=3 schema=0 frag=0x01 seq=443 rssi=- snr=- st=0 rx=5 deaf=95864
2026-09-18T18:55:15Z,FRAME #443 tx t=13271513 peer=0x02 type=3 schema=0 frag=0x01 seq=444 rssi=- snr=- st=0 rx=5 deaf=96081
2026-09-18T18:55:17Z,CHANSUM,13210,13269,60,60012,5957,42,3,0,3,0,-1090,-1160,-1150,-1157
2026-09-18T18:55:26Z,CHAN,13278,13281031,1000,100,0,9,0,-990,-1160,-1132
2026-09-18T18:56:05Z,FRAME #444 tx t=13321512 peer=0x01 type=3 schema=0 frag=0x01 seq=445 rssi=- snr=- st=0 rx=5 deaf=96294
2026-09-18T18:56:15Z,FRAME #445 tx t=13331515 peer=0x02 type=3 schema=0 frag=0x01 seq=446 rssi=- snr=- st=0 rx=5 deaf=96511
2026-09-18T18:56:17Z,CHANSUM,13270,13329,60,60012,5957,42,9,0,1,0,-990,-1160,-1150,-1157
2026-09-18T18:57:05Z,CHAN,13377,13380043,1000,100,0,2,0,-1100,-1150,-1137
2026-09-18T18:57:05Z,FRAME #446 tx t=13381508 peer=0x01 type=3 schema=0 frag=0x01 seq=447 rssi=- snr=- st=0 rx=5 deaf=96728
2026-09-18T18:57:15Z,FRAME #447 tx t=13391511 peer=0x02 type=3 schema=0 frag=0x01 seq=448 rssi=- snr=- st=0 rx=5 deaf=96945
2026-09-18T18:57:17Z,CHANSUM,13330,13389,60,60006,5956,42,2,0,1,0,-1100,-1160,-1150,-1153
2026-09-18T18:57:22Z,CHAN,13394,13397049,1000,100,0,2,0,-960,-1150,-1138
2026-09-18T18:57:36Z,CHAN,13408,13411049,1000,100,0,10,0,-1000,-1150,-1127
2026-09-18T18:58:06Z,FRAME #448 tx t=13442837 peer=0x01 type=3 schema=0 frag=0x01 seq=449 rssi=- snr=- st=0 rx=5 deaf=97179
2026-09-18T18:58:07Z,CHAN,13439,13442056,1009,79,21,1,0,-1090,-1150,-1138
2026-09-18T18:58:15Z,FRAME #449 tx t=13451506 peer=0x02 type=3 schema=0 frag=0x01 seq=450 rssi=- snr=- st=0 rx=5 deaf=97392
2026-09-18T18:58:17Z,CHANSUM,13390,13449,60,60025,5956,44,13,0,3,0,-960,-1160,-1150,-1150
2026-09-18T18:58:28Z,CHAN,13460,13463074,1000,100,0,1,0,-1080,-1150,-1139
2026-09-18T18:58:50Z,CHAN,13482,13485074,1000,100,0,1,0,-1090,-1150,-1136
2026-09-18T18:58:55Z,CHAN,13487,13490074,1000,100,0,1,0,-1100,-1150,-1136
2026-09-18T18:59:05Z,FRAME #450 tx t=13501505 peer=0x01 type=3 schema=0 frag=0x01 seq=451 rssi=- snr=- st=0 rx=5 deaf=97605
2026-09-18T18:59:15Z,FRAME #451 tx t=13511508 peer=0x02 type=3 schema=0 frag=0x01 seq=452 rssi=- snr=- st=0 rx=5 deaf=97822
2026-09-18T18:59:17Z,CHANSUM,13450,13509,60,60012,5957,42,3,0,3,0,-1080,-1160,-1150,-1150
2026-09-18T18:59:56Z,CHAN,13548,13551086,1000,100,0,1,0,-1100,-1160,-1138
2026-09-18T19:00:02Z,CHAN,13554,13557086,1000,100,0,1,0,-1090,-1150,-1137
2026-09-18T19:00:05Z,FRAME #452 tx t=13561507 peer=0x01 type=3 schema=0 frag=0x01 seq=453 rssi=- snr=- st=0 rx=5 deaf=98035
2026-09-18T19:00:07Z,CHAN,13559,13562095,1000,100,0,2,0,-1100,-1160,-1138
2026-09-18T19:00:15Z,FRAME #453 tx t=13571510 peer=0x02 type=3 schema=0 frag=0x01 seq=454 rssi=- snr=- st=0 rx=5 deaf=98252
2026-09-18T19:00:17Z,CHANSUM,13510,13569,60,60012,5957,42,4,0,3,0,-1090,-1160,-1150,-1150
2026-09-18T19:00:21Z,CHAN,13573,13576098,1000,100,0,1,0,-1100,-1150,-1137
2026-09-18T19:01:05Z,FRAME #454 tx t=13621509 peer=0x01 type=3 schema=0 frag=0x01 seq=455 rssi=- snr=- st=0 rx=5 deaf=98465
2026-09-18T19:01:06Z,CHAN,13618,13621098,1009,79,21,1,0,-1100,-1150,-1138
2026-09-18T19:01:15Z,FRAME #455 tx t=13631512 peer=0x02 type=3 schema=0 frag=0x01 seq=456 rssi=- snr=- st=0 rx=5 deaf=98682
2026-09-18T19:01:17Z,CHANSUM,13570,13629,60,60012,5957,42,2,0,2,0,-1100,-1160,-1150,-1150
2026-09-18T19:01:21Z,CHAN,13633,13636110,1000,100,0,2,0,-1100,-1150,-1137
2026-09-18T19:01:39Z,CHAN,13651,13654110,1000,100,0,9,0,-950,-1150,-1121
2026-09-18T19:01:51Z,CHAN,13663,13666110,1000,100,0,1,0,-1100,-1160,-1138
2026-09-18T19:02:05Z,FRAME #456 tx t=13681511 peer=0x01 type=3 schema=0 frag=0x01 seq=457 rssi=- snr=- st=0 rx=5 deaf=98895
2026-09-18T19:02:15Z,FRAME #457 tx t=13691514 peer=0x02 type=3 schema=0 frag=0x01 seq=458 rssi=- snr=- st=0 rx=5 deaf=99112
2026-09-18T19:02:17Z,CHANSUM,13630,13689,60,60012,5957,42,12,0,3,0,-950,-1160,-1150,-1150
2026-09-18T19:02:21Z,CHAN,13693,13696122,1000,100,0,1,0,-1100,-1150,-1138
2026-09-18T19:03:05Z,FRAME #458 tx t=13741507 peer=0x01 type=3 schema=0 frag=0x01 seq=459 rssi=- snr=- st=0 rx=5 deaf=99329
2026-09-18T19:03:15Z,FRAME #459 tx t=13751510 peer=0x02 type=3 schema=0 frag=0x01 seq=460 rssi=- snr=- st=0 rx=5 deaf=99546
2026-09-18T19:03:17Z,CHAN,13749,13752128,1000,100,0,2,0,-980,-1150,-1136
2026-09-18T19:03:17Z,CHANSUM,13690,13749,60,60006,5956,42,3,0,2,0,-980,-1160,-1140,-1150
2026-09-18T19:03:18Z,CHAN,13750,13753128,1000,100,0,2,0,-1060,-1150,-1138
2026-09-18T19:03:55Z,CHAN,13787,13790128,1000,100,0,38,0,-990,-1150,-1084
2026-09-18T19:03:56Z,CHAN,13788,13791128,1000,100,0,5,0,-930,-1150,-1132
2026-09-18T19:03:57Z,CHAN,13789,13792128,1000,100,0,1,0,-1040,-1150,-1136
2026-09-18T19:04:05Z,FRAME #460 tx t=13801509 peer=0x01 type=3 schema=0 frag=0x01 seq=461 rssi=- snr=- st=0 rx=5 deaf=99760
2026-09-18T19:04:15Z,FRAME #461 tx t=13811512 peer=0x02 type=3 schema=0 frag=0x01 seq=462 rssi=- snr=- st=0 rx=5 deaf=99977
2026-09-18T19:04:17Z,CHANSUM,13750,13809,60,60012,5957,42,46,0,4,0,-930,-1160,-1150,-1150
2026-09-18T19:05:05Z,FRAME #462 tx t=13861511 peer=0x01 type=3 schema=0 frag=0x01 seq=463 rssi=- snr=- st=0 rx=5 deaf=100190
2026-09-18T19:05:15Z,FRAME #463 tx t=13871514 peer=0x02 type=3 schema=0 frag=0x01 seq=464 rssi=- snr=- st=0 rx=5 deaf=100407
2026-09-18T19:05:17Z,CHANSUM,13810,13869,60,60012,5957,42,0,0,0,0,-1110,-1160,-1140,-1152
2026-09-18T19:06:05Z,FRAME #464 tx t=13921507 peer=0x01 type=3 schema=0 frag=0x01 seq=465 rssi=- snr=- st=0 rx=5 deaf=100624
2026-09-18T19:06:16Z,FRAME #465 tx t=13932921 peer=0x02 type=3 schema=0 frag=0x01 seq=466 rssi=- snr=- st=0 rx=5 deaf=100866
2026-09-18T19:06:17Z,CHANSUM,13870,13929,60,60007,5953,44,0,0,0,0,-1120,-1160,-1160,-1160
2026-09-18T19:06:46Z,CHAN,13958,13961159,1000,100,0,1,0,-1100,-1160,-1147
2026-09-18T19:06:53Z,CHAN,13965,13968159,1000,100,0,1,0,-1100,-1160,-1147
2026-09-18T19:07:05Z,FRAME #466 tx t=13981510 peer=0x01 type=3 schema=0 frag=0x01 seq=467 rssi=- snr=- st=0 rx=5 deaf=101079
2026-09-18T19:07:15Z,FRAME #467 tx t=13991513 peer=0x02 type=3 schema=0 frag=0x01 seq=468 rssi=- snr=- st=0 rx=5 deaf=101296
2026-09-18T19:07:17Z,CHANSUM,13930,13989,60,60012,5957,42,2,0,2,0,-1100,-1160,-1150,-1159
2026-09-18T19:07:53Z,CHAN,14025,14028171,1000,100,0,1,0,-1100,-1160,-1148
2026-09-18T19:08:02Z,CHAN,14034,14037171,1000,100,0,2,0,-1100,-1160,-1147
2026-09-18T19:08:05Z,FRAME #468 tx t=14041512 peer=0x01 type=3 schema=0 frag=0x01 seq=469 rssi=- snr=- st=0 rx=5 deaf=101509
2026-09-18T19:08:15Z,FRAME #469 tx t=14051515 peer=0x02 type=3 schema=0 frag=0x01 seq=470 rssi=- snr=- st=0 rx=5 deaf=101726
2026-09-18T19:08:17Z,CHANSUM,13990,14049,60,60012,5957,42,3,0,2,0,-1100,-1160,-1160,-1160
2026-09-18T19:08:43Z,CHAN,14075,14078183,1000,100,0,4,0,-950,-1160,-1139
2026-09-18T19:09:05Z,FRAME #470 tx t=14101508 peer=0x01 type=3 schema=0 frag=0x01 seq=471 rssi=- snr=- st=0 rx=5 deaf=101943
2026-09-18T19:09:15Z,FRAME #471 tx t=14111511 peer=0x02 type=3 schema=0 frag=0x01 seq=472 rssi=- snr=- st=0 rx=5 deaf=102160
2026-09-18T19:09:17Z,CHANSUM,14050,14109,60,60006,5956,42,4,0,1,0,-950,-1170,-1160,-1160
2026-09-18T19:10:05Z,FRAME #472 tx t=14161510 peer=0x01 type=3 schema=0 frag=0x01 seq=473 rssi=- snr=- st=0 rx=5 deaf=102373
2026-09-18T19:10:15Z,FRAME #473 tx t=14171513 peer=0x02 type=3 schema=0 frag=0x01 seq=474 rssi=- snr=- st=0 rx=5 deaf=102590
2026-09-18T19:10:17Z,CHANSUM,14110,14169,60,60012,5957,42,0,0,0,0,-1110,-1170,-1160,-1160
2026-09-18T19:11:05Z,FRAME #474 tx t=14221512 peer=0x01 type=3 schema=0 frag=0x01 seq=475 rssi=- snr=- st=0 rx=5 deaf=102803
2026-09-18T19:11:06Z,CHAN,14218,14221201,1009,79,21,1,0,-1090,-1160,-1147
2026-09-18T19:11:10Z,CHAN,14222,14225210,1000,100,0,10,0,-1090,-1160,-1142
2026-09-18T19:11:15Z,FRAME #475 tx t=14231515 peer=0x02 type=3 schema=0 frag=0x01 seq=476 rssi=- snr=- st=0 rx=5 deaf=103020
2026-09-18T19:11:17Z,CHANSUM,14170,14229,60,60012,5957,42,11,0,2,0,-1090,-1160,-1160,-1160
2026-09-18T19:11:54Z,CHAN,14266,14269213,1000,100,0,1,0,-1100,-1160,-1145
2026-09-18T19:12:05Z,FRAME #476 tx t=14281508 peer=0x01 type=3 schema=0 frag=0x01 seq=477 rssi=- snr=- st=0 rx=5 deaf=103237
2026-09-18T19:12:09Z,CHAN,14281,14284216,1000,100,0,1,0,-1080,-1160,-1146
2026-09-18T19:12:15Z,FRAME #477 tx t=14291511 peer=0x02 type=3 schema=0 frag=0x01 seq=478 rssi=- snr=- st=0 rx=5 deaf=103454
2026-09-18T19:12:17Z,CHANSUM,14230,14289,60,60006,5956,42,2,0,2,0,-1080,-1160,-1150,-1159
2026-09-18T19:12:20Z,CHAN,14292,14295219,1000,100,0,1,0,-1070,-1160,-1146
2026-09-18T19:12:26Z,CHAN,14298,14301219,1000,100,0,1,0,-1100,-1160,-1146
2026-09-18T19:13:05Z,FRAME #478 tx t=14341510 peer=0x01 type=3 schema=0 frag=0x01 seq=479 rssi=- snr=- st=0 rx=5 deaf=103668
2026-09-18T19:13:06Z,CHAN,14338,14341219,1009,79,21,1,0,-1100,-1160,-1147
2026-09-18T19:13:07Z,CHAN,14339,14342228,1000,100,0,1,0,-1100,-1160,-1146
2026-09-18T19:13:15Z,FRAME #479 tx t=14351513 peer=0x02 type=3 schema=0 frag=0x01 seq=480 rssi=- snr=- st=0 rx=5 deaf=103885
2026-09-18T19:13:17Z,CHANSUM,14290,14349,60,60012,5957,42,4,0,4,0,-1070,-1160,-1150,-1159
2026-09-18T19:13:20Z,CHAN,14352,14355231,1000,100,0,9,0,-960,-1150,-1131
2026-09-18T19:14:05Z,FRAME #480 tx t=14401512 peer=0x01 type=3 schema=0 frag=0x01 seq=481 rssi=- snr=- st=0 rx=5 deaf=104098
2026-09-18T19:14:15Z,FRAME #481 tx t=14411515 peer=0x02 type=3 schema=0 frag=0x01 seq=482 rssi=- snr=- st=0 rx=5 deaf=104315
2026-09-18T19:14:17Z,CHANSUM,14350,14409,60,60012,5957,42,9,0,1,0,-960,-1160,-1150,-1159
2026-09-18T19:15:02Z,CHAN,14454,14457243,1000,100,0,2,0,-1090,-1160,-1146
2026-09-18T19:15:05Z,FRAME #482 tx t=14461508 peer=0x01 type=3 schema=0 frag=0x01 seq=483 rssi=- snr=- st=0 rx=5 deaf=104532
2026-09-18T19:15:15Z,FRAME #483 tx t=14471511 peer=0x02 type=3 schema=0 frag=0x01 seq=484 rssi=- snr=- st=0 rx=5 deaf=104749
2026-09-18T19:15:17Z,CHANSUM,14410,14469,60,60006,5956,42,2,0,1,0,-1090,-1160,-1150,-1159
2026-09-18T19:16:05Z,FRAME #484 tx t=14521510 peer=0x01 type=3 schema=0 frag=0x01 seq=485 rssi=- snr=- st=0 rx=5 deaf=104963
2026-09-18T19:16:09Z,CHAN,14521,14524258,1000,100,0,1,0,-1090,-1160,-1145
2026-09-18T19:16:15Z,FRAME #485 tx t=14531513 peer=0x02 type=3 schema=0 frag=0x01 seq=486 rssi=- snr=- st=0 rx=5 deaf=105180
2026-09-18T19:16:17Z,CHANSUM,14470,14529,60,60012,5957,42,1,0,1,0,-1090,-1160,-1150,-1159
2026-09-18T19:16:25Z,CHAN,14537,14540261,1000,100,0,9,0,-1040,-1160,-1137
2026-09-18T19:16:46Z,CHAN,14558,14561261,1000,100,0,3,0,-1030,-1160,-1143
2026-09-18T19:17:05Z,FRAME #486 tx t=14581512 peer=0x01 type=3 schema=0 frag=0x01 seq=487 rssi=- snr=- st=0 rx=5 deaf=105393
2026-09-18T19:17:15Z,FRAME #487 tx t=14591515 peer=0x02 type=3 schema=0 frag=0x01 seq=488 rssi=- snr=- st=0 rx=5 deaf=105610
2026-09-18T19:17:17Z,CHANSUM,14530,14589,60,60012,5957,42,12,0,2,0,-1030,-1160,-1160,-1160
2026-09-18T19:17:56Z,CHAN,14628,14631273,1000,100,0,1,0,-1100,-1160,-1147
2026-09-18T19:18:05Z,FRAME #488 tx t=14641508 peer=0x01 type=3 schema=0 frag=0x01 seq=489 rssi=- snr=- st=0 rx=5 deaf=105827
2026-09-18T19:18:15Z,FRAME #489 tx t=14651511 peer=0x02 type=3 schema=0 frag=0x01 seq=490 rssi=- snr=- st=0 rx=5 deaf=106044
2026-09-18T19:18:17Z,CHANSUM,14590,14649,60,60006,5956,42,1,0,1,0,-1100,-1160,-1150,-1159
2026-09-18T19:18:35Z,CHAN,14667,14670279,1000,100,0,10,0,-1030,-1160,-1135
2026-09-18T19:19:05Z,CHAN,14697,14700279,1000,100,0,1,0,-1100,-1160,-1145
2026-09-18T19:19:05Z,FRAME #490 tx t=14701510 peer=0x01 type=3 schema=0 frag=0x01 seq=491 rssi=- snr=- st=0 rx=5 deaf=106257
2026-09-18T19:19:06Z,CHAN,14698,14701279,1009,79,21,1,0,-1100,-1160,-1146
2026-09-18T19:19:15Z,FRAME #491 tx t=14711513 peer=0x02 type=3 schema=0 frag=0x01 seq=492 rssi=- snr=- st=0 rx=5 deaf=106474
2026-09-18T19:19:17Z,CHANSUM,14650,14709,60,60012,5957,42,12,0,3,0,-1030,-1160,-1150,-1159
2026-09-18T19:20:05Z,FRAME #492 tx t=14761512 peer=0x01 type=3 schema=0 frag=0x01 seq=493 rssi=- snr=- st=0 rx=5 deaf=106687
2026-09-18T19:20:15Z,CHAN,14767,14770300,1000,100,0,4,0,-930,-1160,-1139
2026-09-18T19:20:15Z,FRAME #493 tx t=14771515 peer=0x02 type=3 schema=0 frag=0x01 seq=494 rssi=- snr=- st=0 rx=5 deaf=106904
2026-09-18T19:20:17Z,CHANSUM,14710,14769,60,60012,5957,42,4,0,1,0,-930,-1160,-1150,-1159
2026-09-18T19:20:26Z,CHAN,14778,14781303,1000,100,0,1,0,-1090,-1160,-1147
2026-09-18T19:21:05Z,FRAME #494 tx t=14821508 peer=0x01 type=3 schema=0 frag=0x01 seq=495 rssi=- snr=- st=0 rx=5 deaf=107121
2026-09-18T19:21:15Z,FRAME #495 tx t=14831511 peer=0x02 type=3 schema=0 frag=0x01 seq=496 rssi=- snr=- st=0 rx=5 deaf=107338
2026-09-18T19:21:17Z,CHANSUM,14770,14829,60,60006,5956,42,1,0,1,0,-1090,-1160,-1150,-1159
2026-09-18T19:21:28Z,CHAN,14840,14843309,1000,100,0,3,0,-1100,-1160,-1146
2026-09-18T19:22:05Z,FRAME #496 tx t=14881510 peer=0x01 type=3 schema=0 frag=0x01 seq=497 rssi=- snr=- st=0 rx=5 deaf=107551
2026-09-18T19:22:15Z,FRAME #497 tx t=14891513 peer=0x02 type=3 schema=0 frag=0x01 seq=498 rssi=- snr=- st=0 rx=5 deaf=107768
2026-09-18T19:22:17Z,CHANSUM,14830,14889,60,60012,5957,42,3,0,1,0,-1100,-1160,-1150,-1159
2026-09-18T19:23:05Z,FRAME #498 tx t=14941512 peer=0x01 type=3 schema=0 frag=0x01 seq=499 rssi=- snr=- st=0 rx=5 deaf=107981
2026-09-18T19:23:15Z,FRAME #499 tx t=14951515 peer=0x02 type=3 schema=0 frag=0x01 seq=500 rssi=- snr=- st=0 rx=5 deaf=108198
2026-09-18T19:23:17Z,CHANSUM,14890,14949,60,60012,5957,42,0,0,0,0,-1120,-1160,-1160,-1160
2026-09-18T19:23:57Z,CHAN,14989,14992333,1000,100,0,1,0,-1100,-1160,-1147
2026-09-18T19:24:02Z,CHAN,14994,14997333,1000,100,0,1,0,-1100,-1160,-1147
2026-09-18T19:24:05Z,FRAME #500 tx t=15001508 peer=0x01 type=3 schema=0 frag=0x01 seq=501 rssi=- snr=- st=0 rx=5 deaf=108415
2026-09-18T19:24:15Z,FRAME #501 tx t=15011511 peer=0x02 type=3 schema=0 frag=0x01 seq=502 rssi=- snr=- st=0 rx=5 deaf=108632
2026-09-18T19:24:17Z,CHANSUM,14950,15009,60,60006,5956,42,2,0,2,0,-1100,-1160,-1150,-1159
2026-09-18T19:24:58Z,CHAN,15050,15053339,1000,100,0,1,0,-1090,-1160,-1146
2026-09-18T19:25:05Z,FRAME #502 tx t=15061510 peer=0x01 type=3 schema=0 frag=0x01 seq=503 rssi=- snr=- st=0 rx=5 deaf=108845
2026-09-18T19:25:06Z,CHAN,15058,15061339,1009,79,21,1,0,-1100,-1160,-1147
2026-09-18T19:25:15Z,FRAME #503 tx t=15071513 peer=0x02 type=3 schema=0 frag=0x01 seq=504 rssi=- snr=- st=0 rx=5 deaf=109062
2026-09-18T19:25:17Z,CHANSUM,15010,15069,60,60012,5957,42,2,0,2,0,-1090,-1160,-1150,-1159
2026-09-18T19:25:45Z,CHAN,15097,15100351,1000,100,0,2,0,-1090,-1160,-1146
2026-09-18T19:25:46Z,CHAN,15098,15101351,1000,100,0,55,0,-900,-1160,-1057
2026-09-18T19:25:47Z,CHAN,15099,15102351,1000,100,0,13,0,-900,-1160,-1123
2026-09-18T19:26:02Z,CHAN,15114,15117351,1000,100,0,1,0,-1100,-1160,-1146
2026-09-18T19:26:05Z,FRAME #504 tx t=15121512 peer=0x01 type=3 schema=0 frag=0x01 seq=505 rssi=- snr=- st=0 rx=5 deaf=109275
2026-09-18T19:26:15Z,FRAME #505 tx t=15131515 peer=0x02 type=3 schema=0 frag=0x01 seq=506 rssi=- snr=- st=0 rx=5 deaf=109492
2026-09-18T19:26:17Z,CHANSUM,15070,15129,60,60012,5957,42,71,0,4,0,-900,-1170,-1150,-1160
2026-09-18T19:27:05Z,FRAME #506 tx t=15181508 peer=0x01 type=3 schema=0 frag=0x01 seq=507 rssi=- snr=- st=0 rx=5 deaf=109709
2026-09-18T19:27:14Z,CHAN,15186,15189366,1000,100,0,10,0,-900,-1160,-1131
2026-09-18T19:27:15Z,CHAN,15187,15190366,1000,100,0,50,0,-900,-1160,-1063
2026-09-18T19:27:15Z,FRAME #507 tx t=15191511 peer=0x02 type=3 schema=0 frag=0x01 seq=508 rssi=- snr=- st=0 rx=5 deaf=109926
2026-09-18T19:27:16Z,CHAN,15188,15191366,1003,78,21,12,0,-900,-1160,-1118
2026-09-18T19:27:17Z,CHANSUM,15130,15189,60,60006,5956,42,72,0,3,0,-900,-1160,-1150,-1159
2026-09-18T19:28:05Z,FRAME #508 tx t=15241510 peer=0x01 type=3 schema=0 frag=0x01 seq=509 rssi=- snr=- st=0 rx=5 deaf=110139
2026-09-18T19:28:06Z,CHAN,15238,15241369,1009,79,21,1,0,-1100,-1160,-1148
2026-09-18T19:28:15Z,FRAME #509 tx t=15251513 peer=0x02 type=3 schema=0 frag=0x01 seq=510 rssi=- snr=- st=0 rx=5 deaf=110356
2026-09-18T19:28:17Z,CHANSUM,15190,15249,60,60012,5957,42,1,0,1,0,-1100,-1160,-1150,-1159
2026-09-18T19:29:05Z,FRAME #510 tx t=15301512 peer=0x01 type=3 schema=0 frag=0x01 seq=511 rssi=- snr=- st=0 rx=5 deaf=110569
2026-09-18T19:29:11Z,CHAN,15303,15306390,1000,100,0,1,0,-940,-1160,-1145
2026-09-18T19:29:15Z,FRAME #511 tx t=15311515 peer=0x02 type=3 schema=0 frag=0x01 seq=512 rssi=- snr=- st=0 rx=5 deaf=110786
2026-09-18T19:29:17Z,CHANSUM,15250,15309,60,60012,5957,42,1,0,1,0,-940,-1160,-1160,-1160
2026-09-18T19:29:29Z,CHAN,15321,15324393,1000,100,0,1,0,-1090,-1160,-1148
2026-09-18T19:30:04Z,CHAN,15356,15359393,1000,100,0,1,0,-1100,-1170,-1147
2026-09-18T19:30:05Z,FRAME #512 tx t=15361508 peer=0x01 type=3 schema=0 frag=0x01 seq=513 rssi=- snr=- st=0 rx=5 deaf=111003
2026-09-18T19:30:15Z,FRAME #513 tx t=15371511 peer=0x02 type=3 schema=0 frag=0x01 seq=514 rssi=- snr=- st=0 rx=5 deaf=111220
2026-09-18T19:30:17Z,CHANSUM,15310,15369,60,60006,5956,42,2,0,2,0,-1090,-1170,-1160,-1160
2026-09-18T19:31:05Z,CHAN,15417,15420399,1000,100,0,1,0,-990,-1160,-1146
2026-09-18T19:31:05Z,FRAME #514 tx t=15421510 peer=0x01 type=3 schema=0 frag=0x01 seq=515 rssi=- snr=- st=0 rx=5 deaf=111433
2026-09-18T19:31:09Z,CHAN,15421,15424408,1000,100,0,1,0,-1090,-1160,-1147
2026-09-18T19:31:15Z,FRAME #515 tx t=15431513 peer=0x02 type=3 schema=0 frag=0x01 seq=516 rssi=- snr=- st=0 rx=5 deaf=111650
2026-09-18T19:31:17Z,CHANSUM,15370,15429,60,60012,5957,42,2,0,2,0,-990,-1160,-1160,-1160
2026-09-18T19:32:05Z,FRAME #516 tx t=15481512 peer=0x01 type=3 schema=0 frag=0x01 seq=517 rssi=- snr=- st=0 rx=5 deaf=111863
2026-09-18T19:32:10Z,CHAN,15482,15485420,1000,100,0,11,0,-960,-1160,-1133
2026-09-18T19:32:11Z,CHAN,15483,15486420,1000,100,0,1,0,-1050,-1160,-1148
2026-09-18T19:32:15Z,FRAME #517 tx t=15491515 peer=0x02 type=3 schema=0 frag=0x01 seq=518 rssi=- snr=- st=0 rx=5 deaf=112080
2026-09-18T19:32:17Z,CHANSUM,15430,15489,60,60012,5957,42,12,0,2,0,-960,-1170,-1160,-1160
2026-09-18T19:33:00Z,CHAN,15532,15535423,1000,100,0,1,0,-1100,-1160,-1147
2026-09-18T19:33:02Z,CHAN,15534,15537423,1000,100,0,1,0,-1100,-1160,-1148
2026-09-18T19:33:05Z,FRAME #518 tx t=15541508 peer=0x01 type=3 schema=0 frag=0x01 seq=519 rssi=- snr=- st=0 rx=5 deaf=112297
2026-09-18T19:33:15Z,FRAME #519 tx t=15551511 peer=0x02 type=3 schema=0 frag=0x01 seq=520 rssi=- snr=- st=0 rx=5 deaf=112514
2026-09-18T19:33:17Z,CHANSUM,15490,15549,60,60006,5956,42,2,0,2,0,-1100,-1160,-1150,-1159
2026-09-18T19:34:05Z,FRAME #520 tx t=15601510 peer=0x01 type=3 schema=0 frag=0x01 seq=521 rssi=- snr=- st=0 rx=5 deaf=112727
2026-09-18T19:34:15Z,FRAME #521 tx t=15611513 peer=0x02 type=3 schema=0 frag=0x01 seq=522 rssi=- snr=- st=0 rx=5 deaf=112944
2026-09-18T19:34:17Z,CHANSUM,15550,15609,60,60012,5957,42,0,0,0,0,-1120,-1160,-1160,-1160
2026-09-18T19:34:18Z,CHAN,15610,15613441,1000,100,0,2,0,-970,-1160,-1145
2026-09-18T19:34:19Z,CHAN,15611,15614441,1000,100,0,2,0,-1100,-1160,-1147
2026-09-18T19:34:20Z,CHAN,15612,15615441,1000,100,0,9,0,-1050,-1160,-1139
2026-09-18T19:35:04Z,CHAN,15656,15659441,1000,100,0,1,0,-1100,-1160,-1147
2026-09-18T19:35:05Z,FRAME #522 tx t=15661512 peer=0x01 type=3 schema=0 frag=0x01 seq=523 rssi=- snr=- st=0 rx=5 deaf=113157
2026-09-18T19:35:07Z,CHAN,15659,15662450,1000,100,0,1,0,-1090,-1160,-1147
2026-09-18T19:35:15Z,FRAME #523 tx t=15671515 peer=0x02 type=3 schema=0 frag=0x01 seq=524 rssi=- snr=- st=0 rx=5 deaf=113374
2026-09-18T19:35:17Z,CHANSUM,15610,15669,60,60012,5957,42,15,0,5,0,-970,-1160,-1160,-1160
2026-09-18T19:36:05Z,FRAME #524 tx t=15721508 peer=0x01 type=3 schema=0 frag=0x01 seq=525 rssi=- snr=- st=0 rx=5 deaf=113591
2026-09-18T19:36:15Z,FRAME #525 tx t=15731511 peer=0x02 type=3 schema=0 frag=0x01 seq=526 rssi=- snr=- st=0 rx=5 deaf=113808
2026-09-18T19:36:17Z,CHANSUM,15670,15729,60,60006,5956,42,0,0,0,0,-1120,-1160,-1160,-1160
2026-09-18T19:36:23Z,CHAN,15735,15738459,1000,100,0,5,0,-910,-1160,-1138
2026-09-18T19:37:05Z,FRAME #526 tx t=15781510 peer=0x01 type=3 schema=0 frag=0x01 seq=527 rssi=- snr=- st=0 rx=5 deaf=114021
2026-09-18T19:37:15Z,FRAME #527 tx t=15791513 peer=0x02 type=3 schema=0 frag=0x01 seq=528 rssi=- snr=- st=0 rx=5 deaf=114238
2026-09-18T19:37:17Z,CHANSUM,15730,15789,60,60012,5957,42,5,0,1,0,-910,-1160,-1150,-1159
2026-09-18T19:37:25Z,CHAN,15797,15800471,1000,100,0,9,0,-1000,-1160,-1134
2026-09-18T19:37:40Z,CHAN,15812,15815471,1000,100,0,2,0,-1050,-1160,-1146
2026-09-18T19:37:42Z,CHAN,15814,15817471,1000,100,0,1,0,-1060,-1160,-1147
2026-09-18T19:37:59Z,CHAN,15831,15834471,1000,100,0,1,0,-1100,-1160,-1147
2026-09-18T19:38:05Z,FRAME #528 tx t=15841512 peer=0x01 type=3 schema=0 frag=0x01 seq=529 rssi=- snr=- st=0 rx=5 deaf=114451
2026-09-18T19:38:07Z,CHAN,15839,15842480,1000,100,0,1,0,-1100,-1160,-1146
2026-09-18T19:38:15Z,FRAME #529 tx t=15851515 peer=0x02 type=3 schema=0 frag=0x01 seq=530 rssi=- snr=- st=0 rx=5 deaf=114668
2026-09-18T19:38:17Z,CHANSUM,15790,15849,60,60012,5957,42,14,0,5,0,-1000,-1160,-1150,-1159
2026-09-18T19:39:05Z,FRAME #530 tx t=15901508 peer=0x01 type=3 schema=0 frag=0x01 seq=531 rssi=- snr=- st=0 rx=5 deaf=114885
2026-09-18T19:39:15Z,FRAME #531 tx t=15911511 peer=0x02 type=3 schema=0 frag=0x01 seq=532 rssi=- snr=- st=0 rx=5 deaf=115102
2026-09-18T19:39:17Z,CHANSUM,15850,15909,60,60006,5956,42,0,0,0,0,-1110,-1160,-1150,-1159
2026-09-18T19:39:35Z,CHAN,15927,15930489,1000,100,0,10,0,-1000,-1160,-1134
2026-09-18T19:40:04Z,CHAN,15956,15959489,1000,100,0,1,0,-1100,-1160,-1146
2026-09-18T19:40:05Z,FRAME #532 tx t=15961510 peer=0x01 type=3 schema=0 frag=0x01 seq=533 rssi=- snr=- st=0 rx=5 deaf=115315
2026-09-18T19:40:15Z,FRAME #533 tx t=15971513 peer=0x02 type=3 schema=0 frag=0x01 seq=534 rssi=- snr=- st=0 rx=5 deaf=115532
2026-09-18T19:40:17Z,CHANSUM,15910,15969,60,60022,5958,42,11,0,2,0,-1000,-1170,-1160,-1160
2026-09-18T19:40:32Z,CHAN,15984,15987511,1000,100,0,1,0,-1100,-1160,-1147
2026-09-18T19:41:05Z,FRAME #534 tx t=16021512 peer=0x01 type=3 schema=0 frag=0x01 seq=535 rssi=- snr=- st=0 rx=5 deaf=115745
2026-09-18T19:41:15Z,FRAME #535 tx t=16031515 peer=0x02 type=3 schema=0 frag=0x01 seq=536 rssi=- snr=- st=0 rx=5 deaf=115962
2026-09-18T19:41:17Z,CHANSUM,15970,16029,60,60022,5958,42,1,0,1,0,-1100,-1160,-1160,-1160
2026-09-18T19:41:32Z,CHAN,16044,16047533,1000,100,0,1,0,-1100,-1160,-1148
2026-09-18T19:42:01Z,CHAN,16073,16076533,1000,100,0,2,0,-1100,-1160,-1147
2026-09-18T19:42:05Z,FRAME #536 tx t=16081508 peer=0x01 type=3 schema=0 frag=0x01 seq=537 rssi=- snr=- st=0 rx=5 deaf=116179
2026-09-18T19:42:07Z,CHAN,16079,16082536,1000,100,0,1,0,-1010,-1160,-1147
2026-09-18T19:42:15Z,FRAME #537 tx t=16091511 peer=0x02 type=3 schema=0 frag=0x01 seq=538 rssi=- snr=- st=0 rx=5 deaf=116396
2026-09-18T19:42:17Z,CHANSUM,16030,16089,60,60006,5956,42,4,0,3,0,-1010,-1160,-1150,-1159
2026-09-18T19:42:40Z,CHAN,16112,16115539,1000,100,0,1,0,-1080,-1160,-1147
2026-09-18T19:43:05Z,FRAME #538 tx t=16141510 peer=0x01 type=3 schema=0 frag=0x01 seq=539 rssi=- snr=- st=0 rx=5 deaf=116609
2026-09-18T19:43:15Z,FRAME #539 tx t=16151513 peer=0x02 type=3 schema=0 frag=0x01 seq=540 rssi=- snr=- st=0 rx=5 deaf=116826
2026-09-18T19:43:17Z,CHANSUM,16090,16149,60,60012,5957,42,1,0,1,0,-1080,-1170,-1150,-1160
2026-09-18T19:44:01Z,CHAN,16193,16196551,1000,100,0,1,0,-1080,-1160,-1147
2026-09-18T19:44:03Z,CHAN,16195,16198551,1000,100,0,1,0,-1100,-1160,-1148
2026-09-18T19:44:05Z,FRAME #540 tx t=16201512 peer=0x01 type=3 schema=0 frag=0x01 seq=541 rssi=- snr=- st=0 rx=5 deaf=117039
2026-09-18T19:44:05Z,CHAN,16197,16200551,1008,95,5,1,0,-1100,-1160,-1147
2026-09-18T19:44:06Z,CHAN,16198,16201559,1001,84,16,1,0,-1100,-1160,-1147
2026-09-18T19:44:15Z,FRAME #541 tx t=16211515 peer=0x02 type=3 schema=0 frag=0x01 seq=542 rssi=- snr=- st=0 rx=5 deaf=117256
2026-09-18T19:44:17Z,CHANSUM,16150,16209,60,60012,5957,42,4,0,4,0,-1080,-1160,-1160,-1160
2026-09-18T19:44:33Z,CHAN,16225,16228563,1000,100,0,3,0,-970,-1160,-1144
2026-09-18T19:44:39Z,CHAN,16231,16234563,1000,100,0,1,0,-1080,-1160,-1146
2026-09-18T19:45:05Z,FRAME #542 tx t=16261508 peer=0x01 type=3 schema=0 frag=0x01 seq=543 rssi=- snr=- st=0 rx=5 deaf=117473
2026-09-18T19:45:08Z,CHAN,16260,16263566,1000,100,0,9,0,-940,-1160,-1130
2026-09-18T19:45:15Z,FRAME #543 tx t=16271511 peer=0x02 type=3 schema=0 frag=0x01 seq=544 rssi=- snr=- st=0 rx=5 deaf=117690
2026-09-18T19:45:17Z,CHANSUM,16210,16269,60,60006,5956,42,13,0,3,0,-940,-1160,-1160,-1160
2026-09-18T19:45:34Z,CHAN,16286,16289569,1000,100,0,1,0,-1100,-1160,-1147
2026-09-18T19:45:50Z,CHAN,16302,16305569,1000,100,0,10,0,-1060,-1160,-1140
2026-09-18T19:46:04Z,CHAN,16316,16319569,1000,100,0,1,0,-1100,-1160,-1148
2026-09-18T19:46:05Z,FRAME #544 tx t=16321510 peer=0x01 type=3 schema=0 frag=0x01 seq=545 rssi=- snr=- st=0 rx=5 deaf=117903
2026-09-18T19:46:15Z,FRAME #545 tx t=16331513 peer=0x02 type=3 schema=0 frag=0x01 seq=546 rssi=- snr=- st=0 rx=5 deaf=118120
2026-09-18T19:46:17Z,CHANSUM,16270,16329,60,60012,5957,42,12,0,3,0,-1060,-1160,-1160,-1160
2026-09-18T19:46:34Z,CHAN,16346,16349581,1000,100,0,1,0,-1100,-1160,-1147
2026-09-18T19:47:05Z,FRAME #546 tx t=16381512 peer=0x01 type=3 schema=0 frag=0x01 seq=547 rssi=- snr=- st=0 rx=5 deaf=118333
2026-09-18T19:47:15Z,FRAME #547 tx t=16391515 peer=0x02 type=3 schema=0 frag=0x01 seq=548 rssi=- snr=- st=0 rx=5 deaf=118550
2026-09-18T19:47:17Z,CHANSUM,16330,16389,60,60012,5957,42,1,0,1,0,-1100,-1170,-1150,-1160
2026-09-18T19:48:00Z,CHAN,16432,16435593,1000,100,0,9,0,-1000,-1160,-1133
2026-09-18T19:48:04Z,CHAN,16436,16439593,1000,100,0,1,0,-1090,-1160,-1146
2026-09-18T19:48:05Z,FRAME #548 tx t=16441508 peer=0x01 type=3 schema=0 frag=0x01 seq=549 rssi=- snr=- st=0 rx=5 deaf=118767
2026-09-18T19:48:07Z,CHAN,16439,16442596,1000,100,0,1,0,-1100,-1160,-1147
2026-09-18T19:48:15Z,FRAME #549 tx t=16451511 peer=0x02 type=3 schema=0 frag=0x01 seq=550 rssi=- snr=- st=0 rx=5 deaf=118984
2026-09-18T19:48:17Z,CHANSUM,16390,16449,60,60006,5956,42,11,0,3,0,-1000,-1160,-1160,-1160
2026-09-18T19:48:27Z,CHAN,16459,16462599,1000,100,0,1,0,-1100,-1160,-1146
2026-09-18T19:49:02Z,CHAN,16494,16497599,1000,100,0,1,0,-1090,-1160,-1145
2026-09-18T19:49:05Z,FRAME #550 tx t=16501510 peer=0x01 type=3 schema=0 frag=0x01 seq=551 rssi=- snr=- st=0 rx=5 deaf=119197
2026-09-18T19:49:15Z,FRAME #551 tx t=16511513 peer=0x02 type=3 schema=0 frag=0x01 seq=552 rssi=- snr=- st=0 rx=5 deaf=119414
2026-09-18T19:49:17Z,CHANSUM,16450,16509,60,60012,5957,42,2,0,2,0,-1090,-1160,-1150,-1159
2026-09-18T19:49:40Z,CHAN,16532,16535611,1000,100,0,2,0,-950,-1160,-1144
2026-09-18T19:49:47Z,CHAN,16539,16542611,1000,100,0,4,0,-900,-1160,-1139
2026-09-18T19:50:05Z,FRAME #552 tx t=16561512 peer=0x01 type=3 schema=0 frag=0x01 seq=553 rssi=- snr=- st=0 rx=5 deaf=119627
2026-09-18T19:50:11Z,CHAN,16563,16566620,1000,100,0,36,0,-890,-1160,-1079
2026-09-18T19:50:12Z,CHAN,16564,16567620,1000,100,0,42,0,-890,-1160,-1071
2026-09-18T19:50:13Z,CHAN,16565,16568620,1000,100,0,32,0,-890,-1160,-1078
2026-09-18T19:50:14Z,CHAN,16566,16569620,1000,100,0,29,0,-890,-1160,-1080
2026-09-18T19:50:15Z,FRAME #553 tx t=16571515 peer=0x02 type=3 schema=0 frag=0x01 seq=554 rssi=- snr=- st=0 rx=5 deaf=119844
2026-09-18T19:50:15Z,CHAN,16567,16570620,1002,88,11,7,0,-890,-1160,-1128
2026-09-18T19:50:17Z,CHAN,16569,16572623,1000,100,0,48,0,-890,-1160,-1040
2026-09-18T19:50:17Z,CHANSUM,16510,16569,60,60012,5957,42,200,0,8,0,-890,-1160,-1150,-1159
2026-09-18T19:50:18Z,CHAN,16570,16573623,1000,100,0,35,0,-890,-1160,-1063
2026-09-18T19:50:46Z,CHAN,16598,16601623,1000,100,0,14,0,-890,-1160,-1122
2026-09-18T19:50:47Z,CHAN,16599,16602623,1000,100,0,28,0,-890,-1160,-1096
2026-09-18T19:50:48Z,CHAN,16600,16603623,1000,100,0,14,0,-1060,-1160,-1137
2026-09-18T19:51:05Z,FRAME #554 tx t=16621508 peer=0x01 type=3 schema=0 frag=0x01 seq=555 rssi=- snr=- st=0 rx=5 deaf=120061
2026-09-18T19:51:05Z,CHAN,16617,16620623,1002,87,12,9,0,-1020,-1160,-1134
2026-09-18T19:51:14Z,CHAN,16626,16629626,1000,100,0,29,0,-890,-1160,-1074
2026-09-18T19:51:15Z,FRAME #555 tx t=16631511 peer=0x02 type=3 schema=0 frag=0x01 seq=556 rssi=- snr=- st=0 rx=5 deaf=120278
2026-09-18T19:51:15Z,CHAN,16627,16630626,1002,87,12,37,0,-880,-1160,-1045
2026-09-18T19:51:17Z,CHANSUM,16570,16629,60,60006,5956,42,166,0,7,0,-880,-1170,-1150,-1160
2026-09-18T19:51:33Z,CHAN,16645,16648629,1000,100,0,2,0,-1100,-1160,-1147
2026-09-18T19:52:05Z,FRAME #556 tx t=16681510 peer=0x01 type=3 schema=0 frag=0x01 seq=557 rssi=- snr=- st=0 rx=5 deaf=120491
2026-09-18T19:52:15Z,FRAME #557 tx t=16691513 peer=0x02 type=3 schema=0 frag=0x01 seq=558 rssi=- snr=- st=0 rx=5 deaf=120708
2026-09-18T19:52:16Z,CHAN,16688,16691639,1002,92,8,1,0,-1100,-1160,-1146
2026-09-18T19:52:17Z,CHANSUM,16630,16689,60,60012,5957,42,3,0,2,0,-1100,-1170,-1160,-1160
2026-09-18T19:52:23Z,CHAN,16695,16698641,1000,100,0,26,0,-890,-1160,-1095
2026-09-18T19:52:24Z,CHAN,16696,16699641,1000,100,0,13,0,-890,-1160,-1118
2026-09-18T19:52:25Z,CHAN,16697,16700641,1000,100,0,37,0,-880,-1160,-1058
2026-09-18T19:52:26Z,CHAN,16698,16701641,1000,100,0,5,0,-890,-1160,-1136
2026-09-18T19:52:50Z,CHAN,16722,16725641,1000,100,0,20,0,-890,-1160,-1096
2026-09-18T19:52:51Z,CHAN,16723,16726641,1000,100,0,15,0,-890,-1160,-1109
2026-09-18T19:53:03Z,CHAN,16735,16738641,1000,100,0,2,0,-1090,-1160,-1147
2026-09-18T19:53:06Z,FRAME #558 tx t=16742139 peer=0x01 type=3 schema=0 frag=0x01 seq=559 rssi=- snr=- st=0 rx=5 deaf=120942
2026-09-18T19:53:08Z,CHAN,16740,16743657,1000,100,0,57,0,-890,-1160,-1015
2026-09-18T19:53:09Z,CHAN,16741,16744657,1000,100,0,7,0,-890,-1160,-1131
2026-09-18T19:53:15Z,FRAME #559 tx t=16751508 peer=0x02 type=3 schema=0 frag=0x01 seq=560 rssi=- snr=- st=0 rx=5 deaf=121155
2026-09-18T19:53:15Z,CHAN,16747,16750657,1008,84,16,9,0,-1000,-1160,-1133
2026-09-18T19:53:17Z,CHANSUM,16690,16749,60,60025,5956,44,191,0,10,0,-880,-1160,-1160,-1160
2026-09-18T19:53:21Z,CHAN,16753,16756666,1000,100,0,9,0,-890,-1160,-1125
2026-09-18T19:53:22Z,CHAN,16754,16757666,1000,100,0,27,0,-890,-1160,-1082
2026-09-18T19:53:23Z,CHAN,16755,16758666,1000,100,0,33,0,-890,-1160,-1072
2026-09-18T19:53:24Z,CHAN,16756,16759666,1000,100,0,9,0,-890,-1160,-1130
2026-09-18T19:53:55Z,CHAN,16787,16790666,1000,100,0,9,0,-890,-1160,-1125
2026-09-18T19:53:56Z,CHAN,16788,16791666,1000,100,0,22,0,-890,-1160,-1094
2026-09-18T19:53:57Z,CHAN,16789,16792666,1000,100,0,27,0,-890,-1160,-1081
2026-09-18T19:54:00Z,CHAN,16792,16795666,1000,100,0,9,0,-890,-1160,-1127
2026-09-18T19:54:01Z,CHAN,16793,16796666,1000,100,0,18,0,-890,-1160,-1104
2026-09-18T19:54:02Z,CHAN,16794,16797666,1000,100,0,25,0,-890,-1160,-1092
2026-09-18T19:54:05Z,FRAME #560 tx t=16801507 peer=0x01 type=3 schema=0 frag=0x01 seq=561 rssi=- snr=- st=0 rx=5 deaf=121368
2026-09-18T19:54:15Z,FRAME #561 tx t=16811510 peer=0x02 type=3 schema=0 frag=0x01 seq=562 rssi=- snr=- st=0 rx=5 deaf=121585
2026-09-18T19:54:17Z,CHANSUM,16750,16809,60,60012,5957,42,188,0,10,0,-890,-1160,-1160,-1160
2026-09-18T19:54:27Z,CHAN,16819,16822678,1000,100,0,18,0,-890,-1160,-1101
2026-09-18T19:54:28Z,CHAN,16820,16823678,1000,100,0,22,0,-890,-1160,-1095
2026-09-18T19:54:47Z,CHAN,16839,16842678,1000,100,0,2,0,-910,-1160,-1145
2026-09-18T19:54:50Z,CHAN,16842,16845678,1000,100,0,4,0,-1090,-1160,-1145
2026-09-18T19:55:01Z,CHAN,16853,16856678,1000,100,0,18,0,-890,-1160,-1105
2026-09-18T19:55:02Z,CHAN,16854,16857678,1000,100,0,19,0,-890,-1160,-1101
2026-09-18T19:55:05Z,FRAME #562 tx t=16861509 peer=0x01 type=3 schema=0 frag=0x01 seq=563 rssi=- snr=- st=0 rx=5 deaf=121798
2026-09-18T19:55:07Z,CHAN,16859,16862687,1000,100,0,1,0,-1100,-1160,-1147
2026-09-18T19:55:15Z,FRAME #563 tx t=16871512 peer=0x02 type=3 schema=0 frag=0x01 seq=564 rssi=- snr=- st=0 rx=5 deaf=122015
2026-09-18T19:55:17Z,CHANSUM,16810,16869,60,60012,5957,42,84,0,7,0,-890,-1170,-1150,-1160
2026-09-18T19:55:25Z,CHAN,16877,16880690,1000,100,0,7,0,-900,-1160,-1136
2026-09-18T19:55:27Z,CHAN,16879,16882690,1000,100,0,18,0,-890,-1160,-1101
2026-09-18T19:55:28Z,CHAN,16880,16883690,1000,100,0,22,0,-890,-1160,-1092
2026-09-18T19:56:05Z,FRAME #564 tx t=16921511 peer=0x01 type=3 schema=0 frag=0x01 seq=565 rssi=- snr=- st=0 rx=5 deaf=122228
2026-09-18T19:56:14Z,CHAN,16926,16929699,1000,100,0,10,0,-900,-1160,-1129
2026-09-18T19:56:15Z,FRAME #565 tx t=16931514 peer=0x02 type=3 schema=0 frag=0x01 seq=566 rssi=- snr=- st=0 rx=5 deaf=122445
2026-09-18T19:56:17Z,CHANSUM,16870,16929,60,60012,5957,42,57,0,4,0,-890,-1170,-1160,-1160
2026-09-18T19:57:06Z,FRAME #566 tx t=16982978 peer=0x01 type=3 schema=0 frag=0x01 seq=567 rssi=- snr=- st=0 rx=5 deaf=122687
2026-09-18T19:57:08Z,CHAN,16980,16983706,1000,100,0,1,0,-1090,-1160,-1147
2026-09-18T19:57:09Z,CHAN,16981,16984706,1000,100,0,2,0,-1080,-1160,-1146
2026-09-18T19:57:15Z,FRAME #567 tx t=16991511 peer=0x02 type=3 schema=0 frag=0x01 seq=568 rssi=- snr=- st=0 rx=5 deaf=122904
2026-09-18T19:57:17Z,CHANSUM,16930,16989,60,60017,5954,44,3,0,2,0,-1080,-1170,-1150,-1160
2026-09-18T19:57:27Z,CHAN,16999,17002719,1000,100,0,2,0,-1100,-1160,-1146
2026-09-18T19:58:04Z,CHAN,17036,17039719,1000,100,0,1,0,-1100,-1160,-1146
2026-09-18T19:58:05Z,FRAME #568 tx t=17041510 peer=0x01 type=3 schema=0 frag=0x01 seq=569 rssi=- snr=- st=0 rx=5 deaf=123117
2026-09-18T19:58:08Z,CHAN,17040,17043728,1000,100,0,9,0,-890,-1160,-1131
2026-09-18T19:58:15Z,FRAME #569 tx t=17051513 peer=0x02 type=3 schema=0 frag=0x01 seq=570 rssi=- snr=- st=0 rx=5 deaf=123334
2026-09-18T19:58:17Z,CHANSUM,16990,17049,60,60012,5957,42,12,0,3,0,-890,-1170,-1160,-1160
2026-09-18T19:59:05Z,FRAME #570 tx t=17101512 peer=0x01 type=3 schema=0 frag=0x01 seq=571 rssi=- snr=- st=0 rx=5 deaf=123547
2026-09-18T19:59:08Z,CHAN,17100,17103740,1000,100,0,2,0,-1100,-1160,-1147
2026-09-18T19:59:15Z,FRAME #571 tx t=17111515 peer=0x02 type=3 schema=0 frag=0x01 seq=572 rssi=- snr=- st=0 rx=5 deaf=123764
2026-09-18T19:59:17Z,CHANSUM,17050,17109,60,60012,5957,42,2,0,1,0,-1100,-1170,-1160,-1160
2026-09-18T19:59:25Z,CHAN,17117,17120743,1000,100,0,22,0,-890,-1160,-1092
2026-09-18T19:59:26Z,CHAN,17118,17121743,1000,100,0,18,0,-890,-1160,-1102
2026-09-18T19:59:50Z,CHAN,17142,17145743,1000,100,0,14,0,-890,-1160,-1111
2026-09-18T19:59:51Z,CHAN,17143,17146743,1000,100,0,26,0,-890,-1160,-1083
2026-09-18T19:59:54Z,CHAN,17146,17149743,1000,100,0,1,0,-910,-1160,-1144
2026-09-18T20:00:05Z,FRAME #572 tx t=17161508 peer=0x01 type=3 schema=0 frag=0x01 seq=573 rssi=- snr=- st=0 rx=5 deaf=123981
2026-09-18T20:00:07Z,CHAN,17159,17162746,1000,100,0,1,0,-1090,-1160,-1147
2026-09-18T20:00:15Z,FRAME #573 tx t=17171511 peer=0x02 type=3 schema=0 frag=0x01 seq=574 rssi=- snr=- st=0 rx=5 deaf=124198
2026-09-18T20:00:17Z,CHANSUM,17110,17169,60,60006,5956,42,82,0,6,0,-890,-1160,-1160,-1160
2026-09-18T20:01:05Z,FRAME #574 tx t=17221510 peer=0x01 type=3 schema=0 frag=0x01 seq=575 rssi=- snr=- st=0 rx=5 deaf=124411
2026-09-18T20:01:05Z,CHAN,17217,17220749,1009,79,21,1,0,-1090,-1170,-1147
2026-09-18T20:01:15Z,FRAME #575 tx t=17231513 peer=0x02 type=3 schema=0 frag=0x01 seq=576 rssi=- snr=- st=0 rx=5 deaf=124628
2026-09-18T20:01:17Z,CHANSUM,17170,17229,60,60012,5957,42,1,0,1,0,-1090,-1170,-1160,-1160
2026-09-18T20:02:00Z,CHAN,17272,17275761,1000,100,0,2,0,-950,-1160,-1144
2026-09-18T20:02:02Z,CHAN,17274,17277761,1000,100,0,1,0,-1100,-1160,-1147
2026-09-18T20:02:05Z,FRAME #576 tx t=17281512 peer=0x01 type=3 schema=0 frag=0x01 seq=577 rssi=- snr=- st=0 rx=5 deaf=124841
2026-09-18T20:02:15Z,FRAME #577 tx t=17291515 peer=0x02 type=3 schema=0 frag=0x01 seq=578 rssi=- snr=- st=0 rx=5 deaf=125058
2026-09-18T20:02:17Z,CHANSUM,17230,17289,60,60012,5957,42,3,0,2,0,-950,-1160,-1160,-1160
2026-09-18T20:02:50Z,CHAN,17322,17325773,1000,100,0,1,0,-1100,-1160,-1148
2026-09-18T20:03:05Z,FRAME #578 tx t=17341508 peer=0x01 type=3 schema=0 frag=0x01 seq=579 rssi=- snr=- st=0 rx=5 deaf=125275
2026-09-18T20:03:06Z,CHAN,17338,17341776,1000,100,0,2,0,-1090,-1160,-1147
2026-09-18T20:03:10Z,CHAN,17342,17345776,1000,100,0,1,0,-1090,-1160,-1147
2026-09-18T20:03:15Z,FRAME #579 tx t=17351511 peer=0x02 type=3 schema=0 frag=0x01 seq=580 rssi=- snr=- st=0 rx=5 deaf=125492
2026-09-18T20:03:17Z,CHAN,17349,17352779,1000,100,0,4,0,-900,-1160,-1138
2026-09-18T20:03:17Z,CHANSUM,17290,17349,60,60006,5956,42,8,0,4,0,-900,-1160,-1160,-1160
2026-09-18T20:04:05Z,FRAME #580 tx t=17401510 peer=0x01 type=3 schema=0 frag=0x01 seq=581 rssi=- snr=- st=0 rx=5 deaf=125705
2026-09-18T20:04:15Z,FRAME #581 tx t=17411513 peer=0x02 type=3 schema=0 frag=0x01 seq=582 rssi=- snr=- st=0 rx=5 deaf=125922
2026-09-18T20:04:17Z,CHANSUM,17350,17409,60,60012,5957,42,0,0,0,0,-1120,-1160,-1160,-1160
2026-09-18T20:04:50Z,CHAN,17442,17445791,1000,100,0,7,0,-900,-1160,-1138
2026-09-18T20:05:01Z,CHAN,17453,17456791,1000,100,0,1,0,-1090,-1160,-1146
2026-09-18T20:05:02Z,CHAN,17454,17457791,1000,100,0,2,0,-890,-1160,-1144
2026-09-18T20:05:05Z,FRAME #582 tx t=17461512 peer=0x01 type=3 schema=0 frag=0x01 seq=583 rssi=- snr=- st=0 rx=5 deaf=126135
2026-09-18T20:05:07Z,CHAN,17459,17462800,1000,100,0,2,0,-1090,-1160,-1146
2026-09-18T20:05:16Z,FRAME #583 tx t=17472392 peer=0x02 type=3 schema=0 frag=0x01 seq=584 rssi=- snr=- st=0 rx=5 deaf=126373
2026-09-18T20:05:17Z,CHANSUM,17410,17469,60,60019,5955,44,12,0,4,0,-890,-1170,-1160,-1160
2026-09-18T20:05:39Z,CHAN,17491,17494810,1000,100,0,1,0,-1100,-1160,-1148
2026-09-18T20:05:57Z,CHAN,17509,17512810,1000,100,0,2,0,-1100,-1160,-1146
2026-09-18T20:06:05Z,FRAME #584 tx t=17521511 peer=0x01 type=3 schema=0 frag=0x01 seq=585 rssi=- snr=- st=0 rx=5 deaf=126586
2026-09-18T20:06:11Z,CHAN,17523,17526819,1000,100,0,1,0,-1100,-1160,-1147
2026-09-18T20:06:15Z,FRAME #585 tx t=17531514 peer=0x02 type=3 schema=0 frag=0x01 seq=586 rssi=- snr=- st=0 rx=5 deaf=126803
2026-09-18T20:06:17Z,CHAN,17529,17532822,1000,100,0,2,0,-1100,-1160,-1146
2026-09-18T20:06:17Z,CHANSUM,17470,17529,60,60012,5957,42,6,0,4,0,-1100,-1160,-1160,-1160
2026-09-18T20:06:44Z,CHAN,17556,17559822,1000,100,0,3,0,-1050,-1160,-1145
2026-09-18T20:06:50Z,CHAN,17562,17565822,1000,100,0,9,0,-1000,-1160,-1135
2026-09-18T20:06:54Z,CHAN,17566,17569822,1000,100,0,1,0,-1100,-1160,-1147
2026-09-18T20:07:01Z,CHAN,17573,17576822,1000,100,0,1,0,-1090,-1160,-1147
2026-09-18T20:07:04Z,CHAN,17576,17579822,1000,100,0,1,0,-1090,-1160,-1147
2026-09-18T20:07:05Z,FRAME #586 tx t=17581507 peer=0x01 type=3 schema=0 frag=0x01 seq=587 rssi=- snr=- st=0 rx=5 deaf=127020
2026-09-18T20:07:15Z,FRAME #587 tx t=17591510 peer=0x02 type=3 schema=0 frag=0x01 seq=588 rssi=- snr=- st=0 rx=5 deaf=127237
2026-09-18T20:07:17Z,CHANSUM,17530,17589,60,60006,5956,42,15,0,5,0,-1000,-1160,-1160,-1160
2026-09-18T20:07:25Z,CHAN,17597,17600828,1000,100,0,2,0,-1090,-1160,-1146
2026-09-18T20:08:01Z,CHAN,17633,17636828,1000,100,0,1,0,-1100,-1160,-1147
2026-09-18T20:08:05Z,FRAME #588 tx t=17641509 peer=0x01 type=3 schema=0 frag=0x01 seq=589 rssi=- snr=- st=0 rx=5 deaf=127450
2026-09-18T20:08:15Z,FRAME #589 tx t=17651512 peer=0x02 type=3 schema=0 frag=0x01 seq=590 rssi=- snr=- st=0 rx=5 deaf=127667
2026-09-18T20:08:17Z,CHANSUM,17590,17649,60,60012,5957,42,3,0,2,0,-1090,-1160,-1150,-1159
2026-09-18T20:08:38Z,CHAN,17670,17673840,1000,100,0,2,0,-1100,-1160,-1146
2026-09-18T20:08:42Z,CHAN,17674,17677840,1000,100,0,1,0,-1100,-1160,-1147
2026-09-18T20:09:00Z,CHAN,17692,17695840,1000,100,0,9,0,-1000,-1160,-1135
2026-09-18T20:09:04Z,CHAN,17696,17699840,1000,100,0,3,0,-1080,-1160,-1144
2026-09-18T20:09:05Z,FRAME #590 tx t=17701872 peer=0x01 type=3 schema=0 frag=0x01 seq=591 rssi=- snr=- st=0 rx=5 deaf=127905
2026-09-18T20:09:05Z,CHAN,17697,17700840,1007,98,2,1,0,-1100,-1160,-1147
2026-09-18T20:09:15Z,FRAME #591 tx t=17711515 peer=0x02 type=3 schema=0 frag=0x01 seq=592 rssi=- snr=- st=0 rx=5 deaf=128122
2026-09-18T20:09:17Z,CHANSUM,17650,17709,60,60013,5954,44,16,0,5,0,-1000,-1160,-1160,-1160
2026-09-18T20:10:05Z,FRAME #592 tx t=17761508 peer=0x01 type=3 schema=0 frag=0x01 seq=593 rssi=- snr=- st=0 rx=5 deaf=128339
2026-09-18T20:10:06Z,CHAN,17758,17761856,1000,100,0,1,0,-1090,-1160,-1147
2026-09-18T20:10:15Z,FRAME #593 tx t=17771511 peer=0x02 type=3 schema=0 frag=0x01 seq=594 rssi=- snr=- st=0 rx=5 deaf=128556
2026-09-18T20:10:17Z,CHANSUM,17710,17769,60,60006,5956,42,1,0,1,0,-1090,-1160,-1150,-1159
2026-09-18T20:10:45Z,CHAN,17797,17800859,1000,100,0,3,0,-1070,-1160,-1146
2026-09-18T20:11:04Z,CHAN,17816,17819859,1000,100,0,1,0,-1090,-1160,-1146
2026-09-18T20:11:07Z,FRAME #594 tx t=17822967 peer=0x01 type=3 schema=0 frag=0x01 seq=595 rssi=- snr=- st=0 rx=5 deaf=128790
2026-09-18T20:11:15Z,FRAME #595 tx t=17831506 peer=0x02 type=3 schema=0 frag=0x01 seq=596 rssi=- snr=- st=0 rx=5 deaf=129003
2026-09-18T20:11:17Z,CHANSUM,17770,17829,60,60025,5956,44,4,0,2,0,-1070,-1160,-1150,-1159
2026-09-18T20:12:05Z,FRAME #596 tx t=17881505 peer=0x01 type=3 schema=0 frag=0x01 seq=597 rssi=- snr=- st=0 rx=5 deaf=129216
2026-09-18T20:12:05Z,CHAN,17877,17880884,1009,79,21,9,0,-1040,-1160,-1136
2026-09-18T20:12:06Z,CHAN,17878,17881893,1000,100,0,1,0,-1090,-1160,-1147
2026-09-18T20:12:15Z,FRAME #597 tx t=17891508 peer=0x02 type=3 schema=0 frag=0x01 seq=598 rssi=- snr=- st=0 rx=5 deaf=129433
2026-09-18T20:12:17Z,CHANSUM,17830,17889,60,60012,5957,42,10,0,2,0,-1040,-1160,-1160,-1160
2026-09-18T20:12:43Z,CHAN,17915,17918896,1000,100,0,1,0,-1100,-1160,-1148
2026-09-18T20:12:54Z,CHAN,17926,17929896,1000,100,0,3,0,-1080,-1160,-1146
2026-09-18T20:13:05Z,FRAME #598 tx t=17941507 peer=0x01 type=3 schema=0 frag=0x01 seq=599 rssi=- snr=- st=0 rx=5 deaf=129646
2026-09-18T20:13:15Z,FRAME #599 tx t=17951510 peer=0x02 type=3 schema=0 frag=0x01 seq=600 rssi=- snr=- st=0 rx=5 deaf=129863
2026-09-18T20:13:17Z,CHANSUM,17890,17949,60,60012,5957,42,4,0,2,0,-1080,-1160,-1150,-1159
2026-09-18T20:13:44Z,CHAN,17976,17979908,1000,100,0,1,0,-1090,-1150,-1146
2026-09-18T20:13:46Z,CHAN,17978,17981908,1000,100,0,3,0,-1040,-1160,-1144
2026-09-18T20:14:05Z,FRAME #600 tx t=18001509 peer=0x01 type=3 schema=0 frag=0x01 seq=601 rssi=- snr=- st=0 rx=5 deaf=130076
2026-09-18T20:14:14Z,CHAN,18006,18009917,1000,100,0,1,0,-1090,-1160,-1147
2026-09-18T20:14:15Z,FRAME #601 tx t=18011512 peer=0x02 type=3 schema=0 frag=0x01 seq=602 rssi=- snr=- st=0 rx=5 deaf=130293
2026-09-18T20:14:15Z,CHAN,18007,18010917,1003,78,21,10,0,-1060,-1160,-1137
2026-09-18T20:14:17Z,CHANSUM,17950,18009,60,60012,5957,42,15,0,4,0,-1040,-1160,-1150,-1159
2026-09-18T20:14:40Z,CHAN,18032,18035920,1000,100,0,9,0,-890,-1160,-1123
2026-09-18T20:14:41Z,CHAN,18033,18036920,1000,100,0,20,0,-900,-1160,-1123
2026-09-18T20:14:42Z,CHAN,18034,18037920,1000,100,0,25,0,-890,-1160,-1084
2026-09-18T20:14:43Z,CHAN,18035,18038920,1000,100,0,39,0,-890,-1160,-1058
2026-09-18T20:15:05Z,FRAME #602 tx t=18061511 peer=0x01 type=3 schema=0 frag=0x01 seq=603 rssi=- snr=- st=0 rx=5 deaf=130506
2026-09-18T20:15:07Z,CHAN,18059,18062929,1000,100,0,9,0,-890,-1160,-1133
2026-09-18T20:15:08Z,CHAN,18060,18063929,1000,100,0,11,0,-890,-1150,-1120
2026-09-18T20:15:09Z,CHAN,18061,18064929,1000,100,0,39,0,-890,-1160,-1058
2026-09-18T20:15:10Z,CHAN,18062,18065929,1000,100,0,8,0,-890,-1160,-1128
2026-09-18T20:15:15Z,FRAME #603 tx t=18071514 peer=0x02 type=3 schema=0 frag=0x01 seq=604 rssi=- snr=- st=0 rx=5 deaf=130723
2026-09-18T20:15:17Z,CHANSUM,18010,18069,60,60012,5957,42,160,0,8,0,-890,-1160,-1150,-1159
2026-09-18T20:15:35Z,CHAN,18087,18090932,1000,100,0,3,0,-1100,-1170,-1146
2026-09-18T20:15:58Z,CHAN,18110,18113932,1000,100,0,4,0,-900,-1160,-1137
2026-09-18T20:16:05Z,FRAME #604 tx t=18121507 peer=0x01 type=3 schema=0 frag=0x01 seq=605 rssi=- snr=- st=0 rx=5 deaf=130940
2026-09-18T20:16:06Z,CHAN,18118,18121935,1000,100,0,1,0,-1090,-1160,-1147
2026-09-18T20:16:15Z,FRAME #605 tx t=18131510 peer=0x02 type=3 schema=0 frag=0x01 seq=606 rssi=- snr=- st=0 rx=5 deaf=131157
2026-09-18T20:16:17Z,CHANSUM,18070,18129,60,60006,5956,42,8,0,3,0,-900,-1170,-1160,-1160
2026-09-18T20:16:45Z,CHAN,18157,18160938,1000,100,0,2,0,-1090,-1160,-1146
2026-09-18T20:16:49Z,CHAN,18161,18164938,1000,100,0,2,0,-1090,-1160,-1147
2026-09-18T20:17:05Z,FRAME #606 tx t=18181509 peer=0x01 type=3 schema=0 frag=0x01 seq=607 rssi=- snr=- st=0 rx=5 deaf=131370
2026-09-18T20:17:06Z,CHAN,18178,18181947,1000,100,0,3,0,-1090,-1170,-1146
2026-09-18T20:17:15Z,FRAME #607 tx t=18191512 peer=0x02 type=3 schema=0 frag=0x01 seq=608 rssi=- snr=- st=0 rx=5 deaf=131587
2026-09-18T20:17:16Z,CHAN,18187,18190947,1003,78,21,1,0,-1100,-1170,-1147
2026-09-18T20:17:18Z,CHANSUM,18130,18189,60,60012,5957,42,8,0,4,0,-1090,-1170,-1150,-1160
2026-09-18T20:18:05Z,FRAME #608 tx t=18241511 peer=0x01 type=3 schema=0 frag=0x01 seq=609 rssi=- snr=- st=0 rx=5 deaf=131800
2026-09-18T20:18:13Z,CHAN,18244,18247959,1000,100,0,4,0,-1090,-1160,-1145
2026-09-18T20:18:15Z,FRAME #609 tx t=18251514 peer=0x02 type=3 schema=0 frag=0x01 seq=610 rssi=- snr=- st=0 rx=5 deaf=132017
2026-09-18T20:18:18Z,CHANSUM,18190,18249,60,60012,5957,42,4,0,1,0,-1090,-1170,-1160,-1160
2026-09-18T20:18:47Z,CHAN,18278,18281962,1000,100,0,1,0,-1090,-1160,-1147
2026-09-18T20:19:05Z,FRAME #610 tx t=18301507 peer=0x01 type=3 schema=0 frag=0x01 seq=611 rssi=- snr=- st=0 rx=5 deaf=132234
2026-09-18T20:19:15Z,FRAME #611 tx t=18311510 peer=0x02 type=3 schema=0 frag=0x01 seq=612 rssi=- snr=- st=0 rx=5 deaf=132451
2026-09-18T20:19:18Z,CHANSUM,18250,18309,60,60006,5956,42,1,0,1,0,-1090,-1170,-1150,-1160
2026-09-18T20:19:47Z,CHAN,18338,18341968,1000,100,0,1,0,-1100,-1160,-1147
2026-09-18T20:20:05Z,FRAME #612 tx t=18361509 peer=0x01 type=3 schema=0 frag=0x01 seq=613 rssi=- snr=- st=0 rx=5 deaf=132664
2026-09-18T20:20:09Z,CHAN,18360,18363977,1000,100,0,4,0,-900,-1160,-1138
2026-09-18T20:20:10Z,CHAN,18361,18364977,1000,100,0,18,0,-890,-1160,-1116
2026-09-18T20:20:15Z,FRAME #613 tx t=18371512 peer=0x02 type=3 schema=0 frag=0x01 seq=614 rssi=- snr=- st=0 rx=5 deaf=132881
2026-09-18T20:20:17Z,CHAN,18368,18371980,1000,100,0,1,0,-1090,-1160,-1147
2026-09-18T20:20:18Z,CHANSUM,18310,18369,60,60012,5957,42,24,0,4,0,-890,-1160,-1160,-1160
2026-09-18T20:20:24Z,CHAN,18375,18378980,1000,100,0,1,0,-910,-1160,-1146
2026-09-18T20:21:02Z,CHAN,18413,18416980,1000,100,0,1,0,-1100,-1170,-1147
2026-09-18T20:21:05Z,FRAME #614 tx t=18421511 peer=0x01 type=3 schema=0 frag=0x01 seq=615 rssi=- snr=- st=0 rx=5 deaf=133094
2026-09-18T20:21:15Z,FRAME #615 tx t=18431514 peer=0x02 type=3 schema=0 frag=0x01 seq=616 rssi=- snr=- st=0 rx=5 deaf=133311
2026-09-18T20:21:18Z,CHANSUM,18370,18429,60,60012,5957,42,2,0,2,0,-910,-1170,-1150,-1159
2026-09-18T20:22:05Z,FRAME #616 tx t=18481507 peer=0x01 type=3 schema=0 frag=0x01 seq=617 rssi=- snr=- st=0 rx=5 deaf=133528
2026-09-18T20:22:15Z,FRAME #617 tx t=18491510 peer=0x02 type=3 schema=0 frag=0x01 seq=618 rssi=- snr=- st=0 rx=5 deaf=133745
2026-09-18T20:22:18Z,CHAN,18489,18492998,1000,100,0,1,0,-1090,-1160,-1146
2026-09-18T20:22:18Z,CHANSUM,18430,18489,60,60006,5956,42,1,0,1,0,-1090,-1160,-1150,-1159
2026-09-18T20:23:05Z,FRAME #618 tx t=18541509 peer=0x01 type=3 schema=0 frag=0x01 seq=619 rssi=- snr=- st=0 rx=5 deaf=133958
2026-09-18T20:23:15Z,FRAME #619 tx t=18551512 peer=0x02 type=3 schema=0 frag=0x01 seq=620 rssi=- snr=- st=0 rx=5 deaf=134175
2026-09-18T20:23:18Z,CHANSUM,18490,18549,60,60012,5957,42,0,0,0,0,-1120,-1160,-1160,-1160
2026-09-18T20:23:53Z,CHAN,18584,18588010,1000,100,0,1,0,-1090,-1160,-1147
2026-09-18T20:24:05Z,FRAME #620 tx t=18601511 peer=0x01 type=3 schema=0 frag=0x01 seq=621 rssi=- snr=- st=0 rx=5 deaf=134388
2026-09-18T20:24:07Z,CHAN,18598,18602019,1000,100,0,1,0,-1100,-1160,-1146
2026-09-18T20:24:13Z,CHAN,18604,18608019,1000,100,0,8,0,-1080,-1160,-1143
2026-09-18T20:24:15Z,FRAME #621 tx t=18611514 peer=0x02 type=3 schema=0 frag=0x01 seq=622 rssi=- snr=- st=0 rx=5 deaf=134605
2026-09-18T20:24:18Z,CHANSUM,18550,18609,60,60012,5957,42,10,0,3,0,-1080,-1160,-1150,-1159
2026-09-18T20:24:23Z,CHAN,18614,18618022,1000,100,0,1,0,-1100,-1160,-1146
2026-09-18T20:25:05Z,FRAME #622 tx t=18661507 peer=0x01 type=3 schema=0 frag=0x01 seq=623 rssi=- snr=- st=0 rx=5 deaf=134822
2026-09-18T20:25:15Z,FRAME #623 tx t=18671510 peer=0x02 type=3 schema=0 frag=0x01 seq=624 rssi=- snr=- st=0 rx=5 deaf=135039
2026-09-18T20:25:18Z,CHANSUM,18610,18669,60,60006,5956,42,1,0,1,0,-1100,-1170,-1160,-1160
2026-09-18T20:25:31Z,CHAN,18682,18686028,1000,100,0,3,0,-930,-1160,-1145
2026-09-18T20:25:54Z,CHAN,18705,18709028,1000,100,0,1,0,-1100,-1160,-1147
2026-09-18T20:26:05Z,FRAME #624 tx t=18721509 peer=0x01 type=3 schema=0 frag=0x01 seq=625 rssi=- snr=- st=0 rx=5 deaf=135253
2026-09-18T20:26:15Z,CHAN,18726,18730037,1000,100,0,24,0,-890,-1160,-1088
2026-09-18T20:26:15Z,FRAME #625 tx t=18731512 peer=0x02 type=3 schema=0 frag=0x01 seq=626 rssi=- snr=- st=0 rx=5 deaf=135470
2026-09-18T20:26:16Z,CHAN,18727,18731037,1003,78,21,16,0,-890,-1160,-1111
2026-09-18T20:26:17Z,CHAN,18728,18732040,1000,100,0,38,0,-890,-1160,-1056
2026-09-18T20:26:18Z,CHANSUM,18670,18729,60,60012,5957,42,82,0,5,0,-890,-1160,-1160,-1160
2026-09-18T20:26:19Z,CHAN,18730,18734040,1000,100,0,1,0,-1090,-1170,-1146
2026-09-18T20:26:46Z,CHAN,18757,18761040,1000,100,0,1,0,-1030,-1160,-1146
2026-09-18T20:26:49Z,CHAN,18760,18764040,1000,100,0,10,0,-890,-1160,-1123
2026-09-18T20:26:50Z,CHAN,18761,18765040,1000,100,0,25,0,-890,-1160,-1085
2026-09-18T20:26:51Z,CHAN,18762,18766040,1000,100,0,15,0,-890,-1160,-1109
2026-09-18T20:26:52Z,CHAN,18763,18767040,1000,100,0,1,0,-1080,-1160,-1147
2026-09-18T20:27:05Z,CHAN,18776,18780040,1000,100,0,1,0,-1100,-1160,-1147
2026-09-18T20:27:06Z,FRAME #626 tx t=18782248 peer=0x01 type=3 schema=0 frag=0x01 seq=627 rssi=- snr=- st=0 rx=5 deaf=135704
2026-09-18T20:27:07Z,CHAN,18778,18782047,1009,79,21,1,0,-1100,-1160,-1146
2026-09-18T20:27:13Z,CHAN,18784,18788056,1000,100,0,1,0,-1090,-1160,-1147
2026-09-18T20:27:15Z,FRAME #627 tx t=18791507 peer=0x02 type=3 schema=0 frag=0x01 seq=628 rssi=- snr=- st=0 rx=5 deaf=135917
2026-09-18T20:27:18Z,CHANSUM,18730,18789,60,60025,5956,44,56,0,9,0,-890,-1170,-1150,-1160
2026-09-18T20:27:50Z,CHAN,18821,18825065,1000,100,0,1,0,-1020,-1160,-1147
2026-09-18T20:27:51Z,CHAN,18822,18826065,1000,100,0,8,0,-1010,-1160,-1137
2026-09-18T20:28:05Z,FRAME #628 tx t=18841506 peer=0x01 type=3 schema=0 frag=0x01 seq=629 rssi=- snr=- st=0 rx=5 deaf=136130
2026-09-18T20:28:06Z,CHAN,18837,18841065,1009,79,21,1,0,-1100,-1160,-1147
2026-09-18T20:28:15Z,FRAME #629 tx t=18851509 peer=0x02 type=3 schema=0 frag=0x01 seq=630 rssi=- snr=- st=0 rx=5 deaf=136347
2026-09-18T20:28:18Z,CHANSUM,18790,18849,60,60012,5957,42,10,0,3,0,-1010,-1160,-1150,-1159
2026-09-18T20:29:06Z,FRAME #630 tx t=18902835 peer=0x01 type=3 schema=0 frag=0x01 seq=631 rssi=- snr=- st=0 rx=5 deaf=136581
2026-09-18T20:29:15Z,CHAN,18906,18910093,1000,100,0,18,0,-890,-1160,-1103
2026-09-18T20:29:15Z,FRAME #631 tx t=18911504 peer=0x02 type=3 schema=0 frag=0x01 seq=632 rssi=- snr=- st=0 rx=5 deaf=136794
2026-09-18T20:29:16Z,CHAN,18907,18911093,1009,79,21,13,0,-890,-1160,-1111
2026-09-18T20:29:17Z,CHAN,18908,18912102,1000,100,0,9,0,-890,-1160,-1124
2026-09-18T20:29:18Z,CHANSUM,18850,18909,60,60025,5956,44,40,0,3,0,-890,-1160,-1150,-1159
2026-09-18T20:29:54Z,CHAN,18945,18949102,1000,100,0,9,0,-890,-1160,-1125
2026-09-18T20:29:55Z,CHAN,18946,18950102,1000,100,0,31,0,-890,-1160,-1069
2026-09-18T20:29:56Z,CHAN,18947,18951102,1000,100,0,9,0,-890,-1160,-1130
2026-09-18T20:30:00Z,CHAN,18951,18955102,1000,100,0,5,0,-1020,-1160,-1142
2026-09-18T20:30:01Z,CHAN,18952,18956102,1000,100,0,4,0,-1020,-1160,-1143
2026-09-18T20:30:02Z,CHAN,18953,18957102,1000,100,0,1,0,-1090,-1160,-1147
2026-09-18T20:30:06Z,FRAME #632 tx t=18962927 peer=0x01 type=3 schema=0 frag=0x01 seq=633 rssi=- snr=- st=0 rx=5 deaf=137049
2026-09-18T20:30:15Z,CHAN,18966,18970115,1000,100,0,23,0,-880,-1160,-1090
2026-09-18T20:30:15Z,FRAME #633 tx t=18971506 peer=0x02 type=3 schema=0 frag=0x01 seq=634 rssi=- snr=- st=0 rx=5 deaf=137262
2026-09-18T20:30:16Z,CHAN,18967,18971115,1009,79,21,16,0,-890,-1160,-1096
2026-09-18T20:30:17Z,CHAN,18968,18972124,1000,100,0,6,0,-890,-1150,-1131
2026-09-18T20:30:18Z,CHANSUM,18910,18969,60,60022,5953,46,104,0,9,0,-880,-1160,-1150,-1159
2026-09-18T20:30:41Z,CHAN,18992,18996124,1000,100,0,35,0,-890,-1160,-1066
2026-09-18T20:30:42Z,CHAN,18993,18997124,1000,100,0,18,0,-890,-1150,-1102
2026-09-18T20:31:02Z,CHAN,19013,19017124,1000,100,0,2,0,-1100,-1160,-1146
2026-09-18T20:31:05Z,CHAN,19016,19020124,1000,100,0,1,0,-1100,-1160,-1147
2026-09-18T20:31:05Z,FRAME #634 tx t=19021505 peer=0x01 type=3 schema=0 frag=0x01 seq=635 rssi=- snr=- st=0 rx=5 deaf=137476
2026-09-18T20:31:15Z,FRAME #635 tx t=19031508 peer=0x02 type=3 schema=0 frag=0x01 seq=636 rssi=- snr=- st=0 rx=5 deaf=137693
2026-09-18T20:31:18Z,CHANSUM,18970,19029,60,60012,5957,42,56,0,4,0,-890,-1160,-1150,-1159
2026-09-18T20:32:05Z,CHAN,19076,19080136,1000,100,0,1,0,-1090,-1160,-1147
2026-09-18T20:32:05Z,FRAME #636 tx t=19081507 peer=0x01 type=3 schema=0 frag=0x01 seq=637 rssi=- snr=- st=0 rx=5 deaf=137906
2026-09-18T20:32:15Z,FRAME #637 tx t=19091510 peer=0x02 type=3 schema=0 frag=0x01 seq=638 rssi=- snr=- st=0 rx=5 deaf=138123
2026-09-18T20:32:18Z,CHANSUM,19030,19089,60,60012,5957,42,1,0,1,0,-1090,-1160,-1160,-1160
2026-09-18T20:33:05Z,CHAN,19136,19140148,1000,100,0,9,0,-1010,-1160,-1136
2026-09-18T20:33:05Z,FRAME #638 tx t=19141509 peer=0x01 type=3 schema=0 frag=0x01 seq=639 rssi=- snr=- st=0 rx=5 deaf=138336
2026-09-18T20:33:07Z,CHAN,19138,19142157,1000,100,0,1,0,-1090,-1160,-1147
2026-09-18T20:33:15Z,FRAME #639 tx t=19151512 peer=0x02 type=3 schema=0 frag=0x01 seq=640 rssi=- snr=- st=0 rx=5 deaf=138553
2026-09-18T20:33:18Z,CHANSUM,19090,19149,60,60012,5957,42,10,0,2,0,-1010,-1160,-1160,-1160
2026-09-18T20:33:21Z,CHAN,19152,19156160,1000,100,0,1,0,-1090,-1160,-1147
2026-09-18T20:33:51Z,CHAN,19182,19186160,1000,100,0,1,0,-1100,-1160,-1147
2026-09-18T20:33:56Z,CHAN,19187,19191160,1000,100,0,1,0,-1100,-1170,-1148
2026-09-18T20:33:58Z,CHAN,19189,19193160,1000,100,0,5,0,-860,-1160,-1134
2026-09-18T20:34:05Z,FRAME #640 tx t=19201515 peer=0x01 type=3 schema=0 frag=0x01 seq=641 rssi=- snr=- st=0 rx=5 deaf=138771
2026-09-18T20:34:15Z,FRAME #641 tx t=19211504 peer=0x02 type=3 schema=0 frag=0x01 seq=642 rssi=- snr=- st=0 rx=5 deaf=138984
2026-09-18T20:34:18Z,CHANSUM,19150,19209,60,60012,5957,42,8,0,4,0,-860,-1170,-1160,-1160
2026-09-18T20:34:55Z,CHAN,19246,19250172,1000,100,0,22,0,-890,-1160,-1093
2026-09-18T20:34:56Z,CHAN,19247,19251172,1000,100,0,26,0,-890,-1160,-1084
2026-09-18T20:35:05Z,FRAME #642 tx t=19261503 peer=0x01 type=3 schema=0 frag=0x01 seq=643 rssi=- snr=- st=0 rx=5 deaf=139197
2026-09-18T20:35:15Z,CHAN,19266,19270181,1000,100,0,9,0,-1050,-1160,-1139
2026-09-18T20:35:15Z,FRAME #643 tx t=19271512 peer=0x02 type=3 schema=0 frag=0x01 seq=644 rssi=- snr=- st=0 rx=5 deaf=139410
2026-09-18T20:35:18Z,CHANSUM,19210,19269,60,60018,5958,42,57,0,3,0,-890,-1160,-1150,-1159
2026-09-18T20:35:20Z,CHAN,19271,19275190,1000,100,0,9,0,-890,-1160,-1124
2026-09-18T20:35:21Z,CHAN,19272,19276190,1000,100,0,32,0,-880,-1160,-1068
2026-09-18T20:35:22Z,CHAN,19273,19277190,1000,100,0,10,0,-890,-1170,-1123
2026-09-18T20:35:50Z,CHAN,19301,19305190,1000,100,0,1,0,-1090,-1160,-1147
2026-09-18T20:35:52Z,CHAN,19303,19307190,1000,100,0,1,0,-1100,-1160,-1147
2026-09-18T20:35:59Z,CHAN,19310,19314190,1000,100,0,5,0,-850,-1160,-1134
2026-09-18T20:36:02Z,CHAN,19313,19317190,1000,100,0,1,0,-1100,-1160,-1146
2026-09-18T20:36:05Z,FRAME #644 tx t=19321511 peer=0x01 type=3 schema=0 frag=0x01 seq=645 rssi=- snr=- st=0 rx=5 deaf=139623
2026-09-18T20:36:07Z,CHAN,19318,19322199,1000,100,0,1,0,-1100,-1160,-1146
2026-09-18T20:36:15Z,FRAME #645 tx t=19331514 peer=0x02 type=3 schema=0 frag=0x01 seq=646 rssi=- snr=- st=0 rx=5 deaf=139840
2026-09-18T20:36:18Z,CHANSUM,19270,19329,60,60012,5957,42,60,0,8,0,-850,-1170,-1160,-1160
2026-09-18T20:36:46Z,CHAN,19357,19361202,1000,100,0,1,0,-1100,-1160,-1147
2026-09-18T20:37:02Z,CHAN,19373,19377202,1000,100,0,1,0,-1090,-1160,-1146
2026-09-18T20:37:05Z,FRAME #646 tx t=19381507 peer=0x01 type=3 schema=0 frag=0x01 seq=647 rssi=- snr=- st=0 rx=5 deaf=140057
2026-09-18T20:37:09Z,CHAN,19380,19384205,1000,100,0,8,0,-1080,-1160,-1143
2026-09-18T20:37:15Z,FRAME #647 tx t=19391510 peer=0x02 type=3 schema=0 frag=0x01 seq=648 rssi=- snr=- st=0 rx=5 deaf=140274
2026-09-18T20:37:18Z,CHANSUM,19330,19389,60,60006,5956,42,10,0,3,0,-1080,-1160,-1150,-1159
2026-09-18T20:37:24Z,CHAN,19395,19399208,1000,100,0,3,0,-1100,-1160,-1146
2026-09-18T20:37:41Z,CHAN,19412,19416208,1000,100,0,8,0,-1090,-1160,-1144
2026-09-18T20:37:49Z,CHAN,19420,19424208,1000,100,0,1,0,-1030,-1160,-1146
2026-09-18T20:38:05Z,FRAME #648 tx t=19441509 peer=0x01 type=3 schema=0 frag=0x01 seq=649 rssi=- snr=- st=0 rx=5 deaf=140488
2026-09-18T20:38:07Z,CHAN,19438,19442217,1000,100,0,2,0,-1090,-1160,-1147
2026-09-18T20:38:15Z,FRAME #649 tx t=19451512 peer=0x02 type=3 schema=0 frag=0x01 seq=650 rssi=- snr=- st=0 rx=5 deaf=140705
2026-09-18T20:38:16Z,CHAN,19447,19451217,1003,78,21,9,0,-890,-1160,-1117
2026-09-18T20:38:17Z,CHAN,19448,19452220,1000,100,0,22,0,-890,-1160,-1096
2026-09-18T20:38:18Z,CHAN,19449,19453220,1000,100,0,35,0,-880,-1160,-1075
2026-09-18T20:38:18Z,CHANSUM,19390,19449,60,60012,5957,42,80,0,7,0,-880,-1160,-1160,-1160
2026-09-18T20:38:19Z,CHAN,19450,19454220,1000,100,0,6,0,-900,-1160,-1138
2026-09-18T20:38:28Z,CHAN,19459,19463220,1000,100,0,1,0,-960,-1160,-1145
2026-09-18T20:38:44Z,CHAN,19475,19479220,1000,100,0,1,0,-970,-1160,-1146
2026-09-18T20:38:56Z,CHAN,19487,19491220,1000,100,0,9,0,-890,-1160,-1130
2026-09-18T20:38:57Z,CHAN,19488,19492220,1000,100,0,21,0,-890,-1160,-1097
2026-09-18T20:38:58Z,CHAN,19489,19493220,1000,100,0,33,0,-890,-1160,-1078
2026-09-18T20:38:59Z,CHAN,19490,19494220,1000,100,0,9,0,-890,-1160,-1124
2026-09-18T20:39:05Z,CHAN,19496,19500220,1000,100,0,1,0,-1100,-1160,-1147
2026-09-18T20:39:05Z,FRAME #650 tx t=19501511 peer=0x01 type=3 schema=0 frag=0x01 seq=651 rssi=- snr=- st=0 rx=5 deaf=140918
2026-09-18T20:39:15Z,FRAME #651 tx t=19511514 peer=0x02 type=3 schema=0 frag=0x01 seq=652 rssi=- snr=- st=0 rx=5 deaf=141135
2026-09-18T20:39:18Z,CHANSUM,19450,19509,60,60012,5957,42,81,0,8,0,-890,-1160,-1150,-1159
2026-09-18T20:39:23Z,CHAN,19514,19518232,1000,100,0,1,0,-1100,-1170,-1147
2026-09-18T20:39:51Z,CHAN,19542,19546232,1000,100,0,1,0,-960,-1150,-1144
2026-09-18T20:39:52Z,CHAN,19543,19547232,1000,100,0,1,0,-1060,-1160,-1147
2026-09-18T20:39:53Z,CHAN,19544,19548232,1000,100,0,1,0,-940,-1160,-1145
2026-09-18T20:39:54Z,CHAN,19545,19549232,1000,100,0,10,0,-890,-1160,-1122
2026-09-18T20:39:55Z,CHAN,19546,19550232,1000,100,0,21,0,-890,-1160,-1095
2026-09-18T20:39:56Z,CHAN,19547,19551232,1000,100,0,27,0,-890,-1160,-1081
2026-09-18T20:39:57Z,CHAN,19548,19552232,1000,100,0,10,0,-890,-1160,-1125
2026-09-18T20:40:02Z,CHAN,19553,19557232,1000,100,0,1,0,-1100,-1160,-1146
2026-09-18T20:40:05Z,FRAME #652 tx t=19561507 peer=0x01 type=3 schema=0 frag=0x01 seq=653 rssi=- snr=- st=0 rx=5 deaf=141352
2026-09-18T20:40:07Z,CHAN,19558,19562235,1000,100,0,1,0,-1100,-1160,-1147
2026-09-18T20:40:12Z,CHAN,19563,19567235,1000,100,0,2,0,-910,-1160,-1143
2026-09-18T20:40:15Z,FRAME #653 tx t=19571511 peer=0x02 type=3 schema=0 frag=0x01 seq=654 rssi=- snr=- st=0 rx=5 deaf=141570
2026-09-18T20:40:18Z,CHANSUM,19510,19569,60,60006,5956,42,76,0,11,0,-890,-1170,-1150,-1159
2026-09-18T20:40:34Z,CHAN,19585,19589238,1000,100,0,6,0,-890,-1160,-1133
2026-09-18T20:40:35Z,CHAN,19586,19590238,1000,100,0,35,0,-890,-1160,-1062
2026-09-18T20:40:36Z,CHAN,19587,19591238,1000,100,0,19,0,-890,-1160,-1101
2026-09-18T20:41:02Z,CHAN,19613,19617238,1000,100,0,16,0,-890,-1160,-1108
2026-09-18T20:41:03Z,CHAN,19614,19618238,1000,100,0,29,0,-890,-1160,-1079
2026-09-18T20:41:04Z,CHAN,19615,19619238,1000,100,0,6,0,-890,-1160,-1136
2026-09-18T20:41:05Z,FRAME #654 tx t=19621509 peer=0x01 type=3 schema=0 frag=0x01 seq=655 rssi=- snr=- st=0 rx=5 deaf=141783
2026-09-18T20:41:15Z,FRAME #655 tx t=19631512 peer=0x02 type=3 schema=0 frag=0x01 seq=656 rssi=- snr=- st=0 rx=5 deaf=142000
2026-09-18T20:41:18Z,CHANSUM,19570,19629,60,60012,5957,42,111,0,6,0,-890,-1160,-1150,-1159
2026-09-18T20:41:34Z,CHAN,19645,19649250,1000,100,0,9,0,-890,-1160,-1125
2026-09-18T20:41:35Z,CHAN,19646,19650250,1000,100,0,15,0,-890,-1160,-1112
2026-09-18T20:41:36Z,CHAN,19647,19651250,1000,100,0,44,0,-890,-1160,-1061
2026-09-18T20:41:37Z,CHAN,19648,19652250,1000,100,0,9,0,-890,-1160,-1126
2026-09-18T20:41:43Z,CHAN,19654,19658250,1000,100,0,3,0,-940,-1160,-1143
2026-09-18T20:42:02Z,CHAN,19673,19677250,1000,100,0,1,0,-1090,-1160,-1146
2026-09-18T20:42:05Z,CHAN,19676,19680250,1000,100,0,5,0,-900,-1160,-1138
2026-09-18T20:42:05Z,FRAME #656 tx t=19681511 peer=0x01 type=3 schema=0 frag=0x01 seq=657 rssi=- snr=- st=0 rx=5 deaf=142213
2026-09-18T20:42:15Z,FRAME #657 tx t=19691514 peer=0x02 type=3 schema=0 frag=0x01 seq=658 rssi=- snr=- st=0 rx=5 deaf=142430
2026-09-18T20:42:18Z,CHANSUM,19630,19689,60,60012,5957,42,86,0,7,0,-890,-1160,-1150,-1159
2026-09-18T20:42:24Z,CHAN,19695,19699262,1000,100,0,2,0,-1100,-1160,-1146
2026-09-18T20:42:54Z,CHAN,19725,19729262,1000,100,0,1,0,-1100,-1160,-1147
2026-09-18T20:42:58Z,CHAN,19729,19733262,1000,100,0,18,0,-890,-1160,-1106
2026-09-18T20:42:59Z,CHAN,19730,19734262,1000,100,0,38,0,-890,-1160,-1063
2026-09-18T20:43:00Z,CHAN,19731,19735262,1000,100,0,4,0,-900,-1160,-1138
2026-09-18T20:43:02Z,CHAN,19733,19737262,1000,100,0,2,0,-1090,-1160,-1146
2026-09-18T20:43:05Z,FRAME #658 tx t=19741507 peer=0x01 type=3 schema=0 frag=0x01 seq=659 rssi=- snr=- st=0 rx=5 deaf=142647
2026-09-18T20:43:15Z,FRAME #659 tx t=19751510 peer=0x02 type=3 schema=0 frag=0x01 seq=660 rssi=- snr=- st=0 rx=5 deaf=142864
2026-09-18T20:43:18Z,CHANSUM,19690,19749,60,60006,5956,42,65,0,6,0,-890,-1160,-1150,-1159
2026-09-18T20:43:23Z,CHAN,19754,19758268,1000,100,0,9,0,-890,-1160,-1124
2026-09-18T20:43:24Z,CHAN,19755,19759268,1000,100,0,14,0,-890,-1170,-1115
2026-09-18T20:43:25Z,CHAN,19756,19760268,1000,100,0,39,0,-890,-1160,-1060
2026-09-18T20:43:26Z,CHAN,19757,19761268,1000,100,0,28,0,-890,-1170,-1077
2026-09-18T20:43:27Z,CHAN,19758,19762268,1000,100,0,13,0,-890,-1160,-1115
2026-09-18T20:43:45Z,CHAN,19776,19780268,1000,100,0,2,0,-1100,-1160,-1146
2026-09-18T20:43:54Z,CHAN,19785,19789268,1000,100,0,2,0,-1100,-1160,-1147
2026-09-18T20:43:58Z,CHAN,19789,19793268,1000,100,0,20,0,-880,-1150,-1099
2026-09-18T20:43:59Z,CHAN,19790,19794268,1000,100,0,21,0,-890,-1160,-1111
2026-09-18T20:44:05Z,FRAME #660 tx t=19801509 peer=0x01 type=3 schema=0 frag=0x01 seq=661 rssi=- snr=- st=0 rx=5 deaf=143077
2026-09-18T20:44:15Z,FRAME #661 tx t=19811512 peer=0x02 type=3 schema=0 frag=0x01 seq=662 rssi=- snr=- st=0 rx=5 deaf=143294
2026-09-18T20:44:18Z,CHANSUM,19750,19809,60,60012,5957,42,148,0,9,0,-880,-1170,-1150,-1160
2026-09-18T20:44:41Z,CHAN,19832,19836280,1000,100,0,3,0,-1090,-1160,-1146
2026-09-18T20:45:00Z,CHAN,19851,19855280,1000,100,0,1,0,-1100,-1160,-1147
2026-09-18T20:45:05Z,FRAME #662 tx t=19861511 peer=0x01 type=3 schema=0 frag=0x01 seq=663 rssi=- snr=- st=0 rx=5 deaf=143507
2026-09-18T20:45:15Z,FRAME #663 tx t=19871514 peer=0x02 type=3 schema=0 frag=0x01 seq=664 rssi=- snr=- st=0 rx=5 deaf=143724
2026-09-18T20:45:18Z,CHANSUM,19810,19869,60,60012,5957,42,4,0,2,0,-1090,-1160,-1150,-1159
2026-09-18T20:46:05Z,FRAME #664 tx t=19921507 peer=0x01 type=3 schema=0 frag=0x01 seq=665 rssi=- snr=- st=0 rx=5 deaf=143941
2026-09-18T20:46:07Z,CHAN,19918,19922295,1000,100,0,1,0,-1100,-1160,-1147
2026-09-18T20:46:15Z,FRAME #665 tx t=19931510 peer=0x02 type=3 schema=0 frag=0x01 seq=666 rssi=- snr=- st=0 rx=5 deaf=144158
2026-09-18T20:46:18Z,CHANSUM,19870,19929,60,60006,5956,42,1,0,1,0,-1100,-1160,-1160,-1160
2026-09-18T20:46:25Z,CHAN,19936,19940298,1000,100,0,1,0,-1100,-1160,-1146
2026-09-18T20:47:02Z,CHAN,19973,19977298,1000,100,0,1,0,-1090,-1160,-1147
2026-09-18T20:47:05Z,FRAME #666 tx t=19981509 peer=0x01 type=3 schema=0 frag=0x01 seq=667 rssi=- snr=- st=0 rx=5 deaf=144371
2026-09-18T20:47:15Z,FRAME #667 tx t=19991512 peer=0x02 type=3 schema=0 frag=0x01 seq=668 rssi=- snr=- st=0 rx=5 deaf=144588
2026-09-18T20:47:18Z,CHANSUM,19930,19989,60,60012,5957,42,2,0,2,0,-1090,-1170,-1160,-1160
2026-09-18T20:48:00Z,CHAN,20031,20035310,1000,100,0,1,0,-1100,-1160,-1148
2026-09-18T20:48:02Z,CHAN,20033,20037310,1000,100,0,1,0,-1100,-1160,-1147
2026-09-18T20:48:06Z,FRAME #668 tx t=20042012 peer=0x01 type=3 schema=0 frag=0x01 seq=669 rssi=- snr=- st=0 rx=5 deaf=144826
2026-09-18T20:48:14Z,CHAN,20045,20049310,1000,100,0,2,0,-1090,-1160,-1147
2026-09-18T20:48:15Z,FRAME #669 tx t=20051515 peer=0x02 type=3 schema=0 frag=0x01 seq=670 rssi=- snr=- st=0 rx=5 deaf=145043
2026-09-18T20:48:18Z,CHANSUM,19990,20049,60,60003,5953,44,4,0,3,0,-1090,-1160,-1160,-1160
2026-09-18T20:48:25Z,CHAN,20056,20060313,1000,100,0,18,0,-890,-1160,-1101
2026-09-18T20:48:26Z,CHAN,20057,20061313,1000,100,0,23,0,-890,-1160,-1091
2026-09-18T20:48:50Z,CHAN,20081,20085313,1000,100,0,1,0,-1080,-1160,-1146
2026-09-18T20:49:05Z,FRAME #670 tx t=20101508 peer=0x01 type=3 schema=0 frag=0x01 seq=671 rssi=- snr=- st=0 rx=5 deaf=145260
2026-09-18T20:49:15Z,FRAME #671 tx t=20111511 peer=0x02 type=3 schema=0 frag=0x01 seq=672 rssi=- snr=- st=0 rx=5 deaf=145477
2026-09-18T20:49:18Z,CHANSUM,20050,20109,60,60006,5956,42,42,0,3,0,-890,-1160,-1160,-1160
2026-09-18T20:49:38Z,CHAN,20129,20133319,1000,100,0,20,0,-890,-1150,-1097
2026-09-18T20:49:39Z,CHAN,20130,20134319,1000,100,0,25,0,-890,-1160,-1089
2026-09-18T20:49:40Z,CHAN,20131,20135319,1000,100,0,9,0,-900,-1160,-1126
2026-09-18T20:49:56Z,CHAN,20147,20151319,1000,100,0,1,0,-1100,-1160,-1148
2026-09-18T20:50:05Z,FRAME #672 tx t=20161510 peer=0x01 type=3 schema=0 frag=0x01 seq=673 rssi=- snr=- st=0 rx=5 deaf=145690
2026-09-18T20:50:06Z,CHAN,20157,20161319,1009,79,21,2,0,-950,-1160,-1144
2026-09-18T20:50:15Z,FRAME #673 tx t=20171513 peer=0x02 type=3 schema=0 frag=0x01 seq=674 rssi=- snr=- st=0 rx=5 deaf=145907
2026-09-18T20:50:18Z,CHANSUM,20110,20169,60,60012,5957,42,57,0,5,0,-890,-1160,-1150,-1159
2026-09-18T20:50:56Z,CHAN,20207,20211331,1000,100,0,1,0,-1100,-1160,-1148
2026-09-18T20:51:05Z,FRAME #674 tx t=20221512 peer=0x01 type=3 schema=0 frag=0x01 seq=675 rssi=- snr=- st=0 rx=5 deaf=146120
2026-09-18T20:51:15Z,FRAME #675 tx t=20231515 peer=0x02 type=3 schema=0 frag=0x01 seq=676 rssi=- snr=- st=0 rx=5 deaf=146337
2026-09-18T20:51:18Z,CHANSUM,20170,20229,60,60012,5957,42,1,0,1,0,-1100,-1160,-1150,-1159
2026-09-18T20:52:02Z,CHAN,20273,20277343,1000,100,0,1,0,-1100,-1160,-1148
2026-09-18T20:52:05Z,FRAME #676 tx t=20281508 peer=0x01 type=3 schema=0 frag=0x01 seq=677 rssi=- snr=- st=0 rx=5 deaf=146554
2026-09-18T20:52:15Z,FRAME #677 tx t=20291511 peer=0x02 type=3 schema=0 frag=0x01 seq=678 rssi=- snr=- st=0 rx=5 deaf=146771
2026-09-18T20:52:18Z,CHANSUM,20230,20289,60,60006,5956,42,1,0,1,0,-1100,-1160,-1150,-1159
2026-09-18T20:52:32Z,CHAN,20303,20307349,1000,100,0,2,0,-1100,-1160,-1147
2026-09-18T20:53:05Z,FRAME #678 tx t=20341510 peer=0x01 type=3 schema=0 frag=0x01 seq=679 rssi=- snr=- st=0 rx=5 deaf=146984
2026-09-18T20:53:15Z,FRAME #679 tx t=20351513 peer=0x02 type=3 schema=0 frag=0x01 seq=680 rssi=- snr=- st=0 rx=5 deaf=147201
2026-09-18T20:53:18Z,CHANSUM,20290,20349,60,60012,5957,42,2,0,1,0,-1100,-1160,-1150,-1159
2026-09-18T20:54:02Z,CHAN,20393,20397361,1000,100,0,1,0,-1100,-1160,-1147
2026-09-18T20:54:05Z,FRAME #680 tx t=20401512 peer=0x01 type=3 schema=0 frag=0x01 seq=681 rssi=- snr=- st=0 rx=5 deaf=147414
2026-09-18T20:54:15Z,FRAME #681 tx t=20411515 peer=0x02 type=3 schema=0 frag=0x01 seq=682 rssi=- snr=- st=0 rx=5 deaf=147631
2026-09-18T20:54:18Z,CHANSUM,20350,20409,60,60012,5957,42,1,0,1,0,-1100,-1160,-1150,-1159
2026-09-18T20:54:22Z,CHAN,20413,20417373,1000,100,0,2,0,-1090,-1160,-1147
2026-09-18T20:54:23Z,CHAN,20414,20418373,1000,100,0,1,0,-1100,-1160,-1147
2026-09-18T20:54:38Z,CHAN,20429,20433373,1000,100,0,6,0,-900,-1160,-1134
2026-09-18T20:54:39Z,CHAN,20430,20434373,1000,100,0,20,0,-890,-1160,-1108
2026-09-18T20:55:05Z,CHAN,20456,20460373,1000,100,0,1,0,-1100,-1160,-1147
2026-09-18T20:55:05Z,FRAME #682 tx t=20461508 peer=0x01 type=3 schema=0 frag=0x01 seq=683 rssi=- snr=- st=0 rx=5 deaf=147848
2026-09-18T20:55:07Z,CHAN,20458,20462376,1000,100,0,1,0,-1100,-1160,-1147
2026-09-18T20:55:13Z,CHAN,20464,20468376,1000,100,0,2,0,-950,-1160,-1145
2026-09-18T20:55:15Z,FRAME #683 tx t=20471511 peer=0x02 type=3 schema=0 frag=0x01 seq=684 rssi=- snr=- st=0 rx=5 deaf=148065
2026-09-18T20:55:18Z,CHANSUM,20410,20469,60,60006,5956,42,33,0,7,0,-890,-1160,-1150,-1159
2026-09-18T20:56:05Z,FRAME #684 tx t=20521510 peer=0x01 type=3 schema=0 frag=0x01 seq=685 rssi=- snr=- st=0 rx=5 deaf=148278
2026-09-18T20:56:15Z,FRAME #685 tx t=20531513 peer=0x02 type=3 schema=0 frag=0x01 seq=686 rssi=- snr=- st=0 rx=5 deaf=148495
2026-09-18T20:56:18Z,CHANSUM,20470,20529,60,60012,5957,42,0,0,0,0,-1110,-1170,-1160,-1160
2026-09-18T20:56:32Z,CHAN,20543,20547391,1000,100,0,17,0,-880,-1160,-1114
2026-09-18T20:56:33Z,CHAN,20544,20548391,1000,100,0,37,0,-890,-1160,-1085
2026-09-18T20:56:34Z,CHAN,20545,20549391,1000,100,0,34,0,-890,-1160,-1072
2026-09-18T20:56:35Z,CHAN,20546,20550391,1000,100,0,5,0,-900,-1160,-1135
2026-09-18T20:56:59Z,CHAN,20570,20574391,1000,100,0,9,0,-890,-1160,-1125
2026-09-18T20:57:00Z,CHAN,20571,20575391,1000,100,0,31,0,-890,-1160,-1072
2026-09-18T20:57:01Z,CHAN,20572,20576391,1000,100,0,9,0,-880,-1160,-1125
2026-09-18T20:57:05Z,CHAN,20576,20580391,1000,100,0,1,0,-1090,-1160,-1147
2026-09-18T20:57:05Z,FRAME #686 tx t=20581693 peer=0x01 type=3 schema=0 frag=0x01 seq=687 rssi=- snr=- st=0 rx=5 deaf=148733
2026-09-18T20:57:06Z,CHAN,20577,20581391,1000,75,23,1,0,-1100,-1160,-1147
2026-09-18T20:57:15Z,FRAME #687 tx t=20591516 peer=0x02 type=3 schema=0 frag=0x01 seq=688 rssi=- snr=- st=0 rx=5 deaf=148950
2026-09-18T20:57:18Z,CHANSUM,20530,20589,60,60003,5953,44,144,0,9,0,-880,-1160,-1150,-1159
2026-09-18T20:58:04Z,CHAN,20635,20639394,1000,100,0,1,0,-1100,-1160,-1147
2026-09-18T20:58:05Z,FRAME #688 tx t=20641509 peer=0x01 type=3 schema=0 frag=0x01 seq=689 rssi=- snr=- st=0 rx=5 deaf=149167
2026-09-18T20:58:07Z,CHAN,20638,20642397,1000,100,0,1,0,-1090,-1160,-1148
2026-09-18T20:58:10Z,CHAN,20641,20645397,1000,100,0,2,0,-1080,-1160,-1146
2026-09-18T20:58:15Z,FRAME #689 tx t=20651512 peer=0x02 type=3 schema=0 frag=0x01 seq=690 rssi=- snr=- st=0 rx=5 deaf=149384
2026-09-18T20:58:18Z,CHANSUM,20590,20649,60,60006,5956,42,4,0,3,0,-1080,-1170,-1150,-1160
2026-09-18T20:58:28Z,CHAN,20659,20663400,1000,100,0,1,0,-1100,-1160,-1147
2026-09-18T20:58:45Z,CHAN,20676,20680400,1000,100,0,2,0,-1090,-1160,-1146
2026-09-18T20:59:02Z,CHAN,20693,20697400,1000,100,0,1,0,-1090,-1160,-1147
2026-09-18T20:59:05Z,FRAME #690 tx t=20701511 peer=0x01 type=3 schema=0 frag=0x01 seq=691 rssi=- snr=- st=0 rx=5 deaf=149597
2026-09-18T20:59:15Z,FRAME #691 tx t=20711514 peer=0x02 type=3 schema=0 frag=0x01 seq=692 rssi=- snr=- st=0 rx=5 deaf=149814
2026-09-18T20:59:18Z,CHANSUM,20650,20709,60,60012,5957,42,4,0,3,0,-1090,-1160,-1150,-1159
2026-09-18T20:59:48Z,CHAN,20739,20743412,1000,100,0,1,0,-1100,-1160,-1147
2026-09-18T20:59:59Z,CHAN,20750,20754412,1000,100,0,1,0,-1090,-1160,-1147
2026-09-18T21:00:05Z,FRAME #692 tx t=20761507 peer=0x01 type=3 schema=0 frag=0x01 seq=693 rssi=- snr=- st=0 rx=5 deaf=150031
2026-09-18T21:00:15Z,FRAME #693 tx t=20771510 peer=0x02 type=3 schema=0 frag=0x01 seq=694 rssi=- snr=- st=0 rx=5 deaf=150248
2026-09-18T21:00:18Z,CHANSUM,20710,20769,60,60006,5956,42,2,0,2,0,-1090,-1160,-1150,-1159
2026-09-18T21:00:35Z,CHAN,20786,20790418,1000,100,0,14,0,-890,-1160,-1112
2026-09-18T21:00:36Z,CHAN,20787,20791418,1000,100,0,26,0,-890,-1160,-1094
2026-09-18T21:00:37Z,CHAN,20788,20792418,1000,100,0,9,0,-880,-1150,-1123
2026-09-18T21:01:01Z,CHAN,20812,20816418,1000,100,0,23,0,-890,-1160,-1092
2026-09-18T21:01:02Z,CHAN,20813,20817418,1000,100,0,27,0,-890,-1160,-1088
2026-09-18T21:01:05Z,FRAME #694 tx t=20821509 peer=0x01 type=3 schema=0 frag=0x01 seq=695 rssi=- snr=- st=0 rx=5 deaf=150461
2026-09-18T21:01:15Z,FRAME #695 tx t=20831512 peer=0x02 type=3 schema=0 frag=0x01 seq=696 rssi=- snr=- st=0 rx=5 deaf=150678
2026-09-18T21:01:18Z,CHANSUM,20770,20829,60,60012,5957,42,99,0,5,0,-880,-1160,-1150,-1159
2026-09-18T21:02:05Z,FRAME #696 tx t=20881511 peer=0x01 type=3 schema=0 frag=0x01 seq=697 rssi=- snr=- st=0 rx=5 deaf=150891
2026-09-18T21:02:09Z,CHAN,20880,20884439,1000,100,0,2,0,-1100,-1160,-1146
2026-09-18T21:02:15Z,FRAME #697 tx t=20891514 peer=0x02 type=3 schema=0 frag=0x01 seq=698 rssi=- snr=- st=0 rx=5 deaf=151108
2026-09-18T21:02:18Z,CHANSUM,20830,20889,60,60012,5957,42,2,0,1,0,-1100,-1160,-1150,-1159
2026-09-18T21:02:30Z,CHAN,20901,20905442,1000,100,0,9,0,-1010,-1160,-1135
2026-09-18T21:03:02Z,CHAN,20933,20937442,1000,100,0,1,0,-1100,-1160,-1147
2026-09-18T21:03:06Z,FRAME #698 tx t=20941944 peer=0x01 type=3 schema=0 frag=0x01 seq=699 rssi=- snr=- st=0 rx=5 deaf=151346
2026-09-18T21:03:15Z,FRAME #699 tx t=20951503 peer=0x02 type=3 schema=0 frag=0x01 seq=700 rssi=- snr=- st=0 rx=5 deaf=151559
2026-09-18T21:03:18Z,CHANSUM,20890,20949,60,60009,5954,44,10,0,2,0,-1010,-1160,-1150,-1159
2026-09-18T21:04:01Z,CHAN,20992,20996451,1000,100,0,1,0,-1090,-1160,-1146
2026-09-18T21:04:05Z,FRAME #700 tx t=21001516 peer=0x01 type=3 schema=0 frag=0x01 seq=701 rssi=- snr=- st=0 rx=5 deaf=151776
2026-09-18T21:04:15Z,FRAME #701 tx t=21011505 peer=0x02 type=3 schema=0 frag=0x01 seq=702 rssi=- snr=- st=0 rx=5 deaf=151989
2026-09-18T21:04:17Z,CHAN,21008,21012463,1000,100,0,19,0,-890,-1170,-1104
2026-09-18T21:04:18Z,CHAN,21009,21013463,1000,100,0,30,0,-890,-1160,-1076
2026-09-18T21:04:18Z,CHANSUM,20950,21009,60,60012,5957,42,50,0,3,0,-890,-1170,-1160,-1160
2026-09-18T21:04:40Z,CHAN,21031,21035463,1000,100,0,9,0,-1020,-1160,-1136
2026-09-18T21:04:42Z,CHAN,21033,21037463,1000,100,0,9,0,-890,-1170,-1125
2026-09-18T21:04:43Z,CHAN,21034,21038463,1000,100,0,29,0,-900,-1160,-1084
2026-09-18T21:04:44Z,CHAN,21035,21039463,1000,100,0,12,0,-880,-1160,-1119
2026-09-18T21:05:02Z,CHAN,21053,21057463,1000,100,0,1,0,-1090,-1160,-1146
2026-09-18T21:05:05Z,FRAME #702 tx t=21061504 peer=0x01 type=3 schema=0 frag=0x01 seq=703 rssi=- snr=- st=0 rx=5 deaf=152202
2026-09-18T21:05:15Z,FRAME #703 tx t=21071507 peer=0x02 type=3 schema=0 frag=0x01 seq=704 rssi=- snr=- st=0 rx=5 deaf=152419
2026-09-18T21:05:18Z,CHANSUM,21010,21069,60,60012,5957,42,60,0,5,0,-880,-1170,-1150,-1160
2026-09-18T21:05:22Z,CHAN,21073,21077475,1000,100,0,4,0,-1080,-1160,-1145
2026-09-18T21:06:01Z,CHAN,21112,21116475,1000,100,0,2,0,-1080,-1160,-1147
2026-09-18T21:06:03Z,CHAN,21114,21118475,1000,100,0,17,0,-890,-1160,-1105
2026-09-18T21:06:04Z,CHAN,21115,21119475,1000,100,0,24,0,-890,-1160,-1087
2026-09-18T21:06:05Z,FRAME #704 tx t=21121506 peer=0x01 type=3 schema=0 frag=0x01 seq=705 rssi=- snr=- st=0 rx=5 deaf=152632
2026-09-18T21:06:15Z,FRAME #705 tx t=21131509 peer=0x02 type=3 schema=0 frag=0x01 seq=706 rssi=- snr=- st=0 rx=5 deaf=152849
2026-09-18T21:06:18Z,CHANSUM,21070,21129,60,60012,5957,42,47,0,4,0,-890,-1160,-1150,-1159
2026-09-18T21:06:29Z,CHAN,21140,21144487,1000,100,0,9,0,-890,-1160,-1125
2026-09-18T21:06:30Z,CHAN,21141,21145487,1000,100,0,26,0,-890,-1170,-1089
2026-09-18T21:06:31Z,CHAN,21142,21146487,1000,100,0,18,0,-890,-1160,-1108
2026-09-18T21:06:33Z,CHAN,21144,21148487,1000,100,0,2,0,-960,-1160,-1143
2026-09-18T21:06:35Z,CHAN,21146,21150487,1000,100,0,19,0,-890,-1160,-1101
2026-09-18T21:06:36Z,CHAN,21147,21151487,1000,100,0,28,0,-880,-1160,-1088
2026-09-18T21:06:37Z,CHAN,21148,21152487,1000,100,0,9,0,-890,-1160,-1126
2026-09-18T21:07:01Z,CHAN,21172,21176487,1000,100,0,20,0,-890,-1160,-1098
2026-09-18T21:07:02Z,CHAN,21173,21177487,1000,100,0,29,0,-890,-1160,-1077
2026-09-18T21:07:05Z,FRAME #706 tx t=21181508 peer=0x01 type=3 schema=0 frag=0x01 seq=707 rssi=- snr=- st=0 rx=5 deaf=153062
2026-09-18T21:07:15Z,FRAME #707 tx t=21191511 peer=0x02 type=3 schema=0 frag=0x01 seq=708 rssi=- snr=- st=0 rx=5 deaf=153279
2026-09-18T21:07:18Z,CHANSUM,21130,21189,60,60022,5958,42,160,0,9,0,-880,-1170,-1150,-1159
2026-09-18T21:07:24Z,CHAN,21195,21199509,1000,100,0,9,0,-890,-1160,-1125
2026-09-18T21:07:25Z,CHAN,21196,21200509,1000,100,0,31,0,-890,-1160,-1069
2026-09-18T21:07:26Z,CHAN,21197,21201509,1000,100,0,9,0,-890,-1160,-1124
2026-09-18T21:07:36Z,CHAN,21207,21211509,1000,100,0,1,0,-1090,-1160,-1146
2026-09-18T21:07:45Z,CHAN,21216,21220509,1000,100,0,9,0,-1000,-1160,-1134
2026-09-18T21:07:57Z,CHAN,21228,21232509,1000,100,0,4,0,-890,-1160,-1137
2026-09-18T21:07:58Z,CHAN,21229,21233509,1000,100,0,26,0,-890,-1170,-1082
2026-09-18T21:07:59Z,CHAN,21230,21234509,1000,100,0,22,0,-890,-1160,-1090
2026-09-18T21:08:00Z,CHAN,21231,21235509,1000,100,0,23,0,-890,-1160,-1093
2026-09-18T21:08:01Z,CHAN,21232,21236509,1000,100,0,13,0,-890,-1170,-1114
2026-09-18T21:08:05Z,FRAME #708 tx t=21241510 peer=0x01 type=3 schema=0 frag=0x01 seq=709 rssi=- snr=- st=0 rx=5 deaf=153492
2026-09-18T21:08:05Z,CHAN,21236,21240509,1001,99,1,1,0,-1100,-1160,-1147
2026-09-18T21:08:15Z,FRAME #709 tx t=21251513 peer=0x02 type=3 schema=0 frag=0x01 seq=710 rssi=- snr=- st=0 rx=5 deaf=153709
2026-09-18T21:08:18Z,CHANSUM,21190,21249,60,60022,5958,42,148,0,11,0,-890,-1170,-1150,-1160
2026-09-18T21:08:25Z,CHAN,21256,21260531,1000,100,0,9,0,-890,-1160,-1126
2026-09-18T21:08:26Z,CHAN,21257,21261531,1000,100,0,22,0,-890,-1160,-1090
2026-09-18T21:08:27Z,CHAN,21258,21262531,1000,100,0,9,0,-890,-1160,-1124
2026-09-18T21:09:05Z,FRAME #710 tx t=21301512 peer=0x01 type=3 schema=0 frag=0x01 seq=711 rssi=- snr=- st=0 rx=5 deaf=153922
2026-09-18T21:09:05Z,CHAN,21296,21300531,1007,97,3,1,0,-1090,-1160,-1147
2026-09-18T21:09:06Z,CHAN,21297,21301538,1002,82,18,1,0,-1100,-1160,-1147
2026-09-18T21:09:15Z,FRAME #711 tx t=21311515 peer=0x02 type=3 schema=0 frag=0x01 seq=712 rssi=- snr=- st=0 rx=5 deaf=154139
2026-09-18T21:09:18Z,CHANSUM,21250,21309,60,60012,5957,42,42,0,5,0,-890,-1170,-1160,-1160
2026-09-18T21:09:27Z,CHAN,21318,21322543,1000,100,0,4,0,-890,-1160,-1138
2026-09-18T21:09:28Z,CHAN,21319,21323543,1000,100,0,29,0,-890,-1160,-1083
2026-09-18T21:09:29Z,CHAN,21320,21324543,1000,100,0,3,0,-890,-1160,-1140
2026-09-18T21:09:55Z,CHAN,21346,21350543,1000,100,0,9,0,-1020,-1160,-1137
2026-09-18T21:10:03Z,CHAN,21354,21358543,1000,100,0,1,0,-910,-1160,-1145
2026-09-18T21:10:04Z,CHAN,21355,21359543,1000,100,0,4,0,-900,-1160,-1140
2026-09-18T21:10:05Z,FRAME #712 tx t=21361508 peer=0x01 type=3 schema=0 frag=0x01 seq=713 rssi=- snr=- st=0 rx=5 deaf=154356
2026-09-18T21:10:06Z,CHAN,21357,21361545,1001,83,17,9,0,-890,-1160,-1119
2026-09-18T21:10:07Z,CHAN,21358,21362546,1000,100,0,22,0,-890,-1160,-1095
2026-09-18T21:10:08Z,CHAN,21359,21363546,1000,100,0,9,0,-890,-1160,-1125
2026-09-18T21:10:15Z,FRAME #713 tx t=21371511 peer=0x02 type=3 schema=0 frag=0x01 seq=714 rssi=- snr=- st=0 rx=5 deaf=154573
2026-09-18T21:10:18Z,CHANSUM,21310,21369,60,60006,5956,42,90,0,9,0,-890,-1160,-1160,-1160
2026-09-18T21:10:35Z,CHAN,21386,21390549,1000,100,0,2,0,-930,-1170,-1146
2026-09-18T21:10:43Z,CHAN,21394,21398549,1000,100,0,2,0,-1090,-1160,-1146
2026-09-18T21:10:44Z,CHAN,21395,21399549,1000,100,0,1,0,-1090,-1160,-1146
2026-09-18T21:11:04Z,CHAN,21415,21419549,1000,100,0,1,0,-1090,-1160,-1147
2026-09-18T21:11:05Z,FRAME #714 tx t=21421510 peer=0x01 type=3 schema=0 frag=0x01 seq=715 rssi=- snr=- st=0 rx=5 deaf=154786
2026-09-18T21:11:05Z,CHAN,21416,21420549,1007,95,5,1,0,-1100,-1160,-1148
2026-09-18T21:11:15Z,FRAME #715 tx t=21431513 peer=0x02 type=3 schema=0 frag=0x01 seq=716 rssi=- snr=- st=0 rx=5 deaf=155003
2026-09-18T21:11:18Z,CHANSUM,21370,21429,60,60012,5957,42,7,0,5,0,-930,-1170,-1160,-1160
2026-09-18T21:12:02Z,CHAN,21473,21477561,1000,100,0,1,0,-1100,-1150,-1146
2026-09-18T21:12:05Z,FRAME #716 tx t=21481512 peer=0x01 type=3 schema=0 frag=0x01 seq=717 rssi=- snr=- st=0 rx=5 deaf=155216
2026-09-18T21:12:17Z,FRAME #717 tx t=21493869 peer=0x02 type=3 schema=0 frag=0x01 seq=718 rssi=- snr=- st=0 rx=5 deaf=155475
2026-09-18T21:12:18Z,CHANSUM,21430,21489,60,60026,5953,46,1,0,1,0,-1100,-1160,-1150,-1159
2026-09-18T21:13:02Z,CHAN,21533,21537587,1000,100,0,1,0,-1090,-1160,-1146
2026-09-18T21:13:05Z,FRAME #718 tx t=21541508 peer=0x01 type=3 schema=0 frag=0x01 seq=719 rssi=- snr=- st=0 rx=5 deaf=155688
2026-09-18T21:13:15Z,FRAME #719 tx t=21551511 peer=0x02 type=3 schema=0 frag=0x01 seq=720 rssi=- snr=- st=0 rx=5 deaf=155905
2026-09-18T21:13:18Z,CHANSUM,21490,21549,60,60012,5957,42,1,0,1,0,-1090,-1160,-1150,-1159
2026-09-18T21:13:43Z,CHAN,21574,21578599,1000,100,0,9,0,-890,-1160,-1135
2026-09-18T21:13:44Z,CHAN,21575,21579599,1000,100,0,12,0,-900,-1160,-1126
2026-09-18T21:13:45Z,CHAN,21576,21580599,1000,100,0,32,0,-890,-1170,-1086
2026-09-18T21:13:46Z,CHAN,21577,21581599,1000,100,0,11,0,-890,-1160,-1119
2026-09-18T21:14:05Z,FRAME #720 tx t=21601510 peer=0x01 type=3 schema=0 frag=0x01 seq=721 rssi=- snr=- st=0 rx=5 deaf=156118
2026-09-18T21:14:10Z,CHAN,21601,21605608,1000,100,0,10,0,-900,-1160,-1124
2026-09-18T21:14:11Z,CHAN,21602,21606608,1000,100,0,22,0,-890,-1160,-1105
2026-09-18T21:14:12Z,CHAN,21603,21607608,1000,100,0,9,0,-890,-1160,-1125
2026-09-18T21:14:15Z,FRAME #721 tx t=21611624 peer=0x02 type=3 schema=0 frag=0x01 seq=722 rssi=- snr=- st=0 rx=5 deaf=156360
2026-09-18T21:14:18Z,CHANSUM,21550,21609,60,60023,5955,44,105,0,7,0,-890,-1170,-1150,-1160
2026-09-18T21:14:33Z,CHAN,21624,21628622,1000,100,0,1,0,-1090,-1160,-1147
2026-09-18T21:14:51Z,CHAN,21642,21646622,1000,100,0,14,0,-890,-1160,-1112
2026-09-18T21:14:52Z,CHAN,21643,21647622,1000,100,0,23,0,-890,-1160,-1093
2026-09-18T21:15:05Z,FRAME #722 tx t=21661503 peer=0x01 type=3 schema=0 frag=0x01 seq=723 rssi=- snr=- st=0 rx=5 deaf=156573
2026-09-18T21:15:15Z,FRAME #723 tx t=21671512 peer=0x02 type=3 schema=0 frag=0x01 seq=724 rssi=- snr=- st=0 rx=5 deaf=156786
2026-09-18T21:15:18Z,CHANSUM,21610,21669,60,60018,5958,42,38,0,3,0,-890,-1160,-1150,-1159
2026-09-18T21:15:44Z,CHAN,21695,21699640,1000,100,0,18,0,-890,-1160,-1104
2026-09-18T21:15:45Z,CHAN,21696,21700640,1000,100,0,23,0,-880,-1150,-1091
2026-09-18T21:15:46Z,CHAN,21697,21701640,1000,100,0,9,0,-990,-1160,-1134
2026-09-18T21:16:01Z,CHAN,21712,21716640,1000,100,0,1,0,-1100,-1160,-1146
2026-09-18T21:16:05Z,FRAME #724 tx t=21721511 peer=0x01 type=3 schema=0 frag=0x01 seq=725 rssi=- snr=- st=0 rx=5 deaf=156999
2026-09-18T21:16:09Z,CHAN,21720,21724649,1000,100,0,4,0,-890,-1160,-1139
2026-09-18T21:16:10Z,CHAN,21721,21725649,1000,100,0,26,0,-890,-1160,-1082
2026-09-18T21:16:11Z,CHAN,21722,21726649,1000,100,0,18,0,-890,-1160,-1107
2026-09-18T21:16:15Z,FRAME #725 tx t=21731514 peer=0x02 type=3 schema=0 frag=0x01 seq=726 rssi=- snr=- st=0 rx=5 deaf=157216
2026-09-18T21:16:18Z,CHANSUM,21670,21729,60,60012,5957,42,99,0,7,0,-880,-1160,-1150,-1159
2026-09-18T21:16:46Z,CHAN,21757,21761652,1000,100,0,5,0,-890,-1160,-1136
2026-09-18T21:16:49Z,CHAN,21760,21764652,1000,100,0,10,0,-900,-1160,-1123
2026-09-18T21:16:50Z,CHAN,21761,21765652,1000,100,0,26,0,-890,-1150,-1083
2026-09-18T21:16:51Z,CHAN,21762,21766652,1000,100,0,28,0,-890,-1160,-1086
2026-09-18T21:16:52Z,CHAN,21763,21767652,1000,100,0,4,0,-1090,-1160,-1145
2026-09-18T21:16:58Z,CHAN,21769,21773652,1000,100,0,1,0,-1060,-1160,-1147
2026-09-18T21:17:05Z,FRAME #726 tx t=21781503 peer=0x01 type=3 schema=0 frag=0x01 seq=727 rssi=- snr=- st=0 rx=5 deaf=157429
2026-09-18T21:17:15Z,FRAME #727 tx t=21791512 peer=0x02 type=3 schema=0 frag=0x01 seq=728 rssi=- snr=- st=0 rx=5 deaf=157642
2026-09-18T21:17:18Z,CHANSUM,21730,21789,60,60018,5958,42,74,0,6,0,-890,-1160,-1150,-1159
2026-09-18T21:18:04Z,CHAN,21835,21839670,1000,100,0,1,0,-1100,-1160,-1147
2026-09-18T21:18:05Z,FRAME #728 tx t=21841511 peer=0x01 type=3 schema=0 frag=0x01 seq=729 rssi=- snr=- st=0 rx=5 deaf=157855
2026-09-18T21:18:07Z,CHAN,21838,21842679,1000,100,0,1,0,-1090,-1160,-1147
2026-09-18T21:18:15Z,FRAME #729 tx t=21851514 peer=0x02 type=3 schema=0 frag=0x01 seq=730 rssi=- snr=- st=0 rx=5 deaf=158072
2026-09-18T21:18:18Z,CHANSUM,21790,21849,60,60012,5957,42,2,0,2,0,-1090,-1160,-1150,-1159
2026-09-18T21:19:04Z,CHAN,21895,21899682,1000,100,0,1,0,-1100,-1160,-1147
2026-09-18T21:19:05Z,FRAME #730 tx t=21901507 peer=0x01 type=3 schema=0 frag=0x01 seq=731 rssi=- snr=- st=0 rx=5 deaf=158289
2026-09-18T21:19:09Z,CHAN,21900,21904685,1000,100,0,19,0,-890,-1160,-1102
2026-09-18T21:19:10Z,CHAN,21901,21905685,1000,100,0,33,0,-880,-1160,-1063
2026-09-18T21:19:11Z,CHAN,21902,21906685,1000,100,0,21,0,-890,-1160,-1093
2026-09-18T21:19:14Z,CHAN,21905,21909685,1000,100,0,2,0,-900,-1160,-1143
2026-09-18T21:19:15Z,FRAME #731 tx t=21911510 peer=0x02 type=3 schema=0 frag=0x01 seq=732 rssi=- snr=- st=0 rx=5 deaf=158506
2026-09-18T21:19:15Z,CHAN,21906,21910685,1002,81,18,7,0,-890,-1160,-1127
2026-09-18T21:19:18Z,CHANSUM,21850,21909,60,60006,5956,42,83,0,6,0,-880,-1160,-1160,-1160
2026-09-18T21:19:22Z,CHAN,21913,21917688,1000,100,0,1,0,-1030,-1160,-1147
2026-09-18T21:19:23Z,CHAN,21914,21918688,1000,100,0,38,0,-1030,-1160,-1108
2026-09-18T21:19:34Z,CHAN,21925,21929688,1000,100,0,1,0,-1090,-1160,-1146
2026-09-18T21:19:56Z,CHAN,21947,21951688,1000,100,0,18,0,-890,-1160,-1108
2026-09-18T21:19:57Z,CHAN,21948,21952688,1000,100,0,23,0,-890,-1160,-1097
2026-09-18T21:19:58Z,CHAN,21949,21953688,1000,100,0,7,0,-900,-1160,-1130
2026-09-18T21:20:05Z,FRAME #732 tx t=21961509 peer=0x01 type=3 schema=0 frag=0x01 seq=733 rssi=- snr=- st=0 rx=5 deaf=158719
2026-09-18T21:20:13Z,CHAN,21964,21968697,1000,100,0,5,0,-1100,-1160,-1145
2026-09-18T21:20:15Z,FRAME #733 tx t=21971512 peer=0x02 type=3 schema=0 frag=0x01 seq=734 rssi=- snr=- st=0 rx=5 deaf=158936
2026-09-18T21:20:18Z,CHANSUM,21910,21969,60,60012,5957,42,93,0,7,0,-890,-1160,-1160,-1160
2026-09-18T21:20:22Z,CHAN,21973,21977700,1000,100,0,3,0,-1080,-1160,-1146
2026-09-18T21:20:26Z,CHAN,21977,21981700,1000,100,0,38,0,-1010,-1160,-1097
2026-09-18T21:20:27Z,CHAN,21978,21982700,1000,100,0,1,0,-1050,-1160,-1147
2026-09-18T21:20:49Z,CHAN,22000,22004700,1000,100,0,1,0,-910,-1160,-1144
2026-09-18T21:20:50Z,CHAN,22001,22005700,1000,100,0,1,0,-1050,-1160,-1146
2026-09-18T21:21:01Z,CHAN,22012,22016700,1000,100,0,1,0,-1080,-1160,-1147
2026-09-18T21:21:05Z,FRAME #734 tx t=22021511 peer=0x01 type=3 schema=0 frag=0x01 seq=735 rssi=- snr=- st=0 rx=5 deaf=159149
2026-09-18T21:21:05Z,CHAN,22016,22020700,1003,80,20,1,0,-1090,-1160,-1147
2026-09-18T21:21:15Z,FRAME #735 tx t=22031681 peer=0x02 type=3 schema=0 frag=0x01 seq=736 rssi=- snr=- st=0 rx=5 deaf=159387
2026-09-18T21:21:18Z,CHANSUM,21970,22029,60,60019,5955,44,46,0,7,0,-910,-1160,-1160,-1160
2026-09-18T21:21:22Z,CHAN,22033,22037719,1000,100,0,9,0,-890,-1160,-1125
2026-09-18T21:21:23Z,CHAN,22034,22038719,1000,100,0,17,0,-890,-1160,-1117
2026-09-18T21:21:24Z,CHAN,22035,22039719,1000,100,0,9,0,-890,-1160,-1125
2026-09-18T21:21:54Z,CHAN,22065,22069719,1000,100,0,52,0,-890,-1160,-1030
2026-09-18T21:21:55Z,CHAN,22066,22070719,1000,100,0,32,0,-890,-1160,-1075
2026-09-18T21:22:04Z,CHAN,22075,22079719,1000,100,0,9,0,-890,-1160,-1123
2026-09-18T21:22:05Z,FRAME #736 tx t=22081514 peer=0x01 type=3 schema=0 frag=0x01 seq=737 rssi=- snr=- st=0 rx=5 deaf=159604
2026-09-18T21:22:05Z,CHAN,22076,22080719,1003,78,21,13,0,-890,-1160,-1114
2026-09-18T21:22:06Z,CHAN,22077,22081722,1000,100,0,31,0,-900,-1160,-1097
2026-09-18T21:22:07Z,CHAN,22078,22082722,1000,100,0,28,0,-890,-1160,-1079
2026-09-18T21:22:08Z,CHAN,22079,22083722,1000,100,0,18,0,-890,-1160,-1114
2026-09-18T21:22:09Z,CHAN,22080,22084722,1000,100,0,28,0,-890,-1160,-1096
2026-09-18T21:22:10Z,CHAN,22081,22085722,1000,100,0,25,0,-890,-1160,-1114
2026-09-18T21:22:11Z,CHAN,22082,22086722,1000,100,0,11,0,-890,-1160,-1125
2026-09-18T21:22:15Z,FRAME #737 tx t=22091503 peer=0x02 type=3 schema=0 frag=0x01 seq=738 rssi=- snr=- st=0 rx=5 deaf=159817
2026-09-18T21:22:18Z,CHANSUM,22030,22089,60,60012,5957,42,282,0,13,0,-890,-1160,-1150,-1159
2026-09-18T21:22:49Z,CHAN,22120,22124731,1000,100,0,9,0,-890,-1160,-1127
2026-09-18T21:22:50Z,CHAN,22121,22125731,1000,100,0,21,0,-890,-1160,-1092
2026-09-18T21:22:51Z,CHAN,22122,22126731,1000,100,0,9,0,-890,-1160,-1126
2026-09-18T21:22:53Z,CHAN,22124,22128731,1000,100,0,14,0,-890,-1160,-1122
2026-09-18T21:22:54Z,CHAN,22125,22129731,1000,100,0,30,0,-890,-1160,-1095
2026-09-18T21:22:55Z,CHAN,22126,22130731,1000,100,0,12,0,-890,-1160,-1124
2026-09-18T21:23:05Z,FRAME #738 tx t=22141516 peer=0x01 type=3 schema=0 frag=0x01 seq=739 rssi=- snr=- st=0 rx=5 deaf=160034
2026-09-18T21:23:15Z,FRAME #739 tx t=22151505 peer=0x02 type=3 schema=0 frag=0x01 seq=740 rssi=- snr=- st=0 rx=5 deaf=160247
2026-09-18T21:23:15Z,CHAN,22146,22150734,1009,79,21,3,0,-900,-1160,-1138
2026-09-18T21:23:16Z,CHAN,22147,22151743,1000,100,0,13,0,-890,-1160,-1115
2026-09-18T21:23:17Z,CHAN,22148,22152743,1000,100,0,8,0,-890,-1160,-1132
2026-09-18T21:23:18Z,CHAN,22149,22153743,1000,100,0,33,0,-890,-1160,-1074
2026-09-18T21:23:18Z,CHANSUM,22090,22149,60,60012,5957,42,152,0,10,0,-890,-1160,-1160,-1160
2026-09-18T21:23:19Z,CHAN,22150,22154743,1000,100,0,10,0,-890,-1160,-1123
2026-09-18T21:23:21Z,CHAN,22152,22156743,1000,100,0,28,0,-890,-1150,-1076
2026-09-18T21:23:22Z,CHAN,22153,22157743,1000,100,0,36,0,-890,-1160,-1059
2026-09-18T21:23:30Z,CHAN,22161,22165743,1000,100,0,9,0,-1000,-1170,-1134
2026-09-18T21:23:34Z,CHAN,22165,22169743,1000,100,0,60,0,-890,-1160,-1017
2026-09-18T21:23:47Z,CHAN,22178,22182743,1000,100,0,1,0,-1100,-1160,-1148
2026-09-18T21:24:06Z,FRAME #740 tx t=22202665 peer=0x01 type=3 schema=0 frag=0x01 seq=741 rssi=- snr=- st=0 rx=5 deaf=160485
2026-09-18T21:24:06Z,CHAN,22197,22201750,1001,90,9,1,0,-1090,-1160,-1147
2026-09-18T21:24:15Z,FRAME #741 tx t=22211504 peer=0x02 type=3 schema=0 frag=0x01 seq=742 rssi=- snr=- st=0 rx=5 deaf=160698
2026-09-18T21:24:18Z,CHANSUM,22150,22209,60,60019,5955,44,145,0,7,0,-890,-1170,-1150,-1159
2026-09-18T21:25:04Z,CHAN,22255,22259762,1000,100,0,1,0,-1100,-1160,-1147
2026-09-18T21:25:05Z,FRAME #742 tx t=22261503 peer=0x01 type=3 schema=0 frag=0x01 seq=743 rssi=- snr=- st=0 rx=5 deaf=160911
2026-09-18T21:25:15Z,FRAME #743 tx t=22271512 peer=0x02 type=3 schema=0 frag=0x01 seq=744 rssi=- snr=- st=0 rx=5 deaf=161124
2026-09-18T21:25:18Z,CHANSUM,22210,22269,60,60018,5958,42,1,0,1,0,-1100,-1160,-1150,-1159
2026-09-18T21:25:38Z,CHAN,22289,22293780,1000,100,0,4,0,-900,-1170,-1138
2026-09-18T21:25:40Z,CHAN,22291,22295780,1000,100,0,9,0,-1030,-1160,-1138
2026-09-18T21:25:57Z,CHAN,22308,22312780,1000,100,0,4,0,-900,-1160,-1143
2026-09-18T21:26:04Z,CHAN,22315,22319780,1000,100,0,8,0,-890,-1160,-1128
2026-09-18T21:26:05Z,FRAME #744 tx t=22321511 peer=0x01 type=3 schema=0 frag=0x01 seq=745 rssi=- snr=- st=0 rx=5 deaf=161337
2026-09-18T21:26:05Z,CHAN,22316,22320780,1009,79,21,20,0,-890,-1160,-1083
2026-09-18T21:26:06Z,CHAN,22317,22321789,1000,100,0,14,0,-900,-1160,-1113
2026-09-18T21:26:15Z,FRAME #745 tx t=22331514 peer=0x02 type=3 schema=0 frag=0x01 seq=746 rssi=- snr=- st=0 rx=5 deaf=161554
2026-09-18T21:26:17Z,CHAN,22328,22332792,1000,100,0,1,0,-1060,-1160,-1147
2026-09-18T21:26:18Z,CHAN,22329,22333792,1000,100,0,3,0,-910,-1160,-1141
2026-09-18T21:26:18Z,CHANSUM,22270,22329,60,60012,5957,42,63,0,8,0,-890,-1170,-1160,-1160
2026-09-18T21:26:31Z,CHAN,22342,22346792,1000,100,0,3,0,-1080,-1160,-1145
2026-09-18T21:26:32Z,CHAN,22343,22347792,1000,100,0,64,0,-890,-1150,-994
2026-09-18T21:26:39Z,CHAN,22350,22354792,1000,100,0,22,0,-890,-1160,-1092
2026-09-18T21:26:40Z,CHAN,22351,22355792,1000,100,0,16,0,-880,-1160,-1108
2026-09-18T21:26:41Z,CHAN,22352,22356792,1000,100,0,34,0,-890,-1160,-1067
2026-09-18T21:27:04Z,CHAN,22375,22379792,1000,100,0,1,0,-1100,-1160,-1147
2026-09-18T21:27:05Z,FRAME #746 tx t=22381507 peer=0x01 type=3 schema=0 frag=0x01 seq=747 rssi=- snr=- st=0 rx=5 deaf=161771
2026-09-18T21:27:15Z,FRAME #747 tx t=22391510 peer=0x02 type=3 schema=0 frag=0x01 seq=748 rssi=- snr=- st=0 rx=5 deaf=161988
2026-09-18T21:27:18Z,CHANSUM,22330,22389,60,60006,5956,42,140,0,6,0,-880,-1160,-1150,-1159
2026-09-18T21:27:51Z,CHAN,22422,22426798,1000,100,0,13,0,-880,-1160,-1117
2026-09-18T21:27:52Z,CHAN,22423,22427798,1000,100,0,53,0,-890,-1160,-1036
2026-09-18T21:28:01Z,CHAN,22432,22436798,1000,100,0,1,0,-1090,-1160,-1147
2026-09-18T21:28:05Z,FRAME #748 tx t=22441509 peer=0x01 type=3 schema=0 frag=0x01 seq=749 rssi=- snr=- st=0 rx=5 deaf=162201
2026-09-18T21:28:06Z,CHAN,22437,22441807,1000,100,0,1,0,-1100,-1160,-1147
2026-09-18T21:28:07Z,CHAN,22438,22442807,1000,100,0,1,0,-1090,-1160,-1146
2026-09-18T21:28:15Z,FRAME #749 tx t=22451512 peer=0x02 type=3 schema=0 frag=0x01 seq=750 rssi=- snr=- st=0 rx=5 deaf=162418
2026-09-18T21:28:18Z,CHANSUM,22390,22449,60,60012,5957,42,69,0,5,0,-880,-1160,-1160,-1160
2026-09-18T21:28:21Z,CHAN,22452,22456810,1000,100,0,2,0,-900,-1160,-1142
2026-09-18T21:28:22Z,CHAN,22453,22457810,1000,100,0,6,0,-900,-1160,-1134
2026-09-18T21:28:45Z,CHAN,22476,22480810,1000,100,0,9,0,-1020,-1160,-1136
2026-09-18T21:29:05Z,FRAME #750 tx t=22501511 peer=0x01 type=3 schema=0 frag=0x01 seq=751 rssi=- snr=- st=0 rx=5 deaf=162631
2026-09-18T21:29:07Z,CHAN,22498,22502819,1000,100,0,2,0,-1090,-1160,-1146
2026-09-18T21:29:15Z,FRAME #751 tx t=22511514 peer=0x02 type=3 schema=0 frag=0x01 seq=752 rssi=- snr=- st=0 rx=5 deaf=162848
2026-09-18T21:29:18Z,CHANSUM,22450,22509,60,60012,5957,42,19,0,4,0,-900,-1160,-1150,-1159
2026-09-18T21:30:06Z,FRAME #752 tx t=22561904 peer=0x01 type=3 schema=0 frag=0x01 seq=753 rssi=- snr=- st=0 rx=5 deaf=163087
2026-09-18T21:30:15Z,FRAME #753 tx t=22571503 peer=0x02 type=3 schema=0 frag=0x01 seq=754 rssi=- snr=- st=0 rx=5 deaf=163300
2026-09-18T21:30:18Z,CHANSUM,22510,22569,60,60019,5955,44,0,0,0,0,-1120,-1160,-1160,-1160
2026-09-18T21:30:55Z,CHAN,22606,22610841,1000,100,0,9,0,-1040,-1160,-1139
2026-09-18T21:31:04Z,CHAN,22615,22619841,1000,100,0,2,0,-940,-1160,-1144
2026-09-18T21:31:05Z,FRAME #754 tx t=22621516 peer=0x01 type=3 schema=0 frag=0x01 seq=755 rssi=- snr=- st=0 rx=5 deaf=163517
2026-09-18T21:31:15Z,FRAME #755 tx t=22631505 peer=0x02 type=3 schema=0 frag=0x01 seq=756 rssi=- snr=- st=0 rx=5 deaf=163730
2026-09-18T21:31:18Z,CHANSUM,22570,22629,60,60012,5957,42,11,0,2,0,-940,-1160,-1160,-1160
2026-09-18T21:31:39Z,CHAN,22650,22654853,1000,100,0,8,0,-900,-1160,-1132
2026-09-18T21:32:05Z,FRAME #756 tx t=22681504 peer=0x01 type=3 schema=0 frag=0x01 seq=757 rssi=- snr=- st=0 rx=5 deaf=163943
2026-09-18T21:32:15Z,FRAME #757 tx t=22691507 peer=0x02 type=3 schema=0 frag=0x01 seq=758 rssi=- snr=- st=0 rx=5 deaf=164160
2026-09-18T21:32:18Z,CHANSUM,22630,22689,60,60012,5957,42,8,0,1,0,-900,-1160,-1160,-1160
2026-09-18T21:32:39Z,CHAN,22710,22714865,1000,100,0,2,0,-1090,-1160,-1147
2026-09-18T21:32:52Z,CHAN,22723,22727865,1000,100,0,8,0,-890,-1160,-1131
2026-09-18T21:33:05Z,FRAME #758 tx t=22741506 peer=0x01 type=3 schema=0 frag=0x01 seq=759 rssi=- snr=- st=0 rx=5 deaf=164373
2026-09-18T21:33:15Z,FRAME #759 tx t=22751509 peer=0x02 type=3 schema=0 frag=0x01 seq=760 rssi=- snr=- st=0 rx=5 deaf=164590
2026-09-18T21:33:18Z,CHANSUM,22690,22749,60,60012,5957,42,10,0,2,0,-890,-1160,-1160,-1160
2026-09-18T21:33:56Z,CHAN,22787,22791877,1000,100,0,7,0,-860,-1160,-1134
2026-09-18T21:33:57Z,CHAN,22788,22792877,1000,100,0,38,0,-1030,-1160,-1104
2026-09-18T21:34:05Z,FRAME #760 tx t=22801508 peer=0x01 type=3 schema=0 frag=0x01 seq=761 rssi=- snr=- st=0 rx=5 deaf=164803
2026-09-18T21:34:15Z,FRAME #761 tx t=22811511 peer=0x02 type=3 schema=0 frag=0x01 seq=762 rssi=- snr=- st=0 rx=5 deaf=165020
2026-09-18T21:34:19Z,CHANSUM,22750,22809,60,60012,5957,42,45,0,2,0,-860,-1160,-1150,-1159
2026-09-18T21:34:27Z,CHAN,22817,22821889,1000,100,0,3,0,-1070,-1150,-1145
2026-09-18T21:35:05Z,FRAME #762 tx t=22861510 peer=0x01 type=3 schema=0 frag=0x01 seq=763 rssi=- snr=- st=0 rx=5 deaf=165233
2026-09-18T21:35:15Z,FRAME #763 tx t=22871513 peer=0x02 type=3 schema=0 frag=0x01 seq=764 rssi=- snr=- st=0 rx=5 deaf=165450
2026-09-18T21:35:18Z,CHANSUM,22810,22869,60,60012,5957,42,3,0,1,0,-1070,-1160,-1150,-1159
2026-09-18T21:36:05Z,FRAME #764 tx t=22921512 peer=0x01 type=3 schema=0 frag=0x01 seq=765 rssi=- snr=- st=0 rx=5 deaf=165663
2026-09-18T21:36:08Z,CHAN,22919,22923910,1000,100,0,2,0,-1090,-1160,-1146
2026-09-18T21:36:11Z,CHAN,22922,22926910,1000,100,0,1,0,-1040,-1160,-1146
2026-09-18T21:36:15Z,FRAME #765 tx t=22931515 peer=0x02 type=3 schema=0 frag=0x01 seq=766 rssi=- snr=- st=0 rx=5 deaf=165880
2026-09-18T21:36:18Z,CHANSUM,22870,22929,60,60012,5957,42,3,0,2,0,-1040,-1170,-1150,-1159
2026-09-18T21:36:23Z,CHAN,22934,22938913,1000,100,0,1,0,-980,-1160,-1145
2026-09-18T21:36:30Z,CHAN,22941,22945913,1000,100,0,5,0,-1050,-1160,-1143
2026-09-18T21:37:05Z,FRAME #766 tx t=22981508 peer=0x01 type=3 schema=0 frag=0x01 seq=767 rssi=- snr=- st=0 rx=5 deaf=166097
2026-09-18T21:37:08Z,CHAN,22979,22983916,1000,100,0,1,0,-1100,-1160,-1147
2026-09-18T21:37:15Z,FRAME #767 tx t=22991511 peer=0x02 type=3 schema=0 frag=0x01 seq=768 rssi=- snr=- st=0 rx=5 deaf=166314
2026-09-18T21:37:18Z,CHANSUM,22930,22989,60,60006,5956,42,7,0,3,0,-980,-1170,-1150,-1159
2026-09-18T21:38:05Z,FRAME #768 tx t=23041510 peer=0x01 type=3 schema=0 frag=0x01 seq=769 rssi=- snr=- st=0 rx=5 deaf=166527
2026-09-18T21:38:15Z,FRAME #769 tx t=23051513 peer=0x02 type=3 schema=0 frag=0x01 seq=770 rssi=- snr=- st=0 rx=5 deaf=166744
2026-09-18T21:38:18Z,CHANSUM,22990,23049,60,60012,5957,42,0,0,0,0,-1120,-1160,-1150,-1159
2026-09-18T21:38:40Z,CHAN,23071,23075931,1000,100,0,9,0,-890,-1160,-1124
2026-09-18T21:39:05Z,FRAME #770 tx t=23101512 peer=0x01 type=3 schema=0 frag=0x01 seq=771 rssi=- snr=- st=0 rx=5 deaf=166957
2026-09-18T21:39:15Z,FRAME #771 tx t=23111515 peer=0x02 type=3 schema=0 frag=0x01 seq=772 rssi=- snr=- st=0 rx=5 deaf=167174
2026-09-18T21:39:18Z,CHANSUM,23050,23109,60,60012,5957,42,9,0,1,0,-890,-1160,-1150,-1159
2026-09-18T21:39:40Z,CHAN,23131,23135943,1000,100,0,4,0,-890,-1160,-1137
2026-09-18T21:40:05Z,FRAME #772 tx t=23161508 peer=0x01 type=3 schema=0 frag=0x01 seq=773 rssi=- snr=- st=0 rx=5 deaf=167391
2026-09-18T21:40:12Z,CHAN,23163,23167946,1000,100,0,1,0,-1090,-1160,-1148
2026-09-18T21:40:15Z,FRAME #773 tx t=23171511 peer=0x02 type=3 schema=0 frag=0x01 seq=774 rssi=- snr=- st=0 rx=5 deaf=167608
2026-09-18T21:40:18Z,CHANSUM,23110,23169,60,60006,5956,42,5,0,2,0,-890,-1160,-1150,-1159
2026-09-18T21:40:35Z,CHAN,23186,23190949,1000,100,0,2,0,-1100,-1160,-1145
2026-09-18T21:40:46Z,CHAN,23197,23201949,1000,100,0,4,0,-1100,-1160,-1145
2026-09-18T21:40:53Z,CHAN,23204,23208949,1000,100,0,14,0,-890,-1160,-1113
2026-09-18T21:40:54Z,CHAN,23205,23209949,1000,100,0,29,0,-890,-1160,-1077
2026-09-18T21:40:55Z,CHAN,23206,23210949,1000,100,0,14,0,-890,-1160,-1113
2026-09-18T21:41:05Z,FRAME #774 tx t=23221510 peer=0x01 type=3 schema=0 frag=0x01 seq=775 rssi=- snr=- st=0 rx=5 deaf=167821
2026-09-18T21:41:05Z,CHAN,23216,23220949,1009,79,21,1,0,-1100,-1160,-1146
2026-09-18T21:41:15Z,FRAME #775 tx t=23231513 peer=0x02 type=3 schema=0 frag=0x01 seq=776 rssi=- snr=- st=0 rx=5 deaf=168038
2026-09-18T21:41:15Z,CHAN,23226,23230958,1003,78,21,3,0,-1090,-1160,-1146
2026-09-18T21:41:18Z,CHANSUM,23170,23229,60,60012,5957,42,67,0,7,0,-890,-1160,-1150,-1159
2026-09-18T21:42:05Z,FRAME #776 tx t=23281512 peer=0x01 type=3 schema=0 frag=0x01 seq=777 rssi=- snr=- st=0 rx=5 deaf=168251
2026-09-18T21:42:13Z,CHAN,23284,23288970,1000,100,0,1,0,-1100,-1160,-1147
2026-09-18T21:42:15Z,FRAME #777 tx t=23291515 peer=0x02 type=3 schema=0 frag=0x01 seq=778 rssi=- snr=- st=0 rx=5 deaf=168468
2026-09-18T21:42:18Z,CHANSUM,23230,23289,60,60012,5957,42,1,0,1,0,-1100,-1160,-1150,-1159
2026-09-18T21:43:04Z,CHAN,23335,23339973,1000,100,0,1,0,-1090,-1160,-1147
2026-09-18T21:43:05Z,FRAME #778 tx t=23341508 peer=0x01 type=3 schema=0 frag=0x01 seq=779 rssi=- snr=- st=0 rx=5 deaf=168685
2026-09-18T21:43:06Z,CHAN,23337,23341976,1000,100,0,1,0,-1080,-1170,-1147
2026-09-18T21:43:07Z,CHAN,23338,23342976,1000,100,0,1,0,-1100,-1160,-1146
2026-09-18T21:43:15Z,FRAME #779 tx t=23351511 peer=0x02 type=3 schema=0 frag=0x01 seq=780 rssi=- snr=- st=0 rx=5 deaf=168902
2026-09-18T21:43:18Z,CHANSUM,23290,23349,60,60006,5956,42,3,0,3,0,-1080,-1170,-1150,-1159
2026-09-18T21:44:06Z,FRAME #780 tx t=23402307 peer=0x01 type=3 schema=0 frag=0x01 seq=781 rssi=- snr=- st=0 rx=5 deaf=169136
2026-09-18T21:44:07Z,CHAN,23397,23401986,1009,79,21,1,0,-1080,-1160,-1147
2026-09-18T21:44:15Z,FRAME #781 tx t=23411506 peer=0x02 type=3 schema=0 frag=0x01 seq=782 rssi=- snr=- st=0 rx=5 deaf=169349
2026-09-18T21:44:19Z,CHANSUM,23350,23409,60,60025,5956,44,1,0,1,0,-1080,-1170,-1160,-1160
2026-09-18T21:44:31Z,CHAN,23421,23426004,1000,100,0,9,0,-1010,-1160,-1135
2026-09-18T21:45:05Z,FRAME #782 tx t=23461505 peer=0x01 type=3 schema=0 frag=0x01 seq=783 rssi=- snr=- st=0 rx=5 deaf=169562
2026-09-18T21:45:11Z,CHAN,23461,23466013,1000,100,0,1,0,-1100,-1160,-1147
2026-09-18T21:45:15Z,FRAME #783 tx t=23471508 peer=0x02 type=3 schema=0 frag=0x01 seq=784 rssi=- snr=- st=0 rx=5 deaf=169779
2026-09-18T21:45:19Z,CHANSUM,23410,23469,60,60012,5957,42,10,0,2,0,-1010,-1160,-1150,-1159
2026-09-18T21:46:05Z,FRAME #784 tx t=23521507 peer=0x01 type=3 schema=0 frag=0x01 seq=785 rssi=- snr=- st=0 rx=5 deaf=169992
2026-09-18T21:46:15Z,FRAME #785 tx t=23531510 peer=0x02 type=3 schema=0 frag=0x01 seq=786 rssi=- snr=- st=0 rx=5 deaf=170209
2026-09-18T21:46:19Z,CHANSUM,23470,23529,60,60012,5957,42,0,0,0,0,-1110,-1160,-1160,-1160
2026-09-18T21:46:41Z,CHAN,23551,23556028,1000,100,0,9,0,-1030,-1160,-1137
2026-09-18T21:47:05Z,FRAME #786 tx t=23581509 peer=0x01 type=3 schema=0 frag=0x01 seq=787 rssi=- snr=- st=0 rx=5 deaf=170422
2026-09-18T21:47:15Z,FRAME #787 tx t=23591512 peer=0x02 type=3 schema=0 frag=0x01 seq=788 rssi=- snr=- st=0 rx=5 deaf=170639
2026-09-18T21:47:19Z,CHANSUM,23530,23589,60,60012,5957,42,9,0,1,0,-1030,-1170,-1160,-1160
2026-09-18T21:48:05Z,FRAME #788 tx t=23641511 peer=0x01 type=3 schema=0 frag=0x01 seq=789 rssi=- snr=- st=0 rx=5 deaf=170852
2026-09-18T21:48:15Z,FRAME #789 tx t=23651514 peer=0x02 type=3 schema=0 frag=0x01 seq=790 rssi=- snr=- st=0 rx=5 deaf=171069
2026-09-18T21:48:19Z,CHANSUM,23590,23649,60,60012,5957,42,0,0,0,0,-1130,-1170,-1150,-1160
2026-09-18T21:48:25Z,CHAN,23655,23660052,1000,100,0,1,0,-1100,-1160,-1146
2026-09-18T21:49:06Z,FRAME #790 tx t=23702044 peer=0x01 type=3 schema=0 frag=0x01 seq=791 rssi=- snr=- st=0 rx=5 deaf=171307
2026-09-18T21:49:06Z,CHAN,23696,23701052,1008,95,4,1,0,-1100,-1160,-1146
2026-09-18T21:49:15Z,FRAME #791 tx t=23711507 peer=0x02 type=3 schema=0 frag=0x01 seq=792 rssi=- snr=- st=0 rx=5 deaf=171524
2026-09-18T21:49:19Z,CHANSUM,23650,23709,60,60013,5954,44,2,0,2,0,-1100,-1160,-1160,-1160
2026-09-18T21:49:45Z,CHAN,23735,23740065,1000,100,0,2,0,-1040,-1160,-1146
2026-09-18T21:49:46Z,CHAN,23736,23741065,1000,100,0,8,0,-1030,-1170,-1140
2026-09-18T21:50:05Z,FRAME #792 tx t=23761506 peer=0x01 type=3 schema=0 frag=0x01 seq=793 rssi=- snr=- st=0 rx=5 deaf=171737
2026-09-18T21:50:15Z,CHAN,23765,23770074,1000,100,0,1,0,-1100,-1160,-1146
2026-09-18T21:50:15Z,FRAME #793 tx t=23771509 peer=0x02 type=3 schema=0 frag=0x01 seq=794 rssi=- snr=- st=0 rx=5 deaf=171954
2026-09-18T21:50:17Z,CHAN,23767,23772077,1000,100,0,1,0,-1100,-1160,-1147
2026-09-18T21:50:19Z,CHANSUM,23710,23769,60,60012,5957,42,12,0,4,0,-1030,-1170,-1160,-1160
2026-09-18T21:51:05Z,FRAME #794 tx t=23821508 peer=0x01 type=3 schema=0 frag=0x01 seq=795 rssi=- snr=- st=0 rx=5 deaf=172167
2026-09-18T21:51:15Z,FRAME #795 tx t=23831511 peer=0x02 type=3 schema=0 frag=0x01 seq=796 rssi=- snr=- st=0 rx=5 deaf=172384
2026-09-18T21:51:19Z,CHANSUM,23770,23829,60,60012,5957,42,0,0,0,0,-1110,-1160,-1150,-1159
2026-09-18T21:51:34Z,CHAN,23844,23849089,1000,100,0,2,0,-940,-1160,-1143
2026-09-18T21:51:55Z,CHAN,23865,23870089,1000,100,0,4,0,-1050,-1160,-1145
2026-09-18T21:51:56Z,CHAN,23866,23871089,1000,100,0,5,0,-1050,-1160,-1143
2026-09-18T21:52:05Z,FRAME #796 tx t=23881551 peer=0x01 type=3 schema=0 frag=0x01 seq=797 rssi=- snr=- st=0 rx=5 deaf=172622
2026-09-18T21:52:06Z,CHAN,23876,23881089,1000,75,23,1,0,-1100,-1160,-1146
2026-09-18T21:52:15Z,FRAME #797 tx t=23891514 peer=0x02 type=3 schema=0 frag=0x01 seq=798 rssi=- snr=- st=0 rx=5 deaf=172839
2026-09-18T21:52:19Z,CHANSUM,23830,23889,60,60003,5953,44,12,0,4,0,-940,-1170,-1150,-1160
2026-09-18T21:53:02Z,CHAN,23932,23937092,1000,100,0,1,0,-1080,-1160,-1147
2026-09-18T21:53:05Z,FRAME #798 tx t=23941507 peer=0x01 type=3 schema=0 frag=0x01 seq=799 rssi=- snr=- st=0 rx=5 deaf=173056
2026-09-18T21:53:15Z,FRAME #799 tx t=23951510 peer=0x02 type=3 schema=0 frag=0x01 seq=800 rssi=- snr=- st=0 rx=5 deaf=173273
2026-09-18T21:53:19Z,CHANSUM,23890,23949,60,60006,5956,42,1,0,1,0,-1080,-1170,-1150,-1160
2026-09-18T21:54:05Z,FRAME #800 tx t=24001509 peer=0x01 type=3 schema=0 frag=0x01 seq=801 rssi=- snr=- st=0 rx=5 deaf=173486
2026-09-18T21:54:15Z,CHAN,24005,24010107,1000,100,0,1,0,-1100,-1160,-1146
2026-09-18T21:54:15Z,FRAME #801 tx t=24011512 peer=0x02 type=3 schema=0 frag=0x01 seq=802 rssi=- snr=- st=0 rx=5 deaf=173703
2026-09-18T21:54:17Z,CHAN,24007,24012110,1000,100,0,4,0,-870,-1160,-1138
2026-09-18T21:54:18Z,CHAN,24008,24013110,1000,100,0,1,0,-1100,-1160,-1148
2026-09-18T21:54:19Z,CHANSUM,23950,24009,60,60012,5957,42,6,0,3,0,-870,-1160,-1160,-1160
2026-09-18T21:55:05Z,FRAME #802 tx t=24061511 peer=0x01 type=3 schema=0 frag=0x01 seq=803 rssi=- snr=- st=0 rx=5 deaf=173916
2026-09-18T21:55:07Z,CHAN,24057,24062119,1000,100,0,1,0,-1080,-1160,-1146
2026-09-18T21:55:15Z,FRAME #803 tx t=24071514 peer=0x02 type=3 schema=0 frag=0x01 seq=804 rssi=- snr=- st=0 rx=5 deaf=174133
2026-09-18T21:55:18Z,CHAN,24068,24073122,1000,100,0,9,0,-1090,-1160,-1143
2026-09-18T21:55:19Z,CHANSUM,24010,24069,60,60012,5957,42,10,0,2,0,-1080,-1160,-1150,-1159
2026-09-18T21:55:53Z,CHAN,24103,24108122,1000,100,0,1,0,-1100,-1160,-1148
2026-09-18T21:55:54Z,CHAN,24104,24109122,1000,100,0,1,0,-1100,-1160,-1146
2026-09-18T21:56:05Z,FRAME #804 tx t=24121507 peer=0x01 type=3 schema=0 frag=0x01 seq=805 rssi=- snr=- st=0 rx=5 deaf=174350
2026-09-18T21:56:15Z,FRAME #805 tx t=24131510 peer=0x02 type=3 schema=0 frag=0x01 seq=806 rssi=- snr=- st=0 rx=5 deaf=174567
2026-09-18T21:56:19Z,CHANSUM,24070,24129,60,60006,5956,42,2,0,2,0,-1100,-1170,-1150,-1160
2026-09-18T21:56:29Z,CHAN,24139,24144128,1000,100,0,4,0,-1100,-1160,-1146
2026-09-18T21:56:48Z,CHAN,24158,24163128,1000,100,0,2,0,-1090,-1160,-1146
2026-09-18T21:56:49Z,CHAN,24159,24164128,1000,100,0,3,0,-1090,-1160,-1146
2026-09-18T21:57:05Z,FRAME #806 tx t=24181509 peer=0x01 type=3 schema=0 frag=0x01 seq=807 rssi=- snr=- st=0 rx=5 deaf=174780
2026-09-18T21:57:16Z,FRAME #807 tx t=24192583 peer=0x02 type=3 schema=0 frag=0x01 seq=808 rssi=- snr=- st=0 rx=5 deaf=175022
2026-09-18T21:57:19Z,CHANSUM,24130,24189,60,60013,5954,44,9,0,3,0,-1090,-1160,-1150,-1159
2026-09-18T21:57:54Z,CHAN,24224,24229141,1000,100,0,1,0,-1100,-1160,-1147
2026-09-18T21:58:05Z,CHAN,24235,24240141,1000,100,0,1,0,-1090,-1160,-1147
2026-09-18T21:58:05Z,FRAME #808 tx t=24241512 peer=0x01 type=3 schema=0 frag=0x01 seq=809 rssi=- snr=- st=0 rx=5 deaf=175235
2026-09-18T21:58:10Z,CHAN,24240,24245150,1000,100,0,9,0,-1020,-1160,-1136
2026-09-18T21:58:15Z,FRAME #809 tx t=24251515 peer=0x02 type=3 schema=0 frag=0x01 seq=810 rssi=- snr=- st=0 rx=5 deaf=175452
2026-09-18T21:58:19Z,CHANSUM,24190,24249,60,60012,5957,42,11,0,3,0,-1020,-1160,-1150,-1159
2026-09-18T21:59:05Z,FRAME #810 tx t=24301508 peer=0x01 type=3 schema=0 frag=0x01 seq=811 rssi=- snr=- st=0 rx=5 deaf=175669
2026-09-18T21:59:15Z,FRAME #811 tx t=24311511 peer=0x02 type=3 schema=0 frag=0x01 seq=812 rssi=- snr=- st=0 rx=5 deaf=175886
2026-09-18T21:59:19Z,CHANSUM,24250,24309,60,60006,5956,42,0,0,0,0,-1110,-1160,-1150,-1159
2026-09-18T21:59:43Z,CHAN,24333,24338159,1000,100,0,3,0,-1090,-1160,-1146
2026-09-18T21:59:46Z,CHAN,24336,24341159,1000,100,0,1,0,-1100,-1160,-1147
2026-09-18T21:59:49Z,CHAN,24339,24344159,1000,100,0,1,0,-1100,-1150,-1146
2026-09-18T22:00:05Z,FRAME #812 tx t=24361871 peer=0x01 type=3 schema=0 frag=0x01 seq=813 rssi=- snr=- st=0 rx=5 deaf=176124
2026-09-18T22:00:06Z,CHAN,24356,24361159,1000,75,23,1,0,-1100,-1160,-1147
2026-09-18T22:00:15Z,FRAME #813 tx t=24371514 peer=0x02 type=3 schema=0 frag=0x01 seq=814 rssi=- snr=- st=0 rx=5 deaf=176341
2026-09-18T22:00:19Z,CHANSUM,24310,24369,60,60003,5953,44,6,0,4,0,-1090,-1160,-1150,-1159
2026-09-18T22:00:20Z,CHAN,24370,24375162,1000,100,0,9,0,-1030,-1160,-1138
2026-09-18T22:01:05Z,FRAME #814 tx t=24421507 peer=0x01 type=3 schema=0 frag=0x01 seq=815 rssi=- snr=- st=0 rx=5 deaf=176558
2026-09-18T22:01:07Z,CHAN,24417,24422165,1000,100,0,1,0,-1100,-1160,-1147
2026-09-18T22:01:16Z,FRAME #815 tx t=24432467 peer=0x02 type=3 schema=0 frag=0x01 seq=816 rssi=- snr=- st=0 rx=5 deaf=176796
2026-09-18T22:01:18Z,CHAN,24428,24433175,1000,100,0,1,0,-1100,-1160,-1146
2026-09-18T22:01:19Z,CHANSUM,24370,24429,60,60013,5954,44,11,0,3,0,-1030,-1160,-1150,-1159
2026-09-18T22:02:02Z,CHAN,24472,24477175,1000,100,0,1,0,-1100,-1160,-1147
2026-09-18T22:02:05Z,FRAME #816 tx t=24481506 peer=0x01 type=3 schema=0 frag=0x01 seq=817 rssi=- snr=- st=0 rx=5 deaf=177009
2026-09-18T22:02:15Z,FRAME #817 tx t=24491509 peer=0x02 type=3 schema=0 frag=0x01 seq=818 rssi=- snr=- st=0 rx=5 deaf=177226
2026-09-18T22:02:19Z,CHANSUM,24430,24489,60,60012,5957,42,1,0,1,0,-1100,-1160,-1160,-1160
2026-09-18T22:02:20Z,CHAN,24490,24495187,1000,100,0,1,0,-1100,-1170,-1147
2026-09-18T22:03:05Z,FRAME #818 tx t=24541675 peer=0x01 type=3 schema=0 frag=0x01 seq=819 rssi=- snr=- st=0 rx=5 deaf=177460
2026-09-18T22:03:15Z,FRAME #819 tx t=24551504 peer=0x02 type=3 schema=0 frag=0x01 seq=820 rssi=- snr=- st=0 rx=5 deaf=177673
2026-09-18T22:03:19Z,CHANSUM,24490,24549,60,60015,5955,44,1,0,1,0,-1100,-1170,-1160,-1160
2026-09-18T22:03:25Z,CHAN,24555,24560202,1000,100,0,10,0,-1050,-1160,-1139
2026-09-18T22:03:41Z,CHAN,24571,24576202,1000,100,0,1,0,-1090,-1160,-1147
2026-09-18T22:04:05Z,FRAME #820 tx t=24601503 peer=0x01 type=3 schema=0 frag=0x01 seq=821 rssi=- snr=- st=0 rx=5 deaf=177886
2026-09-18T22:04:15Z,FRAME #821 tx t=24611512 peer=0x02 type=3 schema=0 frag=0x01 seq=822 rssi=- snr=- st=0 rx=5 deaf=178099
2026-09-18T22:04:19Z,CHANSUM,24550,24609,60,60018,5958,42,11,0,2,0,-1050,-1160,-1160,-1160
2026-09-18T22:05:05Z,CHAN,24655,24660220,1000,100,0,1,0,-1100,-1160,-1147
2026-09-18T22:05:05Z,FRAME #822 tx t=24661511 peer=0x01 type=3 schema=0 frag=0x01 seq=823 rssi=- snr=- st=0 rx=5 deaf=178312
2026-09-18T22:05:15Z,FRAME #823 tx t=24671514 peer=0x02 type=3 schema=0 frag=0x01 seq=824 rssi=- snr=- st=0 rx=5 deaf=178529
2026-09-18T22:05:19Z,CHANSUM,24610,24669,60,60012,5957,42,1,0,1,0,-1100,-1170,-1160,-1160
2026-09-18T22:05:35Z,CHAN,24685,24690232,1000,100,0,9,0,-1050,-1160,-1139
2026-09-18T22:05:45Z,CHAN,24695,24700232,1000,100,0,1,0,-1100,-1160,-1146
2026-09-18T22:06:01Z,CHAN,24711,24716232,1000,100,0,1,0,-1100,-1160,-1147
2026-09-18T22:06:05Z,FRAME #824 tx t=24721507 peer=0x01 type=3 schema=0 frag=0x01 seq=825 rssi=- snr=- st=0 rx=5 deaf=178746
2026-09-18T22:06:15Z,FRAME #825 tx t=24731510 peer=0x02 type=3 schema=0 frag=0x01 seq=826 rssi=- snr=- st=0 rx=5 deaf=178963
2026-09-18T22:06:17Z,CHAN,24727,24732238,1000,100,0,4,0,-890,-1160,-1140
2026-09-18T22:06:19Z,CHANSUM,24670,24729,60,60006,5956,42,15,0,4,0,-890,-1160,-1160,-1160
2026-09-18T22:06:55Z,CHAN,24765,24770238,1000,100,0,1,0,-1030,-1160,-1147
2026-09-18T22:06:56Z,CHAN,24766,24771238,1000,100,0,2,0,-950,-1160,-1145
2026-09-18T22:07:05Z,FRAME #826 tx t=24781509 peer=0x01 type=3 schema=0 frag=0x01 seq=827 rssi=- snr=- st=0 rx=5 deaf=179176
2026-09-18T22:07:07Z,CHAN,24777,24782247,1000,100,0,1,0,-1070,-1160,-1147
2026-09-18T22:07:15Z,CHAN,24785,24790247,1000,100,0,4,0,-1090,-1160,-1145
2026-09-18T22:07:15Z,FRAME #827 tx t=24791512 peer=0x02 type=3 schema=0 frag=0x01 seq=828 rssi=- snr=- st=0 rx=5 deaf=179393
2026-09-18T22:07:19Z,CHANSUM,24730,24789,60,60012,5957,42,8,0,4,0,-950,-1170,-1150,-1160
2026-09-18T22:08:05Z,FRAME #828 tx t=24841511 peer=0x01 type=3 schema=0 frag=0x01 seq=829 rssi=- snr=- st=0 rx=5 deaf=179606
2026-09-18T22:08:06Z,CHAN,24836,24841250,1009,79,21,1,0,-1090,-1160,-1147
2026-09-18T22:08:15Z,FRAME #829 tx t=24851514 peer=0x02 type=3 schema=0 frag=0x01 seq=830 rssi=- snr=- st=0 rx=5 deaf=179823
2026-09-18T22:08:16Z,CHAN,24846,24851259,1003,78,21,2,0,-1090,-1150,-1146
2026-09-18T22:08:19Z,CHANSUM,24790,24849,60,60012,5957,42,3,0,2,0,-1090,-1160,-1150,-1159
2026-09-18T22:08:43Z,CHAN,24873,24878262,1000,100,0,1,0,-1100,-1160,-1148
2026-09-18T22:08:52Z,CHAN,24882,24887262,1000,100,0,1,0,-1100,-1160,-1147
2026-09-18T22:08:57Z,CHAN,24887,24892262,1000,100,0,2,0,-1100,-1160,-1147
2026-09-18T22:09:05Z,FRAME #830 tx t=24901507 peer=0x01 type=3 schema=0 frag=0x01 seq=831 rssi=- snr=- st=0 rx=5 deaf=180040
2026-09-18T22:09:15Z,FRAME #831 tx t=24911510 peer=0x02 type=3 schema=0 frag=0x01 seq=832 rssi=- snr=- st=0 rx=5 deaf=180257
2026-09-18T22:09:19Z,CHANSUM,24850,24909,60,60006,5956,42,4,0,3,0,-1100,-1160,-1160,-1160
2026-09-18T22:09:21Z,CHAN,24911,24916268,1000,100,0,4,0,-1090,-1160,-1145
2026-09-18T22:09:39Z,CHAN,24929,24934268,1000,100,0,3,0,-1080,-1160,-1147
2026-09-18T22:10:01Z,CHAN,24951,24956268,1000,100,0,15,0,-890,-1160,-1119
2026-09-18T22:10:02Z,CHAN,24952,24957268,1000,100,0,38,0,-890,-1160,-1071
2026-09-18T22:10:03Z,CHAN,24953,24958268,1000,100,0,51,0,-890,-1160,-1033
2026-09-18T22:10:04Z,CHAN,24954,24959268,1000,100,0,10,0,-900,-1160,-1129
2026-09-18T22:10:05Z,FRAME #832 tx t=24961509 peer=0x01 type=3 schema=0 frag=0x01 seq=833 rssi=- snr=- st=0 rx=5 deaf=180470
2026-09-18T22:10:15Z,FRAME #833 tx t=24971512 peer=0x02 type=3 schema=0 frag=0x01 seq=834 rssi=- snr=- st=0 rx=5 deaf=180687
2026-09-18T22:10:19Z,CHANSUM,24910,24969,60,60012,5957,42,121,0,6,0,-890,-1160,-1160,-1160
2026-09-18T22:10:35Z,CHAN,24985,24990280,1000,100,0,1,0,-1100,-1160,-1147
2026-09-18T22:10:42Z,CHAN,24992,24997280,1000,100,0,3,0,-1080,-1160,-1146
2026-09-18T22:10:43Z,CHAN,24993,24998280,1000,100,0,2,0,-1090,-1160,-1146
2026-09-18T22:10:58Z,CHAN,25008,25013280,1000,100,0,26,0,-890,-1160,-1085
2026-09-18T22:10:59Z,CHAN,25009,25014280,1000,100,0,26,0,-890,-1160,-1083
2026-09-18T22:11:00Z,CHAN,25010,25015280,1000,100,0,14,0,-890,-1160,-1113
2026-09-18T22:11:04Z,CHAN,25014,25019280,1000,100,0,15,0,-890,-1160,-1122
2026-09-18T22:11:05Z,CHAN,25015,25020280,1000,100,0,42,0,-890,-1160,-1080
2026-09-18T22:11:05Z,FRAME #834 tx t=25021511 peer=0x01 type=3 schema=0 frag=0x01 seq=835 rssi=- snr=- st=0 rx=5 deaf=180900
2026-09-18T22:11:15Z,FRAME #835 tx t=25031514 peer=0x02 type=3 schema=0 frag=0x01 seq=836 rssi=- snr=- st=0 rx=5 deaf=181117
2026-09-18T22:11:19Z,CHANSUM,24970,25029,60,60012,5957,42,129,0,8,0,-890,-1160,-1160,-1160
2026-09-18T22:11:39Z,CHAN,25049,25054292,1000,100,0,34,0,-890,-1160,-1087
2026-09-18T22:11:40Z,CHAN,25050,25055292,1000,100,0,22,0,-900,-1160,-1109
2026-09-18T22:11:52Z,CHAN,25062,25067292,1000,100,0,28,0,-890,-1160,-1080
2026-09-18T22:11:53Z,CHAN,25063,25068292,1000,100,0,32,0,-890,-1160,-1066
2026-09-18T22:11:59Z,CHAN,25069,25074292,1000,100,0,28,0,-890,-1160,-1076
2026-09-18T22:12:00Z,CHAN,25070,25075292,1000,100,0,36,0,-890,-1160,-1065
2026-09-18T22:12:02Z,CHAN,25072,25077292,1000,100,0,1,0,-930,-1160,-1146
2026-09-18T22:12:03Z,CHAN,25073,25078292,1000,100,0,1,0,-1010,-1160,-1147
2026-09-18T22:12:05Z,FRAME #836 tx t=25081507 peer=0x01 type=3 schema=0 frag=0x01 seq=837 rssi=- snr=- st=0 rx=5 deaf=181334
2026-09-18T22:12:15Z,FRAME #837 tx t=25091510 peer=0x02 type=3 schema=0 frag=0x01 seq=838 rssi=- snr=- st=0 rx=5 deaf=181551
2026-09-18T22:12:19Z,CHANSUM,25030,25089,60,60006,5956,42,182,0,8,0,-890,-1160,-1150,-1159
2026-09-18T22:13:04Z,CHAN,25134,25139298,1000,100,0,14,0,-890,-1160,-1113
2026-09-18T22:13:05Z,CHAN,25135,25140298,1000,100,0,14,0,-890,-1160,-1113
2026-09-18T22:13:05Z,FRAME #838 tx t=25141513 peer=0x01 type=3 schema=0 frag=0x01 seq=839 rssi=- snr=- st=0 rx=5 deaf=181768
2026-09-18T22:13:07Z,CHAN,25137,25142301,1000,100,0,6,0,-1100,-1160,-1144
2026-09-18T22:13:15Z,FRAME #839 tx t=25151516 peer=0x02 type=3 schema=0 frag=0x01 seq=840 rssi=- snr=- st=0 rx=5 deaf=181985
2026-09-18T22:13:19Z,CHANSUM,25090,25149,60,60006,5956,42,34,0,3,0,-890,-1160,-1150,-1159
2026-09-18T22:13:54Z,CHAN,25184,25189304,1000,100,0,2,0,-1090,-1160,-1145
2026-09-18T22:14:05Z,FRAME #840 tx t=25201509 peer=0x01 type=3 schema=0 frag=0x01 seq=841 rssi=- snr=- st=0 rx=5 deaf=182202
2026-09-18T22:14:08Z,CHAN,25198,25203307,1000,100,0,1,0,-1090,-1160,-1147
2026-09-18T22:14:15Z,FRAME #841 tx t=25211512 peer=0x02 type=3 schema=0 frag=0x01 seq=842 rssi=- snr=- st=0 rx=5 deaf=182419
2026-09-18T22:14:19Z,CHANSUM,25150,25209,60,60006,5956,42,3,0,2,0,-1090,-1160,-1160,-1160
2026-09-18T22:15:05Z,FRAME #842 tx t=25261511 peer=0x01 type=3 schema=0 frag=0x01 seq=843 rssi=- snr=- st=0 rx=5 deaf=182632
2026-09-18T22:15:15Z,FRAME #843 tx t=25271514 peer=0x02 type=3 schema=0 frag=0x01 seq=844 rssi=- snr=- st=0 rx=5 deaf=182849
2026-09-18T22:15:19Z,CHANSUM,25210,25269,60,60012,5957,42,0,0,0,0,-1110,-1170,-1150,-1160
2026-09-18T22:15:49Z,CHAN,25299,25304322,1000,100,0,28,0,-890,-1160,-1097
2026-09-18T22:15:50Z,CHAN,25300,25305322,1000,100,0,44,0,-890,-1160,-1074
2026-09-18T22:15:58Z,CHAN,25308,25313322,1000,100,0,35,0,-890,-1160,-1070
2026-09-18T22:15:59Z,CHAN,25309,25314322,1000,100,0,2,0,-890,-1160,-1144
2026-09-18T22:16:05Z,FRAME #844 tx t=25321507 peer=0x01 type=3 schema=0 frag=0x01 seq=845 rssi=- snr=- st=0 rx=5 deaf=183066
2026-09-18T22:16:10Z,CHAN,25320,25325325,1000,100,0,1,0,-1100,-1160,-1146
2026-09-18T22:16:15Z,FRAME #845 tx t=25331510 peer=0x02 type=3 schema=0 frag=0x01 seq=846 rssi=- snr=- st=0 rx=5 deaf=183283
2026-09-18T22:16:19Z,CHANSUM,25270,25329,60,60006,5956,42,110,0,5,0,-890,-1160,-1160,-1160
2026-09-18T22:16:31Z,CHAN,25341,25346328,1000,100,0,4,0,-900,-1160,-1139
2026-09-18T22:16:32Z,CHAN,25342,25347328,1000,100,0,5,0,-900,-1160,-1135
2026-09-18T22:16:53Z,CHAN,25363,25368328,1000,100,0,8,0,-890,-1160,-1131
2026-09-18T22:16:59Z,CHAN,25369,25374328,1000,100,0,8,0,-900,-1160,-1128
2026-09-18T22:17:05Z,FRAME #846 tx t=25381509 peer=0x01 type=3 schema=0 frag=0x01 seq=847 rssi=- snr=- st=0 rx=5 deaf=183497
2026-09-18T22:17:10Z,CHAN,25380,25385337,1000,100,0,2,0,-910,-1160,-1144
2026-09-18T22:17:15Z,FRAME #847 tx t=25391512 peer=0x02 type=3 schema=0 frag=0x01 seq=848 rssi=- snr=- st=0 rx=5 deaf=183714
2026-09-18T22:17:19Z,CHANSUM,25330,25389,60,60012,5957,42,27,0,5,0,-890,-1170,-1150,-1160
2026-09-18T22:17:54Z,CHAN,25424,25429340,1000,100,0,1,0,-1080,-1160,-1148
2026-09-18T22:18:02Z,CHAN,25432,25437340,1000,100,0,1,0,-1100,-1160,-1148
2026-09-18T22:18:05Z,FRAME #848 tx t=25441511 peer=0x01 type=3 schema=0 frag=0x01 seq=849 rssi=- snr=- st=0 rx=5 deaf=183927
2026-09-18T22:18:15Z,CHAN,25445,25450349,1000,100,0,4,0,-890,-1160,-1138
2026-09-18T22:18:15Z,FRAME #849 tx t=25451514 peer=0x02 type=3 schema=0 frag=0x01 seq=850 rssi=- snr=- st=0 rx=5 deaf=184144
2026-09-18T22:18:19Z,CHANSUM,25390,25449,60,60012,5957,42,6,0,3,0,-890,-1170,-1150,-1159
2026-09-18T22:18:55Z,CHAN,25485,25490352,1000,100,0,1,0,-1100,-1160,-1147
2026-09-18T22:19:06Z,CHAN,25496,25501352,1001,97,2,1,0,-1100,-1160,-1147
2026-09-18T22:19:06Z,FRAME #850 tx t=25502424 peer=0x01 type=3 schema=0 frag=0x01 seq=851 rssi=- snr=- st=0 rx=5 deaf=184382
2026-09-18T22:19:10Z,CHAN,25500,25505362,1000,100,0,9,0,-1070,-1160,-1141
2026-09-18T22:19:15Z,FRAME #851 tx t=25511503 peer=0x02 type=3 schema=0 frag=0x01 seq=852 rssi=- snr=- st=0 rx=5 deaf=184595
2026-09-18T22:19:19Z,CHANSUM,25450,25509,60,60019,5955,44,11,0,3,0,-1070,-1160,-1160,-1160
2026-09-18T22:20:05Z,FRAME #852 tx t=25561516 peer=0x01 type=3 schema=0 frag=0x01 seq=853 rssi=- snr=- st=0 rx=5 deaf=184812
2026-09-18T22:20:11Z,CHAN,25561,25566374,1000,100,0,4,0,-890,-1160,-1137
2026-09-18T22:20:15Z,FRAME #853 tx t=25571505 peer=0x02 type=3 schema=0 frag=0x01 seq=854 rssi=- snr=- st=0 rx=5 deaf=185025
2026-09-18T22:20:19Z,CHANSUM,25510,25569,60,60012,5957,42,4,0,1,0,-890,-1170,-1150,-1160
2026-09-18T22:20:42Z,CHAN,25592,25597383,1000,100,0,4,0,-890,-1160,-1137
2026-09-18T22:21:02Z,CHAN,25612,25617383,1000,100,0,1,0,-1100,-1160,-1146
2026-09-18T22:21:06Z,FRAME #854 tx t=25621985 peer=0x01 type=3 schema=0 frag=0x01 seq=855 rssi=- snr=- st=0 rx=5 deaf=185263
2026-09-18T22:21:07Z,CHAN,25617,25622383,1000,100,0,1,0,-1090,-1160,-1146
2026-09-18T22:21:15Z,FRAME #855 tx t=25631504 peer=0x02 type=3 schema=0 frag=0x01 seq=856 rssi=- snr=- st=0 rx=5 deaf=185476
2026-09-18T22:21:19Z,CHANSUM,25570,25629,60,60009,5954,44,6,0,3,0,-890,-1160,-1160,-1160
2026-09-18T22:21:20Z,CHAN,25630,25635392,1000,100,0,9,0,-1050,-1160,-1139
2026-09-18T22:21:59Z,CHAN,25669,25674392,1000,100,0,1,0,-1100,-1160,-1146
2026-09-18T22:22:04Z,CHAN,25674,25679392,1000,100,0,9,0,-890,-1160,-1127
2026-09-18T22:22:05Z,CHAN,25675,25680392,1000,100,0,1,0,-1100,-1160,-1147
2026-09-18T22:22:05Z,FRAME #856 tx t=25681503 peer=0x01 type=3 schema=0 frag=0x01 seq=857 rssi=- snr=- st=0 rx=5 deaf=185689
2026-09-18T22:22:15Z,FRAME #857 tx t=25691512 peer=0x02 type=3 schema=0 frag=0x01 seq=858 rssi=- snr=- st=0 rx=5 deaf=185902
2026-09-18T22:22:17Z,CHAN,25687,25692410,1000,100,0,1,0,-920,-1160,-1146
2026-09-18T22:22:18Z,CHAN,25688,25693410,1000,100,0,1,0,-1100,-1160,-1146
2026-09-18T22:22:19Z,CHANSUM,25630,25689,60,60018,5958,42,22,0,6,0,-890,-1170,-1160,-1160
2026-09-18T22:22:35Z,CHAN,25705,25710410,1000,100,0,29,0,-890,-1160,-1069
2026-09-18T22:22:36Z,CHAN,25706,25711410,1000,100,0,28,0,-890,-1160,-1078
2026-09-18T22:22:53Z,CHAN,25723,25728410,1000,100,0,1,0,-1100,-1150,-1146
2026-09-18T22:23:05Z,CHAN,25735,25740410,1000,100,0,4,0,-890,-1160,-1139
2026-09-18T22:23:05Z,FRAME #858 tx t=25741511 peer=0x01 type=3 schema=0 frag=0x01 seq=859 rssi=- snr=- st=0 rx=5 deaf=186115
2026-09-18T22:23:15Z,FRAME #859 tx t=25751514 peer=0x02 type=3 schema=0 frag=0x01 seq=860 rssi=- snr=- st=0 rx=5 deaf=186332
2026-09-18T22:23:19Z,CHANSUM,25690,25749,60,60012,5957,42,62,0,4,0,-890,-1160,-1150,-1159
2026-09-18T22:24:05Z,FRAME #860 tx t=25801507 peer=0x01 type=3 schema=0 frag=0x01 seq=861 rssi=- snr=- st=0 rx=5 deaf=186549
2026-09-18T22:24:15Z,FRAME #861 tx t=25811510 peer=0x02 type=3 schema=0 frag=0x01 seq=862 rssi=- snr=- st=0 rx=5 deaf=186766
2026-09-18T22:24:16Z,CHAN,25806,25811425,1003,78,21,28,0,-890,-1160,-1059
2026-09-18T22:24:17Z,CHAN,25807,25812428,1000,100,0,28,0,-890,-1160,-1077
2026-09-18T22:24:19Z,CHANSUM,25750,25809,60,60006,5956,42,56,0,2,0,-890,-1160,-1160,-1160
2026-09-18T22:24:25Z,CHAN,25815,25820428,1000,100,0,9,0,-1040,-1160,-1138
2026-09-18T22:25:05Z,FRAME #862 tx t=25861509 peer=0x01 type=3 schema=0 frag=0x01 seq=863 rssi=- snr=- st=0 rx=5 deaf=186979
2026-09-18T22:25:15Z,FRAME #863 tx t=25871512 peer=0x02 type=3 schema=0 frag=0x01 seq=864 rssi=- snr=- st=0 rx=5 deaf=187196
2026-09-18T22:25:19Z,CHANSUM,25810,25869,60,60012,5957,42,9,0,1,0,-1040,-1170,-1160,-1160
2026-09-18T22:25:37Z,CHAN,25887,25892440,1000,100,0,7,0,-1090,-1160,-1145
2026-09-18T22:26:05Z,FRAME #864 tx t=25921511 peer=0x01 type=3 schema=0 frag=0x01 seq=865 rssi=- snr=- st=0 rx=5 deaf=187409
2026-09-18T22:26:15Z,FRAME #865 tx t=25931655 peer=0x02 type=3 schema=0 frag=0x01 seq=866 rssi=- snr=- st=0 rx=5 deaf=187651
2026-09-18T22:26:19Z,CHANSUM,25870,25929,60,60013,5954,44,7,0,1,0,-1090,-1160,-1160,-1160
2026-09-18T22:26:35Z,CHAN,25945,25950453,1000,100,0,9,0,-1030,-1160,-1136
2026-09-18T22:27:05Z,FRAME #866 tx t=25981508 peer=0x01 type=3 schema=0 frag=0x01 seq=867 rssi=- snr=- st=0 rx=5 deaf=187868
2026-09-18T22:27:15Z,FRAME #867 tx t=25991511 peer=0x02 type=3 schema=0 frag=0x01 seq=868 rssi=- snr=- st=0 rx=5 deaf=188085
2026-09-18T22:27:18Z,CHAN,25988,25993459,1000,100,0,12,0,-890,-1160,-1122
2026-09-18T22:27:19Z,CHANSUM,25930,25989,60,60006,5956,42,21,0,2,0,-890,-1160,-1160,-1160
2026-09-18T22:27:24Z,CHAN,25994,25999459,1000,100,0,2,0,-910,-1160,-1144
2026-09-18T22:28:05Z,FRAME #868 tx t=26041510 peer=0x01 type=3 schema=0 frag=0x01 seq=869 rssi=- snr=- st=0 rx=5 deaf=188298
2026-09-18T22:28:15Z,FRAME #869 tx t=26051513 peer=0x02 type=3 schema=0 frag=0x01 seq=870 rssi=- snr=- st=0 rx=5 deaf=188515
2026-09-18T22:28:19Z,CHANSUM,25990,26049,60,60012,5957,42,2,0,1,0,-910,-1160,-1150,-1159
2026-09-18T22:28:52Z,CHAN,26082,26087471,1000,100,0,2,0,-1090,-1160,-1146
2026-09-18T22:29:05Z,FRAME #870 tx t=26101512 peer=0x01 type=3 schema=0 frag=0x01 seq=871 rssi=- snr=- st=0 rx=5 deaf=188728
2026-09-18T22:29:14Z,CHAN,26104,26109480,1000,100,0,37,0,-890,-1170,-1083
2026-09-18T22:29:15Z,CHAN,26105,26110480,1000,100,0,38,0,-890,-1160,-1082
2026-09-18T22:29:15Z,FRAME #871 tx t=26111515 peer=0x02 type=3 schema=0 frag=0x01 seq=872 rssi=- snr=- st=0 rx=5 deaf=188945
2026-09-18T22:29:19Z,CHANSUM,26050,26109,60,60012,5957,42,77,0,3,0,-890,-1170,-1150,-1159
2026-09-18T22:29:43Z,CHAN,26133,26138483,1000,100,0,6,0,-1060,-1160,-1143
2026-09-18T22:29:44Z,CHAN,26134,26139483,1000,100,0,31,0,-890,-1160,-1081
2026-09-18T22:29:45Z,CHAN,26135,26140483,1000,100,0,14,0,-890,-1160,-1122
2026-09-18T22:29:48Z,CHAN,26138,26143483,1000,100,0,26,0,-890,-1160,-1083
2026-09-18T22:29:49Z,CHAN,26139,26144483,1000,100,0,25,0,-890,-1160,-1089
2026-09-18T22:29:50Z,CHAN,26140,26145483,1000,100,0,14,0,-900,-1160,-1114
2026-09-18T22:30:05Z,FRAME #872 tx t=26161508 peer=0x01 type=3 schema=0 frag=0x01 seq=873 rssi=- snr=- st=0 rx=5 deaf=189162
2026-09-18T22:30:15Z,FRAME #873 tx t=26171511 peer=0x02 type=3 schema=0 frag=0x01 seq=874 rssi=- snr=- st=0 rx=5 deaf=189379
2026-09-18T22:30:19Z,CHANSUM,26110,26169,60,60006,5956,42,116,0,6,0,-890,-1160,-1160,-1160
2026-09-18T22:30:23Z,CHAN,26173,26178489,1000,100,0,9,0,-900,-1150,-1125
2026-09-18T22:30:24Z,CHAN,26174,26179489,1000,100,0,42,0,-890,-1160,-1077
2026-09-18T22:30:28Z,CHAN,26178,26183489,1000,100,0,3,0,-1090,-1160,-1143
2026-09-18T22:30:49Z,CHAN,26199,26204489,1000,100,0,29,0,-890,-1150,-1075
2026-09-18T22:30:50Z,CHAN,26200,26205489,1000,100,0,39,0,-890,-1160,-1057
2026-09-18T22:31:05Z,CHAN,26215,26220489,1000,100,0,1,0,-1070,-1160,-1147
2026-09-18T22:31:05Z,FRAME #874 tx t=26221510 peer=0x01 type=3 schema=0 frag=0x01 seq=875 rssi=- snr=- st=0 rx=5 deaf=189592
2026-09-18T22:31:15Z,FRAME #875 tx t=26231513 peer=0x02 type=3 schema=0 frag=0x01 seq=876 rssi=- snr=- st=0 rx=5 deaf=189809
2026-09-18T22:31:19Z,CHANSUM,26170,26229,60,60022,5958,42,123,0,6,0,-890,-1160,-1150,-1159
2026-09-18T22:31:23Z,CHAN,26233,26238511,1000,100,0,2,0,-1100,-1160,-1145
2026-09-18T22:31:33Z,CHAN,26243,26248511,1000,100,0,26,0,-900,-1160,-1087
2026-09-18T22:31:34Z,CHAN,26244,26249511,1000,100,0,8,0,-900,-1160,-1128
2026-09-18T22:32:05Z,FRAME #876 tx t=26281512 peer=0x01 type=3 schema=0 frag=0x01 seq=877 rssi=- snr=- st=0 rx=5 deaf=190022
2026-09-18T22:32:16Z,FRAME #877 tx t=26292882 peer=0x02 type=3 schema=0 frag=0x01 seq=878 rssi=- snr=- st=0 rx=5 deaf=190260
2026-09-18T22:32:19Z,CHANSUM,26230,26289,60,60029,5956,44,36,0,3,0,-900,-1170,-1150,-1159
2026-09-18T22:32:35Z,CHAN,26305,26310540,1000,100,0,9,0,-900,-1160,-1127
2026-09-18T22:33:02Z,CHAN,26332,26337540,1000,100,0,1,0,-1100,-1160,-1146
2026-09-18T22:33:05Z,FRAME #878 tx t=26341515 peer=0x01 type=3 schema=0 frag=0x01 seq=879 rssi=- snr=- st=0 rx=5 deaf=190477
2026-09-18T22:33:15Z,FRAME #879 tx t=26351504 peer=0x02 type=3 schema=0 frag=0x01 seq=880 rssi=- snr=- st=0 rx=5 deaf=190690
2026-09-18T22:33:19Z,CHANSUM,26290,26349,60,60012,5957,42,10,0,2,0,-900,-1160,-1150,-1159
2026-09-18T22:34:05Z,FRAME #880 tx t=26401503 peer=0x01 type=3 schema=0 frag=0x01 seq=881 rssi=- snr=- st=0 rx=5 deaf=190903
2026-09-18T22:34:15Z,FRAME #881 tx t=26411512 peer=0x02 type=3 schema=0 frag=0x01 seq=882 rssi=- snr=- st=0 rx=5 deaf=191116
2026-09-18T22:34:19Z,CHANSUM,26350,26409,60,60018,5958,42,0,0,0,0,-1110,-1160,-1150,-1159
2026-09-18T22:34:54Z,CHAN,26444,26449570,1000,100,0,1,0,-1090,-1160,-1147
2026-09-18T22:35:00Z,CHAN,26450,26455570,1000,100,0,1,0,-1100,-1160,-1147
2026-09-18T22:35:04Z,CHAN,26454,26459570,1000,100,0,1,0,-1100,-1160,-1147
2026-09-18T22:35:05Z,FRAME #882 tx t=26461511 peer=0x01 type=3 schema=0 frag=0x01 seq=883 rssi=- snr=- st=0 rx=5 deaf=191329
2026-09-18T22:35:15Z,FRAME #883 tx t=26471514 peer=0x02 type=3 schema=0 frag=0x01 seq=884 rssi=- snr=- st=0 rx=5 deaf=191546
2026-09-18T22:35:19Z,CHANSUM,26410,26469,60,60012,5957,42,3,0,3,0,-1090,-1160,-1150,-1159
2026-09-18T22:35:49Z,CHAN,26499,26504582,1000,100,0,8,0,-900,-1160,-1132
2026-09-18T22:36:00Z,CHAN,26510,26515582,1000,100,0,7,0,-900,-1160,-1131
2026-09-18T22:36:01Z,CHAN,26511,26516582,1000,100,0,1,0,-1090,-1160,-1147
2026-09-18T22:36:05Z,FRAME #884 tx t=26521507 peer=0x01 type=3 schema=0 frag=0x01 seq=885 rssi=- snr=- st=0 rx=5 deaf=191763
2026-09-18T22:36:12Z,CHAN,26522,26527585,1000,100,0,15,0,-900,-1160,-1112
2026-09-18T22:36:13Z,CHAN,26523,26528585,1000,100,0,9,0,-910,-1160,-1121
2026-09-18T22:36:14Z,CHAN,26524,26529585,1000,100,0,9,0,-910,-1150,-1124
2026-09-18T22:36:15Z,FRAME #885 tx t=26531510 peer=0x02 type=3 schema=0 frag=0x01 seq=886 rssi=- snr=- st=0 rx=5 deaf=191980
2026-09-18T22:36:16Z,CHAN,26526,26531587,1001,87,13,19,0,-900,-1150,-1094
2026-09-18T22:36:17Z,CHAN,26527,26532588,1000,100,0,32,0,-890,-1160,-1073
2026-09-18T22:36:19Z,CHANSUM,26470,26529,60,60006,5956,42,100,0,8,0,-890,-1160,-1150,-1159
2026-09-18T22:36:22Z,CHAN,26532,26537588,1000,100,0,31,0,-900,-1160,-1067
2026-09-18T22:36:23Z,CHAN,26533,26538588,1000,100,0,25,0,-900,-1160,-1084
2026-09-18T22:36:37Z,CHAN,26547,26552588,1000,100,0,8,0,-1090,-1160,-1142
2026-09-18T22:36:42Z,CHAN,26552,26557588,1000,100,0,6,0,-1080,-1160,-1143
2026-09-18T22:36:48Z,CHAN,26558,26563588,1000,100,0,3,0,-1100,-1160,-1146
2026-09-18T22:37:05Z,FRAME #886 tx t=26581509 peer=0x01 type=3 schema=0 frag=0x01 seq=887 rssi=- snr=- st=0 rx=5 deaf=192194
2026-09-18T22:37:08Z,CHAN,26578,26583597,1000,100,0,12,0,-1100,-1160,-1141
2026-09-18T22:37:09Z,CHAN,26579,26584597,1000,100,0,22,0,-900,-1160,-1100
2026-09-18T22:37:10Z,CHAN,26580,26585597,1000,100,0,11,0,-900,-1160,-1124
2026-09-18T22:37:15Z,FRAME #887 tx t=26591512 peer=0x02 type=3 schema=0 frag=0x01 seq=888 rssi=- snr=- st=0 rx=5 deaf=192411
2026-09-18T22:37:19Z,CHANSUM,26530,26589,60,60012,5957,42,118,0,8,0,-900,-1160,-1150,-1159
2026-09-18T22:37:32Z,CHAN,26602,26607600,1000,100,0,38,0,-900,-1160,-1054
2026-09-18T22:37:46Z,CHAN,26616,26621600,1000,100,0,14,0,-900,-1160,-1113
2026-09-18T22:37:47Z,CHAN,26617,26622600,1000,100,0,24,0,-890,-1160,-1091
2026-09-18T22:37:48Z,CHAN,26618,26623600,1000,100,0,26,0,-900,-1160,-1083
2026-09-18T22:37:52Z,CHAN,26622,26627600,1000,100,0,1,0,-1010,-1160,-1144
2026-09-18T22:37:53Z,CHAN,26623,26628600,1000,100,0,40,0,-900,-1160,-1055
2026-09-18T22:37:54Z,CHAN,26624,26629600,1000,100,0,9,0,-900,-1160,-1121
2026-09-18T22:37:55Z,CHAN,26625,26630600,1000,100,0,41,0,-890,-1160,-1049
2026-09-18T22:37:58Z,CHAN,26628,26633600,1000,100,0,7,0,-900,-1160,-1130
2026-09-18T22:37:59Z,CHAN,26629,26634600,1000,100,0,35,0,-900,-1170,-1064
2026-09-18T22:38:01Z,CHAN,26631,26636600,1000,100,0,1,0,-1100,-1160,-1145
2026-09-18T22:38:05Z,FRAME #888 tx t=26641511 peer=0x01 type=3 schema=0 frag=0x01 seq=889 rssi=- snr=- st=0 rx=5 deaf=192624
2026-09-18T22:38:15Z,FRAME #889 tx t=26651514 peer=0x02 type=3 schema=0 frag=0x01 seq=890 rssi=- snr=- st=0 rx=5 deaf=192841
2026-09-18T22:38:19Z,CHANSUM,26590,26649,60,60012,5957,42,236,0,11,0,-890,-1170,-1160,-1160
2026-09-18T22:38:22Z,CHAN,26652,26657612,1000,100,0,1,0,-1100,-1160,-1145
2026-09-18T22:38:27Z,CHAN,26657,26662612,1000,100,0,9,0,-900,-1160,-1123
2026-09-18T22:38:28Z,CHAN,26658,26663612,1000,100,0,18,0,-900,-1160,-1097
2026-09-18T22:38:54Z,CHAN,26684,26689612,1000,100,0,28,0,-900,-1150,-1080
2026-09-18T22:38:55Z,CHAN,26685,26690612,1000,100,0,32,0,-900,-1160,-1071
2026-09-18T22:39:01Z,CHAN,26691,26696612,1000,100,0,3,0,-1100,-1160,-1145
2026-09-18T22:39:05Z,FRAME #890 tx t=26701507 peer=0x01 type=3 schema=0 frag=0x01 seq=891 rssi=- snr=- st=0 rx=5 deaf=193058
2026-09-18T22:39:15Z,FRAME #891 tx t=26711510 peer=0x02 type=3 schema=0 frag=0x01 seq=892 rssi=- snr=- st=0 rx=5 deaf=193275
2026-09-18T22:39:19Z,CHANSUM,26650,26709,60,60006,5956,42,91,0,6,0,-900,-1160,-1150,-1159
2026-09-18T22:39:33Z,CHAN,26723,26728618,1000,100,0,17,0,-900,-1160,-1105
2026-09-18T22:39:34Z,CHAN,26724,26729618,1000,100,0,24,0,-900,-1160,-1088
2026-09-18T22:40:01Z,CHAN,26751,26756618,1000,100,0,1,0,-1100,-1160,-1147
2026-09-18T22:40:05Z,FRAME #892 tx t=26761509 peer=0x01 type=3 schema=0 frag=0x01 seq=893 rssi=- snr=- st=0 rx=5 deaf=193488
2026-09-18T22:40:10Z,CHAN,26760,26765627,1000,100,0,9,0,-1010,-1160,-1135
2026-09-18T22:40:15Z,FRAME #893 tx t=26771512 peer=0x02 type=3 schema=0 frag=0x01 seq=894 rssi=- snr=- st=0 rx=5 deaf=193705
2026-09-18T22:40:19Z,CHANSUM,26710,26769,60,60012,5957,42,51,0,4,0,-900,-1160,-1150,-1159
2026-09-18T22:41:01Z,CHAN,26811,26816630,1000,100,0,1,0,-1100,-1160,-1146
2026-09-18T22:41:02Z,CHAN,26812,26817630,1000,100,0,1,0,-1090,-1160,-1147
2026-09-18T22:41:05Z,FRAME #894 tx t=26821511 peer=0x01 type=3 schema=0 frag=0x01 seq=895 rssi=- snr=- st=0 rx=5 deaf=193918
2026-09-18T22:41:08Z,CHAN,26818,26823639,1000,100,0,28,0,-900,-1160,-1077
2026-09-18T22:41:09Z,CHAN,26819,26824639,1000,100,0,18,0,-900,-1160,-1102
2026-09-18T22:41:15Z,FRAME #895 tx t=26831514 peer=0x02 type=3 schema=0 frag=0x01 seq=896 rssi=- snr=- st=0 rx=5 deaf=194135
2026-09-18T22:41:19Z,CHANSUM,26770,26829,60,60012,5957,42,48,0,4,0,-900,-1170,-1150,-1160
2026-09-18T22:42:05Z,FRAME #896 tx t=26881507 peer=0x01 type=3 schema=0 frag=0x01 seq=897 rssi=- snr=- st=0 rx=5 deaf=194352
2026-09-18T22:42:16Z,FRAME #897 tx t=26892461 peer=0x02 type=3 schema=0 frag=0x01 seq=898 rssi=- snr=- st=0 rx=5 deaf=194594
2026-09-18T22:42:19Z,CHANSUM,26830,26889,60,60007,5953,44,0,0,0,0,-1110,-1160,-1150,-1159
2026-09-18T22:42:20Z,CHAN,26890,26895649,1000,100,0,9,0,-1000,-1160,-1134
2026-09-18T22:42:46Z,CHAN,26916,26921649,1000,100,0,1,0,-940,-1160,-1144
2026-09-18T22:43:02Z,CHAN,26932,26937649,1000,100,0,3,0,-1080,-1160,-1145
2026-09-18T22:43:05Z,FRAME #898 tx t=26941510 peer=0x01 type=3 schema=0 frag=0x01 seq=899 rssi=- snr=- st=0 rx=5 deaf=194807
2026-09-18T22:43:15Z,FRAME #899 tx t=26951513 peer=0x02 type=3 schema=0 frag=0x01 seq=900 rssi=- snr=- st=0 rx=5 deaf=195024
2026-09-18T22:43:19Z,CHANSUM,26890,26949,60,60012,5957,42,13,0,3,0,-940,-1160,-1150,-1159
2026-09-18T22:43:54Z,CHAN,26984,26989661,1000,100,0,1,0,-920,-1160,-1144
2026-09-18T22:43:55Z,CHAN,26985,26990661,1000,100,0,4,0,-900,-1160,-1138
2026-09-18T22:44:05Z,FRAME #900 tx t=27001512 peer=0x01 type=3 schema=0 frag=0x01 seq=901 rssi=- snr=- st=0 rx=5 deaf=195237
2026-09-18T22:44:07Z,CHAN,26997,27002670,1000,100,0,1,0,-1090,-1160,-1146
2026-09-18T22:44:15Z,FRAME #901 tx t=27011515 peer=0x02 type=3 schema=0 frag=0x01 seq=902 rssi=- snr=- st=0 rx=5 deaf=195454
2026-09-18T22:44:19Z,CHANSUM,26950,27009,60,60012,5957,42,6,0,3,0,-900,-1160,-1150,-1159
2026-09-18T22:45:01Z,CHAN,27051,27056673,1000,100,0,1,0,-1100,-1160,-1147
2026-09-18T22:45:02Z,CHAN,27052,27057673,1000,100,0,1,0,-1100,-1160,-1147
2026-09-18T22:45:05Z,FRAME #902 tx t=27061508 peer=0x01 type=3 schema=0 frag=0x01 seq=903 rssi=- snr=- st=0 rx=5 deaf=195671
2026-09-18T22:45:06Z,CHAN,27056,27061675,1001,96,4,1,0,-1100,-1160,-1147
2026-09-18T22:45:15Z,FRAME #903 tx t=27071511 peer=0x02 type=3 schema=0 frag=0x01 seq=904 rssi=- snr=- st=0 rx=5 deaf=195888
2026-09-18T22:45:19Z,CHANSUM,27010,27069,60,60006,5956,42,3,0,3,0,-1100,-1160,-1150,-1159
2026-09-18T22:45:25Z,CHAN,27075,27080679,1000,100,0,9,0,-1030,-1160,-1138
2026-09-18T22:45:34Z,CHAN,27084,27089679,1000,100,0,46,0,-900,-1160,-1060
2026-09-18T22:45:35Z,CHAN,27085,27090679,1000,100,0,31,0,-900,-1160,-1082
2026-09-18T22:45:49Z,CHAN,27099,27104679,1000,100,0,1,0,-960,-1160,-1145
2026-09-18T22:46:03Z,CHAN,27113,27118679,1000,100,0,1,0,-1100,-1160,-1147
2026-09-18T22:46:04Z,CHAN,27114,27119679,1000,100,0,1,0,-1100,-1160,-1143
2026-09-18T22:46:05Z,FRAME #904 tx t=27121510 peer=0x01 type=3 schema=0 frag=0x01 seq=905 rssi=- snr=- st=0 rx=5 deaf=196101
2026-09-18T22:46:05Z,CHAN,27115,27120679,1007,82,18,1,0,-1100,-1160,-1147
2026-09-18T22:46:15Z,FRAME #905 tx t=27131513 peer=0x02 type=3 schema=0 frag=0x01 seq=906 rssi=- snr=- st=0 rx=5 deaf=196318
2026-09-18T22:46:19Z,CHANSUM,27070,27129,60,60012,5957,42,90,0,7,0,-900,-1160,-1150,-1159
2026-09-18T22:46:49Z,CHAN,27159,27164691,1000,100,0,1,0,-1090,-1160,-1148
2026-09-18T22:47:02Z,CHAN,27172,27177691,1000,100,0,2,0,-1080,-1160,-1147
2026-09-18T22:47:05Z,FRAME #906 tx t=27181512 peer=0x01 type=3 schema=0 frag=0x01 seq=907 rssi=- snr=- st=0 rx=5 deaf=196531
2026-09-18T22:47:15Z,FRAME #907 tx t=27191515 peer=0x02 type=3 schema=0 frag=0x01 seq=908 rssi=- snr=- st=0 rx=5 deaf=196748
2026-09-18T22:47:19Z,CHANSUM,27130,27189,60,60012,5957,42,3,0,2,0,-1080,-1170,-1160,-1160
2026-09-18T22:47:35Z,CHAN,27205,27210703,1000,100,0,9,0,-1040,-1160,-1137
2026-09-18T22:47:53Z,CHAN,27223,27228703,1000,100,0,2,0,-960,-1160,-1145
2026-09-18T22:48:00Z,CHAN,27230,27235703,1000,100,0,1,0,-1100,-1160,-1147
2026-09-18T22:48:03Z,CHAN,27233,27238703,1000,100,0,1,0,-1100,-1160,-1147
2026-09-18T22:48:05Z,FRAME #908 tx t=27241508 peer=0x01 type=3 schema=0 frag=0x01 seq=909 rssi=- snr=- st=0 rx=5 deaf=196965
2026-09-18T22:48:15Z,FRAME #909 tx t=27251511 peer=0x02 type=3 schema=0 frag=0x01 seq=910 rssi=- snr=- st=0 rx=5 deaf=197182
2026-09-18T22:48:19Z,CHANSUM,27190,27249,60,60016,5957,42,13,0,4,0,-960,-1160,-1150,-1159
2026-09-18T22:49:01Z,CHAN,27291,27296719,1000,100,0,9,0,-910,-1160,-1127
2026-09-18T22:49:05Z,FRAME #910 tx t=27301510 peer=0x01 type=3 schema=0 frag=0x01 seq=911 rssi=- snr=- st=0 rx=5 deaf=197395
2026-09-18T22:49:05Z,CHAN,27295,27300719,1009,79,21,1,0,-1100,-1160,-1147
2026-09-18T22:49:15Z,FRAME #911 tx t=27311513 peer=0x02 type=3 schema=0 frag=0x01 seq=912 rssi=- snr=- st=0 rx=5 deaf=197612
2026-09-18T22:49:19Z,CHANSUM,27250,27309,60,60012,5957,42,10,0,2,0,-910,-1160,-1150,-1159
2026-09-18T22:50:05Z,FRAME #912 tx t=27361512 peer=0x01 type=3 schema=0 frag=0x01 seq=913 rssi=- snr=- st=0 rx=5 deaf=197825
2026-09-18T22:50:15Z,FRAME #913 tx t=27371515 peer=0x02 type=3 schema=0 frag=0x01 seq=914 rssi=- snr=- st=0 rx=5 deaf=198042
2026-09-18T22:50:19Z,CHANSUM,27310,27369,60,60012,5957,42,0,0,0,0,-1120,-1160,-1160,-1160
2026-09-18T22:50:34Z,CHAN,27384,27389743,1000,100,0,8,0,-910,-1160,-1128
2026-09-18T22:51:01Z,CHAN,27411,27416743,1000,100,0,9,0,-910,-1160,-1135
2026-09-18T22:51:05Z,FRAME #914 tx t=27421508 peer=0x01 type=3 schema=0 frag=0x01 seq=915 rssi=- snr=- st=0 rx=5 deaf=198259
2026-09-18T22:51:15Z,FRAME #915 tx t=27431511 peer=0x02 type=3 schema=0 frag=0x01 seq=916 rssi=- snr=- st=0 rx=5 deaf=198476
2026-09-18T22:51:17Z,CHAN,27427,27432749,1000,100,0,1,0,-1100,-1160,-1145
2026-09-18T22:51:19Z,CHANSUM,27370,27429,60,60006,5956,42,18,0,3,0,-910,-1170,-1150,-1160
2026-09-18T22:52:05Z,FRAME #916 tx t=27481510 peer=0x01 type=3 schema=0 frag=0x01 seq=917 rssi=- snr=- st=0 rx=5 deaf=198689
2026-09-18T22:52:05Z,CHAN,27475,27480749,1009,79,21,1,0,-1090,-1160,-1146
2026-09-18T22:52:15Z,FRAME #917 tx t=27491513 peer=0x02 type=3 schema=0 frag=0x01 seq=918 rssi=- snr=- st=0 rx=5 deaf=198906
2026-09-18T22:52:19Z,CHANSUM,27430,27489,60,60012,5957,42,1,0,1,0,-1090,-1160,-1150,-1159
2026-09-18T22:53:00Z,CHAN,27530,27535761,1000,100,0,2,0,-950,-1160,-1144
2026-09-18T22:53:01Z,CHAN,27531,27536761,1000,100,0,1,0,-1090,-1160,-1146
2026-09-18T22:53:04Z,CHAN,27534,27539761,1000,100,0,3,0,-910,-1160,-1140
2026-09-18T22:53:05Z,FRAME #918 tx t=27541512 peer=0x01 type=3 schema=0 frag=0x01 seq=919 rssi=- snr=- st=0 rx=5 deaf=199119
2026-09-18T22:53:06Z,CHAN,27536,27541770,1000,100,0,1,0,-1100,-1160,-1147
2026-09-18T22:53:15Z,FRAME #919 tx t=27551515 peer=0x02 type=3 schema=0 frag=0x01 seq=920 rssi=- snr=- st=0 rx=5 deaf=199336
2026-09-18T22:53:19Z,CHANSUM,27490,27549,60,60012,5957,42,7,0,4,0,-910,-1160,-1150,-1159
2026-09-18T22:54:05Z,FRAME #920 tx t=27601508 peer=0x01 type=3 schema=0 frag=0x01 seq=921 rssi=- snr=- st=0 rx=5 deaf=199553
2026-09-18T22:54:15Z,FRAME #921 tx t=27611511 peer=0x02 type=3 schema=0 frag=0x01 seq=922 rssi=- snr=- st=0 rx=5 deaf=199770
2026-09-18T22:54:19Z,CHANSUM,27550,27609,60,60006,5956,42,0,0,0,0,-1110,-1160,-1150,-1159
2026-09-18T22:54:20Z,CHAN,27610,27615779,1000,100,0,3,0,-900,-1160,-1140
2026-09-18T22:54:59Z,CHAN,27649,27654779,1000,100,0,1,0,-1100,-1160,-1143
2026-09-18T22:55:05Z,FRAME #922 tx t=27661510 peer=0x01 type=3 schema=0 frag=0x01 seq=923 rssi=- snr=- st=0 rx=5 deaf=199983
2026-09-18T22:55:05Z,CHAN,27655,27660779,1009,79,21,1,0,-1100,-1160,-1147
2026-09-18T22:55:15Z,FRAME #923 tx t=27671513 peer=0x02 type=3 schema=0 frag=0x01 seq=924 rssi=- snr=- st=0 rx=5 deaf=200200
2026-09-18T22:55:18Z,CHAN,27668,27673791,1000,100,0,9,0,-890,-1160,-1125
2026-09-18T22:55:19Z,CHANSUM,27610,27669,60,60012,5957,42,14,0,4,0,-890,-1170,-1160,-1160
2026-09-18T22:56:05Z,FRAME #924 tx t=27721512 peer=0x01 type=3 schema=0 frag=0x01 seq=925 rssi=- snr=- st=0 rx=5 deaf=200413
2026-09-18T22:56:15Z,FRAME #925 tx t=27731515 peer=0x02 type=3 schema=0 frag=0x01 seq=926 rssi=- snr=- st=0 rx=5 deaf=200630
2026-09-18T22:56:19Z,CHANSUM,27670,27729,60,60012,5957,42,0,0,0,0,-1110,-1170,-1150,-1160
2026-09-18T22:57:05Z,FRAME #926 tx t=27781508 peer=0x01 type=3 schema=0 frag=0x01 seq=927 rssi=- snr=- st=0 rx=5 deaf=200847
2026-09-18T22:57:12Z,CHAN,27782,27787806,1000,100,0,1,0,-1090,-1160,-1146
2026-09-18T22:57:13Z,CHAN,27783,27788806,1000,100,0,1,0,-1100,-1160,-1144
2026-09-18T22:57:15Z,FRAME #927 tx t=27791511 peer=0x02 type=3 schema=0 frag=0x01 seq=928 rssi=- snr=- st=0 rx=5 deaf=201064
2026-09-18T22:57:19Z,CHANSUM,27730,27789,60,60006,5956,42,2,0,2,0,-1090,-1170,-1150,-1160
2026-09-18T22:57:42Z,CHAN,27812,27817809,1000,100,0,1,0,-1100,-1150,-1142
2026-09-18T22:58:04Z,CHAN,27834,27839809,1000,100,0,1,0,-1090,-1160,-1147
2026-09-18T22:58:05Z,FRAME #928 tx t=27841510 peer=0x01 type=3 schema=0 frag=0x01 seq=929 rssi=- snr=- st=0 rx=5 deaf=201277
2026-09-18T22:58:15Z,FRAME #929 tx t=27851513 peer=0x02 type=3 schema=0 frag=0x01 seq=930 rssi=- snr=- st=0 rx=5 deaf=201494
2026-09-18T22:58:19Z,CHANSUM,27790,27849,60,60012,5957,42,2,0,2,0,-1090,-1170,-1150,-1160
2026-09-18T22:58:32Z,CHAN,27862,27867821,1000,100,0,3,0,-1060,-1160,-1145
2026-09-18T22:59:01Z,CHAN,27891,27896821,1000,100,0,1,0,-1100,-1160,-1146
2026-09-18T22:59:05Z,FRAME #930 tx t=27901512 peer=0x01 type=3 schema=0 frag=0x01 seq=931 rssi=- snr=- st=0 rx=5 deaf=201707
2026-09-18T22:59:15Z,FRAME #931 tx t=27911515 peer=0x02 type=3 schema=0 frag=0x01 seq=932 rssi=- snr=- st=0 rx=5 deaf=201924
2026-09-18T22:59:19Z,CHANSUM,27850,27909,60,60012,5957,42,4,0,2,0,-1060,-1170,-1150,-1160
2026-09-18T23:00:03Z,CHAN,27953,27958833,1000,100,0,1,0,-1100,-1160,-1145
2026-09-18T23:00:05Z,FRAME #932 tx t=27961508 peer=0x01 type=3 schema=0 frag=0x01 seq=933 rssi=- snr=- st=0 rx=5 deaf=202141
2026-09-18T23:00:15Z,FRAME #933 tx t=27971511 peer=0x02 type=3 schema=0 frag=0x01 seq=934 rssi=- snr=- st=0 rx=5 deaf=202358
2026-09-18T23:00:19Z,CHANSUM,27910,27969,60,60006,5956,42,1,0,1,0,-1100,-1170,-1150,-1160
2026-09-18T23:01:05Z,FRAME #934 tx t=28021510 peer=0x01 type=3 schema=0 frag=0x01 seq=935 rssi=- snr=- st=0 rx=5 deaf=202571
2026-09-18T23:01:05Z,CHAN,28015,28020839,1009,79,21,2,0,-1100,-1160,-1146
2026-09-18T23:01:10Z,CHAN,28020,28025848,1000,100,0,9,0,-1000,-1160,-1135
2026-09-18T23:01:15Z,FRAME #935 tx t=28031513 peer=0x02 type=3 schema=0 frag=0x01 seq=936 rssi=- snr=- st=0 rx=5 deaf=202788
2026-09-18T23:01:19Z,CHANSUM,27970,28029,60,60012,5957,42,11,0,2,0,-1000,-1160,-1160,-1160
2026-09-18T23:02:04Z,CHAN,28074,28079851,1000,100,0,1,0,-1100,-1160,-1147
2026-09-18T23:02:05Z,FRAME #936 tx t=28081512 peer=0x01 type=3 schema=0 frag=0x01 seq=937 rssi=- snr=- st=0 rx=5 deaf=203001
2026-09-18T23:02:15Z,FRAME #937 tx t=28091515 peer=0x02 type=3 schema=0 frag=0x01 seq=938 rssi=- snr=- st=0 rx=5 deaf=203218
2026-09-18T23:02:19Z,CHANSUM,28030,28089,60,60012,5957,42,1,0,1,0,-1100,-1160,-1150,-1159
2026-09-18T23:03:05Z,FRAME #938 tx t=28141508 peer=0x01 type=3 schema=0 frag=0x01 seq=939 rssi=- snr=- st=0 rx=5 deaf=203435
2026-09-18T23:03:15Z,FRAME #939 tx t=28151511 peer=0x02 type=3 schema=0 frag=0x01 seq=940 rssi=- snr=- st=0 rx=5 deaf=203652
2026-09-18T23:03:15Z,CHAN,28145,28150866,1003,78,21,1,0,-1010,-1160,-1147
2026-09-18T23:03:19Z,CHANSUM,28090,28149,60,60006,5956,42,1,0,1,0,-1010,-1160,-1150,-1159
2026-09-18T23:03:20Z,CHAN,28150,28155869,1000,100,0,9,0,-1030,-1160,-1138
2026-09-18T23:03:38Z,CHAN,28168,28173869,1000,100,0,1,0,-1090,-1160,-1147
2026-09-18T23:04:05Z,FRAME #940 tx t=28201510 peer=0x01 type=3 schema=0 frag=0x01 seq=941 rssi=- snr=- st=0 rx=5 deaf=203865
2026-09-18T23:04:15Z,FRAME #941 tx t=28211513 peer=0x02 type=3 schema=0 frag=0x01 seq=942 rssi=- snr=- st=0 rx=5 deaf=204082
2026-09-18T23:04:19Z,CHANSUM,28150,28209,60,60012,5957,42,10,0,2,0,-1030,-1160,-1160,-1160
2026-09-18T23:05:06Z,FRAME #942 tx t=28262083 peer=0x01 type=3 schema=0 frag=0x01 seq=943 rssi=- snr=- st=0 rx=5 deaf=204320
2026-09-18T23:05:10Z,CHAN,28260,28265891,1000,100,0,1,0,-1100,-1160,-1148
2026-09-18T23:05:15Z,FRAME #943 tx t=28271516 peer=0x02 type=3 schema=0 frag=0x01 seq=944 rssi=- snr=- st=0 rx=5 deaf=204537
2026-09-18T23:05:20Z,CHANSUM,28210,28269,60,60013,5954,44,1,0,1,0,-1100,-1160,-1160,-1160
2026-09-18T23:05:24Z,CHAN,28273,28278894,1000,100,0,4,0,-900,-1160,-1140
2026-09-18T23:06:05Z,FRAME #944 tx t=28321726 peer=0x01 type=3 schema=0 frag=0x01 seq=945 rssi=- snr=- st=0 rx=5 deaf=204775
2026-09-18T23:06:06Z,CHAN,28315,28320894,1008,79,20,1,0,-1100,-1160,-1147
2026-09-18T23:06:15Z,FRAME #945 tx t=28331505 peer=0x02 type=3 schema=0 frag=0x01 seq=946 rssi=- snr=- st=0 rx=5 deaf=204988
2026-09-18T23:06:20Z,CHANSUM,28270,28329,60,60019,5955,44,5,0,2,0,-900,-1160,-1160,-1160
2026-09-18T23:06:24Z,CHAN,28333,28338913,1000,100,0,2,0,-1100,-1160,-1145
2026-09-18T23:07:02Z,CHAN,28371,28376913,1000,100,0,1,0,-1100,-1160,-1147
2026-09-18T23:07:05Z,FRAME #946 tx t=28381504 peer=0x01 type=3 schema=0 frag=0x01 seq=947 rssi=- snr=- st=0 rx=5 deaf=205201
2026-09-18T23:07:15Z,FRAME #947 tx t=28391507 peer=0x02 type=3 schema=0 frag=0x01 seq=948 rssi=- snr=- st=0 rx=5 deaf=205418
2026-09-18T23:07:20Z,CHANSUM,28330,28389,60,60012,5957,42,3,0,2,0,-1100,-1160,-1150,-1159
2026-09-18T23:07:24Z,CHAN,28393,28398925,1000,100,0,4,0,-1090,-1160,-1146
2026-09-18T23:08:05Z,FRAME #948 tx t=28441506 peer=0x01 type=3 schema=0 frag=0x01 seq=949 rssi=- snr=- st=0 rx=5 deaf=205631
2026-09-18T23:08:15Z,FRAME #949 tx t=28451509 peer=0x02 type=3 schema=0 frag=0x01 seq=950 rssi=- snr=- st=0 rx=5 deaf=205848
2026-09-18T23:08:20Z,CHANSUM,28390,28449,60,60012,5957,42,4,0,1,0,-1090,-1160,-1160,-1160
2026-09-18T23:09:05Z,FRAME #950 tx t=28501508 peer=0x01 type=3 schema=0 frag=0x01 seq=951 rssi=- snr=- st=0 rx=5 deaf=206061
2026-09-18T23:09:15Z,FRAME #951 tx t=28511511 peer=0x02 type=3 schema=0 frag=0x01 seq=952 rssi=- snr=- st=0 rx=5 deaf=206278
2026-09-18T23:09:20Z,CHANSUM,28450,28509,60,60012,5957,42,0,0,0,0,-1110,-1170,-1150,-1159
2026-09-18T23:10:05Z,FRAME #952 tx t=28561510 peer=0x01 type=3 schema=0 frag=0x01 seq=953 rssi=- snr=- st=0 rx=5 deaf=206491
2026-09-18T23:10:15Z,FRAME #953 tx t=28571513 peer=0x02 type=3 schema=0 frag=0x01 seq=954 rssi=- snr=- st=0 rx=5 deaf=206708
2026-09-18T23:10:20Z,CHANSUM,28510,28569,60,60012,5957,42,0,0,0,0,-1110,-1170,-1150,-1159
2026-09-18T23:11:05Z,FRAME #954 tx t=28621512 peer=0x01 type=3 schema=0 frag=0x01 seq=955 rssi=- snr=- st=0 rx=5 deaf=206921
2026-09-18T23:11:15Z,FRAME #955 tx t=28631515 peer=0x02 type=3 schema=0 frag=0x01 seq=956 rssi=- snr=- st=0 rx=5 deaf=207138
2026-09-18T23:11:20Z,CHANSUM,28570,28629,60,60012,5957,42,0,0,0,0,-1120,-1160,-1150,-1159
2026-09-18T23:12:01Z,CHAN,28670,28675973,1000,100,0,8,0,-900,-1160,-1127
2026-09-18T23:12:02Z,CHAN,28671,28676973,1000,100,0,29,0,-900,-1160,-1075
2026-09-18T23:12:05Z,FRAME #956 tx t=28681508 peer=0x01 type=3 schema=0 frag=0x01 seq=957 rssi=- snr=- st=0 rx=5 deaf=207355
2026-09-18T23:12:10Z,CHAN,28679,28684976,1000,100,0,13,0,-900,-1160,-1116
2026-09-18T23:12:11Z,CHAN,28680,28685976,1000,100,0,50,0,-900,-1150,-1029
2026-09-18T23:12:12Z,CHAN,28681,28686976,1000,100,0,16,0,-900,-1160,-1108
2026-09-18T23:12:13Z,CHAN,28682,28687976,1000,100,0,1,0,-1100,-1160,-1146
2026-09-18T23:12:15Z,FRAME #957 tx t=28691511 peer=0x02 type=3 schema=0 frag=0x01 seq=958 rssi=- snr=- st=0 rx=5 deaf=207572
2026-09-18T23:12:18Z,CHAN,28687,28692979,1000,100,0,27,0,-900,-1160,-1081
2026-09-18T23:12:19Z,CHAN,28688,28693979,1000,100,0,10,0,-900,-1160,-1124
2026-09-18T23:12:20Z,CHANSUM,28630,28689,60,60006,5956,42,154,0,8,0,-900,-1170,-1150,-1159
2026-09-18T23:12:43Z,CHAN,28712,28717979,1000,100,0,1,0,-1080,-1160,-1145
2026-09-18T23:12:53Z,CHAN,28722,28727979,1000,100,0,22,0,-900,-1160,-1091
2026-09-18T23:12:54Z,CHAN,28723,28728979,1000,100,0,5,0,-900,-1150,-1134
2026-09-18T23:13:05Z,FRAME #958 tx t=28741510 peer=0x01 type=3 schema=0 frag=0x01 seq=959 rssi=- snr=- st=0 rx=5 deaf=207785
2026-09-18T23:13:06Z,CHAN,28735,28740979,1009,79,21,16,0,-890,-1160,-1102
2026-09-18T23:13:07Z,CHAN,28736,28741988,1000,100,0,36,0,-900,-1160,-1067
2026-09-18T23:13:11Z,CHAN,28740,28745988,1000,100,0,22,0,-900,-1160,-1095
2026-09-18T23:13:12Z,CHAN,28741,28746988,1000,100,0,28,0,-900,-1160,-1083
2026-09-18T23:13:13Z,CHAN,28742,28747988,1000,100,0,16,0,-900,-1160,-1113
2026-09-18T23:13:15Z,FRAME #959 tx t=28751513 peer=0x02 type=3 schema=0 frag=0x01 seq=960 rssi=- snr=- st=0 rx=5 deaf=208002
2026-09-18T23:13:20Z,CHANSUM,28690,28749,60,60012,5957,42,146,0,8,0,-890,-1160,-1150,-1159
2026-09-18T23:13:30Z,CHAN,28759,28764991,1000,100,0,1,0,-1000,-1160,-1145
2026-09-18T23:13:34Z,CHAN,28763,28768991,1000,100,0,1,0,-1100,-1160,-1141
2026-09-18T23:13:39Z,CHAN,28768,28773991,1000,100,0,9,0,-910,-1160,-1126
2026-09-18T23:14:05Z,FRAME #960 tx t=28801512 peer=0x01 type=3 schema=0 frag=0x01 seq=961 rssi=- snr=- st=0 rx=5 deaf=208215
2026-09-18T23:14:06Z,CHAN,28795,28800991,1009,79,21,1,0,-1100,-1160,-1145
2026-09-18T23:14:14Z,CHAN,28803,28809000,1000,100,0,2,0,-1070,-1160,-1145
2026-09-18T23:14:15Z,FRAME #961 tx t=28811515 peer=0x02 type=3 schema=0 frag=0x01 seq=962 rssi=- snr=- st=0 rx=5 deaf=208432
2026-09-18T23:14:20Z,CHANSUM,28750,28809,60,60012,5957,42,14,0,5,0,-910,-1170,-1150,-1160
2026-09-18T23:14:51Z,CHAN,28840,28846003,1000,100,0,9,0,-970,-1160,-1131
2026-09-18T23:15:05Z,FRAME #962 tx t=28861508 peer=0x01 type=3 schema=0 frag=0x01 seq=963 rssi=- snr=- st=0 rx=5 deaf=208649
2026-09-18T23:15:15Z,FRAME #963 tx t=28871511 peer=0x02 type=3 schema=0 frag=0x01 seq=964 rssi=- snr=- st=0 rx=5 deaf=208866
2026-09-18T23:15:20Z,CHANSUM,28810,28869,60,60006,5956,42,9,0,1,0,-970,-1160,-1150,-1159
2026-09-18T23:15:49Z,CHAN,28898,28904009,1000,100,0,4,0,-920,-1160,-1137
2026-09-18T23:16:05Z,FRAME #964 tx t=28921510 peer=0x01 type=3 schema=0 frag=0x01 seq=965 rssi=- snr=- st=0 rx=5 deaf=209079
2026-09-18T23:16:15Z,FRAME #965 tx t=28931513 peer=0x02 type=3 schema=0 frag=0x01 seq=966 rssi=- snr=- st=0 rx=5 deaf=209296
2026-09-18T23:16:20Z,CHANSUM,28870,28929,60,60012,5957,42,4,0,1,0,-920,-1160,-1150,-1158
2026-09-18T23:17:01Z,CHAN,28970,28976021,1000,100,0,9,0,-1020,-1160,-1136
2026-09-18T23:17:05Z,FRAME #966 tx t=28981512 peer=0x01 type=3 schema=0 frag=0x01 seq=967 rssi=- snr=- st=0 rx=5 deaf=209509
2026-09-18T23:17:15Z,FRAME #967 tx t=28991515 peer=0x02 type=3 schema=0 frag=0x01 seq=968 rssi=- snr=- st=0 rx=5 deaf=209726
2026-09-18T23:17:20Z,CHANSUM,28930,28989,60,60012,5957,42,9,0,1,0,-1020,-1160,-1150,-1159
2026-09-18T23:17:44Z,CHAN,29013,29019033,1000,100,0,1,0,-1080,-1160,-1145
2026-09-18T23:18:05Z,FRAME #968 tx t=29041508 peer=0x01 type=3 schema=0 frag=0x01 seq=969 rssi=- snr=- st=0 rx=5 deaf=209943
2026-09-18T23:18:12Z,CHAN,29041,29047036,1000,100,0,6,0,-930,-1160,-1133
2026-09-18T23:18:15Z,FRAME #969 tx t=29051511 peer=0x02 type=3 schema=0 frag=0x01 seq=970 rssi=- snr=- st=0 rx=5 deaf=210160
2026-09-18T23:18:20Z,CHANSUM,28990,29049,60,60006,5956,42,7,0,2,0,-930,-1170,-1150,-1159
2026-09-18T23:19:05Z,FRAME #970 tx t=29101510 peer=0x01 type=3 schema=0 frag=0x01 seq=971 rssi=- snr=- st=0 rx=5 deaf=210373
2026-09-18T23:19:15Z,CHAN,29104,29110048,1000,100,0,1,0,-1100,-1160,-1147
2026-09-18T23:19:15Z,FRAME #971 tx t=29111513 peer=0x02 type=3 schema=0 frag=0x01 seq=972 rssi=- snr=- st=0 rx=5 deaf=210590
2026-09-18T23:19:20Z,CHANSUM,29050,29109,60,60012,5957,42,1,0,1,0,-1100,-1160,-1150,-1159
2026-09-18T23:20:05Z,FRAME #972 tx t=29161512 peer=0x01 type=3 schema=0 frag=0x01 seq=973 rssi=- snr=- st=0 rx=5 deaf=210803
2026-09-18T23:20:06Z,CHAN,29155,29161051,1009,79,21,9,0,-1000,-1160,-1131
2026-09-18T23:20:15Z,FRAME #973 tx t=29171515 peer=0x02 type=3 schema=0 frag=0x01 seq=974 rssi=- snr=- st=0 rx=5 deaf=211020
2026-09-18T23:20:20Z,CHANSUM,29110,29169,60,60012,5957,42,9,0,1,0,-1000,-1160,-1150,-1158
2026-09-18T23:20:54Z,CHAN,29203,29209063,1000,100,0,5,0,-1070,-1160,-1143
2026-09-18T23:21:05Z,FRAME #974 tx t=29221508 peer=0x01 type=3 schema=0 frag=0x01 seq=975 rssi=- snr=- st=0 rx=5 deaf=211237
2026-09-18T23:21:15Z,FRAME #975 tx t=29231511 peer=0x02 type=3 schema=0 frag=0x01 seq=976 rssi=- snr=- st=0 rx=5 deaf=211454
2026-09-18T23:21:16Z,CHAN,29225,29231066,1003,78,21,1,0,-1090,-1170,-1146
2026-09-18T23:21:20Z,CHANSUM,29170,29229,60,60006,5956,42,6,0,2,0,-1070,-1170,-1150,-1159
2026-09-18T23:21:26Z,CHAN,29235,29241069,1000,100,0,3,0,-1080,-1170,-1145
2026-09-18T23:21:52Z,CHAN,29261,29267069,1000,100,0,1,0,-1100,-1160,-1147
2026-09-18T23:22:05Z,FRAME #976 tx t=29281510 peer=0x01 type=3 schema=0 frag=0x01 seq=977 rssi=- snr=- st=0 rx=5 deaf=211667
2026-09-18T23:22:06Z,CHAN,29275,29281069,1009,79,21,1,0,-1100,-1160,-1145
2026-09-18T23:22:15Z,CHAN,29284,29290078,1000,100,0,3,0,-1010,-1160,-1142
2026-09-18T23:22:15Z,FRAME #977 tx t=29291513 peer=0x02 type=3 schema=0 frag=0x01 seq=978 rssi=- snr=- st=0 rx=5 deaf=211884
2026-09-18T23:22:16Z,CHAN,29285,29291078,1003,78,21,6,0,-1000,-1160,-1136
2026-09-18T23:22:20Z,CHANSUM,29230,29289,60,60012,5957,42,14,0,5,0,-1000,-1170,-1150,-1159
2026-09-18T23:23:05Z,FRAME #978 tx t=29341512 peer=0x01 type=3 schema=0 frag=0x01 seq=979 rssi=- snr=- st=0 rx=5 deaf=212097
2026-09-18T23:23:15Z,FRAME #979 tx t=29351515 peer=0x02 type=3 schema=0 frag=0x01 seq=980 rssi=- snr=- st=0 rx=5 deaf=212314
2026-09-18T23:23:20Z,CHANSUM,29290,29349,60,60012,5957,42,0,0,0,0,-1120,-1170,-1150,-1159
2026-09-18T23:23:25Z,CHAN,29354,29360093,1000,100,0,4,0,-890,-1160,-1136
2026-09-18T23:23:45Z,CHAN,29374,29380093,1000,100,0,2,0,-950,-1150,-1145
2026-09-18T23:24:05Z,FRAME #980 tx t=29401508 peer=0x01 type=3 schema=0 frag=0x01 seq=981 rssi=- snr=- st=0 rx=5 deaf=212531
2026-09-18T23:24:15Z,FRAME #981 tx t=29411511 peer=0x02 type=3 schema=0 frag=0x01 seq=982 rssi=- snr=- st=0 rx=5 deaf=212748
2026-09-18T23:24:20Z,CHANSUM,29350,29409,60,60006,5956,42,6,0,2,0,-890,-1160,-1150,-1159
2026-09-18T23:24:25Z,CHAN,29414,29420099,1000,100,0,8,0,-890,-1150,-1126
2026-09-18T23:25:05Z,FRAME #982 tx t=29461510 peer=0x01 type=3 schema=0 frag=0x01 seq=983 rssi=- snr=- st=0 rx=5 deaf=212961
2026-09-18T23:25:15Z,FRAME #983 tx t=29471513 peer=0x02 type=3 schema=0 frag=0x01 seq=984 rssi=- snr=- st=0 rx=5 deaf=213178
2026-09-18T23:25:20Z,CHANSUM,29410,29469,60,60012,5957,42,8,0,1,0,-890,-1160,-1150,-1158
2026-09-18T23:26:05Z,FRAME #984 tx t=29521512 peer=0x01 type=3 schema=0 frag=0x01 seq=985 rssi=- snr=- st=0 rx=5 deaf=213391
2026-09-18T23:26:15Z,FRAME #985 tx t=29531515 peer=0x02 type=3 schema=0 frag=0x01 seq=986 rssi=- snr=- st=0 rx=5 deaf=213608
2026-09-18T23:26:20Z,CHANSUM,29470,29529,60,60012,5957,42,0,0,0,0,-1110,-1170,-1150,-1159
2026-09-18T23:26:33Z,CHAN,29542,29548123,1000,100,0,1,0,-1100,-1160,-1148
2026-09-18T23:27:02Z,CHAN,29571,29577123,1000,100,0,1,0,-1100,-1160,-1146
2026-09-18T23:27:05Z,CHAN,29574,29580123,1000,100,0,1,0,-1100,-1160,-1147
2026-09-18T23:27:05Z,FRAME #986 tx t=29581508 peer=0x01 type=3 schema=0 frag=0x01 seq=987 rssi=- snr=- st=0 rx=5 deaf=213825
2026-09-18T23:27:07Z,CHAN,29576,29582126,1000,100,0,1,0,-1100,-1160,-1147
2026-09-18T23:27:15Z,FRAME #987 tx t=29591511 peer=0x02 type=3 schema=0 frag=0x01 seq=988 rssi=- snr=- st=0 rx=5 deaf=214042
2026-09-18T23:27:20Z,CHANSUM,29530,29589,60,60006,5956,42,4,0,4,0,-1100,-1160,-1160,-1160
2026-09-18T23:28:05Z,FRAME #988 tx t=29641510 peer=0x01 type=3 schema=0 frag=0x01 seq=989 rssi=- snr=- st=0 rx=5 deaf=214255
2026-09-18T23:28:15Z,FRAME #989 tx t=29651513 peer=0x02 type=3 schema=0 frag=0x01 seq=990 rssi=- snr=- st=0 rx=5 deaf=214472
2026-09-18T23:28:20Z,CHANSUM,29590,29649,60,60012,5957,42,0,0,0,0,-1120,-1160,-1150,-1159
2026-09-18T23:29:02Z,CHAN,29691,29697141,1000,100,0,1,0,-1090,-1160,-1146
2026-09-18T23:29:05Z,FRAME #990 tx t=29701512 peer=0x01 type=3 schema=0 frag=0x01 seq=991 rssi=- snr=- st=0 rx=5 deaf=214685
2026-09-18T23:29:15Z,FRAME #991 tx t=29711515 peer=0x02 type=3 schema=0 frag=0x01 seq=992 rssi=- snr=- st=0 rx=5 deaf=214902
2026-09-18T23:29:20Z,CHANSUM,29650,29709,60,60012,5957,42,1,0,1,0,-1090,-1160,-1150,-1159
2026-09-18T23:29:58Z,CHAN,29747,29753153,1000,100,0,3,0,-1080,-1160,-1145
2026-09-18T23:30:05Z,FRAME #992 tx t=29761508 peer=0x01 type=3 schema=0 frag=0x01 seq=993 rssi=- snr=- st=0 rx=5 deaf=215119
2026-09-18T23:30:15Z,CHAN,29764,29770156,1000,100,0,5,0,-1090,-1160,-1145
2026-09-18T23:30:15Z,FRAME #993 tx t=29771511 peer=0x02 type=3 schema=0 frag=0x01 seq=994 rssi=- snr=- st=0 rx=5 deaf=215336
2026-09-18T23:30:20Z,CHANSUM,29710,29769,60,60006,5956,42,8,0,2,0,-1080,-1160,-1160,-1160
2026-09-18T23:30:45Z,CHAN,29794,29800159,1000,100,0,3,0,-1060,-1160,-1145
2026-09-18T23:31:06Z,CHAN,29815,29821159,1007,98,2,1,0,-1100,-1160,-1147
2026-09-18T23:31:06Z,FRAME #994 tx t=29822877 peer=0x01 type=3 schema=0 frag=0x01 seq=995 rssi=- snr=- st=0 rx=5 deaf=215570
2026-09-18T23:31:15Z,FRAME #995 tx t=29831506 peer=0x02 type=3 schema=0 frag=0x01 seq=996 rssi=- snr=- st=0 rx=5 deaf=215783
2026-09-18T23:31:20Z,CHANSUM,29770,29829,60,60025,5956,44,4,0,2,0,-1060,-1160,-1160,-1160
2026-09-18T23:31:35Z,CHAN,29844,29850184,1000,100,0,1,0,-960,-1160,-1145
2026-09-18T23:32:02Z,CHAN,29871,29877184,1000,100,0,1,0,-1090,-1160,-1147
2026-09-18T23:32:05Z,FRAME #996 tx t=29881505 peer=0x01 type=3 schema=0 frag=0x01 seq=997 rssi=- snr=- st=0 rx=5 deaf=215996
2026-09-18T23:32:15Z,FRAME #997 tx t=29891508 peer=0x02 type=3 schema=0 frag=0x01 seq=998 rssi=- snr=- st=0 rx=5 deaf=216213
2026-09-18T23:32:20Z,CHANSUM,29830,29889,60,60012,5957,42,2,0,2,0,-960,-1160,-1150,-1159
2026-09-18T23:32:33Z,CHAN,29902,29908196,1000,100,0,1,0,-1100,-1160,-1145
2026-09-18T23:32:41Z,CHAN,29910,29916196,1000,100,0,9,0,-1000,-1160,-1135
2026-09-18T23:32:43Z,CHAN,29912,29918196,1000,100,0,1,0,-1100,-1160,-1147
2026-09-18T23:33:05Z,FRAME #998 tx t=29941507 peer=0x01 type=3 schema=0 frag=0x01 seq=999 rssi=- snr=- st=0 rx=5 deaf=216426
2026-09-18T23:33:15Z,FRAME #999 tx t=29951510 peer=0x02 type=3 schema=0 frag=0x01 seq=1000 rssi=- snr=- st=0 rx=5 deaf=216643
2026-09-18T23:33:19Z,CHAN,29948,29954208,1000,100,0,5,0,-860,-1160,-1134
2026-09-18T23:33:20Z,CHANSUM,29890,29949,60,60012,5957,42,16,0,4,0,-860,-1170,-1150,-1159
2026-09-18T23:34:05Z,FRAME #1000 tx t=30001509 peer=0x01 type=3 schema=0 frag=0x01 seq=1001 rssi=- snr=- st=0 rx=5 deaf=216856
2026-09-18T23:34:15Z,FRAME #1001 tx t=30011512 peer=0x02 type=3 schema=0 frag=0x01 seq=1002 rssi=- snr=- st=0 rx=5 deaf=217073
2026-09-18T23:34:20Z,CHANSUM,29950,30009,60,60012,5957,42,0,0,0,0,-1110,-1160,-1160,-1160
2026-09-18T23:34:21Z,CHAN,30010,30016220,1000,100,0,1,0,-1100,-1160,-1146
2026-09-18T23:34:25Z,CHAN,30014,30020220,1000,100,0,2,0,-1100,-1160,-1144
2026-09-18T23:35:05Z,FRAME #1002 tx t=30061511 peer=0x01 type=3 schema=0 frag=0x01 seq=1003 rssi=- snr=- st=0 rx=5 deaf=217286
2026-09-18T23:35:15Z,FRAME #1003 tx t=30071514 peer=0x02 type=3 schema=0 frag=0x01 seq=1004 rssi=- snr=- st=0 rx=5 deaf=217503
2026-09-18T23:35:20Z,CHANSUM,30010,30069,60,60012,5957,42,3,0,2,0,-1100,-1170,-1160,-1160
2026-09-18T23:35:50Z,CHAN,30099,30105232,1000,100,0,9,0,-1000,-1160,-1134
2026-09-18T23:36:05Z,FRAME #1004 tx t=30121507 peer=0x01 type=3 schema=0 frag=0x01 seq=1005 rssi=- snr=- st=0 rx=5 deaf=217720
2026-09-18T23:36:15Z,FRAME #1005 tx t=30131510 peer=0x02 type=3 schema=0 frag=0x01 seq=1006 rssi=- snr=- st=0 rx=5 deaf=217937
2026-09-18T23:36:20Z,CHANSUM,30070,30129,60,60007,5956,42,9,0,1,0,-1000,-1170,-1150,-1159
2026-09-18T23:36:21Z,CHAN,30130,30136239,1000,100,0,1,0,-1100,-1160,-1147
2026-09-18T23:36:22Z,CHAN,30131,30137239,1000,100,0,8,0,-890,-1160,-1130
2026-09-18T23:37:05Z,FRAME #1006 tx t=30181510 peer=0x01 type=3 schema=0 frag=0x01 seq=1007 rssi=- snr=- st=0 rx=5 deaf=218151
2026-09-18T23:37:15Z,FRAME #1007 tx t=30191513 peer=0x02 type=3 schema=0 frag=0x01 seq=1008 rssi=- snr=- st=0 rx=5 deaf=218368
2026-09-18T23:37:20Z,CHANSUM,30130,30189,60,60012,5957,42,9,0,2,0,-890,-1160,-1150,-1159
2026-09-18T23:37:22Z,CHAN,30191,30197251,1000,100,0,3,0,-1090,-1160,-1145
2026-09-18T23:38:00Z,CHAN,30229,30235251,1000,100,0,9,0,-1000,-1160,-1135
2026-09-18T23:38:05Z,FRAME #1008 tx t=30241512 peer=0x01 type=3 schema=0 frag=0x01 seq=1009 rssi=- snr=- st=0 rx=5 deaf=218581
2026-09-18T23:38:15Z,FRAME #1009 tx t=30251515 peer=0x02 type=3 schema=0 frag=0x01 seq=1010 rssi=- snr=- st=0 rx=5 deaf=218798
2026-09-18T23:38:20Z,CHANSUM,30190,30249,60,60012,5957,42,12,0,2,0,-1000,-1170,-1150,-1160
2026-09-18T23:39:05Z,FRAME #1010 tx t=30301504 peer=0x01 type=3 schema=0 frag=0x01 seq=1011 rssi=- snr=- st=0 rx=5 deaf=219011
2026-09-18T23:39:16Z,FRAME #1011 tx t=30312368 peer=0x02 type=3 schema=0 frag=0x01 seq=1012 rssi=- snr=- st=0 rx=5 deaf=219253
2026-09-18T23:39:20Z,CHANSUM,30250,30309,60,60013,5954,44,0,0,0,0,-1110,-1170,-1150,-1159
2026-09-18T23:40:00Z,CHAN,30349,30355276,1000,100,0,1,0,-1100,-1160,-1146
2026-09-18T23:40:05Z,FRAME #1012 tx t=30361507 peer=0x01 type=3 schema=0 frag=0x01 seq=1013 rssi=- snr=- st=0 rx=5 deaf=219466
2026-09-18T23:40:15Z,FRAME #1013 tx t=30371510 peer=0x02 type=3 schema=0 frag=0x01 seq=1014 rssi=- snr=- st=0 rx=5 deaf=219683
2026-09-18T23:40:20Z,CHANSUM,30310,30369,60,60012,5957,42,1,0,1,0,-1100,-1160,-1150,-1159
2026-09-18T23:41:05Z,CHAN,30414,30420288,1000,100,0,9,0,-910,-1160,-1129
2026-09-18T23:41:05Z,FRAME #1014 tx t=30421509 peer=0x01 type=3 schema=0 frag=0x01 seq=1015 rssi=- snr=- st=0 rx=5 deaf=219896
2026-09-18T23:41:15Z,FRAME #1015 tx t=30431512 peer=0x02 type=3 schema=0 frag=0x01 seq=1016 rssi=- snr=- st=0 rx=5 deaf=220113
2026-09-18T23:41:20Z,CHANSUM,30370,30429,60,60012,5957,42,9,0,1,0,-910,-1170,-1160,-1160
2026-09-18T23:41:52Z,CHAN,30461,30467300,1000,100,0,1,0,-1100,-1160,-1149
2026-09-18T23:42:05Z,FRAME #1016 tx t=30481511 peer=0x01 type=3 schema=0 frag=0x01 seq=1017 rssi=- snr=- st=0 rx=5 deaf=220326
2026-09-18T23:42:15Z,FRAME #1017 tx t=30491514 peer=0x02 type=3 schema=0 frag=0x01 seq=1018 rssi=- snr=- st=0 rx=5 deaf=220543
2026-09-18T23:42:20Z,CHANSUM,30430,30489,60,60012,5957,42,1,0,1,0,-1100,-1160,-1160,-1160
2026-09-18T23:43:05Z,FRAME #1018 tx t=30541507 peer=0x01 type=3 schema=0 frag=0x01 seq=1019 rssi=- snr=- st=0 rx=5 deaf=220760
2026-09-18T23:43:15Z,CHAN,30544,30550315,1000,100,0,9,0,-940,-1160,-1130
2026-09-18T23:43:15Z,FRAME #1019 tx t=30551510 peer=0x02 type=3 schema=0 frag=0x01 seq=1020 rssi=- snr=- st=0 rx=5 deaf=220977
2026-09-18T23:43:20Z,CHANSUM,30490,30549,60,60006,5956,42,9,0,1,0,-940,-1170,-1160,-1160
2026-09-18T23:43:53Z,CHAN,30582,30588318,1000,100,0,1,0,-1090,-1160,-1146
2026-09-18T23:44:05Z,FRAME #1020 tx t=30601509 peer=0x01 type=3 schema=0 frag=0x01 seq=1021 rssi=- snr=- st=0 rx=5 deaf=221191
2026-09-18T23:44:15Z,FRAME #1021 tx t=30611512 peer=0x02 type=3 schema=0 frag=0x01 seq=1022 rssi=- snr=- st=0 rx=5 deaf=221408
2026-09-18T23:44:20Z,CHANSUM,30550,30609,60,60012,5957,42,1,0,1,0,-1090,-1170,-1160,-1160
2026-09-18T23:44:46Z,CHAN,30635,30641330,1000,100,0,4,0,-980,-1160,-1143
2026-09-18T23:44:51Z,CHAN,30640,30646330,1000,100,0,1,0,-1100,-1160,-1148
2026-09-18T23:45:03Z,CHAN,30652,30658330,1000,100,0,9,0,-970,-1160,-1134
2026-09-18T23:45:05Z,CHAN,30654,30660330,1000,100,0,1,0,-1090,-1160,-1149
2026-09-18T23:45:05Z,FRAME #1022 tx t=30661511 peer=0x01 type=3 schema=0 frag=0x01 seq=1023 rssi=- snr=- st=0 rx=5 deaf=221621
2026-09-18T23:45:15Z,FRAME #1023 tx t=30671514 peer=0x02 type=3 schema=0 frag=0x01 seq=1024 rssi=- snr=- st=0 rx=5 deaf=221838
2026-09-18T23:45:20Z,CHANSUM,30610,30669,60,60012,5957,42,15,0,4,0,-970,-1160,-1160,-1160
2026-09-18T23:45:40Z,CHAN,30689,30695342,1000,100,0,1,0,-940,-1160,-1147
2026-09-18T23:45:44Z,CHAN,30693,30699342,1000,100,0,7,0,-980,-1160,-1139
2026-09-18T23:46:05Z,FRAME #1024 tx t=30721507 peer=0x01 type=3 schema=0 frag=0x01 seq=1025 rssi=- snr=- st=0 rx=5 deaf=222055
2026-09-18T23:46:15Z,FRAME #1025 tx t=30731510 peer=0x02 type=3 schema=0 frag=0x01 seq=1026 rssi=- snr=- st=0 rx=5 deaf=222272
2026-09-18T23:46:20Z,CHANSUM,30670,30729,60,60006,5956,42,8,0,2,0,-940,-1160,-1160,-1160
2026-09-18T23:46:45Z,CHAN,30754,30760348,1000,100,0,1,0,-1100,-1160,-1148
2026-09-18T23:46:49Z,CHAN,30758,30764348,1000,100,0,6,0,-1010,-1160,-1142
2026-09-18T23:47:05Z,FRAME #1026 tx t=30781509 peer=0x01 type=3 schema=0 frag=0x01 seq=1027 rssi=- snr=- st=0 rx=5 deaf=222485
2026-09-18T23:47:15Z,FRAME #1027 tx t=30791512 peer=0x02 type=3 schema=0 frag=0x01 seq=1028 rssi=- snr=- st=0 rx=5 deaf=222702
2026-09-18T23:47:20Z,CHANSUM,30730,30789,60,60012,5957,42,7,0,2,0,-1010,-1160,-1160,-1160
2026-09-18T23:47:38Z,CHAN,30807,30813360,1000,100,0,4,0,-980,-1160,-1142
2026-09-18T23:47:58Z,CHAN,30827,30833360,1000,100,0,1,0,-1100,-1160,-1148
2026-09-18T23:48:05Z,FRAME #1028 tx t=30841511 peer=0x01 type=3 schema=0 frag=0x01 seq=1029 rssi=- snr=- st=0 rx=5 deaf=222915
2026-09-18T23:48:15Z,FRAME #1029 tx t=30851514 peer=0x02 type=3 schema=0 frag=0x01 seq=1030 rssi=- snr=- st=0 rx=5 deaf=223132
2026-09-18T23:48:20Z,CHANSUM,30790,30849,60,60012,5957,42,5,0,2,0,-980,-1170,-1160,-1160
2026-09-18T23:49:02Z,CHAN,30891,30897372,1000,100,0,4,0,-900,-1160,-1140
2026-09-18T23:49:05Z,FRAME #1030 tx t=30901507 peer=0x01 type=3 schema=0 frag=0x01 seq=1031 rssi=- snr=- st=0 rx=5 deaf=223349
2026-09-18T23:49:15Z,FRAME #1031 tx t=30911510 peer=0x02 type=3 schema=0 frag=0x01 seq=1032 rssi=- snr=- st=0 rx=5 deaf=223566
2026-09-18T23:49:20Z,CHANSUM,30850,30909,60,60006,5956,42,4,0,1,0,-900,-1170,-1160,-1160
2026-09-18T23:49:21Z,CHAN,30910,30916378,1000,100,0,2,0,-1010,-1170,-1148
2026-09-18T23:49:24Z,CHAN,30913,30919378,1000,100,0,1,0,-1080,-1160,-1148
2026-09-18T23:49:43Z,CHAN,30932,30938378,1000,100,0,1,0,-1000,-1160,-1148
2026-09-18T23:49:55Z,CHAN,30944,30950378,1000,100,0,1,0,-990,-1160,-1146
2026-09-18T23:50:05Z,FRAME #1032 tx t=30961509 peer=0x01 type=3 schema=0 frag=0x01 seq=1033 rssi=- snr=- st=0 rx=5 deaf=223779
2026-09-18T23:50:15Z,FRAME #1033 tx t=30971512 peer=0x02 type=3 schema=0 frag=0x01 seq=1034 rssi=- snr=- st=0 rx=5 deaf=223996
2026-09-18T23:50:20Z,CHANSUM,30910,30969,60,60012,5957,42,5,0,4,0,-990,-1170,-1160,-1160
2026-09-18T23:51:05Z,FRAME #1034 tx t=31021511 peer=0x01 type=3 schema=0 frag=0x01 seq=1035 rssi=- snr=- st=0 rx=5 deaf=224209
2026-09-18T23:51:15Z,FRAME #1035 tx t=31031514 peer=0x02 type=3 schema=0 frag=0x01 seq=1036 rssi=- snr=- st=0 rx=5 deaf=224426
2026-09-18T23:51:20Z,CHANSUM,30970,31029,60,60012,5957,42,0,0,0,0,-1110,-1160,-1160,-1160
2026-09-18T23:51:26Z,CHAN,31035,31041402,1000,100,0,3,0,-1000,-1160,-1145
2026-09-18T23:52:02Z,CHAN,31071,31077402,1000,100,0,1,0,-1100,-1160,-1149
2026-09-18T23:52:05Z,FRAME #1036 tx t=31081507 peer=0x01 type=3 schema=0 frag=0x01 seq=1037 rssi=- snr=- st=0 rx=5 deaf=224643
2026-09-18T23:52:15Z,FRAME #1037 tx t=31091510 peer=0x02 type=3 schema=0 frag=0x01 seq=1038 rssi=- snr=- st=0 rx=5 deaf=224860
2026-09-18T23:52:20Z,CHANSUM,31030,31089,60,60006,5956,42,4,0,2,0,-1000,-1160,-1160,-1160
2026-09-18T23:52:27Z,CHAN,31096,31102408,1000,100,0,21,0,-990,-1160,-1118
2026-09-18T23:52:28Z,CHAN,31097,31103408,1000,100,0,17,0,-1000,-1160,-1126
2026-09-18T23:52:47Z,CHAN,31116,31122408,1000,100,0,14,0,-1000,-1160,-1128
2026-09-18T23:52:48Z,CHAN,31117,31123408,1000,100,0,14,0,-1000,-1160,-1127
2026-09-18T23:53:05Z,FRAME #1038 tx t=31141509 peer=0x01 type=3 schema=0 frag=0x01 seq=1039 rssi=- snr=- st=0 rx=5 deaf=225073
2026-09-18T23:53:07Z,CHAN,31136,31142417,1000,100,0,1,0,-1100,-1160,-1149
2026-09-18T23:53:11Z,CHAN,31140,31146417,1000,100,0,2,0,-1010,-1170,-1147
2026-09-18T23:53:14Z,CHAN,31143,31149417,1000,100,0,1,0,-1070,-1160,-1148
2026-09-18T23:53:15Z,FRAME #1039 tx t=31151512 peer=0x02 type=3 schema=0 frag=0x01 seq=1040 rssi=- snr=- st=0 rx=5 deaf=225290
2026-09-18T23:53:20Z,CHANSUM,31090,31149,60,60012,5957,42,70,0,7,0,-990,-1170,-1160,-1160
2026-09-18T23:54:05Z,FRAME #1040 tx t=31201511 peer=0x01 type=3 schema=0 frag=0x01 seq=1041 rssi=- snr=- st=0 rx=5 deaf=225503
2026-09-18T23:54:06Z,CHAN,31195,31201420,1009,79,21,1,0,-1100,-1160,-1146
2026-09-18T23:54:15Z,FRAME #1041 tx t=31211514 peer=0x02 type=3 schema=0 frag=0x01 seq=1042 rssi=- snr=- st=0 rx=5 deaf=225720
2026-09-18T23:54:20Z,CHANSUM,31150,31209,60,60012,5957,42,1,0,1,0,-1100,-1160,-1150,-1158
2026-09-18T23:54:42Z,CHAN,31231,31237432,1000,100,0,1,0,-1090,-1160,-1145
2026-09-18T23:55:05Z,FRAME #1042 tx t=31261507 peer=0x01 type=3 schema=0 frag=0x01 seq=1043 rssi=- snr=- st=0 rx=5 deaf=225937
2026-09-18T23:55:15Z,FRAME #1043 tx t=31271510 peer=0x02 type=3 schema=0 frag=0x01 seq=1044 rssi=- snr=- st=0 rx=5 deaf=226154
2026-09-18T23:55:20Z,CHANSUM,31210,31269,60,60006,5956,42,1,0,1,0,-1090,-1170,-1150,-1158
2026-09-18T23:56:05Z,FRAME #1044 tx t=31321509 peer=0x01 type=3 schema=0 frag=0x01 seq=1045 rssi=- snr=- st=0 rx=5 deaf=226367
2026-09-18T23:56:15Z,FRAME #1045 tx t=31331512 peer=0x02 type=3 schema=0 frag=0x01 seq=1046 rssi=- snr=- st=0 rx=5 deaf=226584
2026-09-18T23:56:20Z,CHANSUM,31270,31329,60,60012,5957,42,0,0,0,0,-1110,-1170,-1150,-1158
2026-09-18T23:56:22Z,CHAN,31331,31337450,1000,100,0,13,0,-950,-1160,-1122
2026-09-18T23:56:23Z,CHAN,31332,31338450,1000,100,0,36,0,-950,-1150,-1078
2026-09-18T23:56:50Z,CHAN,31359,31365450,1000,100,0,9,0,-1060,-1160,-1139
2026-09-18T23:57:02Z,CHAN,31371,31377450,1000,100,0,1,0,-1090,-1160,-1144
2026-09-18T23:57:06Z,CHAN,31375,31381450,1007,98,2,1,0,-1090,-1160,-1145
2026-09-18T23:57:06Z,FRAME #1046 tx t=31382642 peer=0x01 type=3 schema=0 frag=0x01 seq=1047 rssi=- snr=- st=0 rx=5 deaf=226822
2026-09-18T23:57:15Z,FRAME #1047 tx t=31391515 peer=0x02 type=3 schema=0 frag=0x01 seq=1048 rssi=- snr=- st=0 rx=5 deaf=227039
2026-09-18T23:57:20Z,CHANSUM,31330,31389,60,60013,5954,44,60,0,5,0,-950,-1160,-1150,-1157
2026-09-18T23:58:05Z,FRAME #1048 tx t=31441508 peer=0x01 type=3 schema=0 frag=0x01 seq=1049 rssi=- snr=- st=0 rx=5 deaf=227256
2026-09-18T23:58:15Z,FRAME #1049 tx t=31451511 peer=0x02 type=3 schema=0 frag=0x01 seq=1050 rssi=- snr=- st=0 rx=5 deaf=227473
2026-09-18T23:58:20Z,CHANSUM,31390,31449,60,60006,5956,42,0,0,0,0,-1120,-1160,-1150,-1158
2026-09-18T23:59:00Z,CHAN,31489,31495469,1000,100,0,9,0,-1060,-1160,-1138
2026-09-18T23:59:04Z,CHAN,31493,31499469,1000,100,0,1,0,-1080,-1160,-1144
2026-09-18T23:59:05Z,FRAME #1050 tx t=31501510 peer=0x01 type=3 schema=0 frag=0x01 seq=1051 rssi=- snr=- st=0 rx=5 deaf=227686
2026-09-18T23:59:06Z,CHAN,31495,31501469,1009,79,21,1,0,-1100,-1150,-1145
2026-09-18T23:59:15Z,FRAME #1051 tx t=31511513 peer=0x02 type=3 schema=0 frag=0x01 seq=1052 rssi=- snr=- st=0 rx=5 deaf=227903
2026-09-18T23:59:20Z,CHANSUM,31450,31509,60,60012,5957,42,11,0,3,0,-1060,-1160,-1150,-1157
2026-09-19T00:00:05Z,FRAME #1052 tx t=31561512 peer=0x01 type=3 schema=0 frag=0x01 seq=1053 rssi=- snr=- st=0 rx=5 deaf=228116
2026-09-19T00:00:06Z,CHAN,31555,31561481,1009,79,21,1,0,-1100,-1160,-1145
2026-09-19T00:00:15Z,FRAME #1053 tx t=31571515 peer=0x02 type=3 schema=0 frag=0x01 seq=1054 rssi=- snr=- st=0 rx=5 deaf=228333
2026-09-19T00:00:20Z,CHANSUM,31510,31569,60,60012,5957,42,1,0,1,0,-1100,-1160,-1150,-1158
2026-09-19T00:01:05Z,FRAME #1054 tx t=31621508 peer=0x01 type=3 schema=0 frag=0x01 seq=1055 rssi=- snr=- st=0 rx=5 deaf=228550
2026-09-19T00:01:15Z,FRAME #1055 tx t=31631511 peer=0x02 type=3 schema=0 frag=0x01 seq=1056 rssi=- snr=- st=0 rx=5 deaf=228767
2026-09-19T00:01:20Z,CHANSUM,31570,31629,60,60026,5958,42,0,0,0,0,-1110,-1160,-1150,-1159
2026-09-19T00:02:05Z,FRAME #1056 tx t=31681510 peer=0x01 type=3 schema=0 frag=0x01 seq=1057 rssi=- snr=- st=0 rx=5 deaf=228980
2026-09-19T00:02:05Z,CHAN,31674,31680519,1007,98,2,9,0,-1030,-1150,-1134
2026-09-19T00:02:15Z,FRAME #1057 tx t=31691513 peer=0x02 type=3 schema=0 frag=0x01 seq=1058 rssi=- snr=- st=0 rx=5 deaf=229197
2026-09-19T00:02:16Z,CHAN,31685,31691530,1001,81,19,9,0,-940,-1160,-1125
2026-09-19T00:02:20Z,CHANSUM,31630,31689,60,60012,5957,42,18,0,2,0,-940,-1160,-1150,-1157
2026-09-19T00:03:02Z,CHAN,31731,31737531,1000,100,0,1,0,-1090,-1150,-1145
2026-09-19T00:03:05Z,FRAME #1058 tx t=31741512 peer=0x01 type=3 schema=0 frag=0x01 seq=1059 rssi=- snr=- st=0 rx=5 deaf=229410
2026-09-19T00:03:05Z,CHAN,31734,31740531,1008,97,3,1,0,-1100,-1160,-1143
2026-09-19T00:03:15Z,FRAME #1059 tx t=31751515 peer=0x02 type=3 schema=0 frag=0x01 seq=1060 rssi=- snr=- st=0 rx=5 deaf=229627
2026-09-19T00:03:20Z,CHANSUM,31690,31749,60,60012,5957,42,2,0,2,0,-1090,-1160,-1150,-1156
2026-09-19T00:03:59Z,CHAN,31788,31794543,1000,100,0,1,0,-1100,-1160,-1146
2026-09-19T00:04:04Z,CHAN,31793,31799543,1000,100,0,2,0,-1100,-1160,-1144
2026-09-19T00:04:05Z,FRAME #1060 tx t=31801508 peer=0x01 type=3 schema=0 frag=0x01 seq=1061 rssi=- snr=- st=0 rx=5 deaf=229844
2026-09-19T00:04:15Z,FRAME #1061 tx t=31811511 peer=0x02 type=3 schema=0 frag=0x01 seq=1062 rssi=- snr=- st=0 rx=5 deaf=230061
2026-09-19T00:04:15Z,CHAN,31804,31810546,1002,95,4,9,0,-1020,-1160,-1133
2026-09-19T00:04:20Z,CHANSUM,31750,31809,60,60006,5956,42,12,0,3,0,-1020,-1160,-1150,-1157
2026-09-19T00:04:27Z,CHAN,31816,31822549,1000,100,0,1,0,-1100,-1150,-1145
2026-09-19T00:04:29Z,CHAN,31818,31824549,1000,100,0,1,0,-1090,-1160,-1144
2026-09-19T00:04:53Z,CHAN,31842,31848549,1000,100,0,5,0,-960,-1170,-1137
2026-09-19T00:04:59Z,CHAN,31848,31854549,1000,100,0,1,0,-1100,-1160,-1145
2026-09-19T00:05:05Z,FRAME #1062 tx t=31861510 peer=0x01 type=3 schema=0 frag=0x01 seq=1063 rssi=- snr=- st=0 rx=5 deaf=230274
2026-09-19T00:05:07Z,CHAN,31856,31862558,1000,100,0,2,0,-1100,-1160,-1145
2026-09-19T00:05:15Z,FRAME #1063 tx t=31871513 peer=0x02 type=3 schema=0 frag=0x01 seq=1064 rssi=- snr=- st=0 rx=5 deaf=230491
2026-09-19T00:05:20Z,CHANSUM,31810,31869,60,60012,5957,42,10,0,5,0,-960,-1170,-1150,-1158
2026-09-19T00:06:01Z,CHAN,31910,31916561,1000,100,0,1,0,-1090,-1160,-1145
2026-09-19T00:06:02Z,CHAN,31911,31917561,1000,100,0,1,0,-1020,-1160,-1145
2026-09-19T00:06:05Z,FRAME #1064 tx t=31921512 peer=0x01 type=3 schema=0 frag=0x01 seq=1065 rssi=- snr=- st=0 rx=5 deaf=230704
2026-09-19T00:06:15Z,FRAME #1065 tx t=31931515 peer=0x02 type=3 schema=0 frag=0x01 seq=1066 rssi=- snr=- st=0 rx=5 deaf=230921
2026-09-19T00:06:20Z,CHANSUM,31870,31929,60,60012,5957,42,2,0,2,0,-1020,-1160,-1150,-1158
2026-09-19T00:07:05Z,FRAME #1066 tx t=31981508 peer=0x01 type=3 schema=0 frag=0x01 seq=1067 rssi=- snr=- st=0 rx=5 deaf=231138
2026-09-19T00:07:15Z,FRAME #1067 tx t=31991511 peer=0x02 type=3 schema=0 frag=0x01 seq=1068 rssi=- snr=- st=0 rx=5 deaf=231355
2026-09-19T00:07:20Z,CHANSUM,31930,31989,60,60006,5956,42,0,0,0,0,-1110,-1160,-1150,-1157
2026-09-19T00:08:05Z,FRAME #1068 tx t=32041510 peer=0x01 type=3 schema=0 frag=0x01 seq=1069 rssi=- snr=- st=0 rx=5 deaf=231568
2026-09-19T00:08:05Z,CHAN,32034,32040579,1007,92,8,1,0,-1090,-1160,-1145
2026-09-19T00:08:15Z,FRAME #1069 tx t=32051513 peer=0x02 type=3 schema=0 frag=0x01 seq=1070 rssi=- snr=- st=0 rx=5 deaf=231785
2026-09-19T00:08:20Z,CHANSUM,31990,32049,60,60012,5957,42,1,0,1,0,-1090,-1160,-1150,-1157
2026-09-19T00:08:48Z,CHAN,32077,32083591,1000,100,0,2,0,-1000,-1150,-1144
2026-09-19T00:09:00Z,CHAN,32089,32095591,1000,100,0,1,0,-1100,-1160,-1145
2026-09-19T00:09:01Z,CHAN,32090,32096591,1000,100,0,1,0,-1090,-1160,-1144
2026-09-19T00:09:05Z,CHAN,32094,32100591,1007,98,2,1,0,-1090,-1170,-1145
2026-09-19T00:09:05Z,FRAME #1070 tx t=32101909 peer=0x01 type=3 schema=0 frag=0x01 seq=1071 rssi=- snr=- st=0 rx=5 deaf=232019
2026-09-19T00:09:09Z,CHAN,32098,32104607,1000,100,0,1,0,-1080,-1170,-1145
2026-09-19T00:09:15Z,FRAME #1071 tx t=32111508 peer=0x02 type=3 schema=0 frag=0x01 seq=1072 rssi=- snr=- st=0 rx=5 deaf=232232
2026-09-19T00:09:20Z,CHANSUM,32050,32109,60,60025,5956,44,6,0,5,0,-1000,-1170,-1150,-1158
2026-09-19T00:09:30Z,CHAN,32119,32125616,1000,100,0,1,0,-1100,-1160,-1145
2026-09-19T00:09:57Z,CHAN,32146,32152616,1000,100,0,1,0,-1090,-1150,-1144
2026-09-19T00:10:05Z,FRAME #1072 tx t=32161507 peer=0x01 type=3 schema=0 frag=0x01 seq=1073 rssi=- snr=- st=0 rx=5 deaf=232445
2026-09-19T00:10:15Z,FRAME #1073 tx t=32171510 peer=0x02 type=3 schema=0 frag=0x01 seq=1074 rssi=- snr=- st=0 rx=5 deaf=232662
2026-09-19T00:10:20Z,CHANSUM,32110,32169,60,60012,5957,42,2,0,2,0,-1090,-1160,-1150,-1157
2026-09-19T00:10:57Z,CHAN,32206,32212628,1000,100,0,2,0,-1090,-1160,-1145
2026-09-19T00:11:05Z,FRAME #1074 tx t=32221509 peer=0x01 type=3 schema=0 frag=0x01 seq=1075 rssi=- snr=- st=0 rx=5 deaf=232875
2026-09-19T00:11:15Z,FRAME #1075 tx t=32231512 peer=0x02 type=3 schema=0 frag=0x01 seq=1076 rssi=- snr=- st=0 rx=5 deaf=233092
2026-09-19T00:11:20Z,CHANSUM,32170,32229,60,60012,5957,42,2,0,1,0,-1090,-1160,-1150,-1159
2026-09-19T00:11:31Z,CHAN,32240,32246640,1000,100,0,1,0,-1100,-1160,-1145
2026-09-19T00:12:01Z,CHAN,32270,32276640,1000,100,0,1,0,-1090,-1160,-1145
2026-09-19T00:12:05Z,FRAME #1076 tx t=32281511 peer=0x01 type=3 schema=0 frag=0x01 seq=1077 rssi=- snr=- st=0 rx=5 deaf=233305
2026-09-19T00:12:15Z,FRAME #1077 tx t=32291514 peer=0x02 type=3 schema=0 frag=0x01 seq=1078 rssi=- snr=- st=0 rx=5 deaf=233522
2026-09-19T00:12:20Z,CHANSUM,32230,32289,60,60012,5957,42,2,0,2,0,-1090,-1160,-1150,-1159
2026-09-19T00:12:31Z,CHAN,32300,32306652,1000,100,0,1,0,-1090,-1160,-1145
2026-09-19T00:13:05Z,FRAME #1078 tx t=32341507 peer=0x01 type=3 schema=0 frag=0x01 seq=1079 rssi=- snr=- st=0 rx=5 deaf=233739
2026-09-19T00:13:07Z,CHAN,32336,32342655,1000,100,0,7,0,-960,-1160,-1134
2026-09-19T00:13:15Z,FRAME #1079 tx t=32351510 peer=0x02 type=3 schema=0 frag=0x01 seq=1080 rssi=- snr=- st=0 rx=5 deaf=233956
2026-09-19T00:13:20Z,CHANSUM,32290,32349,60,60006,5956,42,8,0,2,0,-960,-1160,-1150,-1158
2026-09-19T00:13:56Z,CHAN,32385,32391658,1000,100,0,3,0,-1030,-1160,-1143
2026-09-19T00:14:01Z,CHAN,32390,32396658,1000,100,0,1,0,-1090,-1160,-1144
2026-09-19T00:14:05Z,FRAME #1080 tx t=32401509 peer=0x01 type=3 schema=0 frag=0x01 seq=1081 rssi=- snr=- st=0 rx=5 deaf=234170
2026-09-19T00:14:05Z,CHAN,32394,32400658,1007,84,16,1,0,-1100,-1160,-1145
2026-09-19T00:14:15Z,FRAME #1081 tx t=32411512 peer=0x02 type=3 schema=0 frag=0x01 seq=1082 rssi=- snr=- st=0 rx=5 deaf=234387
2026-09-19T00:14:20Z,CHANSUM,32350,32409,60,60012,5957,42,5,0,3,0,-1030,-1160,-1150,-1157
2026-09-19T00:15:04Z,CHAN,32453,32459670,1000,100,0,1,0,-1090,-1150,-1144
2026-09-19T00:15:05Z,FRAME #1082 tx t=32461511 peer=0x01 type=3 schema=0 frag=0x01 seq=1083 rssi=- snr=- st=0 rx=5 deaf=234600
2026-09-19T00:15:15Z,FRAME #1083 tx t=32471514 peer=0x02 type=3 schema=0 frag=0x01 seq=1084 rssi=- snr=- st=0 rx=5 deaf=234817
2026-09-19T00:15:20Z,CHANSUM,32410,32469,60,60012,5957,42,1,0,1,0,-1090,-1160,-1150,-1156
2026-09-19T00:15:45Z,CHAN,32494,32500682,1000,100,0,9,0,-1030,-1150,-1135
2026-09-19T00:16:05Z,FRAME #1084 tx t=32521507 peer=0x01 type=3 schema=0 frag=0x01 seq=1085 rssi=- snr=- st=0 rx=5 deaf=235034
2026-09-19T00:16:15Z,FRAME #1085 tx t=32531510 peer=0x02 type=3 schema=0 frag=0x01 seq=1086 rssi=- snr=- st=0 rx=5 deaf=235251
2026-09-19T00:16:20Z,CHANSUM,32470,32529,60,60006,5956,42,9,0,1,0,-1030,-1160,-1150,-1156
2026-09-19T00:16:32Z,CHAN,32541,32547688,1000,100,0,1,0,-1090,-1160,-1144
2026-09-19T00:17:02Z,CHAN,32571,32577688,1000,100,0,1,0,-1100,-1160,-1145
2026-09-19T00:17:05Z,FRAME #1086 tx t=32581509 peer=0x01 type=3 schema=0 frag=0x01 seq=1087 rssi=- snr=- st=0 rx=5 deaf=235464
2026-09-19T00:17:15Z,FRAME #1087 tx t=32591512 peer=0x02 type=3 schema=0 frag=0x01 seq=1088 rssi=- snr=- st=0 rx=5 deaf=235681
2026-09-19T00:17:20Z,CHANSUM,32530,32589,60,60012,5957,42,2,0,2,0,-1090,-1160,-1150,-1157
2026-09-19T00:17:53Z,CHAN,32622,32628700,1000,100,0,2,0,-1070,-1160,-1144
2026-09-19T00:17:55Z,CHAN,32624,32630700,1000,100,0,9,0,-1040,-1160,-1136
2026-09-19T00:18:02Z,CHAN,32631,32637700,1000,100,0,2,0,-1100,-1160,-1144
2026-09-19T00:18:05Z,FRAME #1088 tx t=32641511 peer=0x01 type=3 schema=0 frag=0x01 seq=1089 rssi=- snr=- st=0 rx=5 deaf=235894
2026-09-19T00:18:16Z,FRAME #1089 tx t=32652401 peer=0x02 type=3 schema=0 frag=0x01 seq=1090 rssi=- snr=- st=0 rx=5 deaf=236132
2026-09-19T00:18:20Z,CHANSUM,32590,32649,60,60019,5955,44,13,0,3,0,-1040,-1160,-1150,-1158
2026-09-19T00:19:05Z,FRAME #1090 tx t=32701510 peer=0x01 type=3 schema=0 frag=0x01 seq=1091 rssi=- snr=- st=0 rx=5 deaf=236345
2026-09-19T00:19:15Z,FRAME #1091 tx t=32711513 peer=0x02 type=3 schema=0 frag=0x01 seq=1092 rssi=- snr=- st=0 rx=5 deaf=236562
2026-09-19T00:19:20Z,CHANSUM,32650,32709,60,60012,5957,42,0,0,0,0,-1110,-1160,-1150,-1155
2026-09-19T00:20:03Z,CHAN,32752,32758731,1000,100,0,1,0,-1090,-1160,-1145
2026-09-19T00:20:05Z,FRAME #1092 tx t=32761512 peer=0x01 type=3 schema=0 frag=0x01 seq=1093 rssi=- snr=- st=0 rx=5 deaf=236775
2026-09-19T00:20:07Z,CHAN,32756,32762740,1000,100,0,3,0,-1090,-1160,-1144
2026-09-19T00:20:16Z,FRAME #1093 tx t=32772472 peer=0x02 type=3 schema=0 frag=0x01 seq=1094 rssi=- snr=- st=0 rx=5 deaf=237013
2026-09-19T00:20:20Z,CHANSUM,32710,32769,60,60019,5955,44,4,0,2,0,-1090,-1160,-1150,-1157
2026-09-19T00:20:55Z,CHAN,32804,32810750,1000,100,0,1,0,-1100,-1160,-1144
2026-09-19T00:21:04Z,CHAN,32813,32819750,1000,100,0,1,0,-1090,-1160,-1145
2026-09-19T00:21:05Z,FRAME #1094 tx t=32821515 peer=0x01 type=3 schema=0 frag=0x01 seq=1095 rssi=- snr=- st=0 rx=5 deaf=237230
2026-09-19T00:21:15Z,FRAME #1095 tx t=32831504 peer=0x02 type=3 schema=0 frag=0x01 seq=1096 rssi=- snr=- st=0 rx=5 deaf=237443
2026-09-19T00:21:20Z,CHANSUM,32770,32829,60,60012,5957,42,2,0,2,0,-1090,-1160,-1150,-1157
2026-09-19T00:22:05Z,FRAME #1096 tx t=32881503 peer=0x01 type=3 schema=0 frag=0x01 seq=1097 rssi=- snr=- st=0 rx=5 deaf=237656
2026-09-19T00:22:15Z,FRAME #1097 tx t=32891512 peer=0x02 type=3 schema=0 frag=0x01 seq=1098 rssi=- snr=- st=0 rx=5 deaf=237869
2026-09-19T00:22:20Z,CHANSUM,32830,32889,60,60018,5958,42,0,0,0,0,-1110,-1160,-1150,-1157
2026-09-19T00:22:47Z,CHAN,32916,32922780,1000,100,0,4,0,-980,-1160,-1139
2026-09-19T00:23:06Z,FRAME #1098 tx t=32942378 peer=0x01 type=3 schema=0 frag=0x01 seq=1099 rssi=- snr=- st=0 rx=5 deaf=238103
2026-09-19T00:23:11Z,CHAN,32940,32946796,1000,100,0,2,0,-1100,-1160,-1143
2026-09-19T00:23:15Z,FRAME #1099 tx t=32951507 peer=0x02 type=3 schema=0 frag=0x01 seq=1100 rssi=- snr=- st=0 rx=5 deaf=238316
2026-09-19T00:23:20Z,CHANSUM,32890,32949,60,60025,5956,44,6,0,2,0,-980,-1160,-1150,-1157
2026-09-19T00:23:39Z,CHAN,32968,32974805,1000,100,0,1,0,-1100,-1160,-1146
2026-09-19T00:24:05Z,FRAME #1100 tx t=33001506 peer=0x01 type=3 schema=0 frag=0x01 seq=1101 rssi=- snr=- st=0 rx=5 deaf=238529
2026-09-19T00:24:08Z,CHAN,32997,33003814,1000,100,0,5,0,-960,-1150,-1136
2026-09-19T00:24:15Z,FRAME #1101 tx t=33011509 peer=0x02 type=3 schema=0 frag=0x01 seq=1102 rssi=- snr=- st=0 rx=5 deaf=238746
2026-09-19T00:24:20Z,CHANSUM,32950,33009,60,60012,5957,42,6,0,2,0,-960,-1160,-1150,-1156
2026-09-19T00:25:05Z,FRAME #1102 tx t=33061508 peer=0x01 type=3 schema=0 frag=0x01 seq=1103 rssi=- snr=- st=0 rx=5 deaf=238959
2026-09-19T00:25:15Z,FRAME #1103 tx t=33071511 peer=0x02 type=3 schema=0 frag=0x01 seq=1104 rssi=- snr=- st=0 rx=5 deaf=239176
2026-09-19T00:25:20Z,CHANSUM,33010,33069,60,60012,5957,42,0,0,0,0,-1120,-1170,-1150,-1157
2026-09-19T00:25:35Z,CHAN,33084,33090829,1000,100,0,1,0,-1100,-1160,-1145
2026-09-19T00:26:05Z,FRAME #1104 tx t=33121510 peer=0x01 type=3 schema=0 frag=0x01 seq=1105 rssi=- snr=- st=0 rx=5 deaf=239389
2026-09-19T00:26:05Z,CHAN,33114,33120829,1009,79,21,1,0,-1090,-1150,-1144
2026-09-19T00:26:15Z,FRAME #1105 tx t=33131513 peer=0x02 type=3 schema=0 frag=0x01 seq=1106 rssi=- snr=- st=0 rx=5 deaf=239606
2026-09-19T00:26:20Z,CHANSUM,33070,33129,60,60012,5957,42,2,0,2,0,-1090,-1160,-1150,-1158
2026-09-19T00:27:05Z,FRAME #1106 tx t=33181512 peer=0x01 type=3 schema=0 frag=0x01 seq=1107 rssi=- snr=- st=0 rx=5 deaf=239819
2026-09-19T00:27:15Z,FRAME #1107 tx t=33191515 peer=0x02 type=3 schema=0 frag=0x01 seq=1108 rssi=- snr=- st=0 rx=5 deaf=240036
2026-09-19T00:27:20Z,CHANSUM,33130,33189,60,60012,5957,42,0,0,0,0,-1110,-1160,-1150,-1157
2026-09-19T00:28:05Z,FRAME #1108 tx t=33241508 peer=0x01 type=3 schema=0 frag=0x01 seq=1109 rssi=- snr=- st=0 rx=5 deaf=240253
2026-09-19T00:28:15Z,FRAME #1109 tx t=33251511 peer=0x02 type=3 schema=0 frag=0x01 seq=1110 rssi=- snr=- st=0 rx=5 deaf=240470
2026-09-19T00:28:20Z,CHANSUM,33190,33249,60,60006,5956,42,0,0,0,0,-1110,-1160,-1150,-1158
2026-09-19T00:29:05Z,CHAN,33294,33300859,1007,98,2,1,0,-1100,-1160,-1146
2026-09-19T00:29:06Z,FRAME #1110 tx t=33302307 peer=0x01 type=3 schema=0 frag=0x01 seq=1111 rssi=- snr=- st=0 rx=5 deaf=240704
2026-09-19T00:29:15Z,FRAME #1111 tx t=33311506 peer=0x02 type=3 schema=0 frag=0x01 seq=1112 rssi=- snr=- st=0 rx=5 deaf=240917
2026-09-19T00:29:20Z,CHANSUM,33250,33309,60,60025,5956,44,1,0,1,0,-1100,-1160,-1150,-1158
2026-09-19T00:30:00Z,CHAN,33349,33355884,1000,100,0,2,0,-870,-1150,-1140
2026-09-19T00:30:05Z,FRAME #1112 tx t=33361505 peer=0x01 type=3 schema=0 frag=0x01 seq=1113 rssi=- snr=- st=0 rx=5 deaf=241130
2026-09-19T00:30:15Z,FRAME #1113 tx t=33371508 peer=0x02 type=3 schema=0 frag=0x01 seq=1114 rssi=- snr=- st=0 rx=5 deaf=241347
2026-09-19T00:30:20Z,CHANSUM,33310,33369,60,60012,5957,42,2,0,1,0,-870,-1160,-1150,-1157
2026-09-19T00:31:05Z,FRAME #1114 tx t=33421507 peer=0x01 type=3 schema=0 frag=0x01 seq=1115 rssi=- snr=- st=0 rx=5 deaf=241560
2026-09-19T00:31:15Z,FRAME #1115 tx t=33431510 peer=0x02 type=3 schema=0 frag=0x01 seq=1116 rssi=- snr=- st=0 rx=5 deaf=241777
2026-09-19T00:31:20Z,CHANSUM,33370,33429,60,60012,5957,42,0,0,0,0,-1110,-1160,-1150,-1158
2026-09-19T00:31:30Z,CHAN,33439,33445908,1000,100,0,9,0,-1000,-1160,-1133
2026-09-19T00:32:05Z,FRAME #1116 tx t=33481509 peer=0x01 type=3 schema=0 frag=0x01 seq=1117 rssi=- snr=- st=0 rx=5 deaf=241990
2026-09-19T00:32:15Z,FRAME #1117 tx t=33491512 peer=0x02 type=3 schema=0 frag=0x01 seq=1118 rssi=- snr=- st=0 rx=5 deaf=242207
2026-09-19T00:32:20Z,CHANSUM,33430,33489,60,60012,5957,42,9,0,1,0,-1000,-1160,-1150,-1158
2026-09-19T00:33:07Z,FRAME #1118 tx t=33542988 peer=0x01 type=3 schema=0 frag=0x01 seq=1119 rssi=- snr=- st=0 rx=5 deaf=242441
2026-09-19T00:33:15Z,FRAME #1119 tx t=33551507 peer=0x02 type=3 schema=0 frag=0x01 seq=1120 rssi=- snr=- st=0 rx=5 deaf=242654
2026-09-19T00:33:21Z,CHANSUM,33490,33549,60,60025,5956,44,0,0,0,0,-1130,-1170,-1150,-1158
2026-09-19T00:33:41Z,CHAN,33569,33575945,1000,100,0,9,0,-1040,-1150,-1136
2026-09-19T00:34:05Z,FRAME #1120 tx t=33601506 peer=0x01 type=3 schema=0 frag=0x01 seq=1121 rssi=- snr=- st=0 rx=5 deaf=242867
2026-09-19T00:34:15Z,FRAME #1121 tx t=33611509 peer=0x02 type=3 schema=0 frag=0x01 seq=1122 rssi=- snr=- st=0 rx=5 deaf=243084
2026-09-19T00:34:21Z,CHANSUM,33550,33609,60,60012,5957,42,9,0,1,0,-1040,-1160,-1150,-1158
2026-09-19T00:34:39Z,CHAN,33627,33633957,1000,100,0,1,0,-1100,-1160,-1145
2026-09-19T00:34:52Z,CHAN,33640,33646957,1000,100,0,1,0,-980,-1160,-1144
2026-09-19T00:35:02Z,CHAN,33650,33656957,1000,100,0,1,0,-1100,-1160,-1146
2026-09-19T00:35:05Z,FRAME #1122 tx t=33661508 peer=0x01 type=3 schema=0 frag=0x01 seq=1123 rssi=- snr=- st=0 rx=5 deaf=243297
2026-09-19T00:35:15Z,FRAME #1123 tx t=33671511 peer=0x02 type=3 schema=0 frag=0x01 seq=1124 rssi=- snr=- st=0 rx=5 deaf=243514
2026-09-19T00:35:21Z,CHANSUM,33610,33669,60,60012,5957,42,3,0,3,0,-980,-1160,-1150,-1159
2026-09-19T00:36:05Z,CHAN,33713,33719969,1000,100,0,1,0,-1060,-1160,-1145
2026-09-19T00:36:05Z,FRAME #1124 tx t=33721510 peer=0x01 type=3 schema=0 frag=0x01 seq=1125 rssi=- snr=- st=0 rx=5 deaf=243727
2026-09-19T00:36:10Z,CHAN,33718,33724978,1000,100,0,1,0,-1100,-1160,-1146
2026-09-19T00:36:15Z,FRAME #1125 tx t=33731513 peer=0x02 type=3 schema=0 frag=0x01 seq=1126 rssi=- snr=- st=0 rx=5 deaf=243944
2026-09-19T00:36:21Z,CHANSUM,33670,33729,60,60012,5957,42,2,0,2,0,-1060,-1160,-1150,-1158
2026-09-19T00:36:46Z,CHAN,33754,33760981,1000,100,0,9,0,-1010,-1160,-1134
2026-09-19T00:37:05Z,CHAN,33773,33779981,1000,100,0,1,0,-1100,-1160,-1145
2026-09-19T00:37:05Z,FRAME #1126 tx t=33781512 peer=0x01 type=3 schema=0 frag=0x01 seq=1127 rssi=- snr=- st=0 rx=5 deaf=244157
2026-09-19T00:37:15Z,FRAME #1127 tx t=33791515 peer=0x02 type=3 schema=0 frag=0x01 seq=1128 rssi=- snr=- st=0 rx=5 deaf=244374
2026-09-19T00:37:21Z,CHANSUM,33730,33789,60,60012,5957,42,10,0,2,0,-1010,-1160,-1150,-1158
2026-09-19T00:37:33Z,CHAN,33801,33807993,1000,100,0,1,0,-1090,-1150,-1146
2026-09-19T00:37:34Z,CHAN,33802,33808993,1000,100,0,2,0,-1100,-1160,-1146
2026-09-19T00:38:06Z,FRAME #1128 tx t=33842535 peer=0x01 type=3 schema=0 frag=0x01 seq=1129 rssi=- snr=- st=0 rx=5 deaf=244612
2026-09-19T00:38:07Z,CHAN,33835,33841994,1009,79,21,1,0,-1090,-1150,-1145
2026-09-19T00:38:15Z,FRAME #1129 tx t=33851504 peer=0x02 type=3 schema=0 frag=0x01 seq=1130 rssi=- snr=- st=0 rx=5 deaf=244825
2026-09-19T00:38:21Z,CHANSUM,33790,33849,60,60019,5955,44,4,0,3,0,-1090,-1170,-1150,-1158
2026-09-19T00:38:36Z,CHAN,33864,33871012,1000,100,0,1,0,-1100,-1160,-1146
2026-09-19T00:38:56Z,CHAN,33884,33891012,1000,100,0,9,0,-1000,-1160,-1134
2026-09-19T00:39:05Z,FRAME #1130 tx t=33901503 peer=0x01 type=3 schema=0 frag=0x01 seq=1131 rssi=- snr=- st=0 rx=5 deaf=245038
2026-09-19T00:39:15Z,FRAME #1131 tx t=33911512 peer=0x02 type=3 schema=0 frag=0x01 seq=1132 rssi=- snr=- st=0 rx=5 deaf=245251
2026-09-19T00:39:21Z,CHANSUM,33850,33909,60,60018,5958,42,10,0,2,0,-1000,-1160,-1150,-1159
2026-09-19T00:40:05Z,FRAME #1132 tx t=33961511 peer=0x01 type=3 schema=0 frag=0x01 seq=1133 rssi=- snr=- st=0 rx=5 deaf=245464
2026-09-19T00:40:15Z,FRAME #1133 tx t=33971514 peer=0x02 type=3 schema=0 frag=0x01 seq=1134 rssi=- snr=- st=0 rx=5 deaf=245681
2026-09-19T00:40:21Z,CHANSUM,33910,33969,60,60012,5957,42,0,0,0,0,-1120,-1170,-1150,-1158
2026-09-19T00:41:05Z,FRAME #1134 tx t=34021507 peer=0x01 type=3 schema=0 frag=0x01 seq=1135 rssi=- snr=- st=0 rx=5 deaf=245898
2026-09-19T00:41:15Z,FRAME #1135 tx t=34031510 peer=0x02 type=3 schema=0 frag=0x01 seq=1136 rssi=- snr=- st=0 rx=5 deaf=246115
2026-09-19T00:41:21Z,CHANSUM,33970,34029,60,60006,5956,42,0,0,0,0,-1120,-1160,-1150,-1158
2026-09-19T00:42:05Z,FRAME #1136 tx t=34081509 peer=0x01 type=3 schema=0 frag=0x01 seq=1137 rssi=- snr=- st=0 rx=5 deaf=246328
2026-09-19T00:42:15Z,FRAME #1137 tx t=34091512 peer=0x02 type=3 schema=0 frag=0x01 seq=1138 rssi=- snr=- st=0 rx=5 deaf=246545
2026-09-19T00:42:21Z,CHANSUM,34030,34089,60,60012,5957,42,0,0,0,0,-1120,-1160,-1150,-1158
2026-09-19T00:42:32Z,CHAN,34100,34107060,1000,100,0,5,0,-970,-1150,-1138
2026-09-19T00:42:48Z,CHAN,34116,34123060,1000,100,0,1,0,-1100,-1160,-1146
2026-09-19T00:43:05Z,FRAME #1138 tx t=34141511 peer=0x01 type=3 schema=0 frag=0x01 seq=1139 rssi=- snr=- st=0 rx=5 deaf=246758
2026-09-19T00:43:12Z,CHAN,34140,34147069,1000,100,0,1,0,-1100,-1160,-1146
2026-09-19T00:43:15Z,FRAME #1139 tx t=34151514 peer=0x02 type=3 schema=0 frag=0x01 seq=1140 rssi=- snr=- st=0 rx=5 deaf=246975
2026-09-19T00:43:21Z,CHANSUM,34090,34149,60,60012,5957,42,7,0,3,0,-970,-1160,-1150,-1158
2026-09-19T00:43:49Z,CHAN,34177,34184072,1000,100,0,1,0,-1090,-1160,-1146
2026-09-19T00:44:05Z,FRAME #1140 tx t=34201507 peer=0x01 type=3 schema=0 frag=0x01 seq=1141 rssi=- snr=- st=0 rx=5 deaf=247192
2026-09-19T00:44:15Z,FRAME #1141 tx t=34211510 peer=0x02 type=3 schema=0 frag=0x01 seq=1142 rssi=- snr=- st=0 rx=5 deaf=247409
2026-09-19T00:44:21Z,CHANSUM,34150,34209,60,60006,5956,42,1,0,1,0,-1090,-1160,-1150,-1158
2026-09-19T00:45:05Z,FRAME #1142 tx t=34261509 peer=0x01 type=3 schema=0 frag=0x01 seq=1143 rssi=- snr=- st=0 rx=5 deaf=247622
2026-09-19T00:45:13Z,CHAN,34261,34268087,1000,100,0,1,0,-1080,-1160,-1145
2026-09-19T00:45:15Z,FRAME #1143 tx t=34271512 peer=0x02 type=3 schema=0 frag=0x01 seq=1144 rssi=- snr=- st=0 rx=5 deaf=247839
2026-09-19T00:45:21Z,CHANSUM,34210,34269,60,60012,5957,42,1,0,1,0,-1080,-1160,-1150,-1159
2026-09-19T00:46:05Z,FRAME #1144 tx t=34321511 peer=0x01 type=3 schema=0 frag=0x01 seq=1145 rssi=- snr=- st=0 rx=5 deaf=248052
2026-09-19T00:46:15Z,FRAME #1145 tx t=34331514 peer=0x02 type=3 schema=0 frag=0x01 seq=1146 rssi=- snr=- st=0 rx=5 deaf=248269
2026-09-19T00:46:21Z,CHANSUM,34270,34329,60,60012,5957,42,0,0,0,0,-1120,-1160,-1150,-1159
2026-09-19T00:46:22Z,CHAN,34330,34337102,1000,100,0,4,0,-1040,-1160,-1143
2026-09-19T00:47:05Z,FRAME #1146 tx t=34381507 peer=0x01 type=3 schema=0 frag=0x01 seq=1147 rssi=- snr=- st=0 rx=5 deaf=248486
2026-09-19T00:47:15Z,FRAME #1147 tx t=34391510 peer=0x02 type=3 schema=0 frag=0x01 seq=1148 rssi=- snr=- st=0 rx=5 deaf=248703
2026-09-19T00:47:21Z,CHANSUM,34330,34389,60,60006,5956,42,4,0,1,0,-1040,-1160,-1150,-1158
2026-09-19T00:47:22Z,CHAN,34390,34397108,1000,100,0,3,0,-960,-1160,-1142
2026-09-19T00:48:05Z,FRAME #1148 tx t=34441509 peer=0x01 type=3 schema=0 frag=0x01 seq=1149 rssi=- snr=- st=0 rx=5 deaf=248916
2026-09-19T00:48:15Z,FRAME #1149 tx t=34451512 peer=0x02 type=3 schema=0 frag=0x01 seq=1150 rssi=- snr=- st=0 rx=5 deaf=249133
2026-09-19T00:48:21Z,CHANSUM,34390,34449,60,60012,5957,42,3,0,1,0,-960,-1170,-1150,-1160
2026-09-19T00:48:22Z,CHAN,34450,34457120,1000,100,0,1,0,-1100,-1160,-1145
2026-09-19T00:49:05Z,FRAME #1150 tx t=34501511 peer=0x01 type=3 schema=0 frag=0x01 seq=1151 rssi=- snr=- st=0 rx=5 deaf=249346
2026-09-19T00:49:06Z,CHAN,34494,34501120,1009,79,21,1,0,-1100,-1160,-1146
2026-09-19T00:49:10Z,CHAN,34498,34505129,1000,100,0,9,0,-960,-1160,-1131
2026-09-19T00:49:15Z,FRAME #1151 tx t=34511514 peer=0x02 type=3 schema=0 frag=0x01 seq=1152 rssi=- snr=- st=0 rx=5 deaf=249563
2026-09-19T00:49:21Z,CHANSUM,34450,34509,60,60012,5957,42,11,0,3,0,-960,-1160,-1150,-1159
2026-09-19T00:49:33Z,CHAN,34521,34528132,1000,100,0,5,0,-990,-1160,-1141
2026-09-19T00:49:50Z,CHAN,34538,34545132,1000,100,0,3,0,-1000,-1160,-1142
2026-09-19T00:49:57Z,CHAN,34545,34552132,1000,100,0,1,0,-1060,-1160,-1146
2026-09-19T00:50:05Z,FRAME #1152 tx t=34561507 peer=0x01 type=3 schema=0 frag=0x01 seq=1153 rssi=- snr=- st=0 rx=5 deaf=249780
2026-09-19T00:50:15Z,FRAME #1153 tx t=34571510 peer=0x02 type=3 schema=0 frag=0x01 seq=1154 rssi=- snr=- st=0 rx=5 deaf=249997
2026-09-19T00:50:21Z,CHANSUM,34510,34569,60,60006,5956,42,9,0,3,0,-990,-1160,-1150,-1159
2026-09-19T00:50:59Z,CHAN,34607,34614138,1000,100,0,3,0,-1030,-1160,-1145
2026-09-19T00:51:05Z,FRAME #1154 tx t=34621509 peer=0x01 type=3 schema=0 frag=0x01 seq=1155 rssi=- snr=- st=0 rx=5 deaf=250210
2026-09-19T00:51:15Z,FRAME #1155 tx t=34631512 peer=0x02 type=3 schema=0 frag=0x01 seq=1156 rssi=- snr=- st=0 rx=5 deaf=250427
2026-09-19T00:51:21Z,CHANSUM,34570,34629,60,60012,5957,42,3,0,1,0,-1030,-1160,-1150,-1159
2026-09-19T00:51:42Z,CHAN,34650,34657150,1000,100,0,2,0,-1100,-1160,-1145
2026-09-19T00:52:05Z,CHAN,34673,34680150,1000,100,0,1,0,-1100,-1160,-1146
2026-09-19T00:52:06Z,FRAME #1156 tx t=34682212 peer=0x01 type=3 schema=0 frag=0x01 seq=1157 rssi=- snr=- st=0 rx=5 deaf=250665
2026-09-19T00:52:06Z,CHAN,34674,34681150,1007,98,2,2,0,-1080,-1160,-1146
2026-09-19T00:52:15Z,FRAME #1157 tx t=34691515 peer=0x02 type=3 schema=0 frag=0x01 seq=1158 rssi=- snr=- st=0 rx=5 deaf=250882
2026-09-19T00:52:21Z,CHANSUM,34630,34689,60,60013,5954,44,5,0,3,0,-1080,-1160,-1150,-1159
2026-09-19T00:52:30Z,CHAN,34698,34705163,1000,100,0,9,0,-1080,-1160,-1141
2026-09-19T00:53:05Z,FRAME #1158 tx t=34741508 peer=0x01 type=3 schema=0 frag=0x01 seq=1159 rssi=- snr=- st=0 rx=5 deaf=251099
2026-09-19T00:53:15Z,FRAME #1159 tx t=34751511 peer=0x02 type=3 schema=0 frag=0x01 seq=1160 rssi=- snr=- st=0 rx=5 deaf=251316
2026-09-19T00:53:21Z,CHANSUM,34690,34749,60,60006,5956,42,9,0,1,0,-1080,-1160,-1150,-1159
2026-09-19T00:53:53Z,CHAN,34781,34788169,1000,100,0,1,0,-1100,-1160,-1147
2026-09-19T00:54:06Z,FRAME #1160 tx t=34802127 peer=0x01 type=3 schema=0 frag=0x01 seq=1161 rssi=- snr=- st=0 rx=5 deaf=251550
2026-09-19T00:54:16Z,FRAME #1161 tx t=34812283 peer=0x02 type=3 schema=0 frag=0x01 seq=1162 rssi=- snr=- st=0 rx=5 deaf=251784
2026-09-19T00:54:21Z,CHANSUM,34750,34809,60,60022,5953,46,1,0,1,0,-1100,-1160,-1160,-1160
2026-09-19T00:54:54Z,CHAN,34842,34849191,1000,100,0,1,0,-1000,-1160,-1145
2026-09-19T00:55:05Z,FRAME #1162 tx t=34861512 peer=0x01 type=3 schema=0 frag=0x01 seq=1163 rssi=- snr=- st=0 rx=5 deaf=251997
2026-09-19T00:55:15Z,FRAME #1163 tx t=34871515 peer=0x02 type=3 schema=0 frag=0x01 seq=1164 rssi=- snr=- st=0 rx=5 deaf=252214
2026-09-19T00:55:21Z,CHANSUM,34810,34869,60,60012,5957,42,1,0,1,0,-1000,-1160,-1150,-1159
2026-09-19T00:55:40Z,CHAN,34888,34895203,1000,100,0,1,0,-1090,-1160,-1146
2026-09-19T00:56:05Z,FRAME #1164 tx t=34921508 peer=0x01 type=3 schema=0 frag=0x01 seq=1165 rssi=- snr=- st=0 rx=5 deaf=252431
2026-09-19T00:56:15Z,FRAME #1165 tx t=34931511 peer=0x02 type=3 schema=0 frag=0x01 seq=1166 rssi=- snr=- st=0 rx=5 deaf=252648
2026-09-19T00:56:21Z,CHANSUM,34870,34929,60,60006,5956,42,1,0,1,0,-1090,-1170,-1150,-1159
2026-09-19T00:57:05Z,FRAME #1166 tx t=34981510 peer=0x01 type=3 schema=0 frag=0x01 seq=1167 rssi=- snr=- st=0 rx=5 deaf=252861
2026-09-19T00:57:06Z,CHAN,34974,34981209,1009,79,21,1,0,-1100,-1160,-1147
2026-09-19T00:57:15Z,FRAME #1167 tx t=34991513 peer=0x02 type=3 schema=0 frag=0x01 seq=1168 rssi=- snr=- st=0 rx=5 deaf=253078
2026-09-19T00:57:21Z,CHANSUM,34930,34989,60,60012,5957,42,1,0,1,0,-1100,-1160,-1150,-1159
2026-09-19T00:57:34Z,CHAN,35002,35009221,1000,100,0,1,0,-1030,-1160,-1146
2026-09-19T00:57:39Z,CHAN,35007,35014221,1000,100,0,1,0,-1050,-1160,-1147
2026-09-19T00:57:43Z,CHAN,35011,35018221,1000,100,0,1,0,-1070,-1170,-1147
2026-09-19T00:57:51Z,CHAN,35019,35026221,1000,100,0,1,0,-1020,-1160,-1146
2026-09-19T00:57:52Z,CHAN,35020,35027221,1000,100,0,1,0,-1060,-1160,-1146
2026-09-19T00:58:02Z,CHAN,35030,35037221,1000,100,0,1,0,-1090,-1160,-1147
2026-09-19T00:58:05Z,FRAME #1168 tx t=35041512 peer=0x01 type=3 schema=0 frag=0x01 seq=1169 rssi=- snr=- st=0 rx=5 deaf=253291
2026-09-19T00:58:12Z,CHAN,35040,35047230,1000,100,0,1,0,-1020,-1160,-1146
2026-09-19T00:58:15Z,FRAME #1169 tx t=35051515 peer=0x02 type=3 schema=0 frag=0x01 seq=1170 rssi=- snr=- st=0 rx=5 deaf=253508
2026-09-19T00:58:21Z,CHANSUM,34990,35049,60,60012,5957,42,7,0,7,0,-1020,-1170,-1150,-1160
2026-09-19T00:59:05Z,FRAME #1170 tx t=35101508 peer=0x01 type=3 schema=0 frag=0x01 seq=1171 rssi=- snr=- st=0 rx=5 deaf=253725
2026-09-19T00:59:15Z,FRAME #1171 tx t=35111511 peer=0x02 type=3 schema=0 frag=0x01 seq=1172 rssi=- snr=- st=0 rx=5 deaf=253942
2026-09-19T00:59:21Z,CHANSUM,35050,35109,60,60006,5956,42,0,0,0,0,-1120,-1160,-1150,-1159
2026-09-19T00:59:43Z,CHAN,35131,35138239,1000,100,0,2,0,-960,-1160,-1145
2026-09-19T01:00:05Z,FRAME #1172 tx t=35161510 peer=0x01 type=3 schema=0 frag=0x01 seq=1173 rssi=- snr=- st=0 rx=5 deaf=254155
2026-09-19T01:00:06Z,CHAN,35154,35161239,1009,79,21,1,0,-1090,-1160,-1147
2026-09-19T01:00:15Z,FRAME #1173 tx t=35171513 peer=0x02 type=3 schema=0 frag=0x01 seq=1174 rssi=- snr=- st=0 rx=5 deaf=254372
2026-09-19T01:00:21Z,CHANSUM,35110,35169,60,60012,5957,42,3,0,2,0,-960,-1160,-1150,-1159
2026-09-19T01:00:44Z,CHAN,35192,35199251,1000,100,0,4,0,-950,-1160,-1139
2026-09-19T01:01:05Z,FRAME #1174 tx t=35221512 peer=0x01 type=3 schema=0 frag=0x01 seq=1175 rssi=- snr=- st=0 rx=5 deaf=254585
2026-09-19T01:01:15Z,FRAME #1175 tx t=35231515 peer=0x02 type=3 schema=0 frag=0x01 seq=1176 rssi=- snr=- st=0 rx=5 deaf=254802
2026-09-19T01:01:21Z,CHANSUM,35170,35229,60,60012,5957,42,4,0,1,0,-950,-1160,-1150,-1159
2026-09-19T01:02:05Z,FRAME #1176 tx t=35281508 peer=0x01 type=3 schema=0 frag=0x01 seq=1177 rssi=- snr=- st=0 rx=5 deaf=255019
2026-09-19T01:02:15Z,FRAME #1177 tx t=35291511 peer=0x02 type=3 schema=0 frag=0x01 seq=1178 rssi=- snr=- st=0 rx=5 deaf=255236
2026-09-19T01:02:21Z,CHANSUM,35230,35289,60,60006,5956,42,0,0,0,0,-1120,-1170,-1150,-1159
2026-09-19T01:03:05Z,FRAME #1178 tx t=35341510 peer=0x01 type=3 schema=0 frag=0x01 seq=1179 rssi=- snr=- st=0 rx=5 deaf=255449
2026-09-19T01:03:15Z,FRAME #1179 tx t=35351513 peer=0x02 type=3 schema=0 frag=0x01 seq=1180 rssi=- snr=- st=0 rx=5 deaf=255666
2026-09-19T01:03:21Z,CHANSUM,35290,35349,60,60012,5957,42,0,0,0,0,-1120,-1160,-1160,-1160
2026-09-19T01:03:54Z,CHAN,35382,35389281,1000,100,0,1,0,-1090,-1160,-1147
2026-09-19T01:04:06Z,FRAME #1180 tx t=35402769 peer=0x01 type=3 schema=0 frag=0x01 seq=1181 rssi=- snr=- st=0 rx=5 deaf=255900
2026-09-19T01:04:15Z,FRAME #1181 tx t=35411508 peer=0x02 type=3 schema=0 frag=0x01 seq=1182 rssi=- snr=- st=0 rx=5 deaf=256113
2026-09-19T01:04:20Z,CHAN,35408,35415306,1000,100,0,1,0,-1100,-1160,-1148
2026-09-19T01:04:21Z,CHANSUM,35350,35409,60,60025,5956,44,2,0,2,0,-1090,-1170,-1160,-1160
2026-09-19T01:04:55Z,CHAN,35443,35450306,1000,100,0,1,0,-1090,-1160,-1145
2026-09-19T01:05:05Z,FRAME #1182 tx t=35461507 peer=0x01 type=3 schema=0 frag=0x01 seq=1183 rssi=- snr=- st=0 rx=5 deaf=256326
2026-09-19T01:05:15Z,FRAME #1183 tx t=35471510 peer=0x02 type=3 schema=0 frag=0x01 seq=1184 rssi=- snr=- st=0 rx=5 deaf=256543
2026-09-19T01:05:21Z,CHANSUM,35410,35469,60,60012,5957,42,1,0,1,0,-1090,-1160,-1150,-1159
2026-09-19T01:05:50Z,CHAN,35498,35505318,1000,100,0,1,0,-1100,-1160,-1146
2026-09-19T01:06:06Z,FRAME #1184 tx t=35522486 peer=0x01 type=3 schema=0 frag=0x01 seq=1185 rssi=- snr=- st=0 rx=5 deaf=256777
2026-09-19T01:06:15Z,FRAME #1185 tx t=35531505 peer=0x02 type=3 schema=0 frag=0x01 seq=1186 rssi=- snr=- st=0 rx=5 deaf=256990
2026-09-19T01:06:21Z,CHANSUM,35470,35529,60,60025,5956,44,1,0,1,0,-1100,-1160,-1150,-1159
2026-09-19T01:07:05Z,FRAME #1186 tx t=35581504 peer=0x01 type=3 schema=0 frag=0x01 seq=1187 rssi=- snr=- st=0 rx=5 deaf=257203
2026-09-19T01:07:15Z,FRAME #1187 tx t=35591507 peer=0x02 type=3 schema=0 frag=0x01 seq=1188 rssi=- snr=- st=0 rx=5 deaf=257420
2026-09-19T01:07:21Z,CHANSUM,35530,35589,60,60012,5957,42,0,0,0,0,-1120,-1170,-1150,-1159
2026-09-19T01:07:22Z,CHAN,35590,35597355,1000,100,0,2,0,-1060,-1160,-1146
2026-09-19T01:08:05Z,FRAME #1188 tx t=35641506 peer=0x01 type=3 schema=0 frag=0x01 seq=1189 rssi=- snr=- st=0 rx=5 deaf=257633
2026-09-19T01:08:15Z,FRAME #1189 tx t=35651509 peer=0x02 type=3 schema=0 frag=0x01 seq=1190 rssi=- snr=- st=0 rx=5 deaf=257850
2026-09-19T01:08:21Z,CHANSUM,35590,35649,60,60012,5957,42,2,0,1,0,-1060,-1170,-1150,-1159
2026-09-19T01:09:06Z,FRAME #1190 tx t=35702710 peer=0x01 type=3 schema=0 frag=0x01 seq=1191 rssi=- snr=- st=0 rx=5 deaf=258113
2026-09-19T01:09:15Z,FRAME #1191 tx t=35711513 peer=0x02 type=3 schema=0 frag=0x01 seq=1192 rssi=- snr=- st=0 rx=5 deaf=258330
2026-09-19T01:09:18Z,CHAN,35706,35713381,1000,100,0,1,0,-1050,-1160,-1146
2026-09-19T01:09:21Z,CHANSUM,35650,35709,60,60014,5951,46,1,0,1,0,-1050,-1160,-1150,-1159
2026-09-19T01:09:35Z,CHAN,35723,35730381,1000,100,0,5,0,-1010,-1160,-1142
2026-09-19T01:10:05Z,FRAME #1192 tx t=35761512 peer=0x01 type=3 schema=0 frag=0x01 seq=1193 rssi=- snr=- st=0 rx=5 deaf=258543
2026-09-19T01:10:15Z,FRAME #1193 tx t=35771515 peer=0x02 type=3 schema=0 frag=0x01 seq=1194 rssi=- snr=- st=0 rx=5 deaf=258760
2026-09-19T01:10:21Z,CHANSUM,35710,35769,60,60012,5957,42,5,0,1,0,-1010,-1170,-1150,-1160
2026-09-19T01:10:29Z,CHAN,35777,35784393,1000,100,0,1,0,-1100,-1160,-1146
2026-09-19T01:10:30Z,CHAN,35778,35785393,1000,100,0,1,0,-1100,-1160,-1140
2026-09-19T01:10:31Z,CHAN,35779,35786393,1000,100,0,1,0,-1100,-1160,-1142
2026-09-19T01:10:34Z,CHAN,35782,35789393,1000,100,0,1,0,-1100,-1160,-1142
2026-09-19T01:10:35Z,CHAN,35783,35790393,1000,100,0,1,0,-1090,-1170,-1142
2026-09-19T01:10:36Z,CHAN,35784,35791393,1000,100,0,1,0,-1100,-1160,-1142
2026-09-19T01:10:39Z,CHAN,35787,35794393,1000,100,0,5,0,-1070,-1160,-1138
2026-09-19T01:10:40Z,CHAN,35788,35795393,1000,100,0,1,0,-1090,-1170,-1144
2026-09-19T01:10:57Z,CHAN,35805,35812393,1000,100,0,1,0,-1100,-1160,-1143
2026-09-19T01:11:01Z,CHAN,35809,35816393,1000,100,0,2,0,-1100,-1160,-1148
2026-09-19T01:11:05Z,FRAME #1194 tx t=35821508 peer=0x01 type=3 schema=0 frag=0x01 seq=1195 rssi=- snr=- st=0 rx=5 deaf=258977
2026-09-19T01:11:15Z,FRAME #1195 tx t=35831511 peer=0x02 type=3 schema=0 frag=0x01 seq=1196 rssi=- snr=- st=0 rx=5 deaf=259194
2026-09-19T01:11:19Z,CHAN,35827,35834399,1000,100,0,36,0,-930,-1160,-1082
2026-09-19T01:11:21Z,CHANSUM,35770,35829,60,60006,5956,42,51,0,11,0,-930,-1170,-1150,-1160
2026-09-19T01:12:05Z,CHAN,35873,35880399,1000,100,0,1,0,-1100,-1160,-1147
2026-09-19T01:12:05Z,FRAME #1196 tx t=35881927 peer=0x01 type=3 schema=0 frag=0x01 seq=1197 rssi=- snr=- st=0 rx=5 deaf=259428
2026-09-19T01:12:15Z,FRAME #1197 tx t=35891506 peer=0x02 type=3 schema=0 frag=0x01 seq=1198 rssi=- snr=- st=0 rx=5 deaf=259641
2026-09-19T01:12:21Z,CHANSUM,35830,35889,60,60015,5955,44,1,0,1,0,-1100,-1160,-1150,-1159
2026-09-19T01:12:57Z,CHAN,35925,35932414,1000,100,0,11,0,-940,-1160,-1125
2026-09-19T01:12:58Z,CHAN,35926,35933414,1000,100,0,38,0,-940,-1160,-1069
2026-09-19T01:13:05Z,FRAME #1198 tx t=35941505 peer=0x01 type=3 schema=0 frag=0x01 seq=1199 rssi=- snr=- st=0 rx=5 deaf=259854
2026-09-19T01:13:15Z,FRAME #1199 tx t=35951508 peer=0x02 type=3 schema=0 frag=0x01 seq=1200 rssi=- snr=- st=0 rx=5 deaf=260071
2026-09-19T01:13:21Z,CHANSUM,35890,35949,60,60012,5957,42,49,0,2,0,-940,-1170,-1150,-1160
2026-09-19T01:13:30Z,CHAN,35958,35965426,1000,100,0,9,0,-1060,-1160,-1141
# M25 capture closed 2026-09-19T01:14:04Z
