# Poll clash bench run, 2026-09-24 (EDT). Control arm: bridge 2066fc9. Fix arm: bridge 30c295f (firmware as 6a8b76d).
# Serial from the bridge, the Heltec simnode and the XIAO, MQTT lran/# and harness lines (ctl), host time. lran/bridge/diag/rxlog/state is left out: the serial FRAME lines carry the same records.
# ---- control arm
22:46:18.493 mqtt   lran/bridge/availability online
22:46:18.493 mqtt   lran/bridge/version {"version":"0.1.0","git":"2066fc9","slot":"app0","ota_state":"verified_or_usb"}
22:46:18.493 mqtt   lran/bridge/diag/state {"rx_crc_err":0,"rx_runt":0,"rx_oversize":0,"rx_bad_crc":0,"rx_bad_ver":0,"rx_not_addressed":0,"rx_unknown_hdr_ext":0,"rx_bad_frag":0,"rx_unknown_type":0,"rx_unknown_schema":0,"rx_bad_length":0,"rx_not_fragmentable":0,"rx_rejected_ctx":0,"rx_rejected_mac":0,"rx_unknown_src":0,"rx_reassembly_timeout":0,"rx_fragment_overflow":0,"rx_reassembly_abandoned":0,"rx_rejected_seq":0,"rx_frag_duplicate":0,"rx_frag_late":0,"rx_dup_command":0,"rx_dropped":0,"rx_frames":6,"ctx_rolls":1,"ctx_roll_failed":0}
22:46:18.493 mqtt   lran/bridge/diag/radio/state {"tx_frames":7,"cad_backoffs":1,"errors_suppressed":0,"cad_deferred":0,"cad_free":7,"rx_deaf_ms":1565,"cad_errors":0,"tx_forced":0,"tx_errors":0,"tx_timeouts":0,"tx_dropped_no_radio":0,"rx_driver_errors":0,"rx_no_interrupt":0,"rx_wake_empty":0,"begin_failures":0,"last_begin_status":0,"q_rx_dropped":0,"q_rx_high_water":1,"q_publish_dropped":0,"q_publish_high_water":5,"q_tx_dropped":0,"q_tx_high_water":1,"q_log_dropped":0,"q_log_high_water":0,"q_command_dropped":0,"q_command_high_water":0,"q_config_dropped":0,"q_config_high_water":0}
22:46:18.493 mqtt   lran/bridge/diag/cmd/state {"cmd_submitted":0,"cmd_refused_busy":0,"cmd_sent":0,"cmd_retries":0,"cmd_acked":0,"cmd_no_ack":0,"cmd_resyncs":0,"cmd_resync_failed":0,"cmd_ack_ignored":0,"cmd_refused_roll_pending":0,"roll_sent":1,"roll_retries":0,"roll_busy":0,"roll_by_rejected_ctx":0}
22:46:18.493 mqtt   lran/bridge/diag/publish/state {"status_frames":5,"documents":0,"unchanged":0,"heartbeats":0,"event_frames":0,"events":0,"event_repeats":0,"bench_withheld":5,"queue_refused":0,"undecodable":0}
22:46:18.493 mqtt   lran/bridge/config/state {"simnode_diag_enable":{"value":0,"source":"override"},"diag_interval_s":{"value":60,"source":"default"},"missed_poll_threshold":{"value":3,"source":"default"},"poll_reply_timeout_ms":{"value":10000,"source":"default"},"command_ack_timeout_ms":{"value":3000,"source":"default"},"cmd_retries":{"value":3,"source":"default"},"cad_retries":{"value":5,"source":"default"},"backoff_max_ms":{"value":1500,"source":"default"},"frag_reassembly_timeout_ms":{"value":5000,"source":"default"},"error_min_interval_ms":{"value":1000,"source":"default"},"config_readback_timeout_ms":{"value":15000,"source":"default"},"config_ack_timeout_ms":{"value":8000,"source":"default"},"republish_interval_s":{"value":900,"source":"override"},"bms_stale_s":{"value":600,"source":"default"},"cell_mv_deadband":{"value":5,"source":"default"},"freq_hz":{"value":917400000,"source":"override"},"spreading_factor":{"value":9,"source":"override"},"bandwidth_khz":{"value":125,"source":"override"},"coding_rate_denominator":{"value":5,"source":"override"},"tx_power_dbm":{"value":-4,"source":"override"},"phy_trial_s":{"value":120,"source":"override"}}
22:46:18.495 mqtt   lran/gatelink/diag/state {"rssi_dbm":null,"snr_db":null,"last_seen_s":null,"missed_polls":0,"proto_ver":null,"unsupported_ver":null}
22:46:18.495 mqtt   lran/gatelink/availability offline
22:46:18.495 mqtt   lran/gatelink/config/state {"poll_interval_s":{"value":60,"source":"default"},"deployed":{"value":0,"source":"default"},"dedup_cache_depth":{"value":null,"source":"default"},"frag_reassembly_timeout_ms":{"value":null,"source":"default"},"cad_retries":{"value":null,"source":"default"},"backoff_max_ms":{"value":null,"source":"default"},"freq_hz":{"value":null,"source":"default"},"spreading_factor":{"value":null,"source":"default"},"bandwidth_khz":{"value":null,"source":"default"},"coding_rate_denominator":{"value":null,"source":"default"},"tx_power_dbm":{"value":null,"source":"default"},"phy_trial_s":{"value":null,"source":"default"}}
22:46:18.495 mqtt   lran/gatelink/gate/state {"state":"closed","held_open":false,"hold_source":"none","movement_cause":"unknown","last_direction":"entry","in_open":false,"in_moving":false,"in_safety":false,"in_exit":false,"in_fire":false,"in_alarm":false,"input_bits":0,"synthetic":true}
22:46:18.495 mqtt   lran/gatelink/detect/state {"safety":false,"exit":false,"classifying":false,"vehicle_while_held":false,"suppressed":false,"last_traversal":"2026-09-24T13:04:39Z","traversal_persisted":true,"synthetic":true}
22:46:18.495 mqtt   lran/gatelink/solar/state {"available":false,"batt_mv":null,"batt_ma":null,"pv_mv":null,"pv_w":null,"load_ma":null,"yield_today_kwh":null,"yield_yesterday_kwh":null,"pmax_today_w":null,"yield_total_kwh":null,"charge_state":null,"error":null,"tracker":null,"load_on":null,"charge_inhibited":null,"temp_c":null,"hex_pending":false,"synthetic":true}
22:46:18.495 mqtt   lran/gatelink/battery/state {"available":false,"soc":null,"soc_source":null,"pack_mv":null,"pack_ma":null,"cell_count":null,"cell1_mv":null,"cell2_mv":null,"cell3_mv":null,"cell4_mv":null,"cell1_temp_c":null,"cell2_temp_c":null,"cell3_temp_c":null,"cell4_temp_c":null,"cycles":null,"capacity_ah":null,"alarms":null,"charge_fet":null,"discharge_fet":null,"charge_inhibited":null,"protection":null,"balancing":null,"ble_rssi_dbm":-70,"age_s":900,"synthetic":true}
22:46:18.495 mqtt   lran/gatelink/node/state {"uptime_s":3617,"boot_count":1,"node_mv":13200,"node_ma":45,"enclosure_temp_c":28.5,"config_persisted":true,"sd_ok":true,"dry_run":false,"bms_ble":true,"debug":false,"shutdown_latch":false,"reason":"debug_synthetic","synthetic":true}
22:46:18.495 mqtt   lran/welllink/diag/state {"rssi_dbm":null,"snr_db":null,"last_seen_s":null,"missed_polls":0,"proto_ver":null,"unsupported_ver":null}
22:46:18.495 mqtt   lran/welllink/availability offline
22:46:18.495 mqtt   lran/welllink/config/state {"poll_interval_s":{"value":60,"source":"default"},"deployed":{"value":0,"source":"default"},"dedup_cache_depth":{"value":null,"source":"default"},"frag_reassembly_timeout_ms":{"value":null,"source":"default"},"cad_retries":{"value":null,"source":"default"},"backoff_max_ms":{"value":null,"source":"default"},"freq_hz":{"value":null,"source":"default"},"spreading_factor":{"value":null,"source":"default"},"bandwidth_khz":{"value":null,"source":"default"},"coding_rate_denominator":{"value":null,"source":"default"},"tx_power_dbm":{"value":null,"source":"default"},"phy_trial_s":{"value":null,"source":"default"}}
22:46:18.495 mqtt   lran/simnode0/config/state {"poll_interval_s":{"value":60,"source":"default"},"deployed":{"value":0,"source":"override"},"dedup_cache_depth":{"value":null,"source":"default"},"frag_reassembly_timeout_ms":{"value":null,"source":"default"},"cad_retries":{"value":null,"source":"default"},"backoff_max_ms":{"value":null,"source":"default"},"freq_hz":{"value":null,"source":"default"},"spreading_factor":{"value":null,"source":"default"},"bandwidth_khz":{"value":null,"source":"default"},"coding_rate_denominator":{"value":null,"source":"default"},"tx_power_dbm":{"value":null,"source":"default"},"phy_trial_s":{"value":null,"source":"default"}}
22:46:18.495 mqtt   lran/simnode0/diag/state {"rssi_dbm":-22,"snr_db":11,"last_seen_s":0,"missed_polls":0,"proto_ver":2,"unsupported_ver":null}
22:46:18.495 mqtt   lran/simnode0/availability offline
22:46:18.496 mqtt   lran/simnode1/config/state {"poll_interval_s":{"value":60,"source":"default"},"deployed":{"value":0,"source":"override"},"dedup_cache_depth":{"value":null,"source":"default"},"frag_reassembly_timeout_ms":{"value":null,"source":"default"},"cad_retries":{"value":null,"source":"default"},"backoff_max_ms":{"value":null,"source":"default"},"freq_hz":{"value":null,"source":"default"},"spreading_factor":{"value":null,"source":"default"},"bandwidth_khz":{"value":null,"source":"default"},"coding_rate_denominator":{"value":null,"source":"default"},"tx_power_dbm":{"value":null,"source":"default"},"phy_trial_s":{"value":null,"source":"default"}}
22:46:18.496 mqtt   lran/simnode1/availability offline
22:46:18.496 mqtt   lran/simnode1/diag/state {"rssi_dbm":-33,"snr_db":11,"last_seen_s":41,"missed_polls":0,"proto_ver":2,"unsupported_ver":null}
22:46:18.496 mqtt   lran/simnode2/config/state {"poll_interval_s":{"value":10,"source":"override"},"deployed":{"value":1,"source":"override"},"dedup_cache_depth":{"value":null,"source":"default"},"frag_reassembly_timeout_ms":{"value":null,"source":"default"},"cad_retries":{"value":null,"source":"default"},"backoff_max_ms":{"value":null,"source":"default"},"freq_hz":{"value":null,"source":"default"},"spreading_factor":{"value":null,"source":"default"},"bandwidth_khz":{"value":null,"source":"default"},"coding_rate_denominator":{"value":null,"source":"default"},"tx_power_dbm":{"value":null,"source":"default"},"phy_trial_s":{"value":null,"source":"default"}}
22:46:18.496 mqtt   lran/simnode2/diag/state {"rssi_dbm":-22,"snr_db":11,"last_seen_s":40,"missed_polls":0,"proto_ver":2,"unsupported_ver":null}
22:46:18.496 mqtt   lran/simnode2/availability offline
22:46:18.496 mqtt   lran/simnode3/config/state {"poll_interval_s":{"value":60,"source":"default"},"deployed":{"value":0,"source":"default"},"dedup_cache_depth":{"value":null,"source":"default"},"frag_reassembly_timeout_ms":{"value":null,"source":"default"},"cad_retries":{"value":null,"source":"default"},"backoff_max_ms":{"value":null,"source":"default"},"freq_hz":{"value":null,"source":"default"},"spreading_factor":{"value":null,"source":"default"},"bandwidth_khz":{"value":null,"source":"default"},"coding_rate_denominator":{"value":null,"source":"default"},"tx_power_dbm":{"value":null,"source":"default"},"phy_trial_s":{"value":null,"source":"default"}}
22:46:18.617 ctl    === waiting for the boards and the broker
22:46:18.744 bridge ESP-ROM:esp32s3-20210327
22:46:18.744 bridge Build:Mar 27 2021
22:46:18.744 bridge rst:0x1 (POWERON),boot:0x9 (SPI_FAST_FLASH_BOOT)
22:46:18.745 bridge SPIWP:0xee
22:46:18.745 bridge mode:DIO, clock div:1
22:46:18.745 bridge load:0x3fce3808,len:0x4bc
22:46:18.745 bridge load:0x403c9700,len:0xbd8
22:46:18.745 bridge load:0x403cc700,len:0x2a0c
22:46:18.745 bridge entry 0x403c98d0
22:46:18.820 xiao   ESP-ROM:esp32s3-20210327
22:46:18.820 xiao   Build:Mar 27 2021
22:46:18.820 xiao   rst:0x15 (USB_UART_CHIP_RESET),boot:0x28 (SPI_FAST_FLASH_BOOT)
22:46:18.820 xiao   Saved PC:0x42035b9e
22:46:18.820 xiao   SPIWP:0xee
22:46:18.820 xiao   mode:DIO, clock div:1
22:46:18.820 xiao   load:0x3fce3808,len:0x4bc
22:46:18.820 xiao   load:0x403c9700,len:0xbd8
22:46:18.820 xiao   load:0x403cc700,len:0x2a0c
22:46:18.820 xiao   entry 0x403c98d0
22:46:18.820 heltec ESP-ROM:esp32s3-20210327
22:46:18.820 heltec Build:Mar 27 2021
22:46:18.820 heltec rst:0x1 (POWERON),boot:0x29 (SPI_FAST_FLASH_BOOT)
22:46:18.820 heltec SPIWP:0xee
22:46:18.820 heltec mode:DIO, clock div:1
22:46:18.820 heltec load:0x3fce3808,len:0x4bc
22:46:18.820 heltec load:0x403c9700,len:0xbd8
22:46:18.820 heltec load:0x403cc700,len:0x2a0c
22:46:18.820 heltec entry 0x403c98d0
22:46:19.149 bridge LRAN Bridge Node - node 0x00
22:46:19.149 bridge Binding spec: LRAN-Protocol-Specification v0.14 (ver = 2)
22:46:19.149 bridge PHY: 917.4 MHz, SF9, BW 125 kHz, CR 4/5, -4 dBm conducted, 3.0 dBi
22:46:19.149 bridge Version: 0.1.0 (2066fc9)
22:46:19.149 bridge Slot: app0
22:46:19.149 bridge Image state: not_pending
22:46:19.149 bridge CHAN-BOOT,2066fc9,917400000,9,1250,1000,-1100,10
22:46:19.149 bridge WiFi SSID: McLeeNet
22:46:19.149 bridge MQTT broker: 192.168.2.52:1883
22:46:19.149 bridge Registry: 0x01 0x02 0xF0(bench) 0xF1(bench) 0xF2(bench) 0xF3(bench)
22:46:19.149 bridge Config: 12 stored value(s) restored
22:46:19.149 bridge levers: gen 2 - diag 60 s, poll reply 10000 ms, missed 3, cmd ack 3000 ms x3, config ack 8000 ms, readba[   548][W][WiFiGeneric.cpp:1062] _eventCallback(): Reason: 202 - AUTH_FAIL
22:46:19.149 bridge ck 15000 ms, simnode diag off
22:46:19.149 bridge [   574][W][WiFiGeneric.cpp:1062] _eventCallback(): Reason: 202 - AUTH_FAIL
22:46:19.149 bridge Tasks started: 7
22:46:19.149 bridge BF-15: WiFi, MQTT, OTA, the radio link and the registry. No discovery yet.
22:46:19.354 bridge LoRa: radio up - 917400000 Hz, SF9, BW 125.0 kHz, CR 4/5, -4 dBm conducted, 3.0 dBi antenna
22:46:19.355 bridge LoRa: stack high-water 6428 bytes free
22:46:19.355 bridge FRAME #0 tx t=638 peer=0xf2 type=3 schema=0 frag=0x01 seq=1 rssi=- snr=- st=0 rx=5 deaf=25
22:46:19.355 bridge [   743][I][esp32-hal-i2c.c:75] i2cInit(): Initialising I2C Master: sda=17 scl=18 freq=100000
22:46:19.355 bridge [   753][W][Wire.cpp:301] begin(): Bus already started in Master Mode.
22:46:19.867 mqtt   lran/bridge/availability offline
22:46:19.871 mqtt   lran/bridge/availability online
22:46:19.874 mqtt   lran/bridge/version {"version":"0.1.0","git":"2066fc9","slot":"app0","ota_state":"verified_or_usb"}
22:46:19.902 mqtt   lran/bridge/diag/state {"rx_crc_err":0,"rx_runt":0,"rx_oversize":0,"rx_bad_crc":0,"rx_bad_ver":0,"rx_not_addressed":0,"rx_unknown_hdr_ext":0,"rx_bad_frag":0,"rx_unknown_type":0,"rx_unknown_schema":0,"rx_bad_length":0,"rx_not_fragmentable":0,"rx_rejected_ctx":0,"rx_rejected_mac":0,"rx_unknown_src":0,"rx_reassembly_timeout":0,"rx_fragment_overflow":0,"rx_reassembly_abandoned":0,"rx_rejected_seq":0,"rx_frag_duplicate":0,"rx_frag_late":0,"rx_dup_command":0,"rx_dropped":0,"rx_frames":0,"ctx_rolls":0,"ctx_roll_failed":0}
22:46:19.907 mqtt   lran/bridge/diag/radio/state {"tx_frames":0,"cad_backoffs":0,"errors_suppressed":0,"cad_deferred":0,"cad_free":0,"rx_deaf_ms":0,"cad_errors":0,"tx_forced":0,"tx_errors":0,"tx_timeouts":0,"tx_dropped_no_radio":0,"rx_driver_errors":0,"rx_no_interrupt":0,"rx_wake_empty":0,"begin_failures":0,"last_begin_status":0,"q_rx_dropped":0,"q_rx_high_water":0,"q_publish_dropped":0,"q_publish_high_water":0,"q_tx_dropped":0,"q_tx_high_water":1,"q_log_dropped":0,"q_log_high_water":0,"q_command_dropped":0,"q_command_high_water":0,"q_config_dropped":0,"q_config_high_water":0}
22:46:19.907 mqtt   lran/bridge/diag/cmd/state {"cmd_submitted":0,"cmd_refused_busy":0,"cmd_sent":0,"cmd_retries":0,"cmd_acked":0,"cmd_no_ack":0,"cmd_resyncs":0,"cmd_resync_failed":0,"cmd_ack_ignored":0,"cmd_refused_roll_pending":0,"roll_sent":0,"roll_retries":0,"roll_busy":0,"roll_by_rejected_ctx":0}
22:46:19.907 mqtt   lran/bridge/diag/publish/state {"status_frames":0,"documents":0,"unchanged":0,"heartbeats":0,"event_frames":0,"events":0,"event_repeats":0,"bench_withheld":0,"queue_refused":0,"undecodable":0}
22:46:19.914 mqtt   lran/bridge/config/state {"simnode_diag_enable":{"value":0,"source":"override"},"diag_interval_s":{"value":60,"source":"default"},"missed_poll_threshold":{"value":3,"source":"default"},"poll_reply_timeout_ms":{"value":10000,"source":"default"},"command_ack_timeout_ms":{"value":3000,"source":"default"},"cmd_retries":{"value":3,"source":"default"},"cad_retries":{"value":5,"source":"default"},"backoff_max_ms":{"value":1500,"source":"default"},"frag_reassembly_timeout_ms":{"value":5000,"source":"default"},"error_min_interval_ms":{"value":1000,"source":"default"},"config_readback_timeout_ms":{"value":15000,"source":"default"},"config_ack_timeout_ms":{"value":8000,"source":"default"},"republish_interval_s":{"value":900,"source":"override"},"bms_stale_s":{"value":600,"source":"default"},"cell_mv_deadband":{"value":5,"source":"default"},"freq_hz":{"value":917400000,"source":"override"},"spreading_factor":{"value":9,"source":"override"},"bandwidth_khz":{"value":125,"source":"override"},"coding_rate_denominator":{"value":5,"source":"override"},"tx_power_dbm":{"value":-4,"source":"override"},"phy_trial_s":{"value":120,"source":"override"}}
22:46:19.962 mqtt   lran/gatelink/config/state {"poll_interval_s":{"value":60,"source":"default"},"deployed":{"value":0,"source":"default"},"dedup_cache_depth":{"value":null,"source":"default"},"frag_reassembly_timeout_ms":{"value":null,"source":"default"},"cad_retries":{"value":null,"source":"default"},"backoff_max_ms":{"value":null,"source":"default"},"freq_hz":{"value":null,"source":"default"},"spreading_factor":{"value":null,"source":"default"},"bandwidth_khz":{"value":null,"source":"default"},"coding_rate_denominator":{"value":null,"source":"default"},"tx_power_dbm":{"value":null,"source":"default"},"phy_trial_s":{"value":null,"source":"default"}}
22:46:19.963 bridge [  1338][I][ArduinoOTA.cpp:141] begin(): OTA server at: lran-bridge.local:3232
22:46:19.963 bridge OTA: listening as lran-bridge
22:46:20.007 mqtt   lran/welllink/config/state {"poll_interval_s":{"value":60,"source":"default"},"deployed":{"value":0,"source":"default"},"dedup_cache_depth":{"value":null,"source":"default"},"frag_reassembly_timeout_ms":{"value":null,"source":"default"},"cad_retries":{"value":null,"source":"default"},"backoff_max_ms":{"value":null,"source":"default"},"freq_hz":{"value":null,"source":"default"},"spreading_factor":{"value":null,"source":"default"},"bandwidth_khz":{"value":null,"source":"default"},"coding_rate_denominator":{"value":null,"source":"default"},"tx_power_dbm":{"value":null,"source":"default"},"phy_trial_s":{"value":null,"source":"default"}}
22:46:20.011 mqtt   lran/simnode0/config/state {"poll_interval_s":{"value":60,"source":"default"},"deployed":{"value":0,"source":"override"},"dedup_cache_depth":{"value":null,"source":"default"},"frag_reassembly_timeout_ms":{"value":null,"source":"default"},"cad_retries":{"value":null,"source":"default"},"backoff_max_ms":{"value":null,"source":"default"},"freq_hz":{"value":null,"source":"default"},"spreading_factor":{"value":null,"source":"default"},"bandwidth_khz":{"value":null,"source":"default"},"coding_rate_denominator":{"value":null,"source":"default"},"tx_power_dbm":{"value":null,"source":"default"},"phy_trial_s":{"value":null,"source":"default"}}
22:46:20.109 mqtt   lran/simnode1/config/state {"poll_interval_s":{"value":60,"source":"default"},"deployed":{"value":0,"source":"override"},"dedup_cache_depth":{"value":null,"source":"default"},"frag_reassembly_timeout_ms":{"value":null,"source":"default"},"cad_retries":{"value":null,"source":"default"},"backoff_max_ms":{"value":null,"source":"default"},"freq_hz":{"value":null,"source":"default"},"spreading_factor":{"value":null,"source":"default"},"bandwidth_khz":{"value":null,"source":"default"},"coding_rate_denominator":{"value":null,"source":"default"},"tx_power_dbm":{"value":null,"source":"default"},"phy_trial_s":{"value":null,"source":"default"}}
22:46:20.112 mqtt   lran/simnode2/config/state {"poll_interval_s":{"value":10,"source":"override"},"deployed":{"value":1,"source":"override"},"dedup_cache_depth":{"value":null,"source":"default"},"frag_reassembly_timeout_ms":{"value":null,"source":"default"},"cad_retries":{"value":null,"source":"default"},"backoff_max_ms":{"value":null,"source":"default"},"freq_hz":{"value":null,"source":"default"},"spreading_factor":{"value":null,"source":"default"},"bandwidth_khz":{"value":null,"source":"default"},"coding_rate_denominator":{"value":null,"source":"default"},"tx_power_dbm":{"value":null,"source":"default"},"phy_trial_s":{"value":null,"source":"default"}}
22:46:20.202 mqtt   lran/bridge/diag/state {"rx_crc_err":0,"rx_runt":0,"rx_oversize":0,"rx_bad_crc":0,"rx_bad_ver":0,"rx_not_addressed":0,"rx_unknown_hdr_ext":0,"rx_bad_frag":0,"rx_unknown_type":0,"rx_unknown_schema":0,"rx_bad_length":0,"rx_not_fragmentable":0,"rx_rejected_ctx":0,"rx_rejected_mac":0,"rx_unknown_src":0,"rx_reassembly_timeout":0,"rx_fragment_overflow":0,"rx_reassembly_abandoned":0,"rx_rejected_seq":0,"rx_frag_duplicate":0,"rx_frag_late":0,"rx_dup_command":0,"rx_dropped":0,"rx_frames":0,"ctx_rolls":0,"ctx_roll_failed":0}
22:46:20.205 mqtt   lran/bridge/diag/radio/state {"tx_frames":1,"cad_backoffs":0,"errors_suppressed":0,"cad_deferred":0,"cad_free":1,"rx_deaf_ms":217,"cad_errors":0,"tx_forced":0,"tx_errors":0,"tx_timeouts":0,"tx_dropped_no_radio":0,"rx_driver_errors":0,"rx_no_interrupt":0,"rx_wake_empty":0,"begin_failures":0,"last_begin_status":0,"q_rx_dropped":0,"q_rx_high_water":0,"q_publish_dropped":0,"q_publish_high_water":5,"q_tx_dropped":0,"q_tx_high_water":1,"q_log_dropped":0,"q_log_high_water":0,"q_command_dropped":0,"q_command_high_water":0,"q_config_dropped":0,"q_config_high_water":0}
22:46:20.205 mqtt   lran/bridge/diag/cmd/state {"cmd_submitted":0,"cmd_refused_busy":0,"cmd_sent":0,"cmd_retries":0,"cmd_acked":0,"cmd_no_ack":0,"cmd_resyncs":0,"cmd_resync_failed":0,"cmd_ack_ignored":0,"cmd_refused_roll_pending":0,"roll_sent":0,"roll_retries":0,"roll_busy":0,"roll_by_rejected_ctx":0}
22:46:20.205 mqtt   lran/bridge/diag/publish/state {"status_frames":0,"documents":0,"unchanged":0,"heartbeats":0,"event_frames":0,"events":0,"event_repeats":0,"bench_withheld":0,"queue_refused":0,"undecodable":0}
22:46:20.217 mqtt   lran/simnode3/config/state {"poll_interval_s":{"value":60,"source":"default"},"deployed":{"value":0,"source":"default"},"dedup_cache_depth":{"value":null,"source":"default"},"frag_reassembly_timeout_ms":{"value":null,"source":"default"},"cad_retries":{"value":null,"source":"default"},"backoff_max_ms":{"value":null,"source":"default"},"freq_hz":{"value":null,"source":"default"},"spreading_factor":{"value":null,"source":"default"},"bandwidth_khz":{"value":null,"source":"default"},"coding_rate_denominator":{"value":null,"source":"default"},"tx_power_dbm":{"value":null,"source":"default"},"phy_trial_s":{"value":null,"source":"default"}}
22:46:20.245 xiao   LRAN simnode - bench nodes 0xF0-0xF3
22:46:20.245 xiao   Binding spec: LRAN-Protocol-Specification v0.14 (ver = 2)
22:46:20.245 xiao   Board: xiao_esp32s3+wio_sx1262_kit
22:46:20.245 xiao   id f1 ROLE_GATELINK ctx 0x4d268798
22:46:20.245 xiao   [  1620][W][Wire.cpp:301] begin(): Bus already started in Master Mode.
22:46:20.247 heltec LRAN simnode - bench nodes 0xF0-0xF3
22:46:20.247 heltec Binding spec: LRAN-Protocol-Specification v0.14 (ver = 2)
22:46:20.247 heltec Board: heltec_wifi_lora_32_V3
22:46:20.247 heltec id f0 ROLE_RANGE ctx 0x7c1df87e
22:46:20.247 heltec id f2 ROLE_HEALTH ctx 0x70c3c222
22:46:20.448 heltec [  1793][W][Wire.cpp:301] begin(): Bus already started in Master Mode.
22:46:20.448 heltec OLED: up
22:46:20.450 xiao   OLED: up
22:46:20.450 xiao   radio: up - 917400000 Hz, SF9, BW 125.0 kHz, CR 4/5, -4 dBm conducted, 3.0 dBi antenna
22:46:20.450 xiao   B0: identities, console, faults, OLED; all four roles. Type 'help'.
22:46:20.653 heltec radio: up - 917400000 Hz, SF9, BW 125.0 kHz, CR 4/5, -4 dBm conducted, 3.0 dBi antenna
22:46:20.654 heltec B0: identities, console, faults, OLED; all four roles. Type 'help'.
22:46:21.388 bridge CHAN,1,1617,1000,100,0,2,0,-1100,-1140,-1124
22:46:23.426 bridge CHAN,3,3617,1000,100,0,1,0,-1100,-1130,-1124
22:46:25.049 ctl    === setup
22:46:25.049 ctl    PUB lran/bridge/config/set {"set": {"simnode_diag_enable": true}}
22:46:25.061 mqtt   lran/bridge/config/set {"set": {"simnode_diag_enable": true}}
22:46:27.013 mqtt   lran/bridge/config/ack {"op":"set","persist":"persisted","results":{"simnode_diag_enable":{"status":"ok","value":1}}}
22:46:27.016 mqtt   lran/bridge/config/state {"simnode_diag_enable":{"value":1,"source":"override"},"diag_interval_s":{"value":60,"source":"default"},"missed_poll_threshold":{"value":3,"source":"default"},"poll_reply_timeout_ms":{"value":10000,"source":"default"},"command_ack_timeout_ms":{"value":3000,"source":"default"},"cmd_retries":{"value":3,"source":"default"},"cad_retries":{"value":5,"source":"default"},"backoff_max_ms":{"value":1500,"source":"default"},"frag_reassembly_timeout_ms":{"value":5000,"source":"default"},"error_min_interval_ms":{"value":1000,"source":"default"},"config_readback_timeout_ms":{"value":15000,"source":"default"},"config_ack_timeout_ms":{"value":8000,"source":"default"},"republish_interval_s":{"value":900,"source":"override"},"bms_stale_s":{"value":600,"source":"default"},"cell_mv_deadband":{"value":5,"source":"default"},"freq_hz":{"value":917400000,"source":"override"},"spreading_factor":{"value":9,"source":"override"},"bandwidth_khz":{"value":125,"source":"override"},"coding_rate_denominator":{"value":5,"source":"override"},"tx_power_dbm":{"value":-4,"source":"override"},"phy_trial_s":{"value":120,"source":"override"}}
22:46:27.088 ctl    PUB lran/simnode0/config/set {"set": {"deployed": true, "poll_interval_s": 10}}
22:46:27.099 mqtt   lran/simnode0/config/set {"set": {"deployed": true, "poll_interval_s": 10}}
22:46:27.219 mqtt   lran/simnode0/config/ack {"op":"set","persist":"persisted","results":{"deployed":{"status":"ok","value":1},"poll_interval_s":{"status":"ok","value":10}}}
22:46:27.221 mqtt   lran/simnode0/config/state {"poll_interval_s":{"value":10,"source":"override"},"deployed":{"value":1,"source":"override"},"dedup_cache_depth":{"value":null,"source":"default"},"frag_reassembly_timeout_ms":{"value":null,"source":"default"},"cad_retries":{"value":null,"source":"default"},"backoff_max_ms":{"value":null,"source":"default"},"freq_hz":{"value":null,"source":"default"},"spreading_factor":{"value":null,"source":"default"},"bandwidth_khz":{"value":null,"source":"default"},"coding_rate_denominator":{"value":null,"source":"default"},"tx_power_dbm":{"value":null,"source":"default"},"phy_trial_s":{"value":null,"source":"default"}}
22:46:27.221 mqtt   lran/bridge/diag/state {"rx_crc_err":0,"rx_runt":0,"rx_oversize":0,"rx_bad_crc":0,"rx_bad_ver":0,"rx_not_addressed":0,"rx_unknown_hdr_ext":0,"rx_bad_frag":0,"rx_unknown_type":0,"rx_unknown_schema":0,"rx_bad_length":0,"rx_not_fragmentable":0,"rx_rejected_ctx":0,"rx_rejected_mac":0,"rx_unknown_src":0,"rx_reassembly_timeout":0,"rx_fragment_overflow":0,"rx_reassembly_abandoned":0,"rx_rejected_seq":0,"rx_frag_duplicate":0,"rx_frag_late":0,"rx_dup_command":0,"rx_dropped":0,"rx_frames":0,"ctx_rolls":0,"ctx_roll_failed":0}
22:46:27.222 mqtt   lran/bridge/diag/radio/state {"tx_frames":1,"cad_backoffs":0,"errors_suppressed":0,"cad_deferred":0,"cad_free":1,"rx_deaf_ms":217,"cad_errors":0,"tx_forced":0,"tx_errors":0,"tx_timeouts":0,"tx_dropped_no_radio":0,"rx_driver_errors":0,"rx_no_interrupt":0,"rx_wake_empty":0,"begin_failures":0,"last_begin_status":0,"q_rx_dropped":0,"q_rx_high_water":0,"q_publish_dropped":0,"q_publish_high_water":5,"q_tx_dropped":0,"q_tx_high_water":1,"q_log_dropped":0,"q_log_high_water":0,"q_command_dropped":0,"q_command_high_water":0,"q_config_dropped":0,"q_config_high_water":0}
22:46:27.222 mqtt   lran/bridge/diag/cmd/state {"cmd_submitted":0,"cmd_refused_busy":0,"cmd_sent":0,"cmd_retries":0,"cmd_acked":0,"cmd_no_ack":0,"cmd_resyncs":0,"cmd_resync_failed":0,"cmd_ack_ignored":0,"cmd_refused_roll_pending":0,"roll_sent":0,"roll_retries":0,"roll_busy":0,"roll_by_rejected_ctx":0}
22:46:27.222 mqtt   lran/bridge/diag/publish/state {"status_frames":0,"documents":0,"unchanged":0,"heartbeats":0,"event_frames":0,"events":0,"event_repeats":0,"bench_withheld":0,"queue_refused":0,"undecodable":0}
22:46:27.223 mqtt   lran/simnode2/diag/state {"rssi_dbm":null,"snr_db":null,"last_seen_s":null,"missed_polls":0,"proto_ver":null,"unsupported_ver":null}
22:46:27.282 bridge levers: gen 4 - diag 60 s, poll reply 10000 ms, missed 3, cmd ack 3000 ms x3, config ack 8000 ms, readback 15000 ms, simnode diag on
22:46:27.293 ctl    PUB lran/simnode1/config/set {"set": {"deployed": true, "poll_interval_s": 10}}
22:46:27.300 mqtt   lran/simnode1/config/set {"set": {"deployed": true, "poll_interval_s": 10}}
22:46:27.406 mqtt   lran/simnode1/config/ack {"op":"set","persist":"persisted","results":{"deployed":{"status":"ok","value":1},"poll_interval_s":{"status":"ok","value":10}}}
22:46:27.410 mqtt   lran/simnode1/config/state {"poll_interval_s":{"value":10,"source":"override"},"deployed":{"value":1,"source":"override"},"dedup_cache_depth":{"value":null,"source":"default"},"frag_reassembly_timeout_ms":{"value":null,"source":"default"},"cad_retries":{"value":null,"source":"default"},"backoff_max_ms":{"value":null,"source":"default"},"freq_hz":{"value":null,"source":"default"},"spreading_factor":{"value":null,"source":"default"},"bandwidth_khz":{"value":null,"source":"default"},"coding_rate_denominator":{"value":null,"source":"default"},"tx_power_dbm":{"value":null,"source":"default"},"phy_trial_s":{"value":null,"source":"default"}}
22:46:27.497 ctl    PUB lran/simnode2/config/set {"set": {"deployed": true, "poll_interval_s": 10}}
22:46:27.502 mqtt   lran/simnode2/config/set {"set": {"deployed": true, "poll_interval_s": 10}}
22:46:27.602 mqtt   lran/simnode2/config/ack {"op":"set","persist":"persisted","results":{"deployed":{"status":"ok","value":1},"poll_interval_s":{"status":"ok","value":10}}}
22:46:27.605 mqtt   lran/simnode2/config/state {"poll_interval_s":{"value":10,"source":"override"},"deployed":{"value":1,"source":"override"},"dedup_cache_depth":{"value":null,"source":"default"},"frag_reassembly_timeout_ms":{"value":null,"source":"default"},"cad_retries":{"value":null,"source":"default"},"backoff_max_ms":{"value":null,"source":"default"},"freq_hz":{"value":null,"source":"default"},"spreading_factor":{"value":null,"source":"default"},"bandwidth_khz":{"value":null,"source":"default"},"coding_rate_denominator":{"value":null,"source":"default"},"tx_power_dbm":{"value":null,"source":"default"},"phy_trial_s":{"value":null,"source":"default"}}
22:46:28.301 bridge levers: gen 10 - diag 60 s, poll reply 10000 ms, missed 3, cmd ack 3000 ms x3, config ack 8000 ms, readback 15000 ms, simnode diag on
22:46:29.320 bridge CHANSUM,0,9,10,10004,977,22,3,0,2,0,-1100,-1140,-1130,-1134
22:46:30.342 bridge FRAME #1 tx t=11578 peer=0xf0 type=3 schema=0 frag=0x01 seq=2 rssi=- snr=- st=0 rx=5 deaf=238
22:46:30.749 bridge poll: f0 answered in 530 ms (window 10000 ms)
22:46:30.749 bridge FRAME #2 rx t=12077 peer=0xf0 type=4 schema=240 frag=0x01 seq=1 rssi=-23 snr=11 st=0 rx=0 deaf=430
22:46:31.160 bridge availability: simnode0 online (missed_polls 0, threshold 3)
22:46:31.212 mqtt   lran/simnode0/availability online
22:46:31.363 bridge FRAME #3 tx t=12573 peer=0xf1 type=3 schema=0 frag=0x01 seq=3 rssi=- snr=- st=0 rx=5 deaf=455
22:46:31.363 bridge CHAN,11,11625,1005,78,22,28,1,-220,-1130,-814
22:46:31.568 bridge FRAME #4 tx t=12802 peer=0xf0 type=1 schema=0 frag=0x01 seq=1 rssi=- snr=- st=0 rx=5 deaf=668
22:46:31.662 heltec roll f0 <- 00 seq 1: ctx 0x7c1df87e -> 0xec70194e, ACCEPTED
22:46:32.384 bridge CHAN,12,12630,1001,59,40,29,0,-310,-1130,-729
22:46:33.400 bridge FRAME #5 rx t=14658 peer=0xf0 type=2 schema=0 frag=0x01 seq=1 rssi=-23 snr=11 st=0 rx=0 deaf=901
22:46:33.401 bridge CHAN,13,13631,1000,100,0,18,0,-220,-1130,-965
22:46:34.217 bridge roll: f0 rolled to ctx 0xec70194e after 1 attempt(s)
22:46:34.423 bridge CHAN,14,14631,1008,101,0,4,1,-220,-1140,-1093
22:46:41.768 bridge FRAME #6 tx t=23077 peer=0xf2 type=3 schema=0 frag=0x01 seq=4 rssi=- snr=- st=0 rx=5 deaf=943
22:46:42.175 bridge poll: f2 answered in 1029 ms (window 10000 ms)
22:46:42.175 bridge FRAME #7 rx t=23576 peer=0xf2 type=4 schema=240 frag=0x01 seq=1 rssi=-23 snr=11 st=0 rx=0 deaf=1135
22:46:42.376 bridge CHAN,22,22646,1001,79,21,28,1,-220,-1130,-819
22:46:43.191 bridge availability: simnode2 online (missed_polls 0, threshold 3)
22:46:43.191 bridge FRAME #8 tx t=24578 peer=0xf0 type=3 schema=0 frag=0x01 seq=5 rssi=- snr=- st=0 rx=5 deaf=1156
22:46:43.295 mqtt   lran/simnode2/availability online
22:46:43.597 bridge FRAME #9 tx t=24807 peer=0xf2 type=1 schema=0 frag=0x01 seq=1 rssi=- snr=- st=0 rx=5 deaf=1369
22:46:44.409 bridge CHAN,24,24655,1001,61,38,3,0,-220,-1140,-1091
22:46:46.238 bridge FRAME #10 tx t=27581 peer=0xf2 type=1 schema=0 frag=0x01 seq=1 rssi=- snr=- st=0 rx=5 deaf=1627
22:46:46.530 heltec roll f2 <- 00 seq 1: ctx 0x70c3c222 -> 0x56aec5d5, ACCEPTED
22:46:46.848 bridge FRAME #11 rx t=28060 peer=0xf2 type=2 schema=0 frag=0x01 seq=1 rssi=-23 snr=11 st=0 rx=0 deaf=1860
22:46:47.250 bridge roll: f2 rolled to ctx 0x56aec5d5 after 2 attempt(s)
22:46:47.250 bridge CHAN,27,27658,1003,84,17,22,1,-220,-1140,-901
22:46:50.301 bridge CHAN,30,30661,1000,100,0,2,0,-1100,-1140,-1125
22:46:53.350 bridge FRAME #12 tx t=34572 peer=0xf1 type=3 schema=0 frag=0x01 seq=6 rssi=- snr=- st=0 rx=5 deaf=1881
22:46:53.956 bridge poll: f1 answered in 790 ms (window 10000 ms)
22:46:53.956 bridge FRAME #13 rx t=35337 peer=0xf1 type=4 schema=254 frag=0x01 seq=2 rssi=-33 snr=12 st=0 rx=0 deaf=2073
22:46:54.158 bridge availability: simnode1 online (missed_polls 0, threshold 3)
22:46:54.158 bridge FRAME #14 tx t=35570 peer=0xf2 type=3 schema=0 frag=0x01 seq=7 rssi=- snr=- st=0 rx=5 deaf=2094
22:46:54.201 mqtt   lran/simnode1/availability online
22:46:54.363 bridge CHAN,34,34669,1008,78,22,54,1,-320,-1130,-577
22:46:54.567 bridge FRAME #15 tx t=35799 peer=0xf1 type=1 schema=0 frag=0x01 seq=1 rssi=- snr=- st=0 rx=5 deaf=2307
22:46:55.384 bridge CHAN,35,35677,1001,64,35,3,0,-220,-1130,-1092
22:46:57.217 bridge FRAME #16 tx t=38573 peer=0xf1 type=1 schema=0 frag=0x01 seq=1 rssi=- snr=- st=0 rx=5 deaf=2565
22:46:57.421 bridge CHAN,37,37678,1002,88,11,1,0,-1100,-1130,-1126
22:46:57.534 xiao   roll f1 <- 00 seq 1: ctx 0x4d268798 -> 0x61e83f7b, ACCEPTED
22:46:57.825 bridge FRAME #17 rx t=39052 peer=0xf1 type=2 schema=0 frag=0x01 seq=1 rssi=-33 snr=11 st=0 rx=0 deaf=2798
22:46:58.234 bridge roll: f1 rolled to ctx 0x61e83f7b after 2 attempt(s)
22:46:58.437 bridge CHAN,38,38680,1003,86,14,21,1,-310,-1130,-934
22:46:58.913 ctl    ROLLS done for ['f0', 'f1', 'f2']
22:47:02.309 bridge CHAN,42,42683,1000,100,0,1,0,-1100,-1130,-1125
22:47:04.354 bridge FRAME #18 tx t=45574 peer=0xf0 type=3 schema=0 frag=0x01 seq=8 rssi=- snr=- st=0 rx=5 deaf=2819
22:47:04.355 bridge CHAN,44,44683,1008,88,12,1,0,-1100,-1130,-1126
22:47:04.761 bridge poll: f0 answered in 526 ms (window 10000 ms)
22:47:04.761 bridge FRAME #19 rx t=46073 peer=0xf0 type=4 schema=240 frag=0x01 seq=3 rssi=-23 snr=11 st=0 rx=0 deaf=3011
22:47:05.164 bridge FRAME #20 tx t=46575 peer=0xf1 type=3 schema=0 frag=0x01 seq=9 rssi=- snr=- st=0 rx=5 deaf=3032
22:47:05.370 bridge CHAN,45,45691,1001,79,21,29,1,-220,-1140,-819
22:47:05.979 bridge poll: f1 answered in 793 ms (window 10000 ms)
22:47:05.980 bridge FRAME #21 rx t=47340 peer=0xf1 type=4 schema=254 frag=0x01 seq=2 rssi=-33 snr=11 st=0 rx=0 deaf=3224
22:47:06.185 bridge FRAME #22 tx t=47577 peer=0xf2 type=3 schema=0 frag=0x01 seq=10 rssi=- snr=- st=0 rx=5 deaf=3249
22:47:06.386 bridge CHAN,46,46692,1002,78,21,54,1,-320,-1130,-577
22:47:06.791 bridge poll: f2 answered in 529 ms (window 10000 ms)
22:47:06.792 bridge FRAME #23 rx t=48076 peer=0xf2 type=4 schema=240 frag=0x01 seq=3 rssi=-23 snr=11 st=0 rx=0 deaf=3441
22:47:07.406 bridge CHAN,47,47694,1003,92,9,28,1,-220,-1140,-862
22:47:14.322 bridge FRAME #24 tx t=55578 peer=0xf0 type=3 schema=0 frag=0x01 seq=11 rssi=- snr=- st=0 rx=5 deaf=3462
22:47:14.728 bridge poll: f0 answered in 530 ms (window 10000 ms)
22:47:14.728 bridge FRAME #25 rx t=56077 peer=0xf0 type=4 schema=240 frag=0x01 seq=4 rssi=-23 snr=11 st=0 rx=0 deaf=3654
22:47:15.342 bridge FRAME #26 tx t=56573 peer=0xf1 type=3 schema=0 frag=0x01 seq=12 rssi=- snr=- st=0 rx=5 deaf=3679
22:47:15.547 bridge CHAN,55,55705,1005,78,22,28,1,-220,-1130,-815
22:47:15.952 bridge poll: f1 answered in 792 ms (window 10000 ms)
22:47:15.952 bridge FRAME #27 rx t=57339 peer=0xf1 type=4 schema=254 frag=0x01 seq=3 rssi=-33 snr=11 st=0 rx=0 deaf=3871
22:47:16.153 bridge FRAME #28 tx t=57571 peer=0xf2 type=3 schema=0 frag=0x01 seq=13 rssi=- snr=- st=0 rx=5 deaf=3892
22:47:16.354 bridge CHAN,56,56710,1008,78,22,54,1,-310,-1130,-581
22:47:16.764 bridge poll: f2 answered in 523 ms (window 10000 ms)
22:47:16.764 bridge FRAME #29 rx t=58070 peer=0xf2 type=4 schema=240 frag=0x01 seq=4 rssi=-23 snr=11 st=0 rx=0 deaf=4084
22:47:17.375 bridge CHAN,57,57718,1003,95,6,28,1,-220,-1140,-871
22:47:18.916 ctl    === CONTROL arm, bridge image as found
22:47:18.916 ctl    PUB lran/bridge/config/set {"set": {"freq_hz": 917000000}}
22:47:18.928 mqtt   lran/bridge/config/set {"set": {"freq_hz": 917000000}}
22:47:20.230 bridge phy: change started across 3 node(s)
22:47:20.230 bridge FRAME #30 tx t=61576 peer=0xf0 type=10 schema=18 frag=0x01 seq=1 rssi=- snr=- st=0 rx=5 deaf=4109
22:47:20.571 heltec phy f0: SET accepted, board pending, accepted 0x01 of 0x03
22:47:20.571 heltec config f0 <- 00 seq 1: op 1, 6 entries, 6 result(s)
22:47:21.248 bridge FRAME #31 rx t=62400 peer=0xf0 type=11 schema=18 frag=0x01 seq=1 rssi=-23 snr=11 st=0 rx=0 deaf=4506
22:47:21.248 bridge FRAME #32 tx t=62576 peer=0xf1 type=10 schema=18 frag=0x01 seq=1 rssi=- snr=- st=0 rx=5 deaf=4531
22:47:21.453 bridge CHAN,61,61723,1000,57,42,41,1,-220,-1130,-510
22:47:21.589 xiao   phy f1: SET accepted, board pending, accepted 0x01 of 0x01
22:47:21.590 xiao   config f1 <- 00 seq 1: op 1, 6 entries, 6 result(s)
22:47:21.995 xiao   radio: up - 917000000 Hz, SF9, BW 125.0 kHz, CR 4/5, -4 dBm conducted, 3.0 dBi antenna
22:47:22.063 bridge FRAME #33 rx t=63400 peer=0xf1 type=11 schema=18 frag=0x01 seq=1 rssi=-32 snr=11 st=0 rx=0 deaf=4928
22:47:22.200 xiao   phy: retuned, board trial
22:47:22.268 bridge FRAME #34 tx t=63577 peer=0xf2 type=10 schema=18 frag=0x01 seq=1 rssi=- snr=- st=0 rx=5 deaf=4953
22:47:22.472 bridge CHAN,62,62723,1001,58,42,41,1,-310,-1130,-571
22:47:22.604 heltec phy f2: SET accepted, board pending, accepted 0x03 of 0x03
22:47:22.605 heltec config f2 <- 00 seq 1: op 1, 6 entries, 6 result(s)
22:47:23.009 heltec radio: up - 917000000 Hz, SF9, BW 125.0 kHz, CR 4/5, -4 dBm conducted, 3.0 dBi antenna
22:47:23.009 heltec phy: retuned, board trial
22:47:23.082 bridge FRAME #35 rx t=64401 peer=0xf2 type=11 schema=18 frag=0x01 seq=1 rssi=-23 snr=11 st=0 rx=0 deaf=5350
22:47:23.286 bridge phy: every node accepted - retuning
22:47:23.286 bridge LoRa: radio up - 917000000 Hz, SF9, BW 125.0 kHz, CR 4/5, -4 dBm conducted, 3.0 dBi antenna
22:47:23.286 bridge LoRa: stack high-water 6344 bytes free
22:47:23.489 bridge CHAN,63,63724,1006,70,28,53,1,-220,-1140,-606
22:47:24.306 bridge FRAME #36 tx t=65571 peer=0xf0 type=3 schema=0 frag=0x01 seq=14 rssi=- snr=- st=0 rx=5 deaf=5371
22:47:24.508 bridge CHAN,64,64730,1008,83,17,83,0,-1070,-1090,-1073
22:47:24.508 bridge FRAME #37 tx t=65800 peer=0xf0 type=3 schema=0 frag=0x01 seq=15 rssi=- snr=- st=0 rx=5 deaf=5584
22:47:25.322 bridge FRAME #38 tx t=66569 peer=0xf1 type=3 schema=0 frag=0x01 seq=16 rssi=- snr=- st=0 rx=5 deaf=5797
22:47:25.523 bridge CHAN,65,65738,1008,56,43,56,0,-220,-1090,-972
22:47:26.131 bridge FRAME #39 rx t=67334 peer=0xf1 type=4 schema=254 frag=0x01 seq=4 rssi=-32 snr=11 st=0 rx=0 deaf=5989
22:47:26.333 bridge FRAME #40 tx t=67580 peer=0xf2 type=3 schema=0 frag=0x01 seq=17 rssi=- snr=- st=0 rx=5 deaf=6014
22:47:26.537 bridge CHAN,66,66746,1001,79,20,79,1,-310,-1080,-562
22:47:26.742 bridge FRAME #41 rx t=68079 peer=0xf2 type=4 schema=240 frag=0x01 seq=5 rssi=-24 snr=11 st=0 rx=0 deaf=6206
22:47:27.351 bridge CHAN,67,67747,1003,97,4,97,1,-220,-1080,-839
22:47:28.202 mqtt   lran/bridge/diag/state {"rx_crc_err":0,"rx_runt":0,"rx_oversize":0,"rx_bad_crc":0,"rx_bad_ver":0,"rx_not_addressed":0,"rx_unknown_hdr_ext":0,"rx_bad_frag":0,"rx_unknown_type":0,"rx_unknown_schema":0,"rx_bad_length":0,"rx_not_fragmentable":0,"rx_rejected_ctx":0,"rx_rejected_mac":0,"rx_unknown_src":0,"rx_reassembly_timeout":0,"rx_fragment_overflow":0,"rx_reassembly_abandoned":0,"rx_rejected_seq":0,"rx_frag_duplicate":0,"rx_frag_late":0,"rx_dup_command":0,"rx_dropped":0,"rx_frames":17,"ctx_rolls":3,"ctx_roll_failed":0}
22:47:28.205 mqtt   lran/bridge/diag/radio/state {"tx_frames":25,"cad_backoffs":1,"errors_suppressed":0,"cad_deferred":0,"cad_free":25,"rx_deaf_ms":6206,"cad_errors":0,"tx_forced":0,"tx_errors":0,"tx_timeouts":0,"tx_dropped_no_radio":0,"rx_driver_errors":0,"rx_no_interrupt":0,"rx_wake_empty":0,"begin_failures":0,"last_begin_status":0,"q_rx_dropped":0,"q_rx_high_water":1,"q_publish_dropped":0,"q_publish_high_water":5,"q_tx_dropped":0,"q_tx_high_water":2,"q_log_dropped":0,"q_log_high_water":0,"q_command_dropped":0,"q_command_high_water":0,"q_config_dropped":0,"q_config_high_water":1}
22:47:28.208 mqtt   lran/bridge/diag/cmd/state {"cmd_submitted":0,"cmd_refused_busy":0,"cmd_sent":0,"cmd_retries":0,"cmd_acked":0,"cmd_no_ack":0,"cmd_resyncs":0,"cmd_resync_failed":0,"cmd_ack_ignored":0,"cmd_refused_roll_pending":0,"roll_sent":5,"roll_retries":2,"roll_busy":0,"roll_by_rejected_ctx":0}
22:47:28.208 mqtt   lran/bridge/diag/publish/state {"status_frames":11,"documents":0,"unchanged":0,"heartbeats":0,"event_frames":0,"events":0,"event_repeats":0,"bench_withheld":11,"queue_refused":0,"undecodable":0}
22:47:28.208 mqtt   lran/simnode0/diag/state {"rssi_dbm":-23,"snr_db":11,"last_seen_s":7,"missed_polls":0,"proto_ver":2,"unsupported_ver":null}
22:47:28.211 mqtt   lran/simnode1/diag/state {"rssi_dbm":-32,"snr_db":11,"last_seen_s":2,"missed_polls":0,"proto_ver":2,"unsupported_ver":null}
22:47:28.211 mqtt   lran/simnode2/diag/state {"rssi_dbm":-24,"snr_db":11,"last_seen_s":1,"missed_polls":0,"proto_ver":2,"unsupported_ver":null}
22:47:28.365 bridge CHAN,68,68750,1000,100,0,100,0,-1070,-1080,-1073
22:47:29.383 bridge CHAN,69,69750,1000,100,0,100,0,-1060,-1080,-1070
22:47:29.383 bridge CHANSUM,10,69,60,60133,5403,590,1086,17,29,0,-220,-1140,-1080,-1128
22:47:30.397 bridge CHAN,70,70750,1000,100,0,100,0,-1060,-1080,-1071
22:47:31.413 bridge CHAN,71,71750,1000,100,0,100,0,-1060,-1080,-1071
22:47:32.229 bridge FRAME #42 tx t=73571 peer=0xf0 type=3 schema=0 frag=0x01 seq=18 rssi=- snr=- st=0 rx=5 deaf=6227
22:47:32.433 bridge CHAN,72,72750,1008,81,19,81,0,-1060,-1080,-1071
22:47:32.636 bridge poll: f0 answered in 8522 ms (window 10000 ms)
22:47:32.838 bridge FRAME #43 rx t=74069 peer=0xf0 type=4 schema=240 frag=0x01 seq=6 rssi=-23 snr=11 st=0 rx=0 deaf=6419
22:47:33.246 bridge phy: every node heard - committed
22:47:33.266 mqtt   lran/bridge/config/ack {"op":"set","persist":"persisted","results":{"freq_hz":{"status":"ok","value":917000000}}}
22:47:33.270 mqtt   lran/bridge/config/state {"simnode_diag_enable":{"value":1,"source":"override"},"diag_interval_s":{"value":60,"source":"default"},"missed_poll_threshold":{"value":3,"source":"default"},"poll_reply_timeout_ms":{"value":10000,"source":"default"},"command_ack_timeout_ms":{"value":3000,"source":"default"},"cmd_retries":{"value":3,"source":"default"},"cad_retries":{"value":5,"source":"default"},"backoff_max_ms":{"value":1500,"source":"default"},"frag_reassembly_timeout_ms":{"value":5000,"source":"default"},"error_min_interval_ms":{"value":1000,"source":"default"},"config_readback_timeout_ms":{"value":15000,"source":"default"},"config_ack_timeout_ms":{"value":8000,"source":"default"},"republish_interval_s":{"value":900,"source":"override"},"bms_stale_s":{"value":600,"source":"default"},"cell_mv_deadband":{"value":5,"source":"default"},"freq_hz":{"value":917000000,"source":"override"},"spreading_factor":{"value":9,"source":"override"},"bandwidth_khz":{"value":125,"source":"override"},"coding_rate_denominator":{"value":5,"source":"override"},"tx_power_dbm":{"value":-4,"source":"override"},"phy_trial_s":{"value":120,"source":"override"}}
22:47:33.354 ctl    RESULT freq 917000000: phy: every node heard - committed after 14.3 s
22:47:33.451 bridge CHAN,73,73758,1009,96,4,96,1,-220,-1080,-835
22:47:34.469 bridge CHAN,74,74767,1001,97,2,97,0,-1060,-1080,-1071
22:47:35.483 bridge CHAN,75,75768,1007,98,2,98,0,-1060,-1080,-1072
22:47:36.504 bridge CHAN,76,76775,1004,95,4,95,0,-1050,-1080,-1072
22:47:36.504 bridge FRAME #44 tx t=77870 peer=0xf1 type=3 schema=0 frag=0x01 seq=19 rssi=- snr=- st=0 rx=5 deaf=6549
22:47:36.912 bridge FRAME #45 tx t=78099 peer=0xf0 type=10 schema=18 frag=0x01 seq=2 rssi=- snr=- st=0 rx=5 deaf=6762
22:47:37.071 heltec config f0 <- 00 seq 2: op 2, 6 entries, 6 result(s)
22:47:37.517 bridge CHAN,77,77779,1002,42,56,42,0,-220,-1080,-550
22:47:37.722 bridge FRAME #46 rx t=79081 peer=0xf0 type=11 schema=18 frag=0x01 seq=2 rssi=-23 snr=11 st=0 rx=0 deaf=7097
22:47:38.200 mqtt   lran/simnode0/config/state {"poll_interval_s":{"value":10,"source":"override"},"deployed":{"value":1,"source":"override"},"dedup_cache_depth":{"value":null,"source":"default"},"frag_reassembly_timeout_ms":{"value":null,"source":"default"},"cad_retries":{"value":null,"source":"default"},"backoff_max_ms":{"value":null,"source":"default"},"freq_hz":{"value":917000000,"source":"override"},"spreading_factor":{"value":9,"source":"default"},"bandwidth_khz":{"value":125,"source":"default"},"coding_rate_denominator":{"value":5,"source":"default"},"tx_power_dbm":{"value":-4,"source":"default"},"phy_trial_s":{"value":120,"source":"default"}}
22:47:38.329 bridge FRAME #47 tx t=79577 peer=0xf1 type=10 schema=18 frag=0x01 seq=2 rssi=- snr=- st=0 rx=5 deaf=7122
22:47:38.517 xiao   config f1 <- 00 seq 2: op 2, 6 entries, 6 result(s)
22:47:38.531 bridge CHAN,78,78781,1003,78,21,78,1,-220,-1080,-744
22:47:38.940 bridge poll: f1 answered in 5798 ms (window 10000 ms)
22:47:39.145 bridge FRAME #48 rx t=80345 peer=0xf1 type=11 schema=18 frag=0x01 seq=2 rssi=-32 snr=11 st=0 rx=0 deaf=7458
22:47:39.201 mqtt   lran/simnode1/config/state {"poll_interval_s":{"value":10,"source":"override"},"deployed":{"value":1,"source":"override"},"dedup_cache_depth":{"value":null,"source":"default"},"frag_reassembly_timeout_ms":{"value":null,"source":"default"},"cad_retries":{"value":null,"source":"default"},"backoff_max_ms":{"value":null,"source":"default"},"freq_hz":{"value":917000000,"source":"override"},"spreading_factor":{"value":9,"source":"default"},"bandwidth_khz":{"value":125,"source":"default"},"coding_rate_denominator":{"value":5,"source":"default"},"tx_power_dbm":{"value":-4,"source":"default"},"phy_trial_s":{"value":120,"source":"default"}}
22:47:39.546 bridge CHAN,79,79784,1009,84,16,84,1,-310,-1080,-719
22:47:40.570 bridge CHAN,80,80793,1007,98,2,98,0,-1060,-1080,-1071
22:47:41.590 bridge CHAN,81,81800,1000,100,0,100,0,-1060,-1080,-1072
22:47:42.608 bridge CHAN,82,82800,1007,98,2,98,0,-1070,-1080,-1071
22:47:43.621 bridge CHAN,83,83807,1007,98,2,98,0,-1060,-1080,-1072
22:47:43.825 bridge FRAME #49 tx t=85065 peer=0xf2 type=3 schema=0 frag=0x01 seq=20 rssi=- snr=- st=0 rx=5 deaf=7563
22:47:44.029 bridge FRAME #50 tx t=85294 peer=0xf2 type=10 schema=18 frag=0x01 seq=2 rssi=- snr=- st=0 rx=5 deaf=7776
22:47:44.644 bridge CHAN,84,84814,1002,42,56,42,0,-1070,-1080,-1072
22:47:45.456 bridge CHAN,85,85816,1000,100,0,100,0,-1070,-1080,-1072
22:47:46.479 bridge CHAN,86,86816,1000,100,0,100,0,-1060,-1080,-1072
22:47:47.502 bridge CHAN,87,87816,1007,98,2,98,0,-1060,-1080,-1071
22:47:48.360 ctl    PUB lran/bridge/config/set {"set": {"freq_hz": 917400000}}
22:47:48.374 mqtt   lran/bridge/config/set {"set": {"freq_hz": 917400000}}
22:47:48.520 bridge CHAN,88,88823,1007,98,2,98,0,-1070,-1080,-1072
22:47:49.302 mqtt   lran/bridge/config/ack {"op":"set","persist":"not_applied","error":"phy_change_in_progress"}
22:47:49.538 bridge CHAN,89,89830,1007,98,2,98,0,-1070,-1080,-1071
22:47:50.550 bridge CHAN,90,90837,1001,97,2,97,0,-1070,-1080,-1072
22:47:51.159 bridge FRAME #51 tx t=92449 peer=0xf2 type=10 schema=18 frag=0x01 seq=3 rssi=- snr=- st=0 rx=5 deaf=8220
22:47:51.537 heltec config f2 <- 00 seq 3: op 2, 6 entries, 6 result(s)
22:47:51.567 bridge CHAN,91,91838,1004,61,37,61,0,-1060,-1080,-1071
22:47:51.976 bridge FRAME #52 rx t=93211 peer=0xf2 type=11 schema=18 frag=0x01 seq=3 rssi=-23 snr=11 st=0 rx=0 deaf=8580
22:47:52.180 bridge FRAME #53 tx t=93567 peer=0xf0 type=3 schema=0 frag=0x01 seq=21 rssi=- snr=- st=0 rx=5 deaf=8605
22:47:52.202 mqtt   lran/simnode2/config/state {"poll_interval_s":{"value":10,"source":"override"},"deployed":{"value":1,"source":"override"},"dedup_cache_depth":{"value":null,"source":"default"},"frag_reassembly_timeout_ms":{"value":null,"source":"default"},"cad_retries":{"value":null,"source":"default"},"backoff_max_ms":{"value":null,"source":"default"},"freq_hz":{"value":917000000,"source":"override"},"spreading_factor":{"value":9,"source":"default"},"bandwidth_khz":{"value":125,"source":"default"},"coding_rate_denominator":{"value":5,"source":"default"},"tx_power_dbm":{"value":-4,"source":"default"},"phy_trial_s":{"value":120,"source":"default"}}
22:47:52.584 bridge CHAN,92,92842,1003,78,21,78,1,-220,-1090,-618
22:47:52.789 bridge poll: f0 answered in 3518 ms (window 10000 ms)
22:47:52.789 bridge FRAME #54 rx t=94065 peer=0xf0 type=4 schema=240 frag=0x01 seq=7 rssi=-24 snr=11 st=0 rx=0 deaf=8797
22:47:53.600 bridge CHAN,93,93845,1002,97,2,97,1,-220,-1080,-877
22:47:54.609 bridge CHAN,94,94847,1000,100,0,100,0,-1060,-1080,-1071
22:47:55.627 bridge CHAN,95,95847,1001,97,2,97,0,-1060,-1080,-1072
22:47:56.641 bridge CHAN,96,96848,1007,98,2,98,0,-1060,-1080,-1071
22:47:57.451 bridge CHAN,97,97855,1007,98,2,98,0,-1070,-1080,-1072
22:47:58.468 bridge CHAN,98,98862,1000,100,0,100,0,-1060,-1080,-1072
22:47:59.485 bridge FRAME #55 tx t=100718 peer=0xf1 type=3 schema=0 frag=0x01 seq=22 rssi=- snr=- st=0 rx=5 deaf=8939
22:47:59.485 bridge CHAN,99,99862,1002,81,17,81,0,-1060,-1080,-1070
22:48:00.100 bridge poll: f1 answered in 6936 ms (window 10000 ms)
22:48:00.101 bridge FRAME #56 rx t=101483 peer=0xf1 type=4 schema=254 frag=0x01 seq=6 rssi=-33 snr=11 st=0 rx=0 deaf=9131
22:48:00.504 bridge CHAN,100,100864,1008,92,8,92,1,-310,-1080,-634
22:48:00.912 bridge FRAME #57 tx t=102123 peer=0xf2 type=3 schema=0 frag=0x01 seq=23 rssi=- snr=- st=0 rx=5 deaf=9173
22:48:01.321 bridge poll: f2 answered in 1074 ms (window 10000 ms)
22:48:01.321 bridge FRAME #58 rx t=102621 peer=0xf2 type=4 schema=240 frag=0x01 seq=7 rssi=-24 snr=11 st=0 rx=0 deaf=9365
22:48:01.526 bridge CHAN,101,101872,1000,79,21,79,1,-220,-1100,-782
22:48:02.540 bridge CHAN,102,102872,1007,98,2,98,0,-1060,-1080,-1071
22:48:03.148 bridge FRAME #59 tx t=104304 peer=0xf0 type=3 schema=0 frag=0x01 seq=24 rssi=- snr=- st=0 rx=5 deaf=9411
22:48:03.551 bridge poll: f0 answered in 1255 ms (window 10000 ms)
22:48:03.552 bridge FRAME #60 rx t=104802 peer=0xf0 type=4 schema=240 frag=0x01 seq=8 rssi=-24 snr=11 st=0 rx=0 deaf=9603
22:48:03.552 bridge CHAN,103,103879,1004,79,21,79,1,-230,-1080,-784
22:48:04.565 bridge CHAN,104,104883,1007,98,2,98,0,-1070,-1080,-1073
22:48:04.766 bridge FRAME #61 tx t=106151 peer=0xf1 type=3 schema=0 frag=0x01 seq=25 rssi=- snr=- st=0 rx=5 deaf=9645
22:48:05.580 bridge CHAN,105,105890,1009,79,21,79,0,-1060,-1080,-1073
22:48:06.602 bridge CHAN,106,106899,1000,100,0,100,0,-1060,-1080,-1074
22:48:07.209 bridge poll: f1 answered in 3102 ms (window 10000 ms)
22:48:07.415 bridge FRAME #62 rx t=108649 peer=0xf1 type=4 schema=254 frag=0x01 seq=7 rssi=-32 snr=11 st=0 rx=0 deaf=9837
22:48:07.616 bridge CHAN,107,107899,1002,100,0,100,1,-310,-1080,-670
22:48:08.638 bridge CHAN,108,108901,1000,100,0,100,0,-1060,-1080,-1073
22:48:09.657 bridge CHAN,109,109901,1000,100,0,100,0,-1060,-1080,-1074
22:48:10.272 bridge FRAME #63 tx t=111572 peer=0xf2 type=3 schema=0 frag=0x01 seq=26 rssi=- snr=- st=0 rx=5 deaf=9858
22:48:10.679 bridge CHAN,110,110901,1009,79,21,79,0,-220,-1090,-963
22:48:10.679 bridge poll: f2 answered in 523 ms (window 10000 ms)
22:48:10.679 bridge FRAME #64 rx t=112070 peer=0xf2 type=4 schema=240 frag=0x01 seq=8 rssi=-24 snr=11 st=0 rx=0 deaf=10050
22:48:11.699 bridge CHAN,111,111910,1001,101,0,101,1,-220,-1080,-931
22:48:12.713 bridge CHAN,112,112911,1008,95,4,95,0,-1060,-1080,-1072
22:48:13.738 bridge CHAN,113,113919,1007,98,2,98,0,-1070,-1080,-1074
22:48:14.350 bridge FRAME #65 tx t=115531 peer=0xf0 type=3 schema=0 frag=0x01 seq=27 rssi=- snr=- st=0 rx=5 deaf=10142
22:48:14.759 bridge CHAN,114,114926,1003,78,21,78,0,-220,-1080,-897
22:48:14.759 bridge poll: f0 answered in 2482 ms (window 10000 ms)
22:48:14.759 bridge FRAME #66 rx t=116029 peer=0xf0 type=4 schema=240 frag=0x01 seq=9 rssi=-24 snr=11 st=0 rx=0 deaf=10334
22:48:15.572 bridge CHAN,115,115929,1008,99,2,99,1,-220,-1080,-978
22:48:16.591 bridge CHAN,116,116937,1004,95,4,95,0,-1060,-1080,-1071
22:48:17.601 bridge CHAN,117,117941,1000,100,0,100,0,-1070,-1080,-1071
22:48:18.215 bridge FRAME #67 tx t=119529 peer=0xf1 type=3 schema=0 frag=0x01 seq=28 rssi=- snr=- st=0 rx=5 deaf=10439
22:48:18.625 bridge CHAN,118,118941,1006,76,23,76,0,-1060,-1080,-1071
22:48:19.642 bridge CHAN,119,119947,1000,100,0,100,0,-1060,-1080,-1071
22:48:20.456 bridge poll: f1 answered in 5272 ms (window 10000 ms)
22:48:20.661 bridge FRAME #68 rx t=121819 peer=0xf1 type=4 schema=254 frag=0x01 seq=8 rssi=-33 snr=12 st=0 rx=0 deaf=10631
22:48:20.661 bridge CHAN,120,120947,1003,101,0,101,1,-320,-1090,-672
22:48:21.676 bridge CHAN,121,121950,1007,98,2,98,0,-1060,-1080,-1071
22:48:22.085 bridge FRAME #69 tx t=123468 peer=0xf2 type=3 schema=0 frag=0x01 seq=29 rssi=- snr=- st=0 rx=5 deaf=10673
22:48:22.697 bridge poll: f2 answered in 1419 ms (window 10000 ms)
22:48:22.697 bridge FRAME #70 rx t=123966 peer=0xf2 type=4 schema=240 frag=0x01 seq=9 rssi=-24 snr=11 st=0 rx=0 deaf=10865
22:48:22.697 bridge CHAN,122,122957,1009,79,21,79,0,-220,-1080,-791
22:48:23.711 bridge CHAN,123,123966,1008,99,2,99,1,-670,-1080,-1063
22:48:24.116 bridge FRAME #71 tx t=125489 peer=0xf0 type=3 schema=0 frag=0x01 seq=30 rssi=- snr=- st=0 rx=5 deaf=10911
22:48:24.725 bridge poll: f0 answered in 1440 ms (window 10000 ms)
22:48:24.726 bridge FRAME #72 rx t=125987 peer=0xf0 type=4 schema=240 frag=0x01 seq=10 rssi=-23 snr=11 st=0 rx=0 deaf=11103
22:48:24.726 bridge CHAN,124,124974,1003,78,21,78,0,-220,-1080,-797
22:48:25.745 bridge CHAN,125,125977,1003,95,4,95,1,-220,-1080,-1053
22:48:26.761 bridge CHAN,126,126980,1000,100,0,100,0,-980,-1080,-1071
22:48:26.964 bridge FRAME #73 tx t=128165 peer=0xf1 type=3 schema=0 frag=0x01 seq=31 rssi=- snr=- st=0 rx=5 deaf=11178
22:48:27.574 bridge poll: f1 answered in 2383 ms (window 10000 ms)
22:48:27.779 bridge FRAME #74 rx t=128930 peer=0xf1 type=4 schema=254 frag=0x01 seq=9 rssi=-33 snr=11 st=0 rx=0 deaf=11370
22:48:27.779 bridge CHAN,127,127980,1001,78,21,78,1,-310,-1090,-556
22:48:28.201 mqtt   lran/bridge/diag/state {"rx_crc_err":0,"rx_runt":0,"rx_oversize":0,"rx_bad_crc":0,"rx_bad_ver":0,"rx_not_addressed":0,"rx_unknown_hdr_ext":0,"rx_bad_frag":0,"rx_unknown_type":0,"rx_unknown_schema":0,"rx_bad_length":0,"rx_not_fragmentable":0,"rx_rejected_ctx":0,"rx_rejected_mac":0,"rx_unknown_src":0,"rx_reassembly_timeout":0,"rx_fragment_overflow":0,"rx_reassembly_abandoned":0,"rx_rejected_seq":0,"rx_frag_duplicate":0,"rx_frag_late":0,"rx_dup_command":0,"rx_dropped":0,"rx_frames":32,"ctx_rolls":3,"ctx_roll_failed":0}
22:48:28.204 mqtt   lran/bridge/diag/radio/state {"tx_frames":43,"cad_backoffs":34,"errors_suppressed":0,"cad_deferred":0,"cad_free":42,"rx_deaf_ms":11370,"cad_errors":0,"tx_forced":1,"tx_errors":0,"tx_timeouts":0,"tx_dropped_no_radio":0,"rx_driver_errors":0,"rx_no_interrupt":0,"rx_wake_empty":0,"begin_failures":0,"last_begin_status":0,"q_rx_dropped":0,"q_rx_high_water":1,"q_publish_dropped":0,"q_publish_high_water":7,"q_tx_dropped":0,"q_tx_high_water":2,"q_log_dropped":0,"q_log_high_water":0,"q_command_dropped":0,"q_command_high_water":0,"q_config_dropped":0,"q_config_high_water":1}
22:48:28.207 mqtt   lran/bridge/diag/cmd/state {"cmd_submitted":0,"cmd_refused_busy":0,"cmd_sent":0,"cmd_retries":0,"cmd_acked":0,"cmd_no_ack":0,"cmd_resyncs":0,"cmd_resync_failed":0,"cmd_ack_ignored":0,"cmd_refused_roll_pending":0,"roll_sent":5,"roll_retries":2,"roll_busy":0,"roll_by_rejected_ctx":0}
22:48:28.207 mqtt   lran/bridge/diag/publish/state {"status_frames":23,"documents":0,"unchanged":0,"heartbeats":0,"event_frames":0,"events":0,"event_repeats":0,"bench_withheld":23,"queue_refused":0,"undecodable":0}
22:48:28.207 mqtt   lran/simnode0/diag/state {"rssi_dbm":-23,"snr_db":11,"last_seen_s":3,"missed_polls":0,"proto_ver":2,"unsupported_ver":null}
22:48:28.207 mqtt   lran/simnode1/diag/state {"rssi_dbm":-33,"snr_db":11,"last_seen_s":0,"missed_polls":0,"proto_ver":2,"unsupported_ver":null}
22:48:28.207 mqtt   lran/simnode2/diag/state {"rssi_dbm":-24,"snr_db":11,"last_seen_s":5,"missed_polls":0,"proto_ver":2,"unsupported_ver":null}
22:48:28.792 bridge CHAN,128,128981,1000,100,0,100,0,-1060,-1080,-1071
22:48:29.608 bridge CHAN,129,129981,1000,100,0,100,0,-1060,-1080,-1072
22:48:29.608 bridge CHANSUM,70,129,60,60231,5482,500,5482,15,60,0,-220,-1100,-1080,-1081
22:48:30.630 bridge CHAN,130,130981,1000,100,0,100,0,-1060,-1080,-1071
22:48:31.647 bridge CHAN,131,131981,1001,97,2,97,0,-1060,-1080,-1072
22:48:32.051 bridge FRAME #75 tx t=133363 peer=0xf2 type=3 schema=0 frag=0x01 seq=32 rssi=- snr=- st=0 rx=5 deaf=11416
22:48:32.458 bridge poll: f2 answered in 1314 ms (window 10000 ms)
22:48:32.662 bridge FRAME #76 rx t=133861 peer=0xf2 type=4 schema=240 frag=0x01 seq=10 rssi=-24 snr=11 st=0 rx=0 deaf=11608
22:48:32.662 bridge CHAN,132,132982,1000,79,21,79,1,-220,-1080,-781
22:48:33.676 bridge CHAN,133,133982,1004,95,4,95,0,-1070,-1080,-1072
22:48:34.701 bridge CHAN,134,134986,1007,98,2,98,0,-1060,-1080,-1071
22:48:35.721 bridge CHAN,135,135993,1001,97,2,97,0,-1060,-1080,-1072
22:48:35.925 bridge FRAME #77 tx t=137309 peer=0xf0 type=3 schema=0 frag=0x01 seq=33 rssi=- snr=- st=0 rx=5 deaf=11721
22:48:36.533 bridge poll: f0 answered in 3260 ms (window 10000 ms)
22:48:36.534 bridge FRAME #78 rx t=137807 peer=0xf0 type=4 schema=240 frag=0x01 seq=11 rssi=-24 snr=12 st=0 rx=0 deaf=11913
22:48:36.739 bridge CHAN,136,136994,1004,79,21,79,1,-220,-1080,-782
22:48:37.756 bridge CHAN,137,137998,1001,97,2,97,0,-1060,-1080,-1071
22:48:38.567 bridge FRAME #79 tx t=139920 peer=0xf1 type=3 schema=0 frag=0x01 seq=34 rssi=- snr=- st=0 rx=5 deaf=11959
22:48:38.773 bridge CHAN,138,138999,1007,91,9,91,0,-1060,-1080,-1072
22:48:39.788 bridge CHAN,139,140006,1002,88,12,88,0,-310,-1080,-960
22:48:39.988 bridge poll: f1 answered in 2863 ms (window 10000 ms)
22:48:40.192 bridge FRAME #80 rx t=141410 peer=0xf1 type=4 schema=254 frag=0x01 seq=10 rssi=-33 snr=11 st=0 rx=0 deaf=12151
22:48:40.600 bridge CHAN,140,141008,1004,101,0,101,1,-310,-1080,-763
22:48:41.208 bridge FRAME #81 tx t=142573 peer=0xf2 type=3 schema=0 frag=0x01 seq=35 rssi=- snr=- st=0 rx=5 deaf=12172
22:48:41.618 bridge CHAN,141,142012,1009,79,21,79,0,-220,-1080,-843
22:48:41.823 bridge poll: f2 answered in 524 ms (window 10000 ms)
22:48:41.824 bridge FRAME #82 rx t=143071 peer=0xf2 type=4 schema=240 frag=0x01 seq=11 rssi=-23 snr=11 st=0 rx=0 deaf=12364
22:48:42.639 bridge CHAN,142,143021,1001,101,0,101,1,-220,-1080,-1020
22:48:43.654 bridge CHAN,143,144022,1007,98,2,98,0,-1060,-1080,-1071
22:48:44.677 bridge CHAN,144,145029,1000,100,0,100,0,-1060,-1080,-1071
22:48:45.692 bridge CHAN,145,146029,1008,95,4,95,0,-1060,-1080,-1071
22:48:46.709 bridge CHAN,146,147037,1000,100,0,100,0,-1060,-1080,-1071
22:48:46.913 bridge FRAME #83 tx t=148262 peer=0xf0 type=3 schema=0 frag=0x01 seq=36 rssi=- snr=- st=0 rx=5 deaf=12456
22:48:47.318 bridge poll: f0 answered in 4213 ms (window 10000 ms)
22:48:47.524 bridge FRAME #84 rx t=148760 peer=0xf0 type=4 schema=240 frag=0x01 seq=12 rssi=-23 snr=11 st=0 rx=0 deaf=12648
22:48:47.727 bridge CHAN,147,148037,1004,79,21,79,1,-220,-1080,-781
22:48:48.743 bridge CHAN,148,149041,1001,97,2,97,0,-1060,-1080,-1071
22:48:49.152 bridge FRAME #85 tx t=150487 peer=0xf1 type=3 schema=0 frag=0x01 seq=37 rssi=- snr=- st=0 rx=5 deaf=12698
22:48:49.760 bridge CHAN,149,150042,1003,78,21,78,0,-310,-1080,-763
22:48:49.965 bridge poll: f1 answered in 1705 ms (window 10000 ms)
22:48:49.966 bridge FRAME #86 rx t=151252 peer=0xf1 type=4 schema=254 frag=0x01 seq=11 rssi=-33 snr=11 st=0 rx=0 deaf=12890
22:48:50.781 bridge CHAN,150,151045,1009,101,0,101,1,-310,-1080,-900
22:48:51.388 bridge FRAME #87 tx t=152579 peer=0xf2 type=3 schema=0 frag=0x01 seq=38 rssi=- snr=- st=0 rx=5 deaf=12915
22:48:51.792 bridge poll: f2 answered in 530 ms (window 10000 ms)
22:48:51.793 bridge FRAME #88 rx t=153077 peer=0xf2 type=4 schema=240 frag=0x01 seq=12 rssi=-24 snr=12 st=0 rx=0 deaf=13107
22:48:51.793 bridge CHAN,151,152054,1003,78,21,78,0,-220,-1100,-806
22:48:52.813 bridge CHAN,152,153057,1001,101,0,101,1,-220,-1080,-1041
22:48:53.425 bridge FRAME #89 tx t=154680 peer=0xf0 type=3 schema=0 frag=0x01 seq=39 rssi=- snr=- st=0 rx=5 deaf=13153
22:48:53.834 bridge CHAN,153,154058,1000,75,23,75,0,-220,-1080,-914
22:48:53.835 bridge poll: f0 answered in 631 ms (window 10000 ms)
22:48:53.835 bridge FRAME #90 rx t=155178 peer=0xf0 type=4 schema=240 frag=0x01 seq=13 rssi=-23 snr=11 st=0 rx=0 deaf=13345
22:48:54.854 bridge CHAN,154,155058,1001,101,0,101,1,-220,-1080,-962
22:48:55.874 bridge CHAN,155,156059,1000,100,0,100,0,-1060,-1080,-1072
22:48:56.887 bridge CHAN,156,157059,1000,100,0,100,0,-1070,-1080,-1073
22:48:57.898 bridge CHAN,157,158059,1000,100,0,100,0,-1070,-1080,-1073
22:48:58.712 bridge CHAN,158,159059,1001,97,2,97,0,-980,-1080,-1067
22:48:59.731 bridge CHAN,159,160060,1007,98,2,98,0,-980,-1080,-1052
22:49:00.542 bridge FRAME #91 tx t=161908 peer=0xf1 type=3 schema=0 frag=0x01 seq=40 rssi=- snr=- st=0 rx=5 deaf=13412
22:49:00.744 bridge CHAN,160,161067,1007,83,17,83,0,-980,-1090,-1044
22:49:01.759 bridge CHAN,161,162074,1002,96,4,96,0,-310,-1080,-793
22:49:01.962 bridge poll: f1 answered in 3704 ms (window 10000 ms)
22:49:01.962 bridge FRAME #92 rx t=163251 peer=0xf1 type=4 schema=254 frag=0x01 seq=12 rssi=-33 snr=11 st=0 rx=0 deaf=13604
22:49:02.372 bridge FRAME #93 tx t=163574 peer=0xf2 type=3 schema=0 frag=0x01 seq=41 rssi=- snr=- st=0 rx=5 deaf=13625
22:49:02.780 bridge poll: f2 answered in 525 ms (window 10000 ms)
22:49:02.780 bridge FRAME #94 rx t=164072 peer=0xf2 type=4 schema=240 frag=0x01 seq=13 rssi=-24 snr=11 st=0 rx=0 deaf=13817
22:49:02.780 bridge CHAN,162,163076,1008,80,21,80,2,-220,-1080,-612
22:49:03.797 bridge CHAN,163,164084,1007,98,2,98,0,-1060,-1080,-1072
22:49:04.805 bridge FRAME #95 tx t=165979 peer=0xf0 type=3 schema=0 frag=0x01 seq=42 rssi=- snr=- st=0 rx=5 deaf=13880
22:49:04.805 bridge CHAN,164,165091,1004,85,14,85,0,-1070,-1080,-1071
22:49:05.212 bridge poll: f0 answered in 1930 ms (window 10000 ms)
22:49:05.212 bridge FRAME #96 rx t=166477 peer=0xf0 type=4 schema=240 frag=0x01 seq=14 rssi=-23 snr=11 st=0 rx=0 deaf=14072
22:49:05.822 bridge CHAN,165,166095,1004,92,9,92,1,-220,-1080,-823
22:49:06.840 bridge CHAN,166,167099,1000,100,0,100,0,-1060,-1080,-1072
22:49:07.860 bridge CHAN,167,168099,1000,100,0,100,0,-1060,-1080,-1071
22:49:08.880 bridge CHAN,168,169099,1001,97,2,97,0,-1060,-1080,-1072
22:49:09.902 bridge CHAN,169,170100,1001,97,2,97,0,-1060,-1080,-1072
22:49:10.713 bridge CHAN,170,171101,1001,97,2,97,0,-1060,-1080,-1071
22:49:11.727 bridge FRAME #97 tx t=172963 peer=0xf1 type=3 schema=0 frag=0x01 seq=43 rssi=- snr=- st=0 rx=5 deaf=14168
22:49:11.727 bridge CHAN,171,172102,1007,85,15,85,0,-1070,-1080,-1072
22:49:12.337 bridge poll: f1 answered in 4181 ms (window 10000 ms)
22:49:12.337 bridge FRAME #98 rx t=173728 peer=0xf1 type=4 schema=254 frag=0x01 seq=13 rssi=-33 snr=11 st=0 rx=0 deaf=14360
22:49:12.746 bridge CHAN,172,173109,1001,94,6,94,1,-320,-1080,-648
22:49:13.354 bridge FRAME #99 tx t=174571 peer=0xf2 type=3 schema=0 frag=0x01 seq=44 rssi=- snr=- st=0 rx=5 deaf=14381
22:49:13.757 bridge poll: f2 answered in 522 ms (window 10000 ms)
22:49:13.757 bridge FRAME #100 rx t=175069 peer=0xf2 type=4 schema=240 frag=0x01 seq=14 rssi=-23 snr=11 st=0 rx=0 deaf=14573
22:49:13.757 bridge CHAN,173,174110,1001,79,21,79,1,-220,-1080,-782
22:49:14.777 bridge CHAN,174,175111,1007,98,2,98,0,-1060,-1080,-1072
22:49:15.789 bridge CHAN,175,176118,1007,98,2,98,0,-1060,-1080,-1071
22:49:16.809 bridge CHAN,176,177125,1007,98,2,98,0,-1060,-1080,-1072
22:49:17.623 bridge FRAME #101 tx t=178840 peer=0xf0 type=3 schema=0 frag=0x01 seq=45 rssi=- snr=- st=0 rx=5 deaf=14678
22:49:17.826 bridge CHAN,177,178132,1006,76,23,76,0,-220,-1080,-1005
22:49:18.029 bridge poll: f0 answered in 3791 ms (window 10000 ms)
22:49:18.029 bridge FRAME #102 rx t=179338 peer=0xf0 type=4 schema=240 frag=0x01 seq=15 rssi=-23 snr=11 st=0 rx=0 deaf=14870
22:49:18.231 bridge FRAME #103 tx t=179571 peer=0xf1 type=3 schema=0 frag=0x01 seq=46 rssi=- snr=- st=0 rx=5 deaf=14891
22:49:18.843 bridge CHAN,178,179138,1001,79,21,79,1,-220,-1080,-743
22:49:19.253 bridge poll: f1 answered in 1013 ms (window 10000 ms)
22:49:19.253 bridge FRAME #104 rx t=180560 peer=0xf1 type=4 schema=254 frag=0x01 seq=14 rssi=-33 snr=11 st=0 rx=0 deaf=15083
22:49:19.862 bridge CHAN,179,180139,1002,101,0,101,1,-310,-1080,-753
22:49:20.881 bridge CHAN,180,181141,1000,100,0,100,0,-1060,-1080,-1072
22:49:21.907 bridge CHAN,181,182141,1000,100,0,100,0,-1060,-1080,-1072
22:49:22.922 bridge CHAN,182,183141,1000,100,0,100,0,-1060,-1080,-1072
22:49:23.734 bridge CHAN,183,184141,1007,98,2,98,0,-1060,-1080,-1072
22:49:24.754 bridge FRAME #105 tx t=186059 peer=0xf2 type=3 schema=0 frag=0x01 seq=47 rssi=- snr=- st=0 rx=5 deaf=15125
22:49:24.754 bridge CHAN,184,185148,1007,90,10,90,0,-1070,-1080,-1071
22:49:25.159 bridge poll: f2 answered in 2010 ms (window 10000 ms)
22:49:25.159 bridge FRAME #106 rx t=186557 peer=0xf2 type=4 schema=240 frag=0x01 seq=15 rssi=-23 snr=11 st=0 rx=0 deaf=15317
22:49:25.773 bridge CHAN,185,186155,1004,90,11,90,1,-220,-1080,-809
22:49:26.388 bridge FRAME #107 tx t=187574 peer=0xf0 type=3 schema=0 frag=0x01 seq=48 rssi=- snr=- st=0 rx=5 deaf=15342
22:49:26.795 bridge poll: f0 answered in 525 ms (window 10000 ms)
22:49:26.795 bridge FRAME #108 rx t=188072 peer=0xf0 type=4 schema=240 frag=0x01 seq=16 rssi=-23 snr=11 st=0 rx=0 deaf=15534
22:49:26.795 bridge CHAN,186,187159,1005,79,21,79,1,-220,-1090,-764
22:49:27.813 bridge CHAN,187,188164,1000,100,0,100,0,-1060,-1080,-1071
22:49:28.263 mqtt   lran/bridge/diag/state {"rx_crc_err":0,"rx_runt":0,"rx_oversize":0,"rx_bad_crc":0,"rx_bad_ver":0,"rx_not_addressed":0,"rx_unknown_hdr_ext":0,"rx_bad_frag":0,"rx_unknown_type":0,"rx_unknown_schema":0,"rx_bad_length":0,"rx_not_fragmentable":0,"rx_rejected_ctx":0,"rx_rejected_mac":0,"rx_unknown_src":0,"rx_reassembly_timeout":0,"rx_fragment_overflow":0,"rx_reassembly_abandoned":0,"rx_rejected_seq":0,"rx_frag_duplicate":0,"rx_frag_late":0,"rx_dup_command":0,"rx_dropped":0,"rx_frames":49,"ctx_rolls":3,"ctx_roll_failed":0}
22:49:28.266 mqtt   lran/bridge/diag/radio/state {"tx_frames":60,"cad_backoffs":57,"errors_suppressed":0,"cad_deferred":0,"cad_free":59,"rx_deaf_ms":15534,"cad_errors":0,"tx_forced":1,"tx_errors":0,"tx_timeouts":0,"tx_dropped_no_radio":0,"rx_driver_errors":0,"rx_no_interrupt":0,"rx_wake_empty":0,"begin_failures":0,"last_begin_status":0,"q_rx_dropped":0,"q_rx_high_water":1,"q_publish_dropped":0,"q_publish_high_water":7,"q_tx_dropped":0,"q_tx_high_water":2,"q_log_dropped":0,"q_log_high_water":0,"q_command_dropped":0,"q_command_high_water":0,"q_config_dropped":0,"q_config_high_water":1}
22:49:28.266 mqtt   lran/bridge/diag/cmd/state {"cmd_submitted":0,"cmd_refused_busy":0,"cmd_sent":0,"cmd_retries":0,"cmd_acked":0,"cmd_no_ack":0,"cmd_resyncs":0,"cmd_resync_failed":0,"cmd_ack_ignored":0,"cmd_refused_roll_pending":0,"roll_sent":5,"roll_retries":2,"roll_busy":0,"roll_by_rejected_ctx":0}
22:49:28.266 mqtt   lran/bridge/diag/publish/state {"status_frames":40,"documents":0,"unchanged":0,"heartbeats":0,"event_frames":0,"events":0,"event_repeats":0,"bench_withheld":40,"queue_refused":0,"undecodable":0}
22:49:28.267 mqtt   lran/simnode0/diag/state {"rssi_dbm":-23,"snr_db":11,"last_seen_s":1,"missed_polls":0,"proto_ver":2,"unsupported_ver":null}
22:49:28.267 mqtt   lran/simnode1/diag/state {"rssi_dbm":-33,"snr_db":11,"last_seen_s":8,"missed_polls":0,"proto_ver":2,"unsupported_ver":null}
22:49:28.267 mqtt   lran/simnode2/diag/state {"rssi_dbm":-23,"snr_db":11,"last_seen_s":2,"missed_polls":0,"proto_ver":2,"unsupported_ver":null}
22:49:28.630 bridge FRAME #109 tx t=189882 peer=0xf1 type=3 schema=0 frag=0x01 seq=49 rssi=- snr=- st=0 rx=5 deaf=15576
22:49:28.834 bridge CHAN,188,189164,1006,76,23,76,0,-320,-1090,-1023
22:49:29.239 bridge poll: f1 answered in 1100 ms (window 10000 ms)
22:49:29.239 bridge FRAME #110 rx t=190647 peer=0xf1 type=4 schema=254 frag=0x01 seq=15 rssi=-33 snr=11 st=0 rx=0 deaf=15768
22:49:29.851 bridge CHAN,189,190170,1008,101,0,101,1,-320,-1080,-714
22:49:29.851 bridge CHANSUM,130,189,60,60197,5567,426,5567,18,60,0,-220,-1100,-1080,-1080
22:49:30.874 bridge CHAN,190,191178,1000,100,0,100,0,-1060,-1080,-1072
22:49:31.892 bridge CHAN,191,192178,1000,100,0,100,0,-1060,-1080,-1072
22:49:32.912 bridge CHAN,192,193178,1000,100,0,100,0,-990,-1080,-1064
22:49:33.926 bridge CHAN,193,194178,1007,98,2,98,0,-980,-1080,-1057
22:49:34.128 bridge FRAME #111 tx t=195296 peer=0xf2 type=3 schema=0 frag=0x01 seq=50 rssi=- snr=- st=0 rx=5 deaf=15810
22:49:34.537 bridge poll: f2 answered in 1247 ms (window 10000 ms)
22:49:34.537 bridge FRAME #112 rx t=195794 peer=0xf2 type=4 schema=240 frag=0x01 seq=16 rssi=-23 snr=12 st=0 rx=0 deaf=16002
22:49:34.945 bridge CHAN,194,195185,1001,79,21,79,1,-220,-1080,-783
22:49:35.963 bridge CHAN,195,196186,1000,100,0,100,0,-1060,-1080,-1071
22:49:36.372 bridge FRAME #113 tx t=197581 peer=0xf0 type=3 schema=0 frag=0x01 seq=51 rssi=- snr=- st=0 rx=5 deaf=16027
22:49:36.781 bridge poll: f0 answered in 532 ms (window 10000 ms)
22:49:36.782 bridge FRAME #114 rx t=198079 peer=0xf0 type=4 schema=240 frag=0x01 seq=17 rssi=-23 snr=11 st=0 rx=0 deaf=16219
22:49:36.987 bridge CHAN,196,197186,1005,79,21,79,1,-220,-1080,-781
22:49:38.009 bridge CHAN,197,198191,1000,100,0,100,0,-1070,-1080,-1071
22:49:38.825 bridge FRAME #115 tx t=200030 peer=0xf1 type=3 schema=0 frag=0x01 seq=52 rssi=- snr=- st=0 rx=5 deaf=16286
22:49:39.030 bridge CHAN,198,199191,1005,77,21,77,0,-1070,-1080,-1071
22:49:39.431 bridge poll: f1 answered in 1248 ms (window 10000 ms)
22:49:39.636 bridge FRAME #116 rx t=200795 peer=0xf1 type=4 schema=254 frag=0x01 seq=16 rssi=-33 snr=12 st=0 rx=0 deaf=16478
22:49:39.838 bridge CHAN,199,200196,1000,96,4,96,1,-320,-1090,-657
22:49:40.858 bridge CHAN,200,201196,1000,100,0,100,0,-1060,-1080,-1072
22:49:41.878 bridge CHAN,201,202196,1000,100,0,100,0,-1060,-1080,-1071
22:49:42.893 bridge CHAN,202,203196,1000,100,0,100,0,-1060,-1080,-1071
22:49:43.910 bridge CHAN,203,204196,1008,95,4,95,0,-1070,-1080,-1072
22:49:44.114 bridge FRAME #117 tx t=205279 peer=0xf2 type=3 schema=0 frag=0x01 seq=53 rssi=- snr=- st=0 rx=5 deaf=16549
22:49:44.523 bridge poll: f2 answered in 1230 ms (window 10000 ms)
22:49:44.523 bridge FRAME #118 rx t=205777 peer=0xf2 type=4 schema=240 frag=0x01 seq=17 rssi=-23 snr=11 st=0 rx=0 deaf=16741
22:49:44.930 bridge CHAN,204,205204,1005,79,21,79,1,-220,-1080,-783
22:49:45.942 bridge CHAN,205,206209,1000,100,0,100,0,-1060,-1080,-1072
22:49:46.144 bridge FRAME #119 tx t=207570 peer=0xf0 type=3 schema=0 frag=0x01 seq=54 rssi=- snr=- st=0 rx=5 deaf=16762
22:49:46.757 bridge poll: f0 answered in 521 ms (window 10000 ms)
22:49:46.757 bridge FRAME #120 rx t=208068 peer=0xf0 type=4 schema=240 frag=0x01 seq=18 rssi=-23 snr=11 st=0 rx=0 deaf=16954
22:49:46.962 bridge CHAN,206,207209,1001,79,21,79,1,-220,-1090,-782
22:49:47.980 bridge CHAN,207,208210,1000,100,0,100,0,-1060,-1080,-1070
22:49:48.997 bridge CHAN,208,209210,1007,98,2,98,0,-1060,-1080,-1071
22:49:50.016 bridge CHAN,209,210217,1007,98,2,98,0,-1060,-1080,-1072
22:49:50.621 bridge FRAME #121 tx t=211779 peer=0xf1 type=3 schema=0 frag=0x01 seq=55 rssi=- snr=- st=0 rx=5 deaf=17021
22:49:51.026 bridge CHAN,210,211224,1003,78,21,78,0,-310,-1080,-876
22:49:51.231 bridge poll: f1 answered in 2997 ms (window 10000 ms)
22:49:51.232 bridge FRAME #122 rx t=212544 peer=0xf1 type=4 schema=254 frag=0x01 seq=17 rssi=-33 snr=11 st=0 rx=0 deaf=17213
22:49:51.842 bridge CHAN,211,212227,1009,101,0,101,1,-310,-1080,-830
22:49:52.864 bridge CHAN,212,213236,1000,100,0,100,0,-1060,-1080,-1072
22:49:53.267 bridge FRAME #123 tx t=214581 peer=0xf2 type=3 schema=0 frag=0x01 seq=56 rssi=- snr=- st=0 rx=5 deaf=17238
22:49:53.677 bridge poll: f2 answered in 532 ms (window 10000 ms)
22:49:53.883 bridge FRAME #124 rx t=215079 peer=0xf2 type=4 schema=240 frag=0x01 seq=18 rssi=-24 snr=11 st=0 rx=0 deaf=17430
22:49:53.883 bridge CHAN,213,214236,1005,79,21,79,1,-220,-1080,-783
22:49:54.901 bridge CHAN,214,215241,1000,100,0,100,0,-1060,-1080,-1071
22:49:55.918 bridge CHAN,215,216241,1000,100,0,100,0,-1070,-1080,-1071
22:49:56.939 bridge CHAN,216,217241,1007,98,2,98,0,-1060,-1080,-1071
22:49:57.960 bridge CHAN,217,218248,1007,98,2,98,0,-1060,-1080,-1071
22:49:58.975 bridge CHAN,218,219255,1001,97,2,97,0,-1060,-1080,-1071
22:49:59.794 bridge FRAME #125 tx t=221021 peer=0xf0 type=3 schema=0 frag=0x01 seq=57 rssi=- snr=- st=0 rx=5 deaf=17522
22:49:59.999 bridge CHAN,219,220256,1003,78,21,78,0,-1070,-1080,-1072
22:50:00.204 bridge poll: f0 answered in 3972 ms (window 10000 ms)
22:50:00.204 bridge FRAME #126 rx t=221519 peer=0xf0 type=4 schema=240 frag=0x01 seq=19 rssi=-23 snr=11 st=0 rx=0 deaf=17714
22:50:00.813 bridge FRAME #127 tx t=222130 peer=0xf1 type=3 schema=0 frag=0x01 seq=58 rssi=- snr=- st=0 rx=5 deaf=17781
22:50:01.014 bridge CHAN,220,221259,1007,81,18,81,1,-220,-1080,-790
22:50:02.033 bridge CHAN,221,222266,1002,93,7,93,0,-1060,-1080,-1071
22:50:02.844 bridge CHAN,222,223268,1000,100,0,100,0,-310,-1080,-1018
22:50:03.460 bridge poll: f1 answered in 3182 ms (window 10000 ms)
22:50:03.460 bridge FRAME #128 rx t=224729 peer=0xf1 type=4 schema=254 frag=0x01 seq=18 rssi=-33 snr=11 st=0 rx=0 deaf=17973
22:50:03.870 bridge CHAN,223,224268,1003,101,0,101,1,-310,-1080,-721
22:50:04.280 bridge FRAME #129 tx t=225572 peer=0xf2 type=3 schema=0 frag=0x01 seq=59 rssi=- snr=- st=0 rx=5 deaf=17994
22:50:04.688 bridge poll: f2 answered in 524 ms (window 10000 ms)
22:50:04.688 bridge FRAME #130 rx t=226071 peer=0xf2 type=4 schema=240 frag=0x01 seq=19 rssi=-23 snr=11 st=0 rx=0 deaf=18186
22:50:04.893 bridge CHAN,224,225271,1001,79,21,79,1,-220,-1080,-782
22:50:05.910 bridge CHAN,225,226272,1000,100,0,100,0,-1060,-1080,-1071
22:50:06.316 bridge FRAME #131 tx t=227573 peer=0xf0 type=3 schema=0 frag=0x01 seq=60 rssi=- snr=- st=0 rx=5 deaf=18207
22:50:06.722 bridge poll: f0 answered in 524 ms (window 10000 ms)
22:50:06.722 bridge FRAME #132 rx t=228071 peer=0xf0 type=4 schema=240 frag=0x01 seq=20 rssi=-23 snr=12 st=0 rx=0 deaf=18399
22:50:06.925 bridge CHAN,226,227272,1001,79,21,79,1,-220,-1090,-783
22:50:07.941 bridge CHAN,227,228273,1000,100,0,100,0,-1060,-1080,-1071
22:50:08.962 bridge CHAN,228,229273,1000,100,0,100,0,-1060,-1080,-1071
22:50:09.984 bridge CHAN,229,230273,1000,100,0,100,0,-1060,-1080,-1071
22:50:11.001 bridge CHAN,230,231273,1001,97,2,97,0,-1060,-1080,-1071
22:50:11.610 bridge FRAME #133 tx t=232869 peer=0xf1 type=3 schema=0 frag=0x01 seq=61 rssi=- snr=- st=0 rx=5 deaf=18449
22:50:12.020 bridge CHAN,231,232274,1003,78,21,78,0,-320,-1080,-909
22:50:12.222 bridge poll: f1 answered in 2087 ms (window 10000 ms)
22:50:12.427 bridge FRAME #134 rx t=233634 peer=0xf1 type=4 schema=254 frag=0x01 seq=19 rssi=-34 snr=12 st=0 rx=0 deaf=18641
22:50:13.039 bridge CHAN,232,233277,1009,101,0,101,1,-320,-1080,-802
22:50:14.059 bridge CHAN,233,234286,1000,100,0,100,0,-1060,-1080,-1071
22:50:15.074 bridge CHAN,234,235286,1007,98,2,98,0,-980,-1080,-1055
22:50:15.880 bridge FRAME #135 tx t=237201 peer=0xf2 type=3 schema=0 frag=0x01 seq=62 rssi=- snr=- st=0 rx=5 deaf=18704
22:50:16.084 bridge CHAN,235,236293,1005,87,12,87,0,-980,-1080,-1047
22:50:16.289 bridge poll: f2 answered in 2153 ms (window 10000 ms)
22:50:16.494 bridge FRAME #136 rx t=237700 peer=0xf2 type=4 schema=240 frag=0x01 seq=20 rssi=-23 snr=11 st=0 rx=0 deaf=18896
22:50:17.105 bridge CHAN,236,237298,1003,90,11,90,1,-220,-1080,-815
22:50:17.309 bridge FRAME #137 tx t=238576 peer=0xf0 type=3 schema=0 frag=0x01 seq=63 rssi=- snr=- st=0 rx=5 deaf=18921
22:50:17.717 bridge poll: f0 answered in 528 ms (window 10000 ms)
22:50:17.717 bridge FRAME #138 rx t=239075 peer=0xf0 type=4 schema=240 frag=0x01 seq=21 rssi=-23 snr=11 st=0 rx=0 deaf=19113
22:50:18.124 bridge CHAN,237,238301,1005,79,21,79,1,-220,-1080,-783
22:50:19.137 bridge CHAN,238,239306,1000,100,0,100,0,-1060,-1080,-1071
22:50:19.947 bridge CHAN,239,240306,1000,100,0,100,0,-1060,-1080,-1071
22:50:20.355 bridge FRAME #139 tx t=241581 peer=0xf1 type=3 schema=0 frag=0x01 seq=64 rssi=- snr=- st=0 rx=5 deaf=19138
22:50:20.968 bridge poll: f1 answered in 799 ms (window 10000 ms)
22:50:20.968 bridge FRAME #140 rx t=242346 peer=0xf1 type=4 schema=254 frag=0x01 seq=20 rssi=-33 snr=12 st=0 rx=0 deaf=19330
22:50:20.968 bridge CHAN,240,241306,1003,78,21,78,0,-320,-1080,-603
22:50:21.985 bridge CHAN,241,242309,1009,101,0,101,1,-320,-1090,-1039
22:50:23.004 bridge CHAN,242,243318,1000,100,0,100,0,-1070,-1080,-1073
22:50:24.027 bridge CHAN,243,244318,1000,100,0,100,0,-1060,-1080,-1072
22:50:25.048 bridge CHAN,244,245318,1007,98,2,98,0,-1070,-1080,-1072
22:50:25.452 bridge FRAME #141 tx t=246680 peer=0xf2 type=3 schema=0 frag=0x01 seq=65 rssi=- snr=- st=0 rx=5 deaf=19376
22:50:25.859 bridge poll: f2 answered in 1632 ms (window 10000 ms)
22:50:25.859 bridge FRAME #142 rx t=247179 peer=0xf2 type=4 schema=240 frag=0x01 seq=21 rssi=-23 snr=11 st=0 rx=0 deaf=19568
22:50:26.063 bridge CHAN,245,246325,1005,79,21,79,1,-220,-1080,-783
22:50:27.080 bridge CHAN,246,247330,1000,100,0,100,0,-1060,-1080,-1072
22:50:28.098 bridge CHAN,247,248330,1008,95,4,95,0,-1070,-1090,-1073
22:50:28.201 mqtt   lran/bridge/diag/state {"rx_crc_err":0,"rx_runt":0,"rx_oversize":0,"rx_bad_crc":0,"rx_bad_ver":0,"rx_not_addressed":0,"rx_unknown_hdr_ext":0,"rx_bad_frag":0,"rx_unknown_type":0,"rx_unknown_schema":0,"rx_bad_length":0,"rx_not_fragmentable":0,"rx_rejected_ctx":0,"rx_rejected_mac":0,"rx_unknown_src":0,"rx_reassembly_timeout":0,"rx_fragment_overflow":0,"rx_reassembly_abandoned":0,"rx_rejected_seq":0,"rx_frag_duplicate":0,"rx_frag_late":0,"rx_dup_command":0,"rx_dropped":0,"rx_frames":66,"ctx_rolls":3,"ctx_roll_failed":0}
22:50:28.204 mqtt   lran/bridge/diag/radio/state {"tx_frames":77,"cad_backoffs":75,"errors_suppressed":0,"cad_deferred":0,"cad_free":76,"rx_deaf_ms":19593,"cad_errors":0,"tx_forced":1,"tx_errors":0,"tx_timeouts":0,"tx_dropped_no_radio":0,"rx_driver_errors":0,"rx_no_interrupt":0,"rx_wake_empty":0,"begin_failures":0,"last_begin_status":0,"q_rx_dropped":0,"q_rx_high_water":1,"q_publish_dropped":0,"q_publish_high_water":7,"q_tx_dropped":0,"q_tx_high_water":2,"q_log_dropped":0,"q_log_high_water":0,"q_command_dropped":0,"q_command_high_water":0,"q_config_dropped":0,"q_config_high_water":1}
22:50:28.204 mqtt   lran/bridge/diag/cmd/state {"cmd_submitted":0,"cmd_refused_busy":0,"cmd_sent":0,"cmd_retries":0,"cmd_acked":0,"cmd_no_ack":0,"cmd_resyncs":0,"cmd_resync_failed":0,"cmd_ack_ignored":0,"cmd_refused_roll_pending":0,"roll_sent":5,"roll_retries":2,"roll_busy":0,"roll_by_rejected_ctx":0}
22:50:28.205 mqtt   lran/bridge/diag/publish/state {"status_frames":57,"documents":0,"unchanged":0,"heartbeats":0,"event_frames":0,"events":0,"event_repeats":0,"bench_withheld":57,"queue_refused":0,"undecodable":0}
22:50:28.208 mqtt   lran/simnode0/diag/state {"rssi_dbm":-23,"snr_db":11,"last_seen_s":10,"missed_polls":0,"proto_ver":2,"unsupported_ver":null}
22:50:28.208 mqtt   lran/simnode1/diag/state {"rssi_dbm":-33,"snr_db":12,"last_seen_s":7,"missed_polls":0,"proto_ver":2,"unsupported_ver":null}
22:50:28.208 mqtt   lran/simnode2/diag/state {"rssi_dbm":-23,"snr_db":11,"last_seen_s":2,"missed_polls":0,"proto_ver":2,"unsupported_ver":null}
22:50:28.302 bridge FRAME #143 tx t=249609 peer=0xf0 type=3 schema=0 frag=0x01 seq=66 rssi=- snr=- st=0 rx=5 deaf=19635
22:50:28.706 bridge poll: f0 answered in 1561 ms (window 10000 ms)
22:50:28.911 bridge FRAME #144 rx t=250108 peer=0xf0 type=4 schema=240 frag=0x01 seq=22 rssi=-24 snr=11 st=0 rx=0 deaf=19827
22:50:29.115 bridge CHAN,248,249338,1001,79,21,79,1,-220,-1080,-784
22:50:30.129 bridge CHAN,249,250339,1000,100,0,100,0,-1060,-1080,-1072
22:50:30.129 bridge CHANSUM,190,249,60,60161,5600,393,5600,17,60,0,-220,-1090,-1080,-1080
22:50:30.330 bridge FRAME #145 tx t=251574 peer=0xf1 type=3 schema=0 frag=0x01 seq=67 rssi=- snr=- st=0 rx=5 deaf=19852
22:50:30.939 bridge poll: f1 answered in 792 ms (window 10000 ms)
22:50:31.144 bridge FRAME #146 rx t=252339 peer=0xf1 type=4 schema=254 frag=0x01 seq=21 rssi=-33 snr=11 st=0 rx=0 deaf=20044
22:50:31.144 bridge CHAN,250,251339,1000,78,21,78,0,-310,-1080,-561
22:50:32.149 bridge CHAN,251,252339,1001,100,0,100,1,-710,-1080,-1068
22:50:32.955 bridge CHAN,252,253340,1000,100,0,100,0,-1070,-1080,-1071
22:50:33.969 bridge CHAN,253,254340,1000,100,0,100,0,-1070,-1080,-1072
22:50:34.171 bridge FRAME #147 tx t=255575 peer=0xf2 type=3 schema=0 frag=0x01 seq=68 rssi=- snr=- st=0 rx=5 deaf=20069
22:50:34.780 bridge poll: f2 answered in 527 ms (window 10000 ms)
22:50:34.780 bridge FRAME #148 rx t=256074 peer=0xf2 type=4 schema=240 frag=0x01 seq=22 rssi=-23 snr=11 st=0 rx=0 deaf=20261
22:50:34.984 bridge CHAN,254,255340,1005,79,21,79,1,-220,-1080,-784
22:50:36.007 bridge CHAN,255,256345,1000,100,0,100,0,-1060,-1080,-1071
22:50:37.018 bridge CHAN,256,257345,1000,100,0,100,0,-970,-1090,-1071
22:50:37.223 bridge FRAME #149 tx t=258580 peer=0xf0 type=3 schema=0 frag=0x01 seq=69 rssi=- snr=- st=0 rx=5 deaf=20286
22:50:37.630 bridge poll: f0 answered in 532 ms (window 10000 ms)
22:50:37.833 bridge FRAME #150 rx t=259079 peer=0xf0 type=4 schema=240 frag=0x01 seq=23 rssi=-24 snr=12 st=0 rx=0 deaf=20478
22:50:38.038 bridge CHAN,257,258345,1005,79,21,79,1,-220,-1080,-774
22:50:39.058 bridge CHAN,258,259350,1000,100,0,100,0,-980,-1080,-1058
22:50:40.077 bridge CHAN,259,260350,1000,100,0,100,0,-980,-1080,-1065
22:50:40.890 bridge FRAME #151 tx t=262129 peer=0xf1 type=3 schema=0 frag=0x01 seq=70 rssi=- snr=- st=0 rx=5 deaf=20545
22:50:41.093 bridge CHAN,260,261350,1007,73,25,73,0,-1070,-1080,-1073
22:50:41.500 bridge poll: f1 answered in 1347 ms (window 10000 ms)
22:50:41.500 bridge FRAME #152 rx t=262894 peer=0xf1 type=4 schema=254 frag=0x01 seq=22 rssi=-33 snr=11 st=0 rx=0 deaf=20737
22:50:42.113 bridge CHAN,261,262357,1008,101,0,101,1,-310,-1080,-674
22:50:43.128 bridge CHAN,262,263365,1000,100,0,100,0,-1060,-1080,-1073
22:50:43.936 bridge CHAN,263,264365,1000,100,0,100,0,-1060,-1080,-1072
22:50:44.341 bridge FRAME #153 tx t=265576 peer=0xf2 type=3 schema=0 frag=0x01 seq=71 rssi=- snr=- st=0 rx=5 deaf=20758
22:50:44.744 bridge poll: f2 answered in 528 ms (window 10000 ms)
22:50:44.744 bridge FRAME #154 rx t=266075 peer=0xf2 type=4 schema=240 frag=0x01 seq=23 rssi=-23 snr=11 st=0 rx=0 deaf=20950
22:50:44.946 bridge CHAN,264,265365,1001,79,21,79,1,-220,-1080,-784
22:50:45.963 bridge CHAN,265,266366,1000,100,0,100,0,-1060,-1080,-1071
22:50:46.979 bridge CHAN,266,267366,1000,100,0,100,0,-1060,-1080,-1071
22:50:47.387 bridge FRAME #155 tx t=268778 peer=0xf0 type=3 schema=0 frag=0x01 seq=72 rssi=- snr=- st=0 rx=5 deaf=20996
22:50:48.000 bridge poll: f0 answered in 730 ms (window 10000 ms)
22:50:48.000 bridge FRAME #156 rx t=269277 peer=0xf0 type=4 schema=240 frag=0x01 seq=24 rssi=-23 snr=11 st=0 rx=0 deaf=21188
22:50:48.000 bridge CHAN,267,268366,1002,76,23,76,1,-220,-1080,-773
22:50:49.016 bridge CHAN,268,269368,1000,100,0,100,0,-1060,-1080,-1071
22:50:50.032 bridge CHAN,269,270368,1000,100,0,100,0,-1060,-1080,-1071
22:50:50.847 bridge FRAME #157 tx t=272250 peer=0xf1 type=3 schema=0 frag=0x01 seq=73 rssi=- snr=- st=0 rx=5 deaf=21234
22:50:51.052 bridge CHAN,270,271368,1008,84,15,84,0,-1060,-1080,-1071
22:50:51.660 bridge poll: f1 answered in 1467 ms (window 10000 ms)
22:50:51.660 bridge FRAME #158 rx t=273014 peer=0xf1 type=4 schema=254 frag=0x01 seq=23 rssi=-33 snr=11 st=0 rx=0 deaf=21426
22:50:52.066 bridge CHAN,271,272376,1000,92,8,92,1,-310,-1080,-634
22:50:53.082 bridge CHAN,272,273376,1000,100,0,100,0,-1060,-1080,-1071
22:50:54.105 bridge CHAN,273,274376,1000,100,0,100,0,-1060,-1080,-1072
22:50:55.124 bridge CHAN,274,275376,1004,95,4,95,0,-1060,-1080,-1072
22:50:55.735 bridge FRAME #159 tx t=277021 peer=0xf2 type=3 schema=0 frag=0x01 seq=74 rssi=- snr=- st=0 rx=5 deaf=21489
22:50:55.937 bridge CHAN,275,276380,1009,79,21,79,0,-220,-1080,-927
22:50:56.138 bridge poll: f2 answered in 1972 ms (window 10000 ms)
22:50:56.138 bridge FRAME #160 rx t=277519 peer=0xf2 type=4 schema=240 frag=0x01 seq=24 rssi=-23 snr=11 st=0 rx=0 deaf=21681
22:50:56.949 bridge CHAN,276,277389,1001,100,0,100,1,-220,-1080,-958
22:50:57.961 bridge CHAN,277,278390,1001,97,2,97,0,-1070,-1080,-1072
22:50:58.166 bridge FRAME #161 tx t=279416 peer=0xf0 type=3 schema=0 frag=0x01 seq=75 rssi=- snr=- st=0 rx=5 deaf=21731
22:50:58.575 bridge poll: f0 answered in 1368 ms (window 10000 ms)
22:50:58.575 bridge FRAME #162 rx t=279915 peer=0xf0 type=4 schema=240 frag=0x01 seq=25 rssi=-23 snr=11 st=0 rx=0 deaf=21923
22:50:58.985 bridge CHAN,278,279391,1005,79,21,79,1,-220,-1080,-784
22:51:00.008 bridge CHAN,279,280396,1000,100,0,100,0,-1060,-1080,-1072
22:51:00.212 bridge FRAME #163 tx t=281577 peer=0xf1 type=3 schema=0 frag=0x01 seq=76 rssi=- snr=- st=0 rx=5 deaf=21944
22:51:01.026 bridge poll: f1 answered in 795 ms (window 10000 ms)
22:51:01.027 bridge FRAME #164 rx t=282342 peer=0xf1 type=4 schema=254 frag=0x01 seq=24 rssi=-33 snr=11 st=0 rx=0 deaf=22136
22:51:01.027 bridge CHAN,280,281396,1008,79,21,79,1,-310,-1080,-570
22:51:02.044 bridge CHAN,281,282404,1000,100,0,100,0,-1060,-1080,-1073
22:51:03.056 bridge CHAN,282,283404,1000,100,0,100,0,-1060,-1080,-1071
22:51:04.079 bridge CHAN,283,284404,1000,100,0,100,0,-1070,-1080,-1072
22:51:04.281 bridge FRAME #165 tx t=285579 peer=0xf2 type=3 schema=0 frag=0x01 seq=77 rssi=- snr=- st=0 rx=5 deaf=22161
22:51:04.687 bridge poll: f2 answered in 531 ms (window 10000 ms)
22:51:04.687 bridge FRAME #166 rx t=286078 peer=0xf2 type=4 schema=240 frag=0x01 seq=25 rssi=-23 snr=11 st=0 rx=0 deaf=22353
22:51:05.094 bridge CHAN,284,285404,1005,79,21,79,1,-220,-1080,-784
22:51:06.110 bridge CHAN,285,286409,1000,100,0,100,0,-1060,-1080,-1071
22:51:07.127 bridge CHAN,286,287409,1000,100,0,100,0,-1060,-1080,-1071
22:51:07.939 bridge CHAN,287,288409,1007,98,2,98,0,-1060,-1080,-1072
22:51:08.410 ctl    RESULT freq 917400000: no outcome in 200 s
22:51:08.411 ctl    === flashing the fix
22:51:08.551 bridge FRAME #167 tx t=289827 peer=0xf0 type=3 schema=0 frag=0x01 seq=78 rssi=- snr=- st=0 rx=5 deaf=22395
22:51:31.747 ctl    upload exit 0: ========================= 1 succeeded in 00:00:22.909 =========================
22:51:32.019 bridge ESP-ROM:esp32s3-20210327
22:51:32.020 bridge Build:Mar 27 2021
22:51:32.020 bridge rst:0x1 (POWERON),boot:0x9 (SPI_FAST_FLASH_BOOT)
22:51:32.020 bridge SPIWP:0xee
22:51:32.020 bridge mode:DIO, clock div:1
22:51:32.020 bridge load:0x3fce3808,len:0x4bc
22:51:32.020 bridge load:0x403c9700,len:0xbd8
22:51:32.020 bridge load:0x403cc700,len:0x2a0c
22:51:32.020 bridge entry 0x403c98d0
22:51:32.428 bridge LRAN Bridge Node - node 0x00
22:51:32.428 bridge Binding spec: LRAN-Protocol-Specification v0.14 (ver = 2)
22:51:32.428 bridge PHY: 917.4 MHz, SF9, BW 125 kHz, CR 4/5, -4 dBm conducted, 3.0 dBi
22:51:32.428 bridge Version: 0.1.0 (6a8b76d-dirty)
22:51:32.428 bridge Slot: app0
22:51:32.428 bridge Image state: not_pending
22:51:32.428 bridge CHAN-BOOT,6a8b76d-dirty,917400000,9,1250,1000,-1100,10
22:51:32.632 bridge WiFi SSID: McLeeNet
22:51:32.632 bridge MQTT broker: 192.168.2.52:1883
22:51:32.632 bridge Registry: 0x01 0x02 0xF0(bench) 0xF1(bench) 0xF2(bench) 0xF3(bench)
22:51:32.632 bridge Config: 14 stored value(s) restored
22:51:32.632 bridge levers: gen 2 - diag 60 s, poll reply 10000 ms, missed 3, cmd ack 3000 ms x3, config ack 8000 ms, readba[   552][W][WiFiGeneric.cpp:1062] _eventCallback(): Reason: 203 - ASSOC_FAIL
22:51:32.632 bridge [   576][W][WiFiGeneric.cpp:1062] _eventCallback(): Reason: 202 - AUTH_FAIL
22:51:32.632 bridge ck 15000 ms, simnode diag on
22:51:32.632 bridge Tasks started: 7
22:51:32.632 bridge BF-15: WiFi, MQTT, OTA, the radio link and the registry. No discovery yet.
22:51:32.632 bridge LoRa: radio up - 917000000 Hz, SF9, BW 125.0 kHz, CR 4/5, -4 dBm conducted, 3.0 dBi antenna
22:51:32.632 bridge LoRa: stack high-water 6428 bytes free
22:51:32.632 bridge FRAME #0 tx t=630 peer=0xf0 type=3 schema=0 frag=0x01 seq=1 rssi=- snr=- st=0 rx=5 deaf=25
22:51:32.834 bridge [   722][I][esp32-hal-i2c.c:75] i2cInit(): Initialising I2C Master: sda=17 scl=18 freq=100000
22:51:32.834 bridge [   731][W][Wire.cpp:301] begin(): Bus already started in Master Mode.
22:51:33.241 bridge poll: f0 answered in 545 ms (window 10000 ms)
22:51:33.241 bridge FRAME #1 rx t=1128 peer=0xf0 type=4 schema=240 frag=0x01 seq=27 rssi=-23 snr=11 st=0 rx=0 deaf=217
22:51:33.648 bridge availability: simnode0 online (missed_polls 0, threshold 3)
22:51:33.648 bridge [  1552][W][WiFiGeneric.cpp:1062] _eventCallback(): Reason: 203 - ASSOC_FAIL
22:51:33.648 bridge CHAN,0,605,1006,75,24,75,1,-220,-1080,-768
22:51:34.667 bridge [  2598][W][WiFiGeneric.cpp:1062] _eventCallback(): Reason: 15 - 4WAY_HANDSHAKE_TIMEOUT
22:51:34.667 bridge CHAN,1,1611,1005,100,0,100,0,-1060,-1080,-1072
22:51:35.686 bridge CHAN,2,2616,1004,95,4,95,0,-1070,-1080,-1072
22:51:36.259 mqtt   lran/bridge/availability offline
22:51:36.294 bridge [  4272][I][ArduinoOTA.cpp:141] begin(): OTA server at: lran-bridge.local:3232
22:51:36.294 bridge OTA: listening as lran-bridge
22:51:36.596 mqtt   lran/bridge/availability online
22:51:36.602 mqtt   lran/bridge/version {"version":"0.1.0","git":"6a8b76d-dirty","slot":"app0","ota_state":"verified_or_usb"}
22:51:36.606 mqtt   lran/bridge/diag/state {"rx_crc_err":0,"rx_runt":0,"rx_oversize":0,"rx_bad_crc":0,"rx_bad_ver":0,"rx_not_addressed":0,"rx_unknown_hdr_ext":0,"rx_bad_frag":0,"rx_unknown_type":0,"rx_unknown_schema":0,"rx_bad_length":0,"rx_not_fragmentable":0,"rx_rejected_ctx":0,"rx_rejected_mac":0,"rx_unknown_src":0,"rx_reassembly_timeout":0,"rx_fragment_overflow":0,"rx_reassembly_abandoned":0,"rx_rejected_seq":0,"rx_frag_duplicate":0,"rx_frag_late":0,"rx_dup_command":0,"rx_dropped":0,"rx_frames":0,"ctx_rolls":0,"ctx_roll_failed":0}
22:51:36.609 mqtt   lran/bridge/diag/radio/state {"tx_frames":0,"cad_backoffs":0,"errors_suppressed":0,"cad_deferred":0,"cad_free":0,"rx_deaf_ms":0,"cad_errors":0,"tx_forced":0,"tx_errors":0,"tx_timeouts":0,"tx_dropped_no_radio":0,"rx_driver_errors":0,"rx_no_interrupt":0,"rx_wake_empty":0,"begin_failures":0,"last_begin_status":0,"q_rx_dropped":0,"q_rx_high_water":0,"q_publish_dropped":0,"q_publish_high_water":0,"q_tx_dropped":0,"q_tx_high_water":1,"q_log_dropped":0,"q_log_high_water":0,"q_command_dropped":0,"q_command_high_water":0,"q_config_dropped":0,"q_config_high_water":0}
22:51:36.609 mqtt   lran/bridge/diag/cmd/state {"cmd_submitted":0,"cmd_refused_busy":0,"cmd_sent":0,"cmd_retries":0,"cmd_acked":0,"cmd_no_ack":0,"cmd_resyncs":0,"cmd_resync_failed":0,"cmd_ack_ignored":0,"cmd_refused_roll_pending":0,"roll_sent":0,"roll_retries":0,"roll_busy":0,"roll_by_rejected_ctx":0}
22:51:36.609 mqtt   lran/bridge/diag/publish/state {"status_frames":0,"documents":0,"unchanged":0,"heartbeats":0,"event_frames":0,"events":0,"event_repeats":0,"bench_withheld":0,"queue_refused":0,"undecodable":0}
22:51:36.609 mqtt   lran/simnode0/diag/state {"rssi_dbm":null,"snr_db":null,"last_seen_s":null,"missed_polls":0,"proto_ver":null,"unsupported_ver":null}
22:51:36.609 mqtt   lran/simnode1/diag/state {"rssi_dbm":null,"snr_db":null,"last_seen_s":null,"missed_polls":0,"proto_ver":null,"unsupported_ver":null}
22:51:36.613 mqtt   lran/simnode2/diag/state {"rssi_dbm":null,"snr_db":null,"last_seen_s":null,"missed_polls":0,"proto_ver":null,"unsupported_ver":null}
22:51:36.618 mqtt   lran/simnode0/availability online
22:51:36.624 mqtt   lran/bridge/config/state {"simnode_diag_enable":{"value":1,"source":"override"},"diag_interval_s":{"value":60,"source":"default"},"missed_poll_threshold":{"value":3,"source":"default"},"poll_reply_timeout_ms":{"value":10000,"source":"default"},"command_ack_timeout_ms":{"value":3000,"source":"default"},"cmd_retries":{"value":3,"source":"default"},"cad_retries":{"value":5,"source":"default"},"backoff_max_ms":{"value":1500,"source":"default"},"frag_reassembly_timeout_ms":{"value":5000,"source":"default"},"error_min_interval_ms":{"value":1000,"source":"default"},"config_readback_timeout_ms":{"value":15000,"source":"default"},"config_ack_timeout_ms":{"value":8000,"source":"default"},"republish_interval_s":{"value":900,"source":"override"},"bms_stale_s":{"value":600,"source":"default"},"cell_mv_deadband":{"value":5,"source":"default"},"freq_hz":{"value":917000000,"source":"override"},"spreading_factor":{"value":9,"source":"override"},"bandwidth_khz":{"value":125,"source":"override"},"coding_rate_denominator":{"value":5,"source":"override"},"tx_power_dbm":{"value":-4,"source":"override"},"phy_trial_s":{"value":120,"source":"override"}}
22:51:36.629 mqtt   lran/gatelink/config/state {"poll_interval_s":{"value":60,"source":"default"},"deployed":{"value":0,"source":"default"},"dedup_cache_depth":{"value":null,"source":"default"},"frag_reassembly_timeout_ms":{"value":null,"source":"default"},"cad_retries":{"value":null,"source":"default"},"backoff_max_ms":{"value":null,"source":"default"},"freq_hz":{"value":null,"source":"default"},"spreading_factor":{"value":null,"source":"default"},"bandwidth_khz":{"value":null,"source":"default"},"coding_rate_denominator":{"value":null,"source":"default"},"tx_power_dbm":{"value":null,"source":"default"},"phy_trial_s":{"value":null,"source":"default"}}
22:51:36.641 mqtt   lran/welllink/config/state {"poll_interval_s":{"value":60,"source":"default"},"deployed":{"value":0,"source":"default"},"dedup_cache_depth":{"value":null,"source":"default"},"frag_reassembly_timeout_ms":{"value":null,"source":"default"},"cad_retries":{"value":null,"source":"default"},"backoff_max_ms":{"value":null,"source":"default"},"freq_hz":{"value":null,"source":"default"},"spreading_factor":{"value":null,"source":"default"},"bandwidth_khz":{"value":null,"source":"default"},"coding_rate_denominator":{"value":null,"source":"default"},"tx_power_dbm":{"value":null,"source":"default"},"phy_trial_s":{"value":null,"source":"default"}}
22:51:36.645 mqtt   lran/simnode0/config/state {"poll_interval_s":{"value":10,"source":"override"},"deployed":{"value":1,"source":"override"},"dedup_cache_depth":{"value":null,"source":"default"},"frag_reassembly_timeout_ms":{"value":null,"source":"default"},"cad_retries":{"value":null,"source":"default"},"backoff_max_ms":{"value":null,"source":"default"},"freq_hz":{"value":null,"source":"default"},"spreading_factor":{"value":null,"source":"default"},"bandwidth_khz":{"value":null,"source":"default"},"coding_rate_denominator":{"value":null,"source":"default"},"tx_power_dbm":{"value":null,"source":"default"},"phy_trial_s":{"value":null,"source":"default"}}
22:51:36.653 mqtt   lran/simnode1/config/state {"poll_interval_s":{"value":10,"source":"override"},"deployed":{"value":1,"source":"override"},"dedup_cache_depth":{"value":null,"source":"default"},"frag_reassembly_timeout_ms":{"value":null,"source":"default"},"cad_retries":{"value":null,"source":"default"},"backoff_max_ms":{"value":null,"source":"default"},"freq_hz":{"value":null,"source":"default"},"spreading_factor":{"value":null,"source":"default"},"bandwidth_khz":{"value":null,"source":"default"},"coding_rate_denominator":{"value":null,"source":"default"},"tx_power_dbm":{"value":null,"source":"default"},"phy_trial_s":{"value":null,"source":"default"}}
22:51:36.656 mqtt   lran/simnode2/config/state {"poll_interval_s":{"value":10,"source":"override"},"deployed":{"value":1,"source":"override"},"dedup_cache_depth":{"value":null,"source":"default"},"frag_reassembly_timeout_ms":{"value":null,"source":"default"},"cad_retries":{"value":null,"source":"default"},"backoff_max_ms":{"value":null,"source":"default"},"freq_hz":{"value":null,"source":"default"},"spreading_factor":{"value":null,"source":"default"},"bandwidth_khz":{"value":null,"source":"default"},"coding_rate_denominator":{"value":null,"source":"default"},"tx_power_dbm":{"value":null,"source":"default"},"phy_trial_s":{"value":null,"source":"default"}}
22:51:36.686 mqtt   lran/simnode3/config/state {"poll_interval_s":{"value":60,"source":"default"},"deployed":{"value":0,"source":"default"},"dedup_cache_depth":{"value":null,"source":"default"},"frag_reassembly_timeout_ms":{"value":null,"source":"default"},"cad_retries":{"value":null,"source":"default"},"backoff_max_ms":{"value":null,"source":"default"},"freq_hz":{"value":null,"source":"default"},"spreading_factor":{"value":null,"source":"default"},"bandwidth_khz":{"value":null,"source":"default"},"coding_rate_denominator":{"value":null,"source":"default"},"tx_power_dbm":{"value":null,"source":"default"},"phy_trial_s":{"value":null,"source":"default"}}
22:51:36.704 bridge CHAN,3,3620,1007,98,2,98,0,-1060,-1080,-1072
22:51:37.315 bridge FRAME #2 tx t=5294 peer=0xf1 type=3 schema=0 frag=0x01 seq=2 rssi=- snr=- st=0 rx=5 deaf=355
22:51:37.484 mqtt   lran/simnode0/availability online
22:51:37.487 mqtt   lran/bridge/diag/state {"rx_crc_err":0,"rx_runt":0,"rx_oversize":0,"rx_bad_crc":0,"rx_bad_ver":0,"rx_not_addressed":0,"rx_unknown_hdr_ext":0,"rx_bad_frag":0,"rx_unknown_type":0,"rx_unknown_schema":0,"rx_bad_length":0,"rx_not_fragmentable":0,"rx_rejected_ctx":0,"rx_rejected_mac":0,"rx_unknown_src":0,"rx_reassembly_timeout":0,"rx_fragment_overflow":0,"rx_reassembly_abandoned":0,"rx_rejected_seq":0,"rx_frag_duplicate":0,"rx_frag_late":0,"rx_dup_command":0,"rx_dropped":0,"rx_frames":1,"ctx_rolls":0,"ctx_roll_failed":0}
22:51:37.487 mqtt   lran/bridge/diag/radio/state {"tx_frames":1,"cad_backoffs":5,"errors_suppressed":0,"cad_deferred":0,"cad_free":1,"rx_deaf_ms":330,"cad_errors":0,"tx_forced":0,"tx_errors":0,"tx_timeouts":0,"tx_dropped_no_radio":0,"rx_driver_errors":0,"rx_no_interrupt":0,"rx_wake_empty":0,"begin_failures":0,"last_begin_status":0,"q_rx_dropped":0,"q_rx_high_water":1,"q_publish_dropped":0,"q_publish_high_water":10,"q_tx_dropped":0,"q_tx_high_water":1,"q_log_dropped":0,"q_log_high_water":0,"q_command_dropped":0,"q_command_high_water":0,"q_config_dropped":0,"q_config_high_water":0}
22:51:37.490 mqtt   lran/bridge/diag/cmd/state {"cmd_submitted":0,"cmd_refused_busy":0,"cmd_sent":0,"cmd_retries":0,"cmd_acked":0,"cmd_no_ack":0,"cmd_resyncs":0,"cmd_resync_failed":0,"cmd_ack_ignored":0,"cmd_refused_roll_pending":0,"roll_sent":0,"roll_retries":0,"roll_busy":0,"roll_by_rejected_ctx":0}
22:51:37.493 mqtt   lran/bridge/diag/publish/state {"status_frames":1,"documents":0,"unchanged":0,"heartbeats":0,"event_frames":0,"events":0,"event_repeats":0,"bench_withheld":1,"queue_refused":0,"undecodable":0}
22:51:37.493 mqtt   lran/simnode0/diag/state {"rssi_dbm":-23,"snr_db":11,"last_seen_s":4,"missed_polls":0,"proto_ver":2,"unsupported_ver":null}
22:51:37.496 mqtt   lran/simnode1/diag/state {"rssi_dbm":null,"snr_db":null,"last_seen_s":null,"missed_polls":0,"proto_ver":null,"unsupported_ver":null}
22:51:37.496 mqtt   lran/simnode2/diag/state {"rssi_dbm":null,"snr_db":null,"last_seen_s":null,"missed_polls":0,"proto_ver":null,"unsupported_ver":null}
22:51:37.718 bridge CHAN,4,4627,1005,75,23,75,0,-1060,-1080,-1072
22:51:38.735 bridge CHAN,5,5632,1000,100,0,100,0,-310,-1080,-764
22:51:38.736 bridge poll: f1 answered in 5202 ms (window 10000 ms)
22:51:38.736 bridge FRAME #3 rx t=6751 peer=0xf1 type=4 schema=254 frag=0x01 seq=26 rssi=-33 snr=11 st=0 rx=0 deaf=547
22:51:39.483 mqtt   lran/simnode1/availability online
22:51:39.550 bridge availability: simnode1 online (missed_polls 0, threshold 3)
22:51:39.755 bridge CHAN,6,6632,1002,97,2,97,1,-310,-1080,-975
22:51:40.157 bridge FRAME #4 tx t=8009 peer=0xf2 type=3 schema=0 frag=0x01 seq=3 rssi=- snr=- st=0 rx=5 deaf=597
22:51:40.530 mqtt   lran/simnode2/availability online
22:51:40.566 bridge poll: f2 answered in 958 ms (window 10000 ms)
22:51:40.566 bridge availability: simnode2 online (missed_polls 0, threshold 3)
22:51:40.566 bridge FRAME #5 rx t=8507 peer=0xf2 type=4 schema=240 frag=0x01 seq=26 rssi=-24 snr=11 st=0 rx=0 deaf=789
22:51:40.770 bridge CHAN,7,7634,1002,76,23,76,1,-220,-1080,-770
22:51:41.788 bridge CHAN,8,8636,1001,97,2,97,0,-1070,-1080,-1072
22:51:41.991 bridge FRAME #6 tx t=9935 peer=0xf0 type=1 schema=0 frag=0x01 seq=1 rssi=- snr=- st=0 rx=5 deaf=877
22:51:42.223 heltec roll f0 <- 00 seq 1: ctx 0xec70194e -> 0x174e6722, ACCEPTED
22:51:42.592 bridge FRAME #7 rx t=10410 peer=0xf0 type=2 schema=0 frag=0x01 seq=1 rssi=-23 snr=11 st=0 rx=0 deaf=1110
22:51:42.592 bridge roll: f0 rolled to ctx 0x174e6722 after 1 attempt(s)
22:51:42.795 bridge CHAN,9,9637,1004,72,27,72,1,-220,-1080,-821
22:51:42.795 bridge CHANSUM,0,9,10,10036,885,107,885,4,10,0,-220,-1080,-1080,-1080
22:51:43.609 bridge FRAME #8 tx t=11572 peer=0xf0 type=3 schema=0 frag=0x01 seq=4 rssi=- snr=- st=0 rx=5 deaf=1131
22:51:43.609 bridge CHAN,10,10641,1008,92,8,92,0,-1060,-1080,-1072
22:51:44.012 bridge poll: f0 answered in 521 ms (window 10000 ms)
22:51:44.012 bridge FRAME #9 rx t=12070 peer=0xf0 type=4 schema=240 frag=0x01 seq=2 rssi=-23 snr=11 st=0 rx=0 deaf=1323
22:51:44.621 bridge CHAN,11,11649,1000,85,15,85,1,-220,-1090,-803
22:51:45.433 bridge FRAME #10 tx t=13351 peer=0xf1 type=3 schema=0 frag=0x01 seq=5 rssi=- snr=- st=0 rx=5 deaf=1390
22:51:45.637 bridge CHAN,12,12649,1000,75,23,75,0,-1070,-1080,-1072
22:51:46.444 bridge poll: f1 answered in 1908 ms (window 10000 ms)
22:51:46.444 bridge FRAME #11 rx t=14457 peer=0xf1 type=4 schema=254 frag=0x01 seq=27 rssi=-33 snr=11 st=0 rx=0 deaf=1582
22:51:46.647 bridge CHAN,13,13649,1001,97,2,97,1,-310,-1080,-663
22:51:47.050 bridge FRAME #12 tx t=14995 peer=0xf1 type=1 schema=0 frag=0x01 seq=1 rssi=- snr=- st=0 rx=5 deaf=1632
22:51:47.232 xiao   roll f1 <- 00 seq 1: ctx 0x61e83f7b -> 0xf2cdd9f6, ACCEPTED
22:51:47.460 bridge FRAME #13 rx t=15470 peer=0xf1 type=2 schema=0 frag=0x01 seq=1 rssi=-33 snr=12 st=0 rx=0 deaf=1865
22:51:47.663 bridge roll: f1 rolled to ctx 0xf2cdd9f6 after 1 attempt(s)
22:51:47.663 bridge CHAN,14,14650,1001,74,25,74,1,-320,-1090,-856
22:51:48.677 bridge CHAN,15,15651,1001,97,2,97,0,-1070,-1080,-1073
22:51:49.695 bridge CHAN,16,16652,1007,98,2,98,0,-1060,-1080,-1072
22:51:50.714 bridge FRAME #14 tx t=18520 peer=0xf2 type=1 schema=0 frag=0x01 seq=1 rssi=- snr=- st=0 rx=5 deaf=1932
22:51:50.715 bridge CHAN,17,17659,1007,85,15,85,0,-1060,-1080,-1071
22:51:50.769 heltec roll f2 <- 00 seq 1: ctx 0x56aec5d5 -> 0xa319a534, ACCEPTED
22:51:51.122 bridge FRAME #15 rx t=18995 peer=0xf2 type=2 schema=0 frag=0x01 seq=1 rssi=-23 snr=11 st=0 rx=0 deaf=2165
22:51:51.527 bridge roll: f2 rolled to ctx 0xa319a534 after 1 attempt(s)
22:51:51.732 bridge CHAN,18,18666,1000,90,10,90,1,-220,-1080,-871
22:51:52.060 ctl    ROLLS done for ['f0', 'f1', 'f2']
22:51:52.749 bridge CHAN,19,19666,1007,98,2,98,0,-1060,-1080,-1071
22:51:53.765 bridge CHAN,20,20673,1000,100,0,100,0,-1060,-1080,-1071
22:51:54.172 bridge FRAME #16 tx t=22054 peer=0xf2 type=3 schema=0 frag=0x01 seq=6 rssi=- snr=- st=0 rx=5 deaf=2207
22:51:54.577 bridge poll: f2 answered in 2003 ms (window 10000 ms)
22:51:54.578 bridge FRAME #17 rx t=22552 peer=0xf2 type=4 schema=240 frag=0x01 seq=2 rssi=-23 snr=11 st=0 rx=0 deaf=2399
22:51:54.783 bridge CHAN,21,21673,1001,79,21,79,1,-220,-1080,-781
22:51:55.598 bridge FRAME #18 tx t=23575 peer=0xf0 type=3 schema=0 frag=0x01 seq=7 rssi=- snr=- st=0 rx=5 deaf=2420
22:51:55.802 bridge CHAN,22,22674,1007,89,11,89,0,-1060,-1080,-1071
22:51:56.206 bridge poll: f0 answered in 524 ms (window 10000 ms)
22:51:56.206 bridge FRAME #19 rx t=24073 peer=0xf0 type=4 schema=240 frag=0x01 seq=3 rssi=-24 snr=11 st=0 rx=0 deaf=2612
22:51:56.814 bridge CHAN,23,23681,1000,88,12,88,1,-220,-1090,-813
22:51:57.626 bridge CHAN,24,24681,1001,97,2,97,0,-1060,-1080,-1073
22:51:58.844 bridge CHAN,25,25682,1001,97,2,97,0,-1070,-1080,-1074
22:51:59.860 bridge CHAN,26,26683,1001,97,2,97,0,-1060,-1080,-1073
22:52:00.065 bridge FRAME #20 tx t=27962 peer=0xf1 type=3 schema=0 frag=0x01 seq=8 rssi=- snr=- st=0 rx=5 deaf=2750
22:52:00.677 bridge poll: f1 answered in 4178 ms (window 10000 ms)
22:52:00.881 bridge FRAME #21 rx t=28727 peer=0xf1 type=4 schema=254 frag=0x01 seq=2 rssi=-32 snr=11 st=0 rx=0 deaf=2942
22:52:00.881 bridge CHAN,27,27684,1006,76,23,76,0,-310,-1080,-586
22:52:01.900 bridge CHAN,28,28690,1009,101,0,101,1,-310,-1080,-1040
22:52:02.923 bridge CHAN,29,29699,1007,98,2,98,0,-1070,-1080,-1073
22:52:03.332 bridge FRAME #22 tx t=31261 peer=0xf2 type=3 schema=0 frag=0x01 seq=9 rssi=- snr=- st=0 rx=5 deaf=2988
22:52:03.738 bridge poll: f2 answered in 1210 ms (window 10000 ms)
22:52:03.739 bridge FRAME #23 rx t=31759 peer=0xf2 type=4 schema=240 frag=0x01 seq=3 rssi=-23 snr=11 st=0 rx=0 deaf=3180
22:52:03.739 bridge CHAN,30,30706,1003,78,21,78,0,-220,-1080,-846
22:52:04.757 bridge CHAN,31,31709,1002,101,0,101,1,-220,-1080,-1021
22:52:05.775 bridge FRAME #24 tx t=33713 peer=0xf0 type=3 schema=0 frag=0x01 seq=10 rssi=- snr=- st=0 rx=5 deaf=3226
22:52:05.775 bridge CHAN,32,32711,1002,96,3,96,0,-1060,-1080,-1073
22:52:06.184 bridge poll: f0 answered in 662 ms (window 10000 ms)
22:52:06.389 bridge FRAME #25 rx t=34211 peer=0xf0 type=4 schema=240 frag=0x01 seq=4 rssi=-24 snr=11 st=0 rx=0 deaf=3418
22:52:06.795 bridge CHAN,33,33713,1007,78,22,78,1,-220,-1080,-778
22:52:07.402 bridge FRAME #26 tx t=35365 peer=0xf1 type=3 schema=0 frag=0x01 seq=11 rssi=- snr=- st=0 rx=5 deaf=3502
22:52:07.804 bridge CHAN,34,34720,1003,73,25,73,0,-320,-1080,-952
22:52:08.214 bridge poll: f1 answered in 1581 ms (window 10000 ms)
22:52:08.214 bridge FRAME #27 rx t=36130 peer=0xf1 type=4 schema=254 frag=0x01 seq=3 rssi=-33 snr=11 st=0 rx=0 deaf=3694
22:52:08.821 bridge CHAN,35,35723,1008,101,0,101,1,-310,-1080,-766
22:52:09.839 bridge CHAN,36,36731,1000,100,0,100,0,-1070,-1080,-1073
22:52:10.856 bridge CHAN,37,37731,1000,100,0,100,0,-1060,-1080,-1073
22:52:11.873 bridge CHAN,38,38731,1000,100,0,100,0,-1060,-1080,-1074
22:52:12.064 ctl    === FIX arm, three round trips
22:52:12.064 ctl    PUB lran/bridge/config/set {"set": {"freq_hz": 917000000}}
22:52:12.070 mqtt   lran/bridge/config/set {"set": {"freq_hz": 917000000}}
22:52:12.895 bridge CHAN,39,39731,1007,98,2,98,0,-1060,-1090,-1073
22:52:13.297 mqtt   lran/bridge/config/ack {"op":"set","persist":"persisted","results":{"freq_hz":{"status":"ok","value":917000000}}}
22:52:13.302 bridge FRAME #28 tx t=41143 peer=0xf2 type=3 schema=0 frag=0x01 seq=12 rssi=- snr=- st=0 rx=5 deaf=3740
22:52:13.711 bridge poll: f2 answered in 1093 ms (window 10000 ms)
22:52:13.711 bridge FRAME #29 rx t=41642 peer=0xf2 type=4 schema=240 frag=0x01 seq=4 rssi=-23 snr=11 st=0 rx=0 deaf=3932
22:52:13.915 bridge CHAN,40,40738,1005,79,21,79,1,-220,-1080,-784
22:52:14.936 bridge CHAN,41,41743,1000,100,0,100,0,-1060,-1080,-1072
22:52:15.944 bridge CHAN,42,42743,1006,98,2,98,0,-1070,-1090,-1074
22:52:16.760 bridge CHAN,43,43749,1007,98,2,98,0,-1070,-1080,-1074
22:52:17.573 bridge FRAME #30 tx t=45581 peer=0xf0 type=3 schema=0 frag=0x01 seq=13 rssi=- snr=- st=0 rx=5 deaf=3999
22:52:17.778 bridge CHAN,44,44756,1002,81,18,81,0,-1070,-1080,-1073
22:52:18.189 bridge poll: f0 answered in 2530 ms (window 10000 ms)
22:52:18.189 bridge FRAME #31 rx t=46079 peer=0xf0 type=4 schema=240 frag=0x01 seq=5 rssi=-24 snr=11 st=0 rx=0 deaf=4191
22:52:18.594 bridge FRAME #32 tx t=46576 peer=0xf1 type=3 schema=0 frag=0x01 seq=14 rssi=- snr=- st=0 rx=5 deaf=4216
22:52:18.800 bridge CHAN,45,45758,1005,78,22,78,1,-220,-1080,-780
22:52:19.816 bridge CHAN,46,46763,1001,98,2,98,0,-1070,-1080,-1073
22:52:20.831 bridge CHAN,47,47764,1000,100,0,100,0,-1060,-1090,-1073
22:52:21.439 bridge poll: f1 answered in 2803 ms (window 10000 ms)
22:52:21.439 bridge FRAME #33 rx t=49352 peer=0xf1 type=4 schema=254 frag=0x01 seq=4 rssi=-32 snr=11 st=0 rx=0 deaf=4408
22:52:21.847 bridge CHAN,48,48764,1009,101,0,101,1,-310,-1080,-680
22:52:22.864 bridge CHAN,49,49773,1006,98,2,98,0,-1060,-1080,-1074
22:52:23.878 bridge CHAN,50,50779,1004,95,4,95,0,-1070,-1080,-1074
22:52:24.895 bridge CHAN,51,51783,1007,98,2,98,0,-1070,-1080,-1074
22:52:25.097 bridge FRAME #34 tx t=53085 peer=0xf2 type=3 schema=0 frag=0x01 seq=15 rssi=- snr=- st=0 rx=5 deaf=4517
22:52:25.708 bridge poll: f2 answered in 3035 ms (window 10000 ms)
22:52:25.708 bridge FRAME #35 rx t=53584 peer=0xf2 type=4 schema=240 frag=0x01 seq=5 rssi=-24 snr=11 st=0 rx=0 deaf=4709
22:52:25.911 bridge CHAN,52,52790,1005,79,21,79,1,-230,-1080,-787
22:52:26.929 bridge CHAN,53,53795,1000,97,2,97,0,-1070,-1080,-1073
22:52:27.544 bridge FRAME #36 tx t=55366 peer=0xf0 type=3 schema=0 frag=0x01 seq=16 rssi=- snr=- st=0 rx=5 deaf=4756
22:52:27.744 bridge CHAN,54,54795,1009,79,21,79,0,-220,-1080,-861
22:52:27.949 bridge poll: f0 answered in 1316 ms (window 10000 ms)
22:52:27.949 bridge FRAME #37 rx t=55865 peer=0xf0 type=4 schema=240 frag=0x01 seq=6 rssi=-24 snr=11 st=0 rx=0 deaf=4948
22:52:28.560 bridge FRAME #38 tx t=56581 peer=0xf1 type=3 schema=0 frag=0x01 seq=17 rssi=- snr=- st=0 rx=5 deaf=4973
22:52:28.764 bridge CHAN,55,55804,1005,79,21,79,1,-220,-1080,-998
22:52:29.778 bridge CHAN,56,56809,1000,100,0,100,0,-1060,-1080,-1074
22:52:30.387 bridge poll: f1 answered in 1791 ms (window 10000 ms)
22:52:30.387 bridge FRAME #39 rx t=58340 peer=0xf1 type=4 schema=254 frag=0x01 seq=5 rssi=-32 snr=11 st=0 rx=0 deaf=5165
22:52:30.797 bridge CHAN,57,57809,1003,101,0,101,1,-310,-1080,-670
22:52:31.819 bridge CHAN,58,58812,1000,100,0,100,0,-1060,-1080,-1074
22:52:33.036 bridge CHAN,59,59812,1001,97,2,97,0,-1060,-1080,-1074
22:52:33.850 bridge CHAN,60,60813,1000,100,0,100,0,-1070,-1080,-1074
22:52:34.860 bridge CHAN,61,61813,1001,92,6,92,0,-1070,-1080,-1074
# ---- fix arm
22:53:24.447 mqtt   lran/bridge/availability online
22:53:24.447 mqtt   lran/bridge/version {"version":"0.1.0","git":"6a8b76d-dirty","slot":"app0","ota_state":"verified_or_usb"}
22:53:24.447 mqtt   lran/bridge/diag/state {"rx_crc_err":0,"rx_runt":0,"rx_oversize":0,"rx_bad_crc":0,"rx_bad_ver":0,"rx_not_addressed":0,"rx_unknown_hdr_ext":0,"rx_bad_frag":0,"rx_unknown_type":0,"rx_unknown_schema":0,"rx_bad_length":0,"rx_not_fragmentable":0,"rx_rejected_ctx":0,"rx_rejected_mac":0,"rx_unknown_src":0,"rx_reassembly_timeout":0,"rx_fragment_overflow":0,"rx_reassembly_abandoned":0,"rx_rejected_seq":0,"rx_frag_duplicate":0,"rx_frag_late":0,"rx_dup_command":0,"rx_dropped":0,"rx_frames":22,"ctx_rolls":3,"ctx_roll_failed":0}
22:53:24.447 mqtt   lran/bridge/diag/radio/state {"tx_frames":22,"cad_backoffs":37,"errors_suppressed":0,"cad_deferred":0,"cad_free":21,"rx_deaf_ms":5683,"cad_errors":0,"tx_forced":1,"tx_errors":0,"tx_timeouts":0,"tx_dropped_no_radio":0,"rx_driver_errors":0,"rx_no_interrupt":0,"rx_wake_empty":0,"begin_failures":0,"last_begin_status":0,"q_rx_dropped":0,"q_rx_high_water":1,"q_publish_dropped":0,"q_publish_high_water":10,"q_tx_dropped":0,"q_tx_high_water":1,"q_log_dropped":0,"q_log_high_water":0,"q_command_dropped":0,"q_command_high_water":0,"q_config_dropped":0,"q_config_high_water":0}
22:53:24.447 mqtt   lran/bridge/diag/cmd/state {"cmd_submitted":0,"cmd_refused_busy":0,"cmd_sent":0,"cmd_retries":0,"cmd_acked":0,"cmd_no_ack":0,"cmd_resyncs":0,"cmd_resync_failed":0,"cmd_ack_ignored":0,"cmd_refused_roll_pending":0,"roll_sent":3,"roll_retries":0,"roll_busy":0,"roll_by_rejected_ctx":0}
22:53:24.447 mqtt   lran/bridge/diag/publish/state {"status_frames":19,"documents":0,"unchanged":0,"heartbeats":0,"event_frames":0,"events":0,"event_repeats":0,"bench_withheld":19,"queue_refused":0,"undecodable":0}
22:53:24.447 mqtt   lran/bridge/config/state {"simnode_diag_enable":{"value":1,"source":"override"},"diag_interval_s":{"value":60,"source":"default"},"missed_poll_threshold":{"value":3,"source":"default"},"poll_reply_timeout_ms":{"value":10000,"source":"default"},"command_ack_timeout_ms":{"value":3000,"source":"default"},"cmd_retries":{"value":3,"source":"default"},"cad_retries":{"value":5,"source":"default"},"backoff_max_ms":{"value":1500,"source":"default"},"frag_reassembly_timeout_ms":{"value":5000,"source":"default"},"error_min_interval_ms":{"value":1000,"source":"default"},"config_readback_timeout_ms":{"value":15000,"source":"default"},"config_ack_timeout_ms":{"value":8000,"source":"default"},"republish_interval_s":{"value":900,"source":"override"},"bms_stale_s":{"value":600,"source":"default"},"cell_mv_deadband":{"value":5,"source":"default"},"freq_hz":{"value":917000000,"source":"override"},"spreading_factor":{"value":9,"source":"override"},"bandwidth_khz":{"value":125,"source":"override"},"coding_rate_denominator":{"value":5,"source":"override"},"tx_power_dbm":{"value":-4,"source":"override"},"phy_trial_s":{"value":120,"source":"override"}}
22:53:24.449 mqtt   lran/gatelink/diag/state {"rssi_dbm":null,"snr_db":null,"last_seen_s":null,"missed_polls":0,"proto_ver":null,"unsupported_ver":null}
22:53:24.449 mqtt   lran/gatelink/availability offline
22:53:24.449 mqtt   lran/gatelink/config/state {"poll_interval_s":{"value":60,"source":"default"},"deployed":{"value":0,"source":"default"},"dedup_cache_depth":{"value":null,"source":"default"},"frag_reassembly_timeout_ms":{"value":null,"source":"default"},"cad_retries":{"value":null,"source":"default"},"backoff_max_ms":{"value":null,"source":"default"},"freq_hz":{"value":null,"source":"default"},"spreading_factor":{"value":null,"source":"default"},"bandwidth_khz":{"value":null,"source":"default"},"coding_rate_denominator":{"value":null,"source":"default"},"tx_power_dbm":{"value":null,"source":"default"},"phy_trial_s":{"value":null,"source":"default"}}
22:53:24.449 mqtt   lran/gatelink/gate/state {"state":"closed","held_open":false,"hold_source":"none","movement_cause":"unknown","last_direction":"entry","in_open":false,"in_moving":false,"in_safety":false,"in_exit":false,"in_fire":false,"in_alarm":false,"input_bits":0,"synthetic":true}
22:53:24.449 mqtt   lran/gatelink/detect/state {"safety":false,"exit":false,"classifying":false,"vehicle_while_held":false,"suppressed":false,"last_traversal":"2026-09-24T13:04:39Z","traversal_persisted":true,"synthetic":true}
22:53:24.449 mqtt   lran/gatelink/solar/state {"available":false,"batt_mv":null,"batt_ma":null,"pv_mv":null,"pv_w":null,"load_ma":null,"yield_today_kwh":null,"yield_yesterday_kwh":null,"pmax_today_w":null,"yield_total_kwh":null,"charge_state":null,"error":null,"tracker":null,"load_on":null,"charge_inhibited":null,"temp_c":null,"hex_pending":false,"synthetic":true}
22:53:24.449 mqtt   lran/gatelink/battery/state {"available":false,"soc":null,"soc_source":null,"pack_mv":null,"pack_ma":null,"cell_count":null,"cell1_mv":null,"cell2_mv":null,"cell3_mv":null,"cell4_mv":null,"cell1_temp_c":null,"cell2_temp_c":null,"cell3_temp_c":null,"cell4_temp_c":null,"cycles":null,"capacity_ah":null,"alarms":null,"charge_fet":null,"discharge_fet":null,"charge_inhibited":null,"protection":null,"balancing":null,"ble_rssi_dbm":-70,"age_s":900,"synthetic":true}
22:53:24.449 mqtt   lran/gatelink/node/state {"uptime_s":3617,"boot_count":1,"node_mv":13200,"node_ma":45,"enclosure_temp_c":28.5,"config_persisted":true,"sd_ok":true,"dry_run":false,"bms_ble":true,"debug":false,"shutdown_latch":false,"reason":"debug_synthetic","synthetic":true}
22:53:24.449 mqtt   lran/welllink/diag/state {"rssi_dbm":null,"snr_db":null,"last_seen_s":null,"missed_polls":0,"proto_ver":null,"unsupported_ver":null}
22:53:24.449 mqtt   lran/welllink/availability offline
22:53:24.449 mqtt   lran/welllink/config/state {"poll_interval_s":{"value":60,"source":"default"},"deployed":{"value":0,"source":"default"},"dedup_cache_depth":{"value":null,"source":"default"},"frag_reassembly_timeout_ms":{"value":null,"source":"default"},"cad_retries":{"value":null,"source":"default"},"backoff_max_ms":{"value":null,"source":"default"},"freq_hz":{"value":null,"source":"default"},"spreading_factor":{"value":null,"source":"default"},"bandwidth_khz":{"value":null,"source":"default"},"coding_rate_denominator":{"value":null,"source":"default"},"tx_power_dbm":{"value":null,"source":"default"},"phy_trial_s":{"value":null,"source":"default"}}
22:53:24.450 mqtt   lran/simnode0/config/state {"poll_interval_s":{"value":10,"source":"override"},"deployed":{"value":1,"source":"override"},"dedup_cache_depth":{"value":null,"source":"default"},"frag_reassembly_timeout_ms":{"value":null,"source":"default"},"cad_retries":{"value":null,"source":"default"},"backoff_max_ms":{"value":null,"source":"default"},"freq_hz":{"value":null,"source":"default"},"spreading_factor":{"value":null,"source":"default"},"bandwidth_khz":{"value":null,"source":"default"},"coding_rate_denominator":{"value":null,"source":"default"},"tx_power_dbm":{"value":null,"source":"default"},"phy_trial_s":{"value":null,"source":"default"}}
22:53:24.450 mqtt   lran/simnode0/diag/state {"rssi_dbm":-23,"snr_db":11,"last_seen_s":0,"missed_polls":0,"proto_ver":2,"unsupported_ver":null}
22:53:24.450 mqtt   lran/simnode0/availability online
22:53:24.450 mqtt   lran/simnode1/config/state {"poll_interval_s":{"value":10,"source":"override"},"deployed":{"value":1,"source":"override"},"dedup_cache_depth":{"value":null,"source":"default"},"frag_reassembly_timeout_ms":{"value":null,"source":"default"},"cad_retries":{"value":null,"source":"default"},"backoff_max_ms":{"value":null,"source":"default"},"freq_hz":{"value":null,"source":"default"},"spreading_factor":{"value":null,"source":"default"},"bandwidth_khz":{"value":null,"source":"default"},"coding_rate_denominator":{"value":null,"source":"default"},"tx_power_dbm":{"value":null,"source":"default"},"phy_trial_s":{"value":null,"source":"default"}}
22:53:24.450 mqtt   lran/simnode1/availability online
22:53:24.450 mqtt   lran/simnode1/diag/state {"rssi_dbm":-32,"snr_db":11,"last_seen_s":7,"missed_polls":0,"proto_ver":2,"unsupported_ver":null}
22:53:24.450 mqtt   lran/simnode2/config/state {"poll_interval_s":{"value":10,"source":"override"},"deployed":{"value":1,"source":"override"},"dedup_cache_depth":{"value":null,"source":"default"},"frag_reassembly_timeout_ms":{"value":null,"source":"default"},"cad_retries":{"value":null,"source":"default"},"backoff_max_ms":{"value":null,"source":"default"},"freq_hz":{"value":null,"source":"default"},"spreading_factor":{"value":null,"source":"default"},"bandwidth_khz":{"value":null,"source":"default"},"coding_rate_denominator":{"value":null,"source":"default"},"tx_power_dbm":{"value":null,"source":"default"},"phy_trial_s":{"value":null,"source":"default"}}
22:53:24.450 mqtt   lran/simnode2/diag/state {"rssi_dbm":-24,"snr_db":11,"last_seen_s":1,"missed_polls":0,"proto_ver":2,"unsupported_ver":null}
22:53:24.450 mqtt   lran/simnode2/availability online
22:53:24.452 mqtt   lran/simnode3/config/state {"poll_interval_s":{"value":60,"source":"default"},"deployed":{"value":0,"source":"default"},"dedup_cache_depth":{"value":null,"source":"default"},"frag_reassembly_timeout_ms":{"value":null,"source":"default"},"cad_retries":{"value":null,"source":"default"},"backoff_max_ms":{"value":null,"source":"default"},"freq_hz":{"value":null,"source":"default"},"spreading_factor":{"value":null,"source":"default"},"bandwidth_khz":{"value":null,"source":"default"},"coding_rate_denominator":{"value":null,"source":"default"},"tx_power_dbm":{"value":null,"source":"default"},"phy_trial_s":{"value":null,"source":"default"}}
22:53:24.572 ctl    === flashing the fix from a clean tree
22:53:24.700 bridge ESP-ROM:esp32s3-20210327
22:53:24.700 bridge Build:Mar 27 2021
22:53:24.700 bridge rst:0x1 (POWERON),boot:0x9 (SPI_FAST_FLASH_BOOT)
22:53:24.700 bridge SPIWP:0xee
22:53:24.700 bridge mode:DIO, clock div:1
22:53:24.700 bridge load:0x3fce3808,len:0x4bc
22:53:24.700 bridge load:0x403c9700,len:0xbd8
22:53:24.700 bridge load:0x403cc700,len:0x2a0c
22:53:24.700 bridge entry 0x403c98d0
22:53:24.774 heltec ESP-ROM:esp32s3-20210327
22:53:24.774 xiao   ESP-ROM:esp32s3-20210327
22:53:24.774 xiao   Build:Mar 27 2021
22:53:24.774 xiao   rst:0x15 (USB_UART_CHIP_RESET),boot:0x28 (SPI_FAST_FLASH_BOOT)
22:53:24.774 xiao   Saved PC:0x42035b9e
22:53:24.775 xiao   SPIWP:0xee
22:53:24.775 xiao   mode:DIO, clock div:1
22:53:24.775 xiao   load:0x3fce3808,len:0x4bc
22:53:24.774 heltec Build:Mar 27 2021
22:53:24.775 heltec rst:0x1 (POWERON),boot:0x29 (SPI_FAST_FLASH_BOOT)
22:53:24.775 heltec SPIWP:0xee
22:53:24.775 heltec mode:DIO, clock div:1
22:53:24.775 heltec load:0x3fce3808,len:0x4bc
22:53:24.775 heltec load:0x403c9700,len:0xbd8
22:53:24.775 heltec load:0x403cc700,len:0x2a0c
22:53:24.775 heltec entry 0x403c98d0
22:53:24.775 xiao   load:0x403c9700,len:0xbd8
22:53:24.775 xiao   load:0x403cc700,len:0x2a0c
22:53:24.775 xiao   entry 0x403c98d0
22:53:25.767 mqtt   lran/bridge/availability offline
22:53:25.774 mqtt   lran/bridge/availability online
22:53:25.819 mqtt   lran/bridge/version {"version":"0.1.0","git":"6a8b76d-dirty","slot":"app0","ota_state":"verified_or_usb"}
22:53:25.862 mqtt   lran/bridge/diag/state {"rx_crc_err":0,"rx_runt":0,"rx_oversize":0,"rx_bad_crc":0,"rx_bad_ver":0,"rx_not_addressed":0,"rx_unknown_hdr_ext":0,"rx_bad_frag":0,"rx_unknown_type":0,"rx_unknown_schema":0,"rx_bad_length":0,"rx_not_fragmentable":0,"rx_rejected_ctx":0,"rx_rejected_mac":0,"rx_unknown_src":0,"rx_reassembly_timeout":0,"rx_fragment_overflow":0,"rx_reassembly_abandoned":0,"rx_rejected_seq":0,"rx_frag_duplicate":0,"rx_frag_late":0,"rx_dup_command":0,"rx_dropped":0,"rx_frames":0,"ctx_rolls":0,"ctx_roll_failed":0}
22:53:25.867 mqtt   lran/bridge/diag/radio/state {"tx_frames":0,"cad_backoffs":0,"errors_suppressed":0,"cad_deferred":0,"cad_free":0,"rx_deaf_ms":0,"cad_errors":0,"tx_forced":0,"tx_errors":0,"tx_timeouts":0,"tx_dropped_no_radio":0,"rx_driver_errors":0,"rx_no_interrupt":0,"rx_wake_empty":0,"begin_failures":0,"last_begin_status":0,"q_rx_dropped":0,"q_rx_high_water":0,"q_publish_dropped":0,"q_publish_high_water":0,"q_tx_dropped":0,"q_tx_high_water":1,"q_log_dropped":0,"q_log_high_water":0,"q_command_dropped":0,"q_command_high_water":0,"q_config_dropped":0,"q_config_high_water":0}
22:53:25.867 mqtt   lran/bridge/diag/cmd/state {"cmd_submitted":0,"cmd_refused_busy":0,"cmd_sent":0,"cmd_retries":0,"cmd_acked":0,"cmd_no_ack":0,"cmd_resyncs":0,"cmd_resync_failed":0,"cmd_ack_ignored":0,"cmd_refused_roll_pending":0,"roll_sent":0,"roll_retries":0,"roll_busy":0,"roll_by_rejected_ctx":0}
22:53:25.867 mqtt   lran/bridge/diag/publish/state {"status_frames":0,"documents":0,"unchanged":0,"heartbeats":0,"event_frames":0,"events":0,"event_repeats":0,"bench_withheld":0,"queue_refused":0,"undecodable":0}
22:53:25.871 mqtt   lran/simnode0/diag/state {"rssi_dbm":null,"snr_db":null,"last_seen_s":null,"missed_polls":0,"proto_ver":null,"unsupported_ver":null}
22:53:25.872 mqtt   lran/simnode1/diag/state {"rssi_dbm":null,"snr_db":null,"last_seen_s":null,"missed_polls":0,"proto_ver":null,"unsupported_ver":null}
22:53:25.872 mqtt   lran/simnode2/diag/state {"rssi_dbm":null,"snr_db":null,"last_seen_s":null,"missed_polls":0,"proto_ver":null,"unsupported_ver":null}
22:53:25.880 mqtt   lran/bridge/config/state {"simnode_diag_enable":{"value":1,"source":"override"},"diag_interval_s":{"value":60,"source":"default"},"missed_poll_threshold":{"value":3,"source":"default"},"poll_reply_timeout_ms":{"value":10000,"source":"default"},"command_ack_timeout_ms":{"value":3000,"source":"default"},"cmd_retries":{"value":3,"source":"default"},"cad_retries":{"value":5,"source":"default"},"backoff_max_ms":{"value":1500,"source":"default"},"frag_reassembly_timeout_ms":{"value":5000,"source":"default"},"error_min_interval_ms":{"value":1000,"source":"default"},"config_readback_timeout_ms":{"value":15000,"source":"default"},"config_ack_timeout_ms":{"value":8000,"source":"default"},"republish_interval_s":{"value":900,"source":"override"},"bms_stale_s":{"value":600,"source":"default"},"cell_mv_deadband":{"value":5,"source":"default"},"freq_hz":{"value":917000000,"source":"override"},"spreading_factor":{"value":9,"source":"override"},"bandwidth_khz":{"value":125,"source":"override"},"coding_rate_denominator":{"value":5,"source":"override"},"tx_power_dbm":{"value":-4,"source":"override"},"phy_trial_s":{"value":120,"source":"override"}}
22:53:25.924 mqtt   lran/gatelink/config/state {"poll_interval_s":{"value":60,"source":"default"},"deployed":{"value":0,"source":"default"},"dedup_cache_depth":{"value":null,"source":"default"},"frag_reassembly_timeout_ms":{"value":null,"source":"default"},"cad_retries":{"value":null,"source":"default"},"backoff_max_ms":{"value":null,"source":"default"},"freq_hz":{"value":null,"source":"default"},"spreading_factor":{"value":null,"source":"default"},"bandwidth_khz":{"value":null,"source":"default"},"coding_rate_denominator":{"value":null,"source":"default"},"tx_power_dbm":{"value":null,"source":"default"},"phy_trial_s":{"value":null,"source":"default"}}
22:53:25.975 mqtt   lran/welllink/config/state {"poll_interval_s":{"value":60,"source":"default"},"deployed":{"value":0,"source":"default"},"dedup_cache_depth":{"value":null,"source":"default"},"frag_reassembly_timeout_ms":{"value":null,"source":"default"},"cad_retries":{"value":null,"source":"default"},"backoff_max_ms":{"value":null,"source":"default"},"freq_hz":{"value":null,"source":"default"},"spreading_factor":{"value":null,"source":"default"},"bandwidth_khz":{"value":null,"source":"default"},"coding_rate_denominator":{"value":null,"source":"default"},"tx_power_dbm":{"value":null,"source":"default"},"phy_trial_s":{"value":null,"source":"default"}}
22:53:25.980 mqtt   lran/simnode0/config/state {"poll_interval_s":{"value":10,"source":"override"},"deployed":{"value":1,"source":"override"},"dedup_cache_depth":{"value":null,"source":"default"},"frag_reassembly_timeout_ms":{"value":null,"source":"default"},"cad_retries":{"value":null,"source":"default"},"backoff_max_ms":{"value":null,"source":"default"},"freq_hz":{"value":null,"source":"default"},"spreading_factor":{"value":null,"source":"default"},"bandwidth_khz":{"value":null,"source":"default"},"coding_rate_denominator":{"value":null,"source":"default"},"tx_power_dbm":{"value":null,"source":"default"},"phy_trial_s":{"value":null,"source":"default"}}
22:53:26.063 mqtt   lran/bridge/diag/state {"rx_crc_err":0,"rx_runt":0,"rx_oversize":0,"rx_bad_crc":0,"rx_bad_ver":0,"rx_not_addressed":0,"rx_unknown_hdr_ext":0,"rx_bad_frag":0,"rx_unknown_type":0,"rx_unknown_schema":0,"rx_bad_length":0,"rx_not_fragmentable":0,"rx_rejected_ctx":0,"rx_rejected_mac":0,"rx_unknown_src":0,"rx_reassembly_timeout":0,"rx_fragment_overflow":0,"rx_reassembly_abandoned":0,"rx_rejected_seq":0,"rx_frag_duplicate":0,"rx_frag_late":0,"rx_dup_command":0,"rx_dropped":0,"rx_frames":0,"ctx_rolls":0,"ctx_roll_failed":0}
22:53:26.067 mqtt   lran/bridge/diag/radio/state {"tx_frames":1,"cad_backoffs":0,"errors_suppressed":0,"cad_deferred":0,"cad_free":1,"rx_deaf_ms":217,"cad_errors":0,"tx_forced":0,"tx_errors":0,"tx_timeouts":0,"tx_dropped_no_radio":0,"rx_driver_errors":0,"rx_no_interrupt":0,"rx_wake_empty":0,"begin_failures":0,"last_begin_status":0,"q_rx_dropped":0,"q_rx_high_water":0,"q_publish_dropped":0,"q_publish_high_water":8,"q_tx_dropped":0,"q_tx_high_water":1,"q_log_dropped":0,"q_log_high_water":0,"q_command_dropped":0,"q_command_high_water":0,"q_config_dropped":0,"q_config_high_water":0}
22:53:26.067 mqtt   lran/bridge/diag/cmd/state {"cmd_submitted":0,"cmd_refused_busy":0,"cmd_sent":0,"cmd_retries":0,"cmd_acked":0,"cmd_no_ack":0,"cmd_resyncs":0,"cmd_resync_failed":0,"cmd_ack_ignored":0,"cmd_refused_roll_pending":0,"roll_sent":0,"roll_retries":0,"roll_busy":0,"roll_by_rejected_ctx":0}
22:53:26.067 mqtt   lran/bridge/diag/publish/state {"status_frames":0,"documents":0,"unchanged":0,"heartbeats":0,"event_frames":0,"events":0,"event_repeats":0,"bench_withheld":0,"queue_refused":0,"undecodable":0}
22:53:26.067 mqtt   lran/simnode0/diag/state {"rssi_dbm":null,"snr_db":null,"last_seen_s":null,"missed_polls":0,"proto_ver":null,"unsupported_ver":null}
22:53:26.067 mqtt   lran/simnode1/diag/state {"rssi_dbm":null,"snr_db":null,"last_seen_s":null,"missed_polls":0,"proto_ver":null,"unsupported_ver":null}
22:53:26.072 mqtt   lran/simnode2/diag/state {"rssi_dbm":null,"snr_db":null,"last_seen_s":null,"missed_polls":0,"proto_ver":null,"unsupported_ver":null}
22:53:26.084 mqtt   lran/simnode1/config/state {"poll_interval_s":{"value":10,"source":"override"},"deployed":{"value":1,"source":"override"},"dedup_cache_depth":{"value":null,"source":"default"},"frag_reassembly_timeout_ms":{"value":null,"source":"default"},"cad_retries":{"value":null,"source":"default"},"backoff_max_ms":{"value":null,"source":"default"},"freq_hz":{"value":null,"source":"default"},"spreading_factor":{"value":null,"source":"default"},"bandwidth_khz":{"value":null,"source":"default"},"coding_rate_denominator":{"value":null,"source":"default"},"tx_power_dbm":{"value":null,"source":"default"},"phy_trial_s":{"value":null,"source":"default"}}
22:53:26.088 mqtt   lran/simnode2/config/state {"poll_interval_s":{"value":10,"source":"override"},"deployed":{"value":1,"source":"override"},"dedup_cache_depth":{"value":null,"source":"default"},"frag_reassembly_timeout_ms":{"value":null,"source":"default"},"cad_retries":{"value":null,"source":"default"},"backoff_max_ms":{"value":null,"source":"default"},"freq_hz":{"value":null,"source":"default"},"spreading_factor":{"value":null,"source":"default"},"bandwidth_khz":{"value":null,"source":"default"},"coding_rate_denominator":{"value":null,"source":"default"},"tx_power_dbm":{"value":null,"source":"default"},"phy_trial_s":{"value":null,"source":"default"}}
22:53:26.171 mqtt   lran/simnode3/config/state {"poll_interval_s":{"value":60,"source":"default"},"deployed":{"value":0,"source":"default"},"dedup_cache_depth":{"value":null,"source":"default"},"frag_reassembly_timeout_ms":{"value":null,"source":"default"},"cad_retries":{"value":null,"source":"default"},"backoff_max_ms":{"value":null,"source":"default"},"freq_hz":{"value":null,"source":"default"},"spreading_factor":{"value":null,"source":"default"},"bandwidth_khz":{"value":null,"source":"default"},"coding_rate_denominator":{"value":null,"source":"default"},"tx_power_dbm":{"value":null,"source":"default"},"phy_trial_s":{"value":null,"source":"default"}}
22:53:26.194 xiao   LRAN simnode - bench nodes 0xF0-0xF3
22:53:26.194 xiao   Binding spec: LRAN-Protocol-Specification v0.14 (ver = 2)
22:53:26.194 xiao   Board: xiao_esp32s3+wio_sx1262_kit
22:53:26.194 xiao   id f1 ROLE_GATELINK ctx 0x46abf752
22:53:26.194 xiao   [  1620][W][Wire.cpp:301] begin(): Bus already started in Master Mode.
22:53:26.199 heltec LRAN simnode - bench nodes 0xF0-0xF3
22:53:26.199 heltec Binding spec: LRAN-Protocol-Specification v0.14 (ver = 2)
22:53:26.199 heltec Board: heltec_wifi_lora_32_V3
22:53:26.199 heltec id f0 ROLE_RANGE ctx 0x241d8e16
22:53:26.399 xiao   OLED: up
22:53:26.399 xiao   radio: up - 917000000 Hz, SF9, BW 125.0 kHz, CR 4/5, -4 dBm conducted, 3.0 dBi antenna
22:53:26.399 xiao   B0: identities, console, faults, OLED; all four roles. Type 'help'.
22:53:26.401 heltec id f2 ROLE_HEALTH ctx 0x9085cb74
22:53:26.401 heltec [  1793][W][Wire.cpp:301] begin(): Bus already started in Master Mode.
22:53:26.401 heltec OLED: up
22:53:26.606 heltec radio: up - 917000000 Hz, SF9, BW 125.0 kHz, CR 4/5, -4 dBm conducted, 3.0 dBi antenna
22:53:26.606 heltec B0: identities, console, faults, OLED; all four roles. Type 'help'.
22:53:47.240 ctl    upload exit 0
22:53:47.512 bridge ESP-ROM:esp32s3-20210327
22:53:47.512 bridge Build:Mar 27 2021
22:53:47.512 bridge rst:0x1 (POWERON),boot:0x9 (SPI_FAST_FLASH_BOOT)
22:53:47.512 bridge SPIWP:0xee
22:53:47.512 bridge mode:DIO, clock div:1
22:53:47.512 bridge load:0x3fce3808,len:0x4bc
22:53:47.512 bridge load:0x403c9700,len:0xbd8
22:53:47.512 bridge load:0x403cc700,len:0x2a0c
22:53:47.512 bridge entry 0x403c98d0
22:53:47.920 bridge LRAN Bridge Node - node 0x00
22:53:47.921 bridge Binding spec: LRAN-Protocol-Specification v0.14 (ver = 2)
22:53:47.921 bridge PHY: 917.4 MHz, SF9, BW 125 kHz, CR 4/5, -4 dBm conducted, 3.0 dBi
22:53:47.921 bridge Version: 0.1.0 (30c295f)
22:53:47.921 bridge Slot: app0
22:53:47.921 bridge Image state: not_pending
22:53:47.921 bridge CHAN-BOOT,30c295f,917400000,9,1250,1000,-1100,10
22:53:48.123 bridge WiFi SSID: McLeeNet
22:53:48.123 bridge MQTT broker: 192.168.2.52:1883
22:53:48.123 bridge Registry: 0x01 0x02 0xF0(bench) 0xF1(bench) 0xF2(bench) 0xF3(bench)
22:53:48.123 bridge Config: 14 stored value(s) restored
22:53:48.123 bridge levers: gen 2 - diag 60 s, poll reply 10000 ms, missed 3, cmd ack 3000 ms x3, config ack 8000 ms, readba[   553][W][WiFiGeneric.cpp:1062] _eventCallback(): Reason: 202 - AUTH_FAIL
22:53:48.123 bridge [   577][W][WiFiGeneric.cpp:1062] _eventCallback(): Reason: 202 - AUTH_FAIL
22:53:48.123 bridge ck 15000 ms, simnode diag on
22:53:48.123 bridge Tasks started: 7
22:53:48.123 bridge BF-15: WiFi, MQTT, OTA, the radio link and the registry. No discovery yet.
22:53:48.123 bridge LoRa: radio up - 917000000 Hz, SF9, BW 125.0 kHz, CR 4/5, -4 dBm conducted, 3.0 dBi antenna
22:53:48.123 bridge LoRa: stack high-water 6428 bytes free
22:53:48.123 bridge FRAME #0 tx t=631 peer=0xf0 type=3 schema=0 frag=0x01 seq=1 rssi=- snr=- st=0 rx=5 deaf=25
22:53:48.328 bridge [   723][I][esp32-hal-i2c.c:75] i2cInit(): Initialising I2C Master: sda=17 scl=18 freq=100000
22:53:48.328 bridge [   732][W][Wire.cpp:301] begin(): Bus already started in Master Mode.
22:53:48.736 bridge poll: f0 answered in 546 ms (window 10000 ms)
22:53:48.737 bridge FRAME #1 rx t=1130 peer=0xf0 type=4 schema=240 frag=0x01 seq=1 rssi=-23 snr=12 st=0 rx=0 deaf=217
22:53:48.737 bridge [  1266][I][ArduinoOTA.cpp:141] begin(): OTA server at: lran-bridge.local:3232
22:53:48.737 bridge OTA: listening as lran-bridge
22:53:48.836 mqtt   lran/bridge/availability offline
22:53:48.855 mqtt   lran/bridge/availability online
22:53:48.865 mqtt   lran/bridge/version {"version":"0.1.0","git":"30c295f","slot":"app0","ota_state":"verified_or_usb"}
22:53:48.867 mqtt   lran/bridge/diag/state {"rx_crc_err":0,"rx_runt":0,"rx_oversize":0,"rx_bad_crc":0,"rx_bad_ver":0,"rx_not_addressed":0,"rx_unknown_hdr_ext":0,"rx_bad_frag":0,"rx_unknown_type":0,"rx_unknown_schema":0,"rx_bad_length":0,"rx_not_fragmentable":0,"rx_rejected_ctx":0,"rx_rejected_mac":0,"rx_unknown_src":0,"rx_reassembly_timeout":0,"rx_fragment_overflow":0,"rx_reassembly_abandoned":0,"rx_rejected_seq":0,"rx_frag_duplicate":0,"rx_frag_late":0,"rx_dup_command":0,"rx_dropped":0,"rx_frames":0,"ctx_rolls":0,"ctx_roll_failed":0}
22:53:48.867 mqtt   lran/bridge/diag/radio/state {"tx_frames":0,"cad_backoffs":0,"errors_suppressed":0,"cad_deferred":0,"cad_free":0,"rx_deaf_ms":0,"cad_errors":0,"tx_forced":0,"tx_errors":0,"tx_timeouts":0,"tx_dropped_no_radio":0,"rx_driver_errors":0,"rx_no_interrupt":0,"rx_wake_empty":0,"begin_failures":0,"last_begin_status":0,"q_rx_dropped":0,"q_rx_high_water":0,"q_publish_dropped":0,"q_publish_high_water":0,"q_tx_dropped":0,"q_tx_high_water":1,"q_log_dropped":0,"q_log_high_water":0,"q_command_dropped":0,"q_command_high_water":0,"q_config_dropped":0,"q_config_high_water":0}
22:53:48.867 mqtt   lran/bridge/diag/cmd/state {"cmd_submitted":0,"cmd_refused_busy":0,"cmd_sent":0,"cmd_retries":0,"cmd_acked":0,"cmd_no_ack":0,"cmd_resyncs":0,"cmd_resync_failed":0,"cmd_ack_ignored":0,"cmd_refused_roll_pending":0,"roll_sent":0,"roll_retries":0,"roll_busy":0,"roll_by_rejected_ctx":0}
22:53:48.869 mqtt   lran/bridge/diag/publish/state {"status_frames":0,"documents":0,"unchanged":0,"heartbeats":0,"event_frames":0,"events":0,"event_repeats":0,"bench_withheld":0,"queue_refused":0,"undecodable":0}
22:53:48.869 mqtt   lran/simnode0/diag/state {"rssi_dbm":null,"snr_db":null,"last_seen_s":null,"missed_polls":0,"proto_ver":null,"unsupported_ver":null}
22:53:48.869 mqtt   lran/simnode1/diag/state {"rssi_dbm":null,"snr_db":null,"last_seen_s":null,"missed_polls":0,"proto_ver":null,"unsupported_ver":null}
22:53:48.869 mqtt   lran/simnode2/diag/state {"rssi_dbm":null,"snr_db":null,"last_seen_s":null,"missed_polls":0,"proto_ver":null,"unsupported_ver":null}
22:53:48.877 mqtt   lran/bridge/config/state {"simnode_diag_enable":{"value":1,"source":"override"},"diag_interval_s":{"value":60,"source":"default"},"missed_poll_threshold":{"value":3,"source":"default"},"poll_reply_timeout_ms":{"value":10000,"source":"default"},"command_ack_timeout_ms":{"value":3000,"source":"default"},"cmd_retries":{"value":3,"source":"default"},"cad_retries":{"value":5,"source":"default"},"backoff_max_ms":{"value":1500,"source":"default"},"frag_reassembly_timeout_ms":{"value":5000,"source":"default"},"error_min_interval_ms":{"value":1000,"source":"default"},"config_readback_timeout_ms":{"value":15000,"source":"default"},"config_ack_timeout_ms":{"value":8000,"source":"default"},"republish_interval_s":{"value":900,"source":"override"},"bms_stale_s":{"value":600,"source":"default"},"cell_mv_deadband":{"value":5,"source":"default"},"freq_hz":{"value":917000000,"source":"override"},"spreading_factor":{"value":9,"source":"override"},"bandwidth_khz":{"value":125,"source":"override"},"coding_rate_denominator":{"value":5,"source":"override"},"tx_power_dbm":{"value":-4,"source":"override"},"phy_trial_s":{"value":120,"source":"override"}}
22:53:48.882 mqtt   lran/gatelink/config/state {"poll_interval_s":{"value":60,"source":"default"},"deployed":{"value":0,"source":"default"},"dedup_cache_depth":{"value":null,"source":"default"},"frag_reassembly_timeout_ms":{"value":null,"source":"default"},"cad_retries":{"value":null,"source":"default"},"backoff_max_ms":{"value":null,"source":"default"},"freq_hz":{"value":null,"source":"default"},"spreading_factor":{"value":null,"source":"default"},"bandwidth_khz":{"value":null,"source":"default"},"coding_rate_denominator":{"value":null,"source":"default"},"tx_power_dbm":{"value":null,"source":"default"},"phy_trial_s":{"value":null,"source":"default"}}
22:53:48.894 mqtt   lran/welllink/config/state {"poll_interval_s":{"value":60,"source":"default"},"deployed":{"value":0,"source":"default"},"dedup_cache_depth":{"value":null,"source":"default"},"frag_reassembly_timeout_ms":{"value":null,"source":"default"},"cad_retries":{"value":null,"source":"default"},"backoff_max_ms":{"value":null,"source":"default"},"freq_hz":{"value":null,"source":"default"},"spreading_factor":{"value":null,"source":"default"},"bandwidth_khz":{"value":null,"source":"default"},"coding_rate_denominator":{"value":null,"source":"default"},"tx_power_dbm":{"value":null,"source":"default"},"phy_trial_s":{"value":null,"source":"default"}}
22:53:48.899 mqtt   lran/simnode0/config/state {"poll_interval_s":{"value":10,"source":"override"},"deployed":{"value":1,"source":"override"},"dedup_cache_depth":{"value":null,"source":"default"},"frag_reassembly_timeout_ms":{"value":null,"source":"default"},"cad_retries":{"value":null,"source":"default"},"backoff_max_ms":{"value":null,"source":"default"},"freq_hz":{"value":null,"source":"default"},"spreading_factor":{"value":null,"source":"default"},"bandwidth_khz":{"value":null,"source":"default"},"coding_rate_denominator":{"value":null,"source":"default"},"tx_power_dbm":{"value":null,"source":"default"},"phy_trial_s":{"value":null,"source":"default"}}
22:53:48.976 mqtt   lran/simnode0/availability online
22:53:48.980 mqtt   lran/bridge/diag/state {"rx_crc_err":0,"rx_runt":0,"rx_oversize":0,"rx_bad_crc":0,"rx_bad_ver":0,"rx_not_addressed":0,"rx_unknown_hdr_ext":0,"rx_bad_frag":0,"rx_unknown_type":0,"rx_unknown_schema":0,"rx_bad_length":0,"rx_not_fragmentable":0,"rx_rejected_ctx":0,"rx_rejected_mac":0,"rx_unknown_src":0,"rx_reassembly_timeout":0,"rx_fragment_overflow":0,"rx_reassembly_abandoned":0,"rx_rejected_seq":0,"rx_frag_duplicate":0,"rx_frag_late":0,"rx_dup_command":0,"rx_dropped":0,"rx_frames":0,"ctx_rolls":0,"ctx_roll_failed":0}
22:53:49.001 mqtt   lran/simnode1/config/state {"poll_interval_s":{"value":10,"source":"override"},"deployed":{"value":1,"source":"override"},"dedup_cache_depth":{"value":null,"source":"default"},"frag_reassembly_timeout_ms":{"value":null,"source":"default"},"cad_retries":{"value":null,"source":"default"},"backoff_max_ms":{"value":null,"source":"default"},"freq_hz":{"value":null,"source":"default"},"spreading_factor":{"value":null,"source":"default"},"bandwidth_khz":{"value":null,"source":"default"},"coding_rate_denominator":{"value":null,"source":"default"},"tx_power_dbm":{"value":null,"source":"default"},"phy_trial_s":{"value":null,"source":"default"}}
22:53:49.004 mqtt   lran/simnode2/config/state {"poll_interval_s":{"value":10,"source":"override"},"deployed":{"value":1,"source":"override"},"dedup_cache_depth":{"value":null,"source":"default"},"frag_reassembly_timeout_ms":{"value":null,"source":"default"},"cad_retries":{"value":null,"source":"default"},"backoff_max_ms":{"value":null,"source":"default"},"freq_hz":{"value":null,"source":"default"},"spreading_factor":{"value":null,"source":"default"},"bandwidth_khz":{"value":null,"source":"default"},"coding_rate_denominator":{"value":null,"source":"default"},"tx_power_dbm":{"value":null,"source":"default"},"phy_trial_s":{"value":null,"source":"default"}}
22:53:49.076 mqtt   lran/bridge/diag/radio/state {"tx_frames":1,"cad_backoffs":0,"errors_suppressed":0,"cad_deferred":0,"cad_free":1,"rx_deaf_ms":217,"cad_errors":0,"tx_forced":0,"tx_errors":0,"tx_timeouts":0,"tx_dropped_no_radio":0,"rx_driver_errors":0,"rx_no_interrupt":0,"rx_wake_empty":0,"begin_failures":0,"last_begin_status":0,"q_rx_dropped":0,"q_rx_high_water":1,"q_publish_dropped":0,"q_publish_high_water":9,"q_tx_dropped":0,"q_tx_high_water":1,"q_log_dropped":0,"q_log_high_water":0,"q_command_dropped":0,"q_command_high_water":0,"q_config_dropped":0,"q_config_high_water":0}
22:53:49.080 mqtt   lran/bridge/diag/cmd/state {"cmd_submitted":0,"cmd_refused_busy":0,"cmd_sent":0,"cmd_retries":0,"cmd_acked":0,"cmd_no_ack":0,"cmd_resyncs":0,"cmd_resync_failed":0,"cmd_ack_ignored":0,"cmd_refused_roll_pending":0,"roll_sent":0,"roll_retries":0,"roll_busy":0,"roll_by_rejected_ctx":0}
22:53:49.080 mqtt   lran/bridge/diag/publish/state {"status_frames":1,"documents":0,"unchanged":0,"heartbeats":0,"event_frames":0,"events":0,"event_repeats":0,"bench_withheld":1,"queue_refused":0,"undecodable":0}
22:53:49.080 mqtt   lran/simnode0/diag/state {"rssi_dbm":-23,"snr_db":12,"last_seen_s":0,"missed_polls":0,"proto_ver":2,"unsupported_ver":null}
22:53:49.083 mqtt   lran/simnode1/diag/state {"rssi_dbm":null,"snr_db":null,"last_seen_s":null,"missed_polls":0,"proto_ver":null,"unsupported_ver":null}
22:53:49.083 mqtt   lran/simnode2/diag/state {"rssi_dbm":null,"snr_db":null,"last_seen_s":null,"missed_polls":0,"proto_ver":null,"unsupported_ver":null}
22:53:49.104 mqtt   lran/simnode3/config/state {"poll_interval_s":{"value":60,"source":"default"},"deployed":{"value":0,"source":"default"},"dedup_cache_depth":{"value":null,"source":"default"},"frag_reassembly_timeout_ms":{"value":null,"source":"default"},"cad_retries":{"value":null,"source":"default"},"backoff_max_ms":{"value":null,"source":"default"},"freq_hz":{"value":null,"source":"default"},"spreading_factor":{"value":null,"source":"default"},"bandwidth_khz":{"value":null,"source":"default"},"coding_rate_denominator":{"value":null,"source":"default"},"tx_power_dbm":{"value":null,"source":"default"},"phy_trial_s":{"value":null,"source":"default"}}
22:53:49.147 bridge availability: simnode0 online (missed_polls 0, threshold 3)
22:53:49.147 bridge CHAN,0,606,1006,74,24,74,1,-220,-1090,-765
22:53:50.166 bridge CHAN,1,1612,1000,100,0,100,0,-1060,-1080,-1072
22:53:50.371 bridge FRAME #2 tx t=2703 peer=0xf1 type=3 schema=0 frag=0x01 seq=2 rssi=- snr=- st=0 rx=5 deaf=263
22:53:51.186 bridge CHAN,2,2612,1009,79,21,79,0,-1050,-1080,-1071
22:53:52.206 bridge CHAN,3,3621,1000,100,0,100,0,-1060,-1080,-1072
22:53:52.815 bridge poll: f1 answered in 3783 ms (window 10000 ms)
22:53:52.815 bridge FRAME #3 rx t=5333 peer=0xf1 type=4 schema=254 frag=0x01 seq=1 rssi=-33 snr=11 st=0 rx=0 deaf=455
22:53:52.978 mqtt   lran/simnode1/availability online
22:53:53.019 bridge availability: simnode1 online (missed_polls 0, threshold 3)
22:53:53.224 bridge CHAN,4,4621,1005,98,2,98,1,-310,-1080,-655
22:53:54.245 bridge CHAN,5,5626,1007,98,2,98,0,-1060,-1080,-1071
22:53:55.261 bridge CHAN,6,6633,1001,97,2,97,0,-1060,-1080,-1071
22:53:55.261 bridge FRAME #4 tx t=7725 peer=0xf2 type=3 schema=0 frag=0x01 seq=3 rssi=- snr=- st=0 rx=5 deaf=548
22:53:55.668 bridge poll: f2 answered in 2674 ms (window 10000 ms)
22:53:55.872 bridge FRAME #5 rx t=8224 peer=0xf2 type=4 schema=240 frag=0x01 seq=1 rssi=-24 snr=12 st=0 rx=0 deaf=740
22:53:56.005 mqtt   lran/simnode2/availability online
22:53:56.073 bridge availability: simnode2 online (missed_polls 0, threshold 3)
22:53:56.277 bridge CHAN,7,7634,1002,76,23,76,1,-220,-1080,-771
22:53:56.682 bridge FRAME #6 tx t=9011 peer=0xf0 type=1 schema=0 frag=0x01 seq=1 rssi=- snr=- st=0 rx=5 deaf=790
22:53:56.723 heltec roll f0 <- 00 seq 1: ctx 0x241d8e16 -> 0x90ff30c8, ACCEPTED
22:53:57.085 bridge roll: f0 rolled to ctx 0x90ff30c8 after 1 attempt(s)
22:53:57.085 bridge FRAME #7 rx t=9486 peer=0xf0 type=2 schema=0 frag=0x01 seq=1 rssi=-23 snr=11 st=0 rx=0 deaf=1023
22:53:57.289 bridge CHAN,8,8636,1001,74,25,74,1,-220,-1080,-827
22:53:58.101 bridge CHAN,9,9637,1007,98,2,98,0,-1060,-1090,-1071
22:53:58.101 bridge CHANSUM,0,9,10,10038,894,101,894,4,10,0,-220,-1090,-1080,-1082
22:53:59.116 bridge CHAN,10,10644,1000,100,0,100,0,-1060,-1080,-1070
22:54:00.136 bridge CHAN,11,11644,1008,95,4,95,0,-1060,-1080,-1071
22:54:01.155 bridge CHAN,12,12652,1007,98,2,98,0,-1050,-1080,-1072
22:54:01.974 bridge FRAME #8 tx t=14340 peer=0xf1 type=1 schema=0 frag=0x01 seq=1 rssi=- snr=- st=0 rx=5 deaf=1132
22:54:02.043 xiao   roll f1 <- 00 seq 1: ctx 0x46abf752 -> 0x2a818c8a, ACCEPTED
22:54:02.379 bridge CHAN,13,13659,1007,72,27,72,0,-310,-1090,-1030
22:54:02.379 bridge FRAME #9 rx t=14815 peer=0xf1 type=2 schema=0 frag=0x01 seq=1 rssi=-33 snr=11 st=0 rx=0 deaf=1386
22:54:02.584 bridge FRAME #10 tx t=14867 peer=0xf1 type=1 schema=0 frag=0x01 seq=1 rssi=- snr=- st=0 rx=5 deaf=1407
22:54:02.657 xiao   cmd f1 <- 00 seq 1: REJECTED_CTX (frame ctx 0x46abf752, own 0x2a818c8a)
22:54:02.986 bridge FRAME #11 rx t=15345 peer=0xf1 type=2 schema=0 frag=0x01 seq=2 rssi=-33 snr=11 st=0 rx=0 deaf=1640
22:54:02.986 bridge roll: f1 rolled to ctx 0x2a818c8a after 2 attempt(s)
22:54:03.391 bridge CHAN,14,14666,1000,63,36,63,2,-310,-1090,-767
22:54:04.202 bridge FRAME #12 tx t=16577 peer=0xf0 type=3 schema=0 frag=0x01 seq=4 rssi=- snr=- st=0 rx=5 deaf=1661
22:54:04.202 bridge CHAN,15,15666,1008,90,10,90,0,-1070,-1080,-1072
22:54:04.607 bridge poll: f0 answered in 526 ms (window 10000 ms)
22:54:04.608 bridge FRAME #13 rx t=17076 peer=0xf0 type=4 schema=240 frag=0x01 seq=2 rssi=-23 snr=11 st=0 rx=0 deaf=1853
22:54:05.218 bridge FRAME #14 tx t=17578 peer=0xf1 type=3 schema=0 frag=0x01 seq=5 rssi=- snr=- st=0 rx=5 deaf=1874
22:54:05.218 bridge CHAN,16,16674,1001,79,21,79,1,-220,-1090,-782
22:54:06.237 bridge CHAN,17,17675,1001,89,11,89,0,-1060,-1090,-1071
22:54:07.257 bridge CHAN,18,18676,1000,100,0,100,0,-310,-1080,-996
22:54:07.665 bridge poll: f1 answered in 2555 ms (window 10000 ms)
22:54:07.665 bridge FRAME #15 rx t=20105 peer=0xf1 type=4 schema=254 frag=0x01 seq=3 rssi=-33 snr=11 st=0 rx=0 deaf=2066
22:54:08.277 bridge CHAN,19,19676,1008,98,2,98,1,-310,-1080,-737
22:54:09.291 bridge CHAN,20,20684,1007,98,2,98,0,-1060,-1080,-1071
22:54:09.291 bridge FRAME #16 tx t=21776 peer=0xf2 type=3 schema=0 frag=0x01 seq=6 rssi=- snr=- st=0 rx=5 deaf=2133
22:54:09.897 bridge poll: f2 answered in 1725 ms (window 10000 ms)
22:54:09.898 bridge FRAME #17 rx t=22275 peer=0xf2 type=4 schema=240 frag=0x01 seq=2 rssi=-24 snr=11 st=0 rx=0 deaf=2325
22:54:10.303 bridge CHAN,21,21691,1002,76,23,76,1,-220,-1080,-772
22:54:11.119 bridge FRAME #18 tx t=23528 peer=0xf2 type=1 schema=0 frag=0x01 seq=1 rssi=- snr=- st=0 rx=5 deaf=2371
22:54:11.191 heltec roll f2 <- 00 seq 1: ctx 0x9085cb74 -> 0xc07badb2, ACCEPTED
22:54:11.323 bridge CHAN,22,22693,1002,82,17,82,0,-1060,-1080,-1072
22:54:12.345 bridge CHAN,23,23695,1002,92,8,92,0,-1070,-1080,-1072
22:54:12.958 bridge FRAME #19 rx t=25344 peer=0xf2 type=2 schema=0 frag=0x01 seq=1 rssi=-23 snr=11 st=0 rx=0 deaf=2604
22:54:13.163 bridge roll: f2 rolled to ctx 0xc07badb2 after 1 attempt(s)
22:54:13.368 bridge CHAN,24,24697,1008,101,0,101,1,-220,-1080,-891
22:54:13.731 ctl    ROLLS done for ['f0', 'f1', 'f2']
22:54:14.179 bridge FRAME #20 tx t=26576 peer=0xf0 type=3 schema=0 frag=0x01 seq=7 rssi=- snr=- st=0 rx=5 deaf=2625
22:54:14.382 bridge CHAN,25,25705,1008,86,14,86,0,-1070,-1080,-1071
22:54:14.583 bridge poll: f0 answered in 525 ms (window 10000 ms)
22:54:14.788 bridge FRAME #21 rx t=27075 peer=0xf0 type=4 schema=240 frag=0x01 seq=3 rssi=-23 snr=12 st=0 rx=0 deaf=2817
22:54:15.195 bridge CHAN,26,26713,1000,91,9,91,1,-220,-1090,-821
22:54:15.806 bridge FRAME #22 tx t=28328 peer=0xf1 type=3 schema=0 frag=0x01 seq=8 rssi=- snr=- st=0 rx=5 deaf=2863
22:54:16.214 bridge CHAN,27,27713,1003,78,21,78,0,-1060,-1080,-1072
22:54:17.233 bridge CHAN,28,28716,1000,100,0,100,0,-310,-1080,-726
22:54:17.233 bridge poll: f1 answered in 2241 ms (window 10000 ms)
22:54:17.436 bridge FRAME #23 rx t=29791 peer=0xf1 type=4 schema=254 frag=0x01 seq=4 rssi=-33 snr=11 st=0 rx=0 deaf=3055
22:54:18.249 bridge CHAN,29,29716,1008,98,2,98,1,-310,-1080,-1007
22:54:18.453 bridge FRAME #24 tx t=30775 peer=0xf2 type=3 schema=0 frag=0x01 seq=9 rssi=- snr=- st=0 rx=5 deaf=3101
22:54:18.859 bridge poll: f2 answered in 724 ms (window 10000 ms)
22:54:18.859 bridge FRAME #25 rx t=31274 peer=0xf2 type=4 schema=240 frag=0x01 seq=2 rssi=-23 snr=11 st=0 rx=0 deaf=3293
22:54:19.264 bridge CHAN,30,30724,1001,79,21,79,1,-220,-1080,-782
22:54:20.282 bridge CHAN,31,31725,1000,100,0,100,0,-1060,-1080,-1072
22:54:21.299 bridge CHAN,32,32725,1000,100,0,100,0,-1060,-1080,-1072
22:54:22.315 bridge CHAN,33,33725,1000,100,0,100,0,-1070,-1080,-1072
22:54:23.337 bridge CHAN,34,34725,1000,100,0,100,0,-1060,-1080,-1072
22:54:24.359 bridge CHAN,35,35725,1007,98,2,98,0,-1050,-1080,-1072
22:54:25.376 bridge CHAN,36,36732,1000,100,0,100,0,-1070,-1080,-1072
22:54:25.779 bridge FRAME #26 tx t=38084 peer=0xf0 type=3 schema=0 frag=0x01 seq=10 rssi=- snr=- st=0 rx=5 deaf=3360
22:54:26.181 bridge poll: f0 answered in 2033 ms (window 10000 ms)
22:54:26.181 bridge FRAME #27 rx t=38583 peer=0xf0 type=4 schema=240 frag=0x01 seq=4 rssi=-24 snr=11 st=0 rx=0 deaf=3552
22:54:26.382 bridge CHAN,37,37732,1002,76,23,76,1,-220,-1090,-772
22:54:27.189 bridge CHAN,38,38734,1007,98,2,98,0,-1060,-1080,-1072
22:54:28.203 bridge CHAN,39,39741,1007,98,2,98,0,-1070,-1080,-1072
22:54:29.221 bridge CHAN,40,40748,1001,97,2,97,0,-1060,-1080,-1072
22:54:30.037 bridge FRAME #28 tx t=42474 peer=0xf1 type=3 schema=0 frag=0x01 seq=11 rssi=- snr=- st=0 rx=5 deaf=3644
22:54:30.242 bridge CHAN,41,41749,1003,78,21,78,0,-310,-1080,-1032
22:54:30.857 bridge poll: f1 answered in 3689 ms (window 10000 ms)
22:54:30.857 bridge FRAME #29 rx t=43239 peer=0xf1 type=4 schema=254 frag=0x01 seq=5 rssi=-32 snr=11 st=0 rx=0 deaf=3836
22:54:31.264 bridge FRAME #30 tx t=43581 peer=0xf2 type=3 schema=0 frag=0x01 seq=12 rssi=- snr=- st=0 rx=5 deaf=3857
22:54:31.264 bridge CHAN,42,42752,1006,82,18,82,1,-310,-1080,-616
22:54:31.672 bridge poll: f2 answered in 530 ms (window 10000 ms)
22:54:31.672 bridge FRAME #31 rx t=44080 peer=0xf2 type=4 schema=240 frag=0x01 seq=3 rssi=-23 snr=11 st=0 rx=0 deaf=4049
22:54:32.282 bridge CHAN,43,43758,1003,98,3,98,1,-220,-1080,-830
22:54:33.296 bridge CHAN,44,44761,1000,100,0,100,0,-980,-1080,-1058
22:54:33.736 ctl    === FIX arm, five changes, each started as a POLL goes out
22:54:34.312 bridge CHAN,45,45761,1003,95,4,95,0,-1060,-1080,-1072
22:54:35.325 bridge CHAN,46,46764,1000,100,0,100,0,-1060,-1080,-1072
22:54:35.526 bridge FRAME #32 tx t=47992 peer=0xf0 type=3 schema=0 frag=0x01 seq=13 rssi=- snr=- st=0 rx=5 deaf=4132
22:54:35.573 ctl    PUB lran/bridge/config/set {"set": {"freq_hz": 917400000}}
22:54:35.586 mqtt   lran/bridge/config/set {"set": {"freq_hz": 917400000}}
22:54:35.931 bridge poll: f0 answered in 1941 ms (window 10000 ms)
22:54:36.135 bridge phy: change started across 3 node(s)
22:54:36.135 bridge FRAME #33 rx t=48491 peer=0xf0 type=4 schema=240 frag=0x01 seq=5 rssi=-23 snr=11 st=0 rx=0 deaf=4324
22:54:36.337 bridge CHAN,47,47764,1009,74,25,74,1,-220,-1080,-764
22:54:37.150 bridge FRAME #34 tx t=49624 peer=0xf0 type=10 schema=18 frag=0x01 seq=1 rssi=- snr=- st=0 rx=5 deaf=4370
22:54:37.355 bridge CHAN,48,48773,1008,84,16,84,0,-1070,-1080,-1072
22:54:37.460 heltec phy f0: SET accepted, board pending, accepted 0x01 of 0x03
22:54:37.460 heltec config f0 <- 00 seq 1: op 1, 6 entries, 6 result(s)
22:54:38.373 bridge CHAN,49,49781,1006,75,25,75,0,-1060,-1080,-1073
22:54:39.190 bridge FRAME #35 rx t=51645 peer=0xf0 type=11 schema=18 frag=0x01 seq=1 rssi=-23 snr=11 st=0 rx=0 deaf=4767
22:54:39.395 bridge CHAN,50,50787,1009,101,0,101,1,-220,-1080,-743
22:54:40.407 bridge CHAN,51,51796,1007,98,2,98,0,-980,-1080,-1063
22:54:40.816 bridge FRAME #36 tx t=53204 peer=0xf1 type=10 schema=18 frag=0x01 seq=1 rssi=- snr=- st=0 rx=5 deaf=4809
22:54:41.152 xiao   phy f1: SET accepted, board pending, accepted 0x01 of 0x01
22:54:41.152 xiao   config f1 <- 00 seq 1: op 1, 6 entries, 6 result(s)
22:54:41.428 bridge CHAN,52,52803,1004,58,41,58,0,-980,-1090,-1057
22:54:42.443 bridge CHAN,53,53807,1000,100,0,100,0,-980,-1080,-1051
22:54:43.460 bridge CHAN,54,54807,1000,100,0,100,0,-1060,-1080,-1072
22:54:44.476 bridge CHAN,55,55807,1000,100,0,100,0,-1070,-1080,-1072
22:54:45.020 xiao   radio: up - 917400000 Hz, SF9, BW 125.0 kHz, CR 4/5, -4 dBm conducted, 3.0 dBi antenna
22:54:45.020 xiao   phy: retuned, board trial
22:54:45.085 bridge FRAME #37 rx t=57471 peer=0xf1 type=11 schema=18 frag=0x01 seq=1 rssi=-32 snr=11 st=0 rx=0 deaf=5206
22:54:45.490 bridge CHAN,56,56807,1006,98,2,98,1,-310,-1080,-775
22:54:46.306 bridge CHAN,57,57813,1000,100,0,100,0,-1060,-1080,-1072
22:54:47.328 bridge CHAN,58,58813,1001,97,2,97,0,-1060,-1080,-1072
22:54:48.348 bridge CHAN,59,59814,1001,97,2,97,0,-1060,-1080,-1072
22:54:49.369 bridge CHAN,60,60815,1001,97,2,97,0,-1060,-1080,-1072
22:54:50.073 mqtt   lran/bridge/diag/state {"rx_crc_err":0,"rx_runt":0,"rx_oversize":0,"rx_bad_crc":0,"rx_bad_ver":0,"rx_not_addressed":0,"rx_unknown_hdr_ext":0,"rx_bad_frag":0,"rx_unknown_type":0,"rx_unknown_schema":0,"rx_bad_length":0,"rx_not_fragmentable":0,"rx_rejected_ctx":0,"rx_rejected_mac":0,"rx_unknown_src":0,"rx_reassembly_timeout":0,"rx_fragment_overflow":0,"rx_reassembly_abandoned":0,"rx_rejected_seq":0,"rx_frag_duplicate":0,"rx_frag_late":0,"rx_dup_command":0,"rx_dropped":0,"rx_frames":19,"ctx_rolls":3,"ctx_roll_failed":0}
22:54:50.077 mqtt   lran/bridge/diag/radio/state {"tx_frames":19,"cad_backoffs":30,"errors_suppressed":0,"cad_deferred":1,"cad_free":19,"rx_deaf_ms":5306,"cad_errors":0,"tx_forced":0,"tx_errors":0,"tx_timeouts":0,"tx_dropped_no_radio":0,"rx_driver_errors":0,"rx_no_interrupt":0,"rx_wake_empty":0,"begin_failures":0,"last_begin_status":0,"q_rx_dropped":0,"q_rx_high_water":1,"q_publish_dropped":0,"q_publish_high_water":9,"q_tx_dropped":0,"q_tx_high_water":1,"q_log_dropped":0,"q_log_high_water":0,"q_command_dropped":0,"q_command_high_water":0,"q_config_dropped":0,"q_config_high_water":1}
22:54:50.077 mqtt   lran/bridge/diag/cmd/state {"cmd_submitted":0,"cmd_refused_busy":0,"cmd_sent":0,"cmd_retries":0,"cmd_acked":0,"cmd_no_ack":0,"cmd_resyncs":0,"cmd_resync_failed":0,"cmd_ack_ignored":1,"cmd_refused_roll_pending":0,"roll_sent":4,"roll_retries":1,"roll_busy":0,"roll_by_rejected_ctx":0}
22:54:50.077 mqtt   lran/bridge/diag/publish/state {"status_frames":13,"documents":0,"unchanged":0,"heartbeats":0,"event_frames":0,"events":0,"event_repeats":0,"bench_withheld":13,"queue_refused":0,"undecodable":0}
22:54:50.077 mqtt   lran/simnode0/diag/state {"rssi_dbm":-23,"snr_db":11,"last_seen_s":10,"missed_polls":0,"proto_ver":2,"unsupported_ver":null}
22:54:50.077 mqtt   lran/simnode1/diag/state {"rssi_dbm":-32,"snr_db":11,"last_seen_s":5,"missed_polls":0,"proto_ver":2,"unsupported_ver":null}
22:54:50.077 mqtt   lran/simnode2/diag/state {"rssi_dbm":-23,"snr_db":11,"last_seen_s":18,"missed_polls":0,"proto_ver":2,"unsupported_ver":null}
22:54:50.389 bridge CHAN,61,61816,1007,98,2,98,0,-1060,-1080,-1073
22:54:51.001 bridge FRAME #38 tx t=63444 peer=0xf2 type=10 schema=18 frag=0x01 seq=1 rssi=- snr=- st=0 rx=5 deaf=5348
22:54:51.287 heltec phy f2: SET accepted, board pending, accepted 0x03 of 0x03
22:54:51.287 heltec config f2 <- 00 seq 1: op 1, 6 entries, 6 result(s)
22:54:51.405 bridge CHAN,62,62823,1008,61,39,61,0,-1060,-1080,-1071
22:54:51.809 bridge FRAME #39 rx t=64268 peer=0xf2 type=11 schema=18 frag=0x01 seq=1 rssi=-23 snr=11 st=0 rx=0 deaf=5745
22:54:51.890 heltec radio: up - 917400000 Hz, SF9, BW 125.0 kHz, CR 4/5, -4 dBm conducted, 3.0 dBi antenna
22:54:51.890 heltec phy: retuned, board trial
22:54:52.014 bridge phy: every node accepted - retuning
22:54:52.215 bridge LoRa: radio up - 917400000 Hz, SF9, BW 125.0 kHz, CR 4/5, -4 dBm conducted, 3.0 dBi antenna
22:54:52.215 bridge LoRa: stack high-water 6364 bytes free
22:54:52.419 bridge CHAN,63,63831,1006,94,3,71,1,-220,-1130,-728
22:54:53.237 bridge FRAME #40 tx t=65578 peer=0xf0 type=3 schema=0 frag=0x01 seq=14 rssi=- snr=- st=0 rx=5 deaf=5766
22:54:53.440 bridge CHAN,64,64837,1009,79,21,3,0,-220,-1130,-1091
22:54:53.643 bridge FRAME #41 rx t=66077 peer=0xf0 type=4 schema=240 frag=0x01 seq=6 rssi=-23 snr=11 st=0 rx=0 deaf=5958
22:54:54.255 bridge FRAME #42 tx t=66579 peer=0xf1 type=3 schema=0 frag=0x01 seq=15 rssi=- snr=- st=0 rx=5 deaf=5979
22:54:54.460 bridge CHAN,65,65846,1001,79,21,28,1,-220,-1130,-821
22:54:54.864 bridge FRAME #43 rx t=67344 peer=0xf1 type=4 schema=254 frag=0x01 seq=6 rssi=-33 snr=12 st=0 rx=0 deaf=6171
22:54:55.267 bridge FRAME #44 tx t=67577 peer=0xf2 type=3 schema=0 frag=0x01 seq=16 rssi=- snr=- st=0 rx=5 deaf=6192
22:54:55.472 bridge CHAN,66,66847,1008,79,21,55,1,-220,-1130,-569
22:54:55.674 bridge FRAME #45 rx t=68076 peer=0xf2 type=4 schema=240 frag=0x01 seq=4 rssi=-23 snr=11 st=0 rx=0 deaf=6384
22:54:56.078 mqtt   lran/bridge/config/ack {"op":"set","persist":"persisted","results":{"freq_hz":{"status":"ok","value":917400000}}}
22:54:56.081 mqtt   lran/bridge/config/state {"simnode_diag_enable":{"value":1,"source":"override"},"diag_interval_s":{"value":60,"source":"default"},"missed_poll_threshold":{"value":3,"source":"default"},"poll_reply_timeout_ms":{"value":10000,"source":"default"},"command_ack_timeout_ms":{"value":3000,"source":"default"},"cmd_retries":{"value":3,"source":"default"},"cad_retries":{"value":5,"source":"default"},"backoff_max_ms":{"value":1500,"source":"default"},"frag_reassembly_timeout_ms":{"value":5000,"source":"default"},"error_min_interval_ms":{"value":1000,"source":"default"},"config_readback_timeout_ms":{"value":15000,"source":"default"},"config_ack_timeout_ms":{"value":8000,"source":"default"},"republish_interval_s":{"value":900,"source":"override"},"bms_stale_s":{"value":600,"source":"default"},"cell_mv_deadband":{"value":5,"source":"default"},"freq_hz":{"value":917400000,"source":"override"},"spreading_factor":{"value":9,"source":"override"},"bandwidth_khz":{"value":125,"source":"override"},"coding_rate_denominator":{"value":5,"source":"override"},"tx_power_dbm":{"value":-4,"source":"override"},"phy_trial_s":{"value":120,"source":"override"}}
22:54:56.081 bridge phy: every node heard - committed
22:54:56.145 ctl    RESULT freq 917400000: phy: every node heard - committed after 20.5 s
22:54:56.282 bridge FRAME #46 tx t=68592 peer=0xf0 type=10 schema=18 frag=0x01 seq=2 rssi=- snr=- st=0 rx=5 deaf=6409
22:54:56.376 heltec config f0 <- 00 seq 2: op 2, 6 entries, 6 result(s)
22:54:56.485 bridge CHAN,67,67855,1004,73,27,24,1,-220,-1140,-842
22:54:56.890 bridge FRAME #47 rx t=69360 peer=0xf0 type=11 schema=18 frag=0x01 seq=2 rssi=-23 snr=11 st=0 rx=0 deaf=6745
22:54:57.036 mqtt   lran/simnode0/config/state {"poll_interval_s":{"value":10,"source":"override"},"deployed":{"value":1,"source":"override"},"dedup_cache_depth":{"value":null,"source":"default"},"frag_reassembly_timeout_ms":{"value":null,"source":"default"},"cad_retries":{"value":null,"source":"default"},"backoff_max_ms":{"value":null,"source":"default"},"freq_hz":{"value":917400000,"source":"default"},"spreading_factor":{"value":9,"source":"default"},"bandwidth_khz":{"value":125,"source":"default"},"coding_rate_denominator":{"value":5,"source":"default"},"tx_power_dbm":{"value":-4,"source":"default"},"phy_trial_s":{"value":120,"source":"default"}}
22:54:57.291 bridge FRAME #48 tx t=69582 peer=0xf1 type=10 schema=18 frag=0x01 seq=2 rssi=- snr=- st=0 rx=5 deaf=6766
22:54:57.291 bridge CHAN,68,68859,1000,63,36,40,1,-220,-1130,-563
22:54:57.429 xiao   config f1 <- 00 seq 2: op 2, 6 entries, 6 result(s)
22:54:57.904 bridge FRAME #49 rx t=70350 peer=0xf1 type=11 schema=18 frag=0x01 seq=2 rssi=-33 snr=11 st=0 rx=0 deaf=7102
22:54:57.976 mqtt   lran/simnode1/config/state {"poll_interval_s":{"value":10,"source":"override"},"deployed":{"value":1,"source":"override"},"dedup_cache_depth":{"value":null,"source":"default"},"frag_reassembly_timeout_ms":{"value":null,"source":"default"},"cad_retries":{"value":null,"source":"default"},"backoff_max_ms":{"value":null,"source":"default"},"freq_hz":{"value":917400000,"source":"default"},"spreading_factor":{"value":9,"source":"default"},"bandwidth_khz":{"value":125,"source":"default"},"coding_rate_denominator":{"value":5,"source":"default"},"tx_power_dbm":{"value":-4,"source":"default"},"phy_trial_s":{"value":120,"source":"default"}}
22:54:58.107 bridge FRAME #50 tx t=70582 peer=0xf2 type=10 schema=18 frag=0x01 seq=2 rssi=- snr=- st=0 rx=5 deaf=7123
22:54:58.311 bridge CHAN,69,69859,1000,64,35,40,1,-310,-1140,-629
22:54:58.311 bridge CHANSUM,10,69,60,60215,5354,629,5084,21,60,0,-220,-1140,-1080,-1087
22:54:58.413 heltec config f2 <- 00 seq 2: op 2, 6 entries, 6 result(s)
22:54:58.925 bridge FRAME #51 rx t=71344 peer=0xf2 type=11 schema=18 frag=0x01 seq=2 rssi=-23 snr=11 st=0 rx=0 deaf=7459
22:54:58.984 mqtt   lran/simnode2/config/state {"poll_interval_s":{"value":10,"source":"override"},"deployed":{"value":1,"source":"override"},"dedup_cache_depth":{"value":null,"source":"default"},"frag_reassembly_timeout_ms":{"value":null,"source":"default"},"cad_retries":{"value":null,"source":"default"},"backoff_max_ms":{"value":null,"source":"default"},"freq_hz":{"value":917400000,"source":"default"},"spreading_factor":{"value":9,"source":"default"},"bandwidth_khz":{"value":125,"source":"default"},"coding_rate_denominator":{"value":5,"source":"default"},"tx_power_dbm":{"value":-4,"source":"default"},"phy_trial_s":{"value":120,"source":"default"}}
22:54:59.539 bridge CHAN,70,70859,1006,93,7,40,1,-220,-1140,-744
22:55:00.150 bridge FRAME #52 tx t=72576 peer=0xf1 type=3 schema=0 frag=0x01 seq=17 rssi=- snr=- st=0 rx=5 deaf=7480
22:55:00.557 bridge CHAN,71,71865,1009,79,21,7,0,-320,-1130,-1065
22:55:00.966 bridge poll: f1 answered in 791 ms (window 10000 ms)
22:55:00.966 bridge FRAME #53 rx t=73341 peer=0xf1 type=4 schema=254 frag=0x01 seq=7 rssi=-33 snr=11 st=0 rx=0 deaf=7672
22:55:01.372 bridge FRAME #54 tx t=73739 peer=0xf2 type=3 schema=0 frag=0x01 seq=18 rssi=- snr=- st=0 rx=5 deaf=7722
22:55:01.578 bridge CHAN,72,72874,1001,82,16,48,1,-320,-1140,-664
22:55:01.778 bridge poll: f2 answered in 688 ms (window 10000 ms)
22:55:01.778 bridge FRAME #55 rx t=74238 peer=0xf2 type=4 schema=240 frag=0x01 seq=5 rssi=-24 snr=11 st=0 rx=0 deaf=7914
22:55:02.188 bridge FRAME #56 tx t=74580 peer=0xf0 type=3 schema=0 frag=0x01 seq=19 rssi=- snr=- st=0 rx=5 deaf=7935
22:55:02.389 bridge CHAN,73,73875,1003,72,28,34,1,-220,-1130,-715
22:55:02.589 bridge poll: f0 answered in 529 ms (window 10000 ms)
22:55:02.793 bridge FRAME #57 rx t=75079 peer=0xf0 type=4 schema=240 frag=0x01 seq=7 rssi=-23 snr=11 st=0 rx=0 deaf=8127
22:55:03.406 bridge CHAN,74,74878,1002,101,0,36,1,-220,-1130,-921
22:55:04.429 bridge CHAN,75,75880,1000,100,0,16,0,-1000,-1130,-1104
22:55:05.444 bridge CHAN,76,76880,1000,100,0,3,0,-990,-1130,-1121
22:55:10.117 bridge FRAME #58 tx t=82581 peer=0xf1 type=3 schema=0 frag=0x01 seq=20 rssi=- snr=- st=0 rx=5 deaf=8148
22:55:10.518 bridge CHAN,81,81880,1009,79,21,7,0,-320,-1130,-1055
22:55:10.923 bridge poll: f1 answered in 796 ms (window 10000 ms)
22:55:10.923 bridge FRAME #59 rx t=83346 peer=0xf1 type=4 schema=254 frag=0x01 seq=8 rssi=-33 snr=12 st=0 rx=0 deaf=8340
22:55:11.129 bridge FRAME #60 tx t=83583 peer=0xf2 type=3 schema=0 frag=0x01 seq=21 rssi=- snr=- st=0 rx=5 deaf=8365
22:55:11.536 bridge CHAN,82,82889,1002,78,21,54,1,-220,-1130,-569
22:55:11.536 bridge poll: f2 answered in 532 ms (window 10000 ms)
22:55:11.737 bridge FRAME #61 rx t=84082 peer=0xf2 type=4 schema=240 frag=0x01 seq=6 rssi=-23 snr=11 st=0 rx=0 deaf=8557
22:55:12.144 bridge FRAME #62 tx t=84578 peer=0xf0 type=3 schema=0 frag=0x01 seq=22 rssi=- snr=- st=0 rx=5 deaf=8582
22:55:12.551 bridge CHAN,83,83891,1005,79,21,29,1,-220,-1130,-806
22:55:12.551 bridge poll: f0 answered in 527 ms (window 10000 ms)
22:55:12.754 bridge FRAME #63 rx t=85077 peer=0xf0 type=4 schema=240 frag=0x01 seq=8 rssi=-23 snr=11 st=0 rx=0 deaf=8774
22:55:13.565 bridge CHAN,84,84896,1002,101,0,20,1,-220,-1140,-956
22:55:20.273 bridge FRAME #64 tx t=92579 peer=0xf1 type=3 schema=0 frag=0x01 seq=23 rssi=- snr=- st=0 rx=5 deaf=8795
22:55:20.478 bridge CHAN,91,91898,1009,79,21,9,0,-320,-1140,-1035
22:55:20.888 bridge poll: f1 answered in 794 ms (window 10000 ms)
22:55:20.889 bridge FRAME #65 rx t=93344 peer=0xf1 type=4 schema=254 frag=0x01 seq=9 rssi=-33 snr=11 st=0 rx=0 deaf=8987
22:55:21.289 bridge FRAME #66 tx t=93576 peer=0xf2 type=3 schema=0 frag=0x01 seq=24 rssi=- snr=- st=0 rx=5 deaf=9008
22:55:21.494 bridge CHAN,92,92907,1007,79,21,55,1,-220,-1130,-562
22:55:21.696 bridge poll: f2 answered in 525 ms (window 10000 ms)
22:55:21.696 bridge FRAME #67 rx t=94075 peer=0xf2 type=4 schema=240 frag=0x01 seq=7 rssi=-24 snr=11 st=0 rx=0 deaf=9200
22:55:22.512 bridge CHAN,93,93914,1009,99,2,18,1,-220,-1130,-971
22:55:23.528 bridge FRAME #68 tx t=95904 peer=0xf0 type=3 schema=0 frag=0x01 seq=25 rssi=- snr=- st=0 rx=5 deaf=9242
22:55:23.936 bridge poll: f0 answered in 1852 ms (window 10000 ms)
22:55:23.936 bridge FRAME #69 rx t=96402 peer=0xf0 type=4 schema=240 frag=0x01 seq=9 rssi=-24 snr=11 st=0 rx=0 deaf=9434
22:55:24.545 bridge CHAN,95,95930,1003,82,18,28,1,-220,-1130,-831
22:55:30.246 bridge FRAME #70 tx t=102578 peer=0xf1 type=3 schema=0 frag=0x01 seq=26 rssi=- snr=- st=0 rx=5 deaf=9459
22:55:30.424 ctl    PUB lran/bridge/config/set {"set": {"freq_hz": 917000000}}
22:55:30.431 mqtt   lran/bridge/config/set {"set": {"freq_hz": 917000000}}
22:55:30.451 bridge CHAN,101,101933,1003,78,21,12,0,-310,-1130,-1008
22:55:30.857 bridge poll: f1 answered in 794 ms (window 10000 ms)
22:55:30.857 bridge FRAME #71 rx t=103344 peer=0xf1 type=4 schema=254 frag=0x01 seq=10 rssi=-33 snr=11 st=0 rx=0 deaf=9651
22:55:31.062 bridge phy: change started across 3 node(s)
22:55:31.266 bridge FRAME #72 tx t=103576 peer=0xf0 type=10 schema=18 frag=0x01 seq=3 rssi=- snr=- st=0 rx=5 deaf=9672
22:55:31.471 bridge CHAN,102,102936,1007,63,37,42,1,-310,-1130,-594
22:55:31.574 heltec phy f0: SET accepted, board pending, accepted 0x01 of 0x03
22:55:31.574 heltec config f0 <- 00 seq 3: op 1, 6 entries, 6 result(s)
22:55:33.089 bridge FRAME #73 rx t=105458 peer=0xf0 type=11 schema=18 frag=0x01 seq=3 rssi=-23 snr=11 st=0 rx=0 deaf=10069
22:55:33.295 bridge FRAME #74 tx t=105580 peer=0xf1 type=10 schema=18 frag=0x01 seq=3 rssi=- snr=- st=0 rx=5 deaf=10090
22:55:33.469 xiao   phy f1: SET accepted, board pending, accepted 0x01 of 0x01
22:55:33.470 xiao   config f1 <- 00 seq 3: op 1, 6 entries, 6 result(s)
22:55:33.498 bridge CHAN,104,104949,1008,62,38,40,1,-220,-1130,-553
22:55:33.874 xiao   radio: up - 917000000 Hz, SF9, BW 125.0 kHz, CR 4/5, -4 dBm conducted, 3.0 dBi antenna
22:55:33.874 xiao   phy: retuned, board trial
22:55:33.903 bridge FRAME #75 rx t=106403 peer=0xf1 type=11 schema=18 frag=0x01 seq=3 rssi=-33 snr=11 st=0 rx=0 deaf=10487
22:55:34.106 bridge FRAME #76 tx t=106579 peer=0xf2 type=10 schema=18 frag=0x01 seq=3 rssi=- snr=- st=0 rx=5 deaf=10512
22:55:34.438 heltec phy f2: SET accepted, board pending, accepted 0x03 of 0x03
22:55:34.438 heltec config f2 <- 00 seq 3: op 1, 6 entries, 6 result(s)
22:55:34.511 bridge CHAN,105,105957,1009,57,43,40,1,-290,-1140,-568
22:55:34.921 bridge FRAME #77 rx t=107403 peer=0xf2 type=11 schema=18 frag=0x01 seq=3 rssi=-24 snr=11 st=0 rx=0 deaf=10909
22:55:35.048 heltec radio: up - 917000000 Hz, SF9, BW 125.0 kHz, CR 4/5, -4 dBm conducted, 3.0 dBi antenna
22:55:35.048 heltec phy: retuned, board trial
22:55:35.123 bridge phy: every node accepted - retuning
22:55:35.123 bridge LoRa: radio up - 917000000 Hz, SF9, BW 125.0 kHz, CR 4/5, -4 dBm conducted, 3.0 dBi antenna
22:55:35.123 bridge LoRa: stack high-water 6360 bytes free
22:55:35.532 bridge CHAN,106,106966,1006,94,4,77,1,-220,-1130,-725
22:55:36.554 bridge CHAN,107,107972,1007,98,2,98,0,-1070,-1090,-1072
22:55:37.565 bridge CHAN,108,108979,1000,100,0,100,0,-1060,-1080,-1073
22:55:38.382 bridge FRAME #78 tx t=110685 peer=0xf0 type=3 schema=0 frag=0x01 seq=27 rssi=- snr=- st=0 rx=5 deaf=10980
22:55:38.585 bridge FRAME #79 tx t=110914 peer=0xf1 type=3 schema=0 frag=0x01 seq=28 rssi=- snr=- st=0 rx=5 deaf=11193
22:55:38.585 bridge CHAN,109,109979,1001,67,30,67,0,-980,-1080,-1054
22:55:39.190 bridge FRAME #80 tx t=111497 peer=0xf2 type=3 schema=0 frag=0x01 seq=29 rssi=- snr=- st=0 rx=5 deaf=11448
22:55:39.596 bridge FRAME #81 rx t=111995 peer=0xf2 type=4 schema=240 frag=0x01 seq=8 rssi=-23 snr=11 st=0 rx=0 deaf=11640
22:55:39.596 bridge CHAN,110,110980,1005,59,39,59,0,-220,-1080,-641
22:55:40.616 bridge CHAN,111,111985,1001,100,0,100,1,-220,-1080,-1060
22:55:41.633 bridge CHAN,112,112986,1000,100,0,100,0,-1070,-1080,-1072
22:55:42.651 bridge CHAN,113,113986,1000,100,0,100,0,-1060,-1080,-1072
22:55:43.666 bridge CHAN,114,114986,1000,100,0,100,0,-1060,-1080,-1072
22:55:44.688 bridge CHAN,115,115986,1007,98,2,98,0,-1060,-1080,-1072
22:55:45.498 bridge CHAN,116,116993,1007,98,2,98,0,-1060,-1080,-1072
22:55:46.110 bridge FRAME #82 tx t=118581 peer=0xf0 type=3 schema=0 frag=0x01 seq=30 rssi=- snr=- st=0 rx=5 deaf=11703
22:55:46.520 bridge CHAN,117,118000,1006,76,23,76,0,-220,-1080,-872
22:55:46.724 bridge FRAME #83 rx t=119079 peer=0xf0 type=4 schema=240 frag=0x01 seq=11 rssi=-23 snr=11 st=0 rx=0 deaf=11916
22:55:46.724 bridge FRAME #84 tx t=119235 peer=0xf1 type=3 schema=0 frag=0x01 seq=31 rssi=- snr=- st=0 rx=5 deaf=11941
22:55:47.538 bridge FRAME #85 rx t=120000 peer=0xf1 type=4 schema=254 frag=0x01 seq=11 rssi=-33 snr=11 st=0 rx=0 deaf=12133
22:55:47.538 bridge CHAN,118,119006,1006,74,26,74,2,-220,-1080,-483
22:55:48.079 mqtt   lran/bridge/config/ack {"op":"set","persist":"persisted","results":{"freq_hz":{"status":"ok","value":917000000}}}
22:55:48.086 mqtt   lran/bridge/config/state {"simnode_diag_enable":{"value":1,"source":"override"},"diag_interval_s":{"value":60,"source":"default"},"missed_poll_threshold":{"value":3,"source":"default"},"poll_reply_timeout_ms":{"value":10000,"source":"default"},"command_ack_timeout_ms":{"value":3000,"source":"default"},"cmd_retries":{"value":3,"source":"default"},"cad_retries":{"value":5,"source":"default"},"backoff_max_ms":{"value":1500,"source":"default"},"frag_reassembly_timeout_ms":{"value":5000,"source":"default"},"error_min_interval_ms":{"value":1000,"source":"default"},"config_readback_timeout_ms":{"value":15000,"source":"default"},"config_ack_timeout_ms":{"value":8000,"source":"default"},"republish_interval_s":{"value":900,"source":"override"},"bms_stale_s":{"value":600,"source":"default"},"cell_mv_deadband":{"value":5,"source":"default"},"freq_hz":{"value":917000000,"source":"override"},"spreading_factor":{"value":9,"source":"override"},"bandwidth_khz":{"value":125,"source":"override"},"coding_rate_denominator":{"value":5,"source":"override"},"tx_power_dbm":{"value":-4,"source":"override"},"phy_trial_s":{"value":120,"source":"override"}}
22:55:48.148 bridge phy: every node heard - committed
22:55:48.148 bridge FRAME #86 tx t=120587 peer=0xf0 type=10 schema=18 frag=0x01 seq=4 rssi=- snr=- st=0 rx=5 deaf=12158
22:55:48.329 ctl    RESULT freq 917000000: phy: every node heard - committed after 17.7 s
22:55:48.503 heltec config f0 <- 00 seq 4: op 2, 6 entries, 6 result(s)
22:55:48.558 bridge CHAN,119,120012,1007,64,35,64,0,-1070,-1080,-1073
22:55:49.577 bridge CHAN,120,121019,1000,100,0,100,0,-1060,-1080,-1072
22:55:49.977 mqtt   lran/simnode0/config/state {"poll_interval_s":{"value":10,"source":"override"},"deployed":{"value":1,"source":"override"},"dedup_cache_depth":{"value":null,"source":"default"},"frag_reassembly_timeout_ms":{"value":null,"source":"default"},"cad_retries":{"value":null,"source":"default"},"backoff_max_ms":{"value":null,"source":"default"},"freq_hz":{"value":917000000,"source":"override"},"spreading_factor":{"value":9,"source":"default"},"bandwidth_khz":{"value":125,"source":"default"},"coding_rate_denominator":{"value":5,"source":"default"},"tx_power_dbm":{"value":-4,"source":"default"},"phy_trial_s":{"value":120,"source":"default"}}
22:55:49.980 mqtt   lran/bridge/diag/state {"rx_crc_err":0,"rx_runt":0,"rx_oversize":0,"rx_bad_crc":0,"rx_bad_ver":0,"rx_not_addressed":0,"rx_unknown_hdr_ext":0,"rx_bad_frag":0,"rx_unknown_type":0,"rx_unknown_schema":0,"rx_bad_length":0,"rx_not_fragmentable":0,"rx_rejected_ctx":0,"rx_rejected_mac":0,"rx_unknown_src":0,"rx_reassembly_timeout":0,"rx_fragment_overflow":0,"rx_reassembly_abandoned":0,"rx_rejected_seq":0,"rx_frag_duplicate":0,"rx_frag_late":0,"rx_dup_command":0,"rx_dropped":0,"rx_frames":42,"ctx_rolls":3,"ctx_roll_failed":0}
22:55:50.001 mqtt   lran/bridge/diag/radio/state {"tx_frames":45,"cad_backoffs":41,"errors_suppressed":0,"cad_deferred":2,"cad_free":44,"rx_deaf_ms":12494,"cad_errors":0,"tx_forced":1,"tx_errors":0,"tx_timeouts":0,"tx_dropped_no_radio":0,"rx_driver_errors":0,"rx_no_interrupt":0,"rx_wake_empty":0,"begin_failures":0,"last_begin_status":0,"q_rx_dropped":0,"q_rx_high_water":1,"q_publish_dropped":0,"q_publish_high_water":9,"q_tx_dropped":0,"q_tx_high_water":2,"q_log_dropped":0,"q_log_high_water":0,"q_command_dropped":0,"q_command_high_water":0,"q_config_dropped":0,"q_config_high_water":1}
22:55:50.004 mqtt   lran/bridge/diag/cmd/state {"cmd_submitted":0,"cmd_refused_busy":0,"cmd_sent":0,"cmd_retries":0,"cmd_acked":0,"cmd_no_ack":0,"cmd_resyncs":0,"cmd_resync_failed":0,"cmd_ack_ignored":1,"cmd_refused_roll_pending":0,"roll_sent":4,"roll_retries":1,"roll_busy":0,"roll_by_rejected_ctx":0}
22:55:50.004 mqtt   lran/bridge/diag/publish/state {"status_frames":29,"documents":0,"unchanged":0,"heartbeats":0,"event_frames":0,"events":0,"event_repeats":0,"bench_withheld":29,"queue_refused":0,"undecodable":0}
22:55:50.005 mqtt   lran/simnode0/diag/state {"rssi_dbm":-23,"snr_db":11,"last_seen_s":0,"missed_polls":0,"proto_ver":2,"unsupported_ver":null}
22:55:50.005 mqtt   lran/simnode1/diag/state {"rssi_dbm":-33,"snr_db":11,"last_seen_s":2,"missed_polls":0,"proto_ver":2,"unsupported_ver":null}
22:55:50.008 mqtt   lran/simnode2/diag/state {"rssi_dbm":-23,"snr_db":11,"last_seen_s":10,"missed_polls":0,"proto_ver":2,"unsupported_ver":null}
22:55:50.191 bridge FRAME #87 rx t=122527 peer=0xf0 type=11 schema=18 frag=0x01 seq=4 rssi=-23 snr=11 st=0 rx=0 deaf=12494
22:55:50.598 bridge CHAN,121,122019,1003,95,4,95,1,-220,-1080,-721
22:55:51.210 bridge FRAME #88 tx t=123613 peer=0xf1 type=10 schema=18 frag=0x01 seq=4 rssi=- snr=- st=0 rx=5 deaf=12557
22:55:51.559 xiao   config f1 <- 00 seq 4: op 2, 6 entries, 6 result(s)
22:55:51.619 bridge CHAN,122,123022,1003,64,35,64,0,-1070,-1080,-1072
22:55:52.639 bridge CHAN,123,124025,1000,100,0,100,0,-1060,-1080,-1073
22:55:53.659 bridge CHAN,124,125025,1000,100,0,100,0,-310,-1080,-982
22:55:53.861 bridge FRAME #89 rx t=126289 peer=0xf1 type=11 schema=18 frag=0x01 seq=4 rssi=-32 snr=11 st=0 rx=0 deaf=12892
22:55:53.986 mqtt   lran/simnode1/config/state {"poll_interval_s":{"value":10,"source":"override"},"deployed":{"value":1,"source":"override"},"dedup_cache_depth":{"value":null,"source":"default"},"frag_reassembly_timeout_ms":{"value":null,"source":"default"},"cad_retries":{"value":null,"source":"default"},"backoff_max_ms":{"value":null,"source":"default"},"freq_hz":{"value":917000000,"source":"override"},"spreading_factor":{"value":9,"source":"default"},"bandwidth_khz":{"value":125,"source":"default"},"coding_rate_denominator":{"value":5,"source":"default"},"tx_power_dbm":{"value":-4,"source":"default"},"phy_trial_s":{"value":120,"source":"default"}}
22:55:54.674 bridge CHAN,125,126025,1009,96,4,96,1,-310,-1080,-858
22:55:55.691 bridge CHAN,126,127034,1007,98,2,98,0,-1070,-1080,-1073
22:55:56.706 bridge CHAN,127,128041,1007,98,2,98,0,-1070,-1080,-1073
22:55:57.114 bridge FRAME #90 tx t=129540 peer=0xf2 type=10 schema=18 frag=0x01 seq=4 rssi=- snr=- st=0 rx=5 deaf=13022
22:55:57.489 heltec config f2 <- 00 seq 4: op 2, 6 entries, 6 result(s)
22:55:57.522 bridge CHAN,128,129048,1004,61,37,61,0,-210,-1080,-878
22:55:57.930 bridge FRAME #91 rx t=130302 peer=0xf2 type=11 schema=18 frag=0x01 seq=4 rssi=-24 snr=11 st=0 rx=0 deaf=13358
22:55:57.981 mqtt   lran/simnode2/config/state {"poll_interval_s":{"value":10,"source":"override"},"deployed":{"value":1,"source":"override"},"dedup_cache_depth":{"value":null,"source":"default"},"frag_reassembly_timeout_ms":{"value":null,"source":"default"},"cad_retries":{"value":null,"source":"default"},"backoff_max_ms":{"value":null,"source":"default"},"freq_hz":{"value":917000000,"source":"override"},"spreading_factor":{"value":9,"source":"default"},"bandwidth_khz":{"value":125,"source":"default"},"coding_rate_denominator":{"value":5,"source":"default"},"tx_power_dbm":{"value":-4,"source":"default"},"phy_trial_s":{"value":120,"source":"default"}}
22:55:58.541 bridge CHAN,129,130052,1002,101,0,101,1,-220,-1080,-856
22:55:58.541 bridge CHANSUM,70,129,60,60195,5397,591,2662,20,43,0,-210,-1140,-1080,-1112
22:55:59.155 bridge FRAME #92 tx t=131575 peer=0xf2 type=3 schema=0 frag=0x01 seq=32 rssi=- snr=- st=0 rx=5 deaf=13379
22:55:59.559 bridge poll: f2 answered in 523 ms (window 10000 ms)
22:55:59.559 bridge FRAME #93 rx t=132073 peer=0xf2 type=4 schema=240 frag=0x01 seq=9 rssi=-23 snr=11 st=0 rx=0 deaf=13571
22:55:59.559 bridge CHAN,130,131054,1009,79,21,79,0,-220,-1080,-802
22:56:00.574 bridge FRAME #94 tx t=133056 peer=0xf0 type=3 schema=0 frag=0x01 seq=33 rssi=- snr=- st=0 rx=5 deaf=13617
22:56:00.574 bridge CHAN,131,132063,1010,96,4,96,1,-220,-1090,-1056
22:56:01.180 bridge poll: f0 answered in 1004 ms (window 10000 ms)
22:56:01.180 bridge FRAME #95 rx t=133554 peer=0xf0 type=4 schema=240 frag=0x01 seq=12 rssi=-23 snr=11 st=0 rx=0 deaf=13809
22:56:01.587 bridge CHAN,132,133073,1003,82,19,82,1,-220,-1080,-791
22:56:02.604 bridge CHAN,133,134076,1007,98,2,98,0,-1060,-1080,-1072
22:56:03.621 bridge FRAME #96 tx t=136075 peer=0xf1 type=3 schema=0 frag=0x01 seq=34 rssi=- snr=- st=0 rx=5 deaf=13876
22:56:03.621 bridge CHAN,134,135083,1009,95,4,95,0,-1060,-1080,-1073
22:56:04.436 bridge poll: f1 answered in 2290 ms (window 10000 ms)
22:56:04.436 bridge FRAME #97 rx t=136840 peer=0xf1 type=4 schema=254 frag=0x01 seq=12 rssi=-33 snr=11 st=0 rx=0 deaf=14068
22:56:04.640 bridge CHAN,135,136092,1000,81,19,81,1,-310,-1080,-575
22:56:05.656 bridge CHAN,136,137092,1000,100,0,100,0,-1070,-1080,-1072
22:56:06.672 bridge CHAN,137,138092,1000,100,0,100,0,-1060,-1080,-1073
22:56:07.686 bridge CHAN,138,139092,1000,100,0,100,0,-1060,-1080,-1072
22:56:08.704 bridge CHAN,139,140092,1000,100,0,100,0,-1070,-1080,-1072
22:56:09.719 bridge CHAN,140,141092,1007,98,2,98,0,-1070,-1080,-1072
22:56:10.731 bridge CHAN,141,142099,1007,98,2,98,0,-1060,-1090,-1073
22:56:11.752 bridge CHAN,142,143106,1007,98,2,98,0,-1060,-1080,-1072
22:56:11.753 bridge FRAME #98 tx t=144264 peer=0xf2 type=3 schema=0 frag=0x01 seq=35 rssi=- snr=- st=0 rx=5 deaf=14152
22:56:12.364 bridge poll: f2 answered in 3212 ms (window 10000 ms)
22:56:12.364 bridge FRAME #99 rx t=144762 peer=0xf2 type=4 schema=240 frag=0x01 seq=10 rssi=-24 snr=11 st=0 rx=0 deaf=14344
22:56:12.773 bridge CHAN,143,144113,1000,79,21,79,1,-220,-1080,-783
22:56:13.181 bridge FRAME #100 tx t=145578 peer=0xf0 type=3 schema=0 frag=0x01 seq=36 rssi=- snr=- st=0 rx=5 deaf=14369
22:56:13.590 bridge poll: f0 answered in 526 ms (window 10000 ms)
22:56:13.590 bridge FRAME #101 rx t=146076 peer=0xf0 type=4 schema=240 frag=0x01 seq=13 rssi=-24 snr=11 st=0 rx=0 deaf=14561
22:56:13.793 bridge CHAN,144,145113,1004,79,21,79,1,-220,-1080,-780
22:56:14.613 bridge FRAME #102 tx t=147011 peer=0xf1 type=3 schema=0 frag=0x01 seq=37 rssi=- snr=- st=0 rx=5 deaf=14657
22:56:14.818 bridge CHAN,145,146117,1000,79,17,79,0,-1060,-1080,-1071
22:56:15.222 bridge poll: f1 answered in 1226 ms (window 10000 ms)
22:56:15.427 bridge FRAME #103 rx t=147776 peer=0xf1 type=4 schema=254 frag=0x01 seq=13 rssi=-34 snr=11 st=0 rx=0 deaf=14849
22:56:15.832 bridge CHAN,146,147117,1001,90,10,90,1,-320,-1080,-629
22:56:16.640 bridge CHAN,147,148118,1000,100,0,100,0,-1060,-1080,-1071
22:56:17.661 bridge CHAN,148,149118,1000,100,0,100,0,-1070,-1080,-1072
22:56:18.682 bridge CHAN,149,150118,1000,100,0,100,0,-1070,-1080,-1072
22:56:19.691 bridge CHAN,150,151118,1007,98,2,98,0,-1060,-1080,-1072
22:56:20.715 bridge CHAN,151,152125,1004,95,4,95,0,-1060,-1080,-1072
22:56:21.531 bridge FRAME #104 tx t=153807 peer=0xf2 type=3 schema=0 frag=0x01 seq=38 rssi=- snr=- st=0 rx=5 deaf=14954
22:56:21.598 ctl    PUB lran/bridge/config/set {"set": {"freq_hz": 917400000}}
22:56:21.602 mqtt   lran/bridge/config/set {"set": {"freq_hz": 917400000}}
22:56:21.731 bridge CHAN,152,153129,1006,76,23,76,0,-220,-1090,-971
22:56:21.732 bridge poll: f2 answered in 2755 ms (window 10000 ms)
22:56:21.933 bridge FRAME #105 rx t=154305 peer=0xf2 type=4 schema=240 frag=0x01 seq=11 rssi=-24 snr=11 st=0 rx=0 deaf=15146
22:56:22.139 bridge phy: change started across 3 node(s)
22:56:22.139 bridge FRAME #106 tx t=154577 peer=0xf0 type=10 schema=18 frag=0x01 seq=5 rssi=- snr=- st=0 rx=5 deaf=15167
22:56:22.536 heltec phy f0: SET accepted, board pending, accepted 0x01 of 0x03
22:56:22.536 heltec config f0 <- 00 seq 5: op 1, 6 entries, 6 result(s)
22:56:22.752 bridge CHAN,153,154135,1005,59,42,59,1,-220,-1080,-631
22:56:22.956 bridge FRAME #107 rx t=155400 peer=0xf0 type=11 schema=18 frag=0x01 seq=5 rssi=-24 snr=11 st=0 rx=0 deaf=15564
22:56:23.161 bridge FRAME #108 tx t=155577 peer=0xf1 type=10 schema=18 frag=0x01 seq=5 rssi=- snr=- st=0 rx=5 deaf=15589
22:56:23.553 xiao   phy f1: SET accepted, board pending, accepted 0x01 of 0x01
22:56:23.553 xiao   config f1 <- 00 seq 5: op 1, 6 entries, 6 result(s)
22:56:23.775 bridge CHAN,154,155140,1000,58,42,58,1,-230,-1080,-683
22:56:24.795 bridge CHAN,155,156140,1000,100,0,100,0,-1060,-1080,-1071
22:56:25.183 xiao   radio: up - 917400000 Hz, SF9, BW 125.0 kHz, CR 4/5, -4 dBm conducted, 3.0 dBi antenna
22:56:25.183 xiao   phy: retuned, board trial
22:56:25.205 bridge FRAME #109 rx t=157564 peer=0xf1 type=11 schema=18 frag=0x01 seq=5 rssi=-33 snr=12 st=0 rx=0 deaf=15986
22:56:25.814 bridge CHAN,156,157140,1006,101,0,101,1,-310,-1080,-783
22:56:26.831 bridge CHAN,157,158146,1001,97,2,97,0,-1060,-1080,-1070
22:56:27.643 bridge CHAN,158,159147,1013,98,2,98,0,-1060,-1080,-1069
22:56:28.656 bridge CHAN,159,160160,1002,95,4,95,0,-1060,-1080,-1071
22:56:29.670 bridge FRAME #110 tx t=162144 peer=0xf2 type=10 schema=18 frag=0x01 seq=5 rssi=- snr=- st=0 rx=5 deaf=16124
22:56:29.670 bridge CHAN,160,161162,1009,94,5,94,0,-1060,-1080,-1071
22:56:30.081 heltec phy f2: SET accepted, board pending, accepted 0x03 of 0x03
22:56:30.081 heltec config f2 <- 00 seq 5: op 1, 6 entries, 6 result(s)
22:56:30.481 bridge FRAME #111 rx t=162967 peer=0xf2 type=11 schema=18 frag=0x01 seq=5 rssi=-23 snr=11 st=0 rx=0 deaf=16521
22:56:30.487 heltec radio: up - 917400000 Hz, SF9, BW 125.0 kHz, CR 4/5, -4 dBm conducted, 3.0 dBi antenna
22:56:30.487 heltec phy: retuned, board trial
22:56:30.687 bridge CHAN,161,162171,1008,63,39,63,1,-220,-1080,-536
22:56:31.095 bridge phy: every node accepted - retuning
22:56:31.095 bridge LoRa: radio up - 917400000 Hz, SF9, BW 125.0 kHz, CR 4/5, -4 dBm conducted, 3.0 dBi antenna
22:56:31.095 bridge LoRa: stack high-water 6344 bytes free
22:56:31.706 bridge CHAN,162,163179,1008,96,1,38,0,-1060,-1130,-1104
22:56:32.115 bridge FRAME #112 tx t=164578 peer=0xf0 type=3 schema=0 frag=0x01 seq=39 rssi=- snr=- st=0 rx=5 deaf=16542
22:56:32.728 bridge FRAME #113 rx t=165076 peer=0xf0 type=4 schema=240 frag=0x01 seq=14 rssi=-24 snr=11 st=0 rx=0 deaf=16734
22:56:32.729 bridge CHAN,163,164187,1000,79,21,29,1,-230,-1130,-817
22:56:34.554 bridge FRAME #114 tx t=167055 peer=0xf1 type=3 schema=0 frag=0x01 seq=40 rssi=- snr=- st=0 rx=5 deaf=16776
22:56:34.755 bridge FRAME #115 tx t=167284 peer=0xf2 type=3 schema=0 frag=0x01 seq=41 rssi=- snr=- st=0 rx=5 deaf=16989
22:56:35.773 bridge CHAN,166,167202,1000,72,27,33,0,-310,-1130,-755
22:56:36.386 bridge FRAME #116 rx t=168807 peer=0xf2 type=4 schema=240 frag=0x01 seq=12 rssi=-24 snr=12 st=0 rx=0 deaf=17181
22:56:36.793 bridge CHAN,167,168202,1006,101,0,28,1,-220,-1140,-883
22:56:41.074 bridge FRAME #117 tx t=173583 peer=0xf1 type=3 schema=0 frag=0x01 seq=42 rssi=- snr=- st=0 rx=5 deaf=17206
22:56:41.683 bridge CHAN,172,173208,1003,78,21,40,0,-310,-1130,-720
22:56:41.888 bridge FRAME #118 rx t=174348 peer=0xf1 type=4 schema=254 frag=0x01 seq=15 rssi=-33 snr=11 st=0 rx=0 deaf=17398
22:56:42.076 mqtt   lran/bridge/config/ack {"op":"set","persist":"persisted","results":{"freq_hz":{"status":"ok","value":917400000}}}
22:56:42.082 mqtt   lran/bridge/config/state {"simnode_diag_enable":{"value":1,"source":"override"},"diag_interval_s":{"value":60,"source":"default"},"missed_poll_threshold":{"value":3,"source":"default"},"poll_reply_timeout_ms":{"value":10000,"source":"default"},"command_ack_timeout_ms":{"value":3000,"source":"default"},"cmd_retries":{"value":3,"source":"default"},"cad_retries":{"value":5,"source":"default"},"backoff_max_ms":{"value":1500,"source":"default"},"frag_reassembly_timeout_ms":{"value":5000,"source":"default"},"error_min_interval_ms":{"value":1000,"source":"default"},"config_readback_timeout_ms":{"value":15000,"source":"default"},"config_ack_timeout_ms":{"value":8000,"source":"default"},"republish_interval_s":{"value":900,"source":"override"},"bms_stale_s":{"value":600,"source":"default"},"cell_mv_deadband":{"value":5,"source":"default"},"freq_hz":{"value":917400000,"source":"override"},"spreading_factor":{"value":9,"source":"override"},"bandwidth_khz":{"value":125,"source":"override"},"coding_rate_denominator":{"value":5,"source":"override"},"tx_power_dbm":{"value":-4,"source":"override"},"phy_trial_s":{"value":120,"source":"override"}}
22:56:42.091 bridge phy: every node heard - committed
22:56:42.091 bridge FRAME #119 tx t=174580 peer=0xf0 type=10 schema=18 frag=0x01 seq=6 rssi=- snr=- st=0 rx=5 deaf=17419
22:56:42.227 ctl    RESULT freq 917400000: phy: every node heard - committed after 20.5 s
22:56:42.515 heltec config f0 <- 00 seq 6: op 2, 6 entries, 6 result(s)
22:56:42.698 bridge CHAN,173,174211,1001,64,35,40,1,-220,-1130,-595
22:56:42.901 bridge FRAME #120 rx t=175348 peer=0xf0 type=11 schema=18 frag=0x01 seq=6 rssi=-23 snr=11 st=0 rx=0 deaf=17754
22:56:43.019 mqtt   lran/simnode0/config/state {"poll_interval_s":{"value":10,"source":"override"},"deployed":{"value":1,"source":"override"},"dedup_cache_depth":{"value":null,"source":"default"},"frag_reassembly_timeout_ms":{"value":null,"source":"default"},"cad_retries":{"value":null,"source":"default"},"backoff_max_ms":{"value":null,"source":"default"},"freq_hz":{"value":917400000,"source":"default"},"spreading_factor":{"value":9,"source":"default"},"bandwidth_khz":{"value":125,"source":"default"},"coding_rate_denominator":{"value":5,"source":"default"},"tx_power_dbm":{"value":-4,"source":"default"},"phy_trial_s":{"value":120,"source":"default"}}
22:56:43.105 bridge FRAME #121 tx t=175581 peer=0xf1 type=10 schema=18 frag=0x01 seq=6 rssi=- snr=- st=0 rx=5 deaf=17775
22:56:43.507 xiao   config f1 <- 00 seq 6: op 2, 6 entries, 6 result(s)
22:56:43.719 bridge CHAN,174,175212,1001,64,35,15,1,-220,-1130,-921
22:56:44.537 bridge FRAME #122 rx t=176861 peer=0xf1 type=11 schema=18 frag=0x01 seq=6 rssi=-33 snr=11 st=0 rx=0 deaf=18111
22:56:44.740 bridge CHAN,175,176213,1009,101,0,41,1,-310,-1130,-810
22:56:44.980 mqtt   lran/simnode1/config/state {"poll_interval_s":{"value":10,"source":"override"},"deployed":{"value":1,"source":"override"},"dedup_cache_depth":{"value":null,"source":"default"},"frag_reassembly_timeout_ms":{"value":null,"source":"default"},"cad_retries":{"value":null,"source":"default"},"backoff_max_ms":{"value":null,"source":"default"},"freq_hz":{"value":917400000,"source":"default"},"spreading_factor":{"value":9,"source":"default"},"bandwidth_khz":{"value":125,"source":"default"},"coding_rate_denominator":{"value":5,"source":"default"},"tx_power_dbm":{"value":-4,"source":"default"},"phy_trial_s":{"value":120,"source":"default"}}
22:56:45.148 bridge FRAME #123 tx t=177573 peer=0xf2 type=10 schema=18 frag=0x01 seq=6 rssi=- snr=- st=0 rx=5 deaf=18132
22:56:45.365 heltec config f2 <- 00 seq 6: op 2, 6 entries, 6 result(s)
22:56:45.760 bridge CHAN,176,177222,1003,64,35,28,0,-220,-1140,-734
22:56:45.964 bridge FRAME #124 rx t=178335 peer=0xf2 type=11 schema=18 frag=0x01 seq=6 rssi=-24 snr=11 st=0 rx=0 deaf=18468
22:56:46.091 mqtt   lran/simnode2/config/state {"poll_interval_s":{"value":10,"source":"override"},"deployed":{"value":1,"source":"override"},"dedup_cache_depth":{"value":null,"source":"default"},"frag_reassembly_timeout_ms":{"value":null,"source":"default"},"cad_retries":{"value":null,"source":"default"},"backoff_max_ms":{"value":null,"source":"default"},"freq_hz":{"value":917400000,"source":"default"},"spreading_factor":{"value":9,"source":"default"},"bandwidth_khz":{"value":125,"source":"default"},"coding_rate_denominator":{"value":5,"source":"default"},"tx_power_dbm":{"value":-4,"source":"default"},"phy_trial_s":{"value":120,"source":"default"}}
22:56:46.780 bridge CHAN,177,178225,1002,101,0,14,1,-220,-1130,-1017
22:56:47.189 bridge FRAME #125 tx t=179578 peer=0xf0 type=3 schema=0 frag=0x01 seq=43 rssi=- snr=- st=0 rx=5 deaf=18489
22:56:47.599 bridge poll: f0 answered in 526 ms (window 10000 ms)
22:56:47.599 bridge FRAME #126 rx t=180076 peer=0xf0 type=4 schema=240 frag=0x01 seq=15 rssi=-23 snr=11 st=0 rx=0 deaf=18681
22:56:47.804 bridge CHAN,178,179227,1001,79,21,29,1,-220,-1130,-817
22:56:48.214 bridge FRAME #127 tx t=180579 peer=0xf1 type=3 schema=0 frag=0x01 seq=44 rssi=- snr=- st=0 rx=5 deaf=18702
22:56:48.829 bridge CHAN,179,180228,1009,79,21,43,0,-310,-1130,-695
22:56:48.829 bridge poll: f1 answered in 794 ms (window 10000 ms)
22:56:49.034 bridge FRAME #128 rx t=181344 peer=0xf1 type=4 schema=254 frag=0x01 seq=16 rssi=-33 snr=11 st=0 rx=0 deaf=18894
22:56:49.239 bridge FRAME #129 tx t=181576 peer=0xf2 type=3 schema=0 frag=0x01 seq=45 rssi=- snr=- st=0 rx=5 deaf=18915
22:56:49.645 bridge poll: f2 answered in 524 ms (window 10000 ms)
22:56:49.645 bridge FRAME #130 rx t=182074 peer=0xf2 type=4 schema=240 frag=0x01 seq=13 rssi=-23 snr=11 st=0 rx=0 deaf=19107
22:56:49.850 bridge CHAN,180,181237,1009,80,21,42,2,-220,-1130,-704
22:56:51.006 mqtt   lran/bridge/diag/state {"rx_crc_err":0,"rx_runt":0,"rx_oversize":0,"rx_bad_crc":0,"rx_bad_ver":0,"rx_not_addressed":0,"rx_unknown_hdr_ext":0,"rx_bad_frag":0,"rx_unknown_type":0,"rx_unknown_schema":0,"rx_bad_length":0,"rx_not_fragmentable":0,"rx_rejected_ctx":0,"rx_rejected_mac":0,"rx_unknown_src":0,"rx_reassembly_timeout":0,"rx_fragment_overflow":0,"rx_reassembly_abandoned":0,"rx_rejected_seq":0,"rx_frag_duplicate":0,"rx_frag_late":0,"rx_dup_command":0,"rx_dropped":0,"rx_frames":64,"ctx_rolls":3,"ctx_roll_failed":0}
22:56:51.010 mqtt   lran/bridge/diag/radio/state {"tx_frames":67,"cad_backoffs":67,"errors_suppressed":0,"cad_deferred":2,"cad_free":65,"rx_deaf_ms":19107,"cad_errors":0,"tx_forced":2,"tx_errors":0,"tx_timeouts":0,"tx_dropped_no_radio":0,"rx_driver_errors":0,"rx_no_interrupt":0,"rx_wake_empty":0,"begin_failures":0,"last_begin_status":0,"q_rx_dropped":0,"q_rx_high_water":1,"q_publish_dropped":0,"q_publish_high_water":9,"q_tx_dropped":0,"q_tx_high_water":2,"q_log_dropped":0,"q_log_high_water":0,"q_command_dropped":0,"q_command_high_water":0,"q_config_dropped":0,"q_config_high_water":1}
22:56:51.010 mqtt   lran/bridge/diag/cmd/state {"cmd_submitted":0,"cmd_refused_busy":0,"cmd_sent":0,"cmd_retries":0,"cmd_acked":0,"cmd_no_ack":0,"cmd_resyncs":0,"cmd_resync_failed":0,"cmd_ack_ignored":1,"cmd_refused_roll_pending":0,"roll_sent":4,"roll_retries":1,"roll_busy":0,"roll_by_rejected_ctx":0}
22:56:51.010 mqtt   lran/bridge/diag/publish/state {"status_frames":42,"documents":0,"unchanged":0,"heartbeats":0,"event_frames":0,"events":0,"event_repeats":0,"bench_withheld":42,"queue_refused":0,"undecodable":0}
22:56:51.010 mqtt   lran/simnode0/diag/state {"rssi_dbm":-23,"snr_db":11,"last_seen_s":3,"missed_polls":0,"proto_ver":2,"unsupported_ver":null}
22:56:51.010 mqtt   lran/simnode1/diag/state {"rssi_dbm":-33,"snr_db":11,"last_seen_s":2,"missed_polls":0,"proto_ver":2,"unsupported_ver":null}
22:56:51.010 mqtt   lran/simnode2/diag/state {"rssi_dbm":-23,"snr_db":11,"last_seen_s":1,"missed_polls":0,"proto_ver":2,"unsupported_ver":null}
22:56:51.893 bridge CHAN,182,183246,1000,100,0,1,0,-1100,-1130,-1124
22:56:57.181 bridge FRAME #131 tx t=189577 peer=0xf0 type=3 schema=0 frag=0x01 seq=46 rssi=- snr=- st=0 rx=5 deaf=19128
22:56:57.592 bridge poll: f0 answered in 525 ms (window 10000 ms)
22:56:57.592 bridge FRAME #132 rx t=190075 peer=0xf0 type=4 schema=240 frag=0x01 seq=16 rssi=-23 snr=11 st=0 rx=0 deaf=19320
22:56:57.797 bridge CHAN,188,189246,1001,79,21,29,1,-220,-1130,-815
22:56:58.207 bridge FRAME #133 tx t=190578 peer=0xf1 type=3 schema=0 frag=0x01 seq=47 rssi=- snr=- st=0 rx=5 deaf=19341
22:56:58.818 bridge CHAN,189,190247,1009,79,21,44,0,-310,-1140,-677
22:56:58.818 bridge CHANSUM,130,189,60,60202,5385,606,3380,20,48,0,-220,-1140,-1080,-1104
22:56:58.818 bridge poll: f1 answered in 793 ms (window 10000 ms)
22:56:59.018 bridge FRAME #134 rx t=191343 peer=0xf1 type=4 schema=254 frag=0x01 seq=17 rssi=-33 snr=12 st=0 rx=0 deaf=19533
22:56:59.219 bridge FRAME #135 tx t=191576 peer=0xf2 type=3 schema=0 frag=0x01 seq=48 rssi=- snr=- st=0 rx=5 deaf=19554
22:56:59.628 bridge poll: f2 answered in 524 ms (window 10000 ms)
22:56:59.628 bridge FRAME #136 rx t=192074 peer=0xf2 type=4 schema=240 frag=0x01 seq=14 rssi=-24 snr=11 st=0 rx=0 deaf=19746
22:56:59.830 bridge CHAN,190,191256,1000,79,21,39,2,-220,-1130,-718
22:57:06.943 bridge CHAN,197,198256,1000,100,0,1,0,-1090,-1130,-1125
22:57:08.362 bridge FRAME #137 tx t=200828 peer=0xf0 type=3 schema=0 frag=0x01 seq=49 rssi=- snr=- st=0 rx=5 deaf=19792
22:57:08.771 bridge CHAN,199,200263,1003,78,21,20,0,-220,-1130,-902
22:57:08.771 bridge poll: f0 answered in 1780 ms (window 10000 ms)
22:57:08.976 bridge FRAME #138 rx t=201330 peer=0xf0 type=4 schema=240 frag=0x01 seq=17 rssi=-24 snr=11 st=0 rx=0 deaf=19984
22:57:09.181 bridge FRAME #139 tx t=201576 peer=0xf1 type=3 schema=0 frag=0x01 seq=50 rssi=- snr=- st=0 rx=5 deaf=20009
22:57:09.796 bridge CHAN,200,201266,1008,79,21,55,1,-220,-1130,-570
22:57:09.796 bridge poll: f1 answered in 790 ms (window 10000 ms)
22:57:09.999 bridge FRAME #140 rx t=202340 peer=0xf1 type=4 schema=254 frag=0x01 seq=18 rssi=-33 snr=11 st=0 rx=0 deaf=20201
22:57:10.201 bridge FRAME #141 tx t=202573 peer=0xf2 type=3 schema=0 frag=0x01 seq=51 rssi=- snr=- st=0 rx=5 deaf=20222
22:57:10.607 bridge poll: f2 answered in 521 ms (window 10000 ms)
22:57:10.607 bridge FRAME #142 rx t=203071 peer=0xf2 type=4 schema=240 frag=0x01 seq=15 rssi=-23 snr=11 st=0 rx=0 deaf=20414
22:57:10.812 bridge CHAN,201,202274,1009,80,21,37,2,-220,-1130,-745
22:57:17.124 bridge FRAME #143 tx t=209574 peer=0xf0 type=3 schema=0 frag=0x01 seq=52 rssi=- snr=- st=0 rx=5 deaf=20435
22:57:17.329 ctl    PUB lran/bridge/config/set {"set": {"freq_hz": 917000000}}
22:57:17.334 mqtt   lran/bridge/config/set {"set": {"freq_hz": 917000000}}
22:57:17.532 bridge poll: f0 answered in 522 ms (window 10000 ms)
22:57:17.736 bridge FRAME #144 rx t=210072 peer=0xf0 type=4 schema=240 frag=0x01 seq=18 rssi=-23 snr=11 st=0 rx=0 deaf=20627
22:57:17.940 bridge CHAN,208,209283,1001,79,21,29,1,-220,-1130,-816
22:57:18.142 bridge phy: change started across 3 node(s)
22:57:18.142 bridge FRAME #145 tx t=210575 peer=0xf0 type=10 schema=18 frag=0x01 seq=7 rssi=- snr=- st=0 rx=5 deaf=20648
22:57:18.569 heltec phy f0: SET accepted, board pending, accepted 0x01 of 0x03
22:57:18.570 heltec config f0 <- 00 seq 7: op 1, 6 entries, 6 result(s)
22:57:18.948 bridge CHAN,209,210284,1004,58,42,28,0,-220,-1130,-692
22:57:18.948 bridge FRAME #146 rx t=211398 peer=0xf0 type=11 schema=18 frag=0x01 seq=7 rssi=-23 snr=12 st=0 rx=0 deaf=21045
22:57:19.152 bridge FRAME #147 tx t=211581 peer=0xf1 type=10 schema=18 frag=0x01 seq=7 rssi=- snr=- st=0 rx=5 deaf=21066
22:57:19.568 xiao   phy f1: SET accepted, board pending, accepted 0x01 of 0x01
22:57:19.569 xiao   config f1 <- 00 seq 7: op 1, 6 entries, 6 result(s)
22:57:19.764 bridge CHAN,210,211288,1006,59,42,41,1,-220,-1130,-562
22:57:19.968 bridge FRAME #148 rx t=212404 peer=0xf1 type=11 schema=18 frag=0x01 seq=7 rssi=-33 snr=11 st=0 rx=0 deaf=21463
22:57:19.977 xiao   radio: up - 917000000 Hz, SF9, BW 125.0 kHz, CR 4/5, -4 dBm conducted, 3.0 dBi antenna
22:57:19.978 xiao   phy: retuned, board trial
22:57:20.172 bridge FRAME #149 tx t=212581 peer=0xf2 type=10 schema=18 frag=0x01 seq=7 rssi=- snr=- st=0 rx=5 deaf=21488
22:57:20.608 heltec phy f2: SET accepted, board pending, accepted 0x03 of 0x03
22:57:20.608 heltec config f2 <- 00 seq 7: op 1, 6 entries, 6 result(s)
22:57:20.782 bridge CHAN,211,212294,1000,58,42,42,1,-220,-1130,-531
22:57:20.983 bridge FRAME #150 rx t=213404 peer=0xf2 type=11 schema=18 frag=0x01 seq=7 rssi=-24 snr=11 st=0 rx=0 deaf=21885
22:57:21.018 heltec radio: up - 917000000 Hz, SF9, BW 125.0 kHz, CR 4/5, -4 dBm conducted, 3.0 dBi antenna
22:57:21.018 heltec phy: retuned, board trial
22:57:21.189 bridge phy: every node accepted - retuning
22:57:21.189 bridge LoRa: radio up - 917000000 Hz, SF9, BW 125.0 kHz, CR 4/5, -4 dBm conducted, 3.0 dBi antenna
22:57:21.189 bridge LoRa: stack high-water 6344 bytes free
22:57:21.795 bridge CHAN,212,213294,1008,94,1,77,1,-230,-1130,-973
22:57:22.816 bridge FRAME #151 tx t=215151 peer=0xf0 type=3 schema=0 frag=0x01 seq=53 rssi=- snr=- st=0 rx=5 deaf=21952
22:57:22.816 bridge CHAN,213,214302,1005,78,20,78,0,-1060,-1080,-1070
22:57:23.221 bridge FRAME #152 rx t=215649 peer=0xf0 type=4 schema=240 frag=0x01 seq=19 rssi=-24 snr=11 st=0 rx=0 deaf=22144
22:57:23.828 bridge CHAN,214,215307,1001,83,17,83,1,-230,-1080,-889
22:57:24.849 bridge CHAN,215,216308,1000,100,0,100,0,-1060,-1080,-1070
22:57:25.053 bridge FRAME #153 tx t=217483 peer=0xf1 type=3 schema=0 frag=0x01 seq=54 rssi=- snr=- st=0 rx=5 deaf=22190
22:57:25.872 bridge FRAME #154 rx t=218248 peer=0xf1 type=4 schema=254 frag=0x01 seq=19 rssi=-33 snr=11 st=0 rx=0 deaf=22403
22:57:25.872 bridge CHAN,216,217308,1001,75,23,75,1,-310,-1080,-546
22:57:26.885 bridge CHAN,217,218309,1007,98,2,98,0,-1060,-1080,-1071
22:57:27.907 bridge CHAN,218,219316,1000,100,0,100,0,-1070,-1080,-1071
22:57:28.929 bridge CHAN,219,220316,1007,98,2,98,0,-1060,-1080,-1071
22:57:29.129 bridge FRAME #155 tx t=221584 peer=0xf2 type=3 schema=0 frag=0x01 seq=55 rssi=- snr=- st=0 rx=5 deaf=22466
22:57:29.739 bridge FRAME #156 rx t=222083 peer=0xf2 type=4 schema=240 frag=0x01 seq=16 rssi=-23 snr=11 st=0 rx=0 deaf=22658
22:57:29.944 bridge CHAN,220,221323,1001,79,21,79,1,-220,-1080,-781
22:57:30.078 mqtt   lran/bridge/config/ack {"op":"set","persist":"persisted","results":{"freq_hz":{"status":"ok","value":917000000}}}
22:57:30.088 mqtt   lran/bridge/config/state {"simnode_diag_enable":{"value":1,"source":"override"},"diag_interval_s":{"value":60,"source":"default"},"missed_poll_threshold":{"value":3,"source":"default"},"poll_reply_timeout_ms":{"value":10000,"source":"default"},"command_ack_timeout_ms":{"value":3000,"source":"default"},"cmd_retries":{"value":3,"source":"default"},"cad_retries":{"value":5,"source":"default"},"backoff_max_ms":{"value":1500,"source":"default"},"frag_reassembly_timeout_ms":{"value":5000,"source":"default"},"error_min_interval_ms":{"value":1000,"source":"default"},"config_readback_timeout_ms":{"value":15000,"source":"default"},"config_ack_timeout_ms":{"value":8000,"source":"default"},"republish_interval_s":{"value":900,"source":"override"},"bms_stale_s":{"value":600,"source":"default"},"cell_mv_deadband":{"value":5,"source":"default"},"freq_hz":{"value":917000000,"source":"override"},"spreading_factor":{"value":9,"source":"override"},"bandwidth_khz":{"value":125,"source":"override"},"coding_rate_denominator":{"value":5,"source":"override"},"tx_power_dbm":{"value":-4,"source":"override"},"phy_trial_s":{"value":120,"source":"override"}}
22:57:30.148 bridge phy: every node heard - committed
22:57:30.151 ctl    RESULT freq 917000000: phy: every node heard - committed after 12.8 s
22:57:30.758 bridge FRAME #157 tx t=223036 peer=0xf0 type=10 schema=18 frag=0x01 seq=8 rssi=- snr=- st=0 rx=5 deaf=22704
22:57:30.961 bridge CHAN,221,222324,1009,67,32,67,0,-1060,-1080,-1071
22:57:30.989 heltec config f0 <- 00 seq 8: op 2, 6 entries, 6 result(s)
22:57:31.368 bridge FRAME #158 rx t=223803 peer=0xf0 type=11 schema=18 frag=0x01 seq=8 rssi=-23 snr=11 st=0 rx=0 deaf=23039
22:57:31.981 bridge CHAN,222,223333,1002,95,5,95,1,-220,-1080,-720
22:57:31.984 mqtt   lran/simnode0/config/state {"poll_interval_s":{"value":10,"source":"override"},"deployed":{"value":1,"source":"override"},"dedup_cache_depth":{"value":null,"source":"default"},"frag_reassembly_timeout_ms":{"value":null,"source":"default"},"cad_retries":{"value":null,"source":"default"},"backoff_max_ms":{"value":null,"source":"default"},"freq_hz":{"value":917000000,"source":"override"},"spreading_factor":{"value":9,"source":"default"},"bandwidth_khz":{"value":125,"source":"default"},"coding_rate_denominator":{"value":5,"source":"default"},"tx_power_dbm":{"value":-4,"source":"default"},"phy_trial_s":{"value":120,"source":"default"}}
22:57:32.998 bridge CHAN,223,224335,1006,98,2,98,0,-1060,-1080,-1071
22:57:33.608 bridge FRAME #159 tx t=226102 peer=0xf1 type=10 schema=18 frag=0x01 seq=8 rssi=- snr=- st=0 rx=5 deaf=23080
22:57:34.015 bridge CHAN,224,225341,1007,75,25,75,0,-1060,-1080,-1071
22:57:34.030 xiao   config f1 <- 00 seq 8: op 2, 6 entries, 6 result(s)
22:57:35.035 bridge CHAN,225,226348,1005,90,10,90,0,-310,-1080,-1048
22:57:35.238 bridge FRAME #160 rx t=227707 peer=0xf1 type=11 schema=18 frag=0x01 seq=8 rssi=-33 snr=11 st=0 rx=0 deaf=23415
22:57:35.980 mqtt   lran/simnode1/config/state {"poll_interval_s":{"value":10,"source":"override"},"deployed":{"value":1,"source":"override"},"dedup_cache_depth":{"value":null,"source":"default"},"frag_reassembly_timeout_ms":{"value":null,"source":"default"},"cad_retries":{"value":null,"source":"default"},"backoff_max_ms":{"value":null,"source":"default"},"freq_hz":{"value":917000000,"source":"override"},"spreading_factor":{"value":9,"source":"default"},"bandwidth_khz":{"value":125,"source":"default"},"coding_rate_denominator":{"value":5,"source":"default"},"tx_power_dbm":{"value":-4,"source":"default"},"phy_trial_s":{"value":120,"source":"default"}}
22:57:36.052 bridge CHAN,226,227353,1006,101,0,101,1,-310,-1080,-805
22:57:36.257 bridge FRAME #161 tx t=228584 peer=0xf2 type=10 schema=18 frag=0x01 seq=8 rssi=- snr=- st=0 rx=5 deaf=23440
22:57:36.486 heltec config f2 <- 00 seq 8: op 2, 6 entries, 6 result(s)
22:57:36.861 bridge FRAME #162 rx t=229346 peer=0xf2 type=11 schema=18 frag=0x01 seq=8 rssi=-23 snr=11 st=0 rx=0 deaf=23776
22:57:36.988 mqtt   lran/simnode2/config/state {"poll_interval_s":{"value":10,"source":"override"},"deployed":{"value":1,"source":"override"},"dedup_cache_depth":{"value":null,"source":"default"},"frag_reassembly_timeout_ms":{"value":null,"source":"default"},"cad_retries":{"value":null,"source":"default"},"backoff_max_ms":{"value":null,"source":"default"},"freq_hz":{"value":917000000,"source":"override"},"spreading_factor":{"value":9,"source":"default"},"bandwidth_khz":{"value":125,"source":"default"},"coding_rate_denominator":{"value":5,"source":"default"},"tx_power_dbm":{"value":-4,"source":"default"},"phy_trial_s":{"value":120,"source":"default"}}
22:57:37.066 bridge CHAN,227,228359,1009,65,35,65,1,-220,-1080,-553
22:57:37.880 bridge CHAN,228,229368,1000,100,0,100,0,-1070,-1080,-1071
22:57:38.898 bridge CHAN,229,230368,1001,97,2,97,0,-1060,-1080,-1071
22:57:39.508 bridge FRAME #163 tx t=231861 peer=0xf1 type=3 schema=0 frag=0x01 seq=56 rssi=- snr=- st=0 rx=5 deaf=23847
22:57:39.915 bridge CHAN,230,231369,1000,75,23,75,0,-310,-1080,-800
22:57:40.118 bridge poll: f1 answered in 2076 ms (window 10000 ms)
22:57:40.118 bridge FRAME #164 rx t=232626 peer=0xf1 type=4 schema=254 frag=0x01 seq=20 rssi=-33 snr=11 st=0 rx=0 deaf=24039
22:57:40.933 bridge CHAN,231,232369,1008,101,0,101,1,-310,-1080,-873
22:57:41.952 bridge CHAN,232,233377,1008,95,4,95,0,-1060,-1080,-1071
22:57:42.963 bridge CHAN,233,234385,1007,98,2,98,0,-1060,-1080,-1070
22:57:43.983 bridge CHAN,234,235392,1007,98,2,98,0,-1060,-1080,-1070
22:57:45.003 bridge CHAN,235,236399,1000,100,0,100,0,-1060,-1080,-1071
22:57:46.021 bridge CHAN,236,237399,1001,97,2,97,0,-1060,-1080,-1070
22:57:46.431 bridge FRAME #165 tx t=238915 peer=0xf2 type=3 schema=0 frag=0x01 seq=57 rssi=- snr=- st=0 rx=5 deaf=24177
22:57:47.039 bridge poll: f2 answered in 5864 ms (window 10000 ms)
22:57:47.039 bridge FRAME #166 rx t=239414 peer=0xf2 type=4 schema=240 frag=0x01 seq=17 rssi=-24 snr=11 st=0 rx=0 deaf=24369
22:57:47.039 bridge CHAN,237,238400,1003,78,21,78,0,-220,-1080,-802
22:57:47.244 bridge FRAME #167 tx t=239576 peer=0xf0 type=3 schema=0 frag=0x01 seq=58 rssi=- snr=- st=0 rx=5 deaf=24390
22:57:47.652 bridge poll: f0 answered in 525 ms (window 10000 ms)
22:57:47.653 bridge FRAME #168 rx t=240075 peer=0xf0 type=4 schema=240 frag=0x01 seq=20 rssi=-23 snr=11 st=0 rx=0 deaf=24582
22:57:48.055 bridge CHAN,238,239403,1003,80,21,80,2,-220,-1090,-764
22:57:49.077 bridge CHAN,239,240406,1007,98,2,98,0,-1060,-1080,-1070
22:57:49.077 bridge FRAME #169 tx t=241548 peer=0xf1 type=3 schema=0 frag=0x01 seq=59 rssi=- snr=- st=0 rx=5 deaf=24628
22:57:49.891 bridge poll: f1 answered in 1763 ms (window 10000 ms)
22:57:49.891 bridge FRAME #170 rx t=242313 peer=0xf1 type=4 schema=254 frag=0x01 seq=21 rssi=-33 snr=11 st=0 rx=0 deaf=24820
22:57:49.891 bridge CHAN,240,241413,1001,78,21,78,1,-320,-1080,-560
22:57:50.907 bridge CHAN,241,242414,1000,100,0,100,0,-1060,-1080,-1072
22:57:51.014 mqtt   lran/bridge/diag/state {"rx_crc_err":0,"rx_runt":0,"rx_oversize":0,"rx_bad_crc":0,"rx_bad_ver":0,"rx_not_addressed":0,"rx_unknown_hdr_ext":0,"rx_bad_frag":0,"rx_unknown_type":0,"rx_unknown_schema":0,"rx_bad_length":0,"rx_not_fragmentable":0,"rx_rejected_ctx":0,"rx_rejected_mac":0,"rx_unknown_src":0,"rx_reassembly_timeout":0,"rx_fragment_overflow":0,"rx_reassembly_abandoned":0,"rx_rejected_seq":0,"rx_frag_duplicate":0,"rx_frag_late":0,"rx_dup_command":0,"rx_dropped":0,"rx_frames":84,"ctx_rolls":3,"ctx_roll_failed":0}
22:57:51.019 mqtt   lran/bridge/diag/radio/state {"tx_frames":87,"cad_backoffs":85,"errors_suppressed":0,"cad_deferred":3,"cad_free":84,"rx_deaf_ms":24820,"cad_errors":0,"tx_forced":3,"tx_errors":0,"tx_timeouts":0,"tx_dropped_no_radio":0,"rx_driver_errors":0,"rx_no_interrupt":0,"rx_wake_empty":0,"begin_failures":0,"last_begin_status":0,"q_rx_dropped":0,"q_rx_high_water":1,"q_publish_dropped":0,"q_publish_high_water":9,"q_tx_dropped":0,"q_tx_high_water":2,"q_log_dropped":0,"q_log_high_water":0,"q_command_dropped":0,"q_command_high_water":0,"q_config_dropped":0,"q_config_high_water":1}
22:57:51.019 mqtt   lran/bridge/diag/cmd/state {"cmd_submitted":0,"cmd_refused_busy":0,"cmd_sent":0,"cmd_retries":0,"cmd_acked":0,"cmd_no_ack":0,"cmd_resyncs":0,"cmd_resync_failed":0,"cmd_ack_ignored":1,"cmd_refused_roll_pending":0,"roll_sent":4,"roll_retries":1,"roll_busy":0,"roll_by_rejected_ctx":0}
22:57:51.019 mqtt   lran/bridge/diag/publish/state {"status_frames":56,"documents":0,"unchanged":0,"heartbeats":0,"event_frames":0,"events":0,"event_repeats":0,"bench_withheld":56,"queue_refused":0,"undecodable":0}
22:57:51.020 mqtt   lran/simnode0/diag/state {"rssi_dbm":-23,"snr_db":11,"last_seen_s":3,"missed_polls":0,"proto_ver":2,"unsupported_ver":null}
22:57:51.020 mqtt   lran/simnode1/diag/state {"rssi_dbm":-33,"snr_db":11,"last_seen_s":1,"missed_polls":0,"proto_ver":2,"unsupported_ver":null}
22:57:51.020 mqtt   lran/simnode2/diag/state {"rssi_dbm":-24,"snr_db":11,"last_seen_s":4,"missed_polls":0,"proto_ver":2,"unsupported_ver":null}
22:57:51.109 bridge FRAME #171 tx t=243579 peer=0xf2 type=3 schema=0 frag=0x01 seq=60 rssi=- snr=- st=0 rx=5 deaf=24845
22:57:51.517 bridge poll: f2 answered in 528 ms (window 10000 ms)
22:57:51.717 bridge FRAME #172 rx t=244078 peer=0xf2 type=4 schema=240 frag=0x01 seq=18 rssi=-24 snr=11 st=0 rx=0 deaf=25037
22:57:51.923 bridge CHAN,242,243414,1005,79,21,79,1,-220,-1080,-783
22:57:52.935 bridge CHAN,243,244419,1000,100,0,100,0,-1060,-1080,-1070
22:57:53.951 bridge CHAN,244,245419,1000,100,0,100,0,-1060,-1080,-1071
22:57:54.974 bridge CHAN,245,246419,1000,100,0,100,0,-1010,-1080,-1067
22:57:55.983 bridge CHAN,246,247419,1000,100,0,100,0,-1060,-1080,-1071
22:57:57.002 bridge CHAN,247,248419,1000,100,0,100,0,-1070,-1080,-1071
22:57:58.023 bridge CHAN,248,249419,1007,98,2,98,0,-1060,-1080,-1070
22:57:58.023 bridge FRAME #173 tx t=250477 peer=0xf0 type=3 schema=0 frag=0x01 seq=61 rssi=- snr=- st=0 rx=5 deaf=25079
22:57:58.431 bridge poll: f0 answered in 1426 ms (window 10000 ms)
22:57:58.636 bridge FRAME #174 rx t=250976 peer=0xf0 type=4 schema=240 frag=0x01 seq=21 rssi=-23 snr=11 st=0 rx=0 deaf=25271
22:57:59.045 bridge CHAN,249,250426,1001,79,21,79,1,-220,-1080,-783
22:57:59.045 bridge CHANSUM,190,249,60,60171,5415,572,3722,21,47,0,-220,-1140,-1080,-1100
22:58:00.066 bridge CHAN,250,251427,1001,97,2,97,0,-1060,-1080,-1069
22:58:00.878 bridge FRAME #175 tx t=253320 peer=0xf1 type=3 schema=0 frag=0x01 seq=62 rssi=- snr=- st=0 rx=5 deaf=25342
22:58:00.971 ctl    PUB lran/bridge/config/set {"set": {"freq_hz": 917400000}}
22:58:00.975 mqtt   lran/bridge/config/set {"set": {"freq_hz": 917400000}}
22:58:01.079 bridge CHAN,251,252428,1008,85,14,85,0,-1060,-1080,-1070
22:58:01.888 bridge CHAN,252,253436,1002,91,9,91,0,-1060,-1080,-1070
22:58:02.501 bridge poll: f1 answered in 3428 ms (window 10000 ms)
22:58:02.501 bridge FRAME #176 rx t=254978 peer=0xf1 type=4 schema=254 frag=0x01 seq=22 rssi=-33 snr=12 st=0 rx=0 deaf=25534
22:58:02.910 bridge CHAN,253,254438,1002,101,0,101,1,-320,-1080,-673
22:58:03.112 bridge phy: change started across 3 node(s)
22:58:03.924 bridge CHAN,254,255440,1001,97,2,97,0,-1060,-1080,-1070
22:58:04.943 bridge CHAN,255,256441,1007,98,2,98,0,-1050,-1080,-1070
22:58:05.967 bridge CHAN,256,257448,1007,98,2,98,0,-1060,-1080,-1070
22:58:06.985 bridge CHAN,257,258455,1007,98,2,98,0,-1060,-1080,-1070
22:58:08.001 bridge CHAN,258,259462,1007,98,2,98,0,-1060,-1080,-1070
22:58:08.409 bridge FRAME #177 tx t=260780 peer=0xf0 type=10 schema=18 frag=0x01 seq=9 rssi=- snr=- st=0 rx=5 deaf=25664
22:58:08.693 heltec phy f0: SET accepted, board pending, accepted 0x01 of 0x03
22:58:08.693 heltec config f0 <- 00 seq 9: op 1, 6 entries, 6 result(s)
22:58:09.021 bridge CHAN,259,260469,1004,58,41,58,0,-220,-1080,-696
22:58:09.226 bridge FRAME #178 rx t=261604 peer=0xf0 type=11 schema=18 frag=0x01 seq=9 rssi=-24 snr=11 st=0 rx=0 deaf=26061
22:58:10.039 bridge CHAN,260,261473,1002,101,0,101,1,-220,-1080,-954
22:58:10.648 bridge FRAME #179 tx t=263133 peer=0xf1 type=10 schema=18 frag=0x01 seq=9 rssi=- snr=- st=0 rx=5 deaf=26103
22:58:11.059 bridge CHAN,261,262475,1004,62,37,62,0,-1060,-1080,-1070
22:58:11.092 xiao   phy f1: SET accepted, board pending, accepted 0x01 of 0x01
22:58:11.092 xiao   config f1 <- 00 seq 9: op 1, 6 entries, 6 result(s)
22:58:11.460 bridge FRAME #180 rx t=263956 peer=0xf1 type=11 schema=18 frag=0x01 seq=9 rssi=-33 snr=11 st=0 rx=0 deaf=26500
22:58:11.501 xiao   radio: up - 917400000 Hz, SF9, BW 125.0 kHz, CR 4/5, -4 dBm conducted, 3.0 dBi antenna
22:58:11.501 xiao   phy: retuned, board trial
22:58:12.071 bridge CHAN,262,263479,1008,94,7,94,1,-290,-1080,-754
22:58:12.274 bridge FRAME #181 tx t=264582 peer=0xf2 type=10 schema=18 frag=0x01 seq=9 rssi=- snr=- st=0 rx=5 deaf=26525
22:58:12.546 heltec phy f2: SET accepted, board pending, accepted 0x03 of 0x03
22:58:12.546 heltec config f2 <- 00 seq 9: op 1, 6 entries, 6 result(s)
22:58:12.952 heltec radio: up - 917400000 Hz, SF9, BW 125.0 kHz, CR 4/5, -4 dBm conducted, 3.0 dBi antenna
22:58:12.952 heltec phy: retuned, board trial
22:58:13.085 bridge FRAME #182 rx t=265406 peer=0xf2 type=11 schema=18 frag=0x01 seq=9 rssi=-23 snr=11 st=0 rx=0 deaf=26922
22:58:13.085 bridge phy: every node accepted - retuning
22:58:13.085 bridge CHAN,263,264487,1000,58,42,58,1,-220,-1080,-488
22:58:13.085 bridge LoRa: radio up - 917400000 Hz, SF9, BW 125.0 kHz, CR 4/5, -4 dBm conducted, 3.0 dBi antenna
22:58:13.085 bridge LoRa: stack high-water 6344 bytes free
22:58:14.100 bridge CHAN,264,265487,1008,96,1,9,0,-1060,-1130,-1120
22:58:14.101 bridge FRAME #183 tx t=266576 peer=0xf0 type=3 schema=0 frag=0x01 seq=63 rssi=- snr=- st=0 rx=5 deaf=26943
22:58:14.710 bridge FRAME #184 rx t=267075 peer=0xf0 type=4 schema=240 frag=0x01 seq=22 rssi=-24 snr=11 st=0 rx=0 deaf=27135
22:58:15.115 bridge CHAN,265,266495,1001,79,21,28,1,-220,-1130,-820
22:58:15.320 bridge FRAME #185 tx t=267744 peer=0xf1 type=3 schema=0 frag=0x01 seq=64 rssi=- snr=- st=0 rx=5 deaf=27177
22:58:16.136 bridge FRAME #186 rx t=268508 peer=0xf1 type=4 schema=254 frag=0x01 seq=23 rssi=-33 snr=11 st=0 rx=0 deaf=27369
22:58:16.136 bridge CHAN,266,267496,1006,76,23,53,0,-310,-1130,-573
22:58:16.136 bridge FRAME #187 tx t=268581 peer=0xf2 type=3 schema=0 frag=0x01 seq=65 rssi=- snr=- st=0 rx=5 deaf=27390
22:58:16.747 bridge FRAME #188 rx t=269080 peer=0xf2 type=4 schema=240 frag=0x01 seq=19 rssi=-24 snr=11 st=0 rx=0 deaf=27582
22:58:17.080 mqtt   lran/bridge/config/ack {"op":"set","persist":"persisted","results":{"freq_hz":{"status":"ok","value":917400000}}}
22:58:17.086 mqtt   lran/bridge/config/state {"simnode_diag_enable":{"value":1,"source":"override"},"diag_interval_s":{"value":60,"source":"default"},"missed_poll_threshold":{"value":3,"source":"default"},"poll_reply_timeout_ms":{"value":10000,"source":"default"},"command_ack_timeout_ms":{"value":3000,"source":"default"},"cmd_retries":{"value":3,"source":"default"},"cad_retries":{"value":5,"source":"default"},"backoff_max_ms":{"value":1500,"source":"default"},"frag_reassembly_timeout_ms":{"value":5000,"source":"default"},"error_min_interval_ms":{"value":1000,"source":"default"},"config_readback_timeout_ms":{"value":15000,"source":"default"},"config_ack_timeout_ms":{"value":8000,"source":"default"},"republish_interval_s":{"value":900,"source":"override"},"bms_stale_s":{"value":600,"source":"default"},"cell_mv_deadband":{"value":5,"source":"default"},"freq_hz":{"value":917400000,"source":"override"},"spreading_factor":{"value":9,"source":"override"},"bandwidth_khz":{"value":125,"source":"override"},"coding_rate_denominator":{"value":5,"source":"override"},"tx_power_dbm":{"value":-4,"source":"override"},"phy_trial_s":{"value":120,"source":"override"}}
22:58:17.156 bridge phy: every node heard - committed
22:58:17.156 bridge CHAN,267,268502,1009,80,21,30,2,-220,-1140,-809
22:58:17.156 bridge FRAME #189 tx t=269582 peer=0xf0 type=10 schema=18 frag=0x01 seq=10 rssi=- snr=- st=0 rx=5 deaf=27603
22:58:17.257 ctl    RESULT freq 917400000: phy: every node heard - committed after 16.2 s
22:58:17.414 heltec config f0 <- 00 seq 10: op 2, 6 entries, 6 result(s)
22:58:17.972 bridge FRAME #190 rx t=270350 peer=0xf0 type=11 schema=18 frag=0x01 seq=10 rssi=-23 snr=11 st=0 rx=0 deaf=27938
22:58:17.977 mqtt   lran/simnode0/config/state {"poll_interval_s":{"value":10,"source":"override"},"deployed":{"value":1,"source":"override"},"dedup_cache_depth":{"value":null,"source":"default"},"frag_reassembly_timeout_ms":{"value":null,"source":"default"},"cad_retries":{"value":null,"source":"default"},"backoff_max_ms":{"value":null,"source":"default"},"freq_hz":{"value":917400000,"source":"default"},"spreading_factor":{"value":9,"source":"default"},"bandwidth_khz":{"value":125,"source":"default"},"coding_rate_denominator":{"value":5,"source":"default"},"tx_power_dbm":{"value":-4,"source":"default"},"phy_trial_s":{"value":120,"source":"default"}}
22:58:18.178 bridge CHAN,268,269511,1000,64,35,40,1,-220,-1130,-571
22:58:18.178 bridge FRAME #191 tx t=270582 peer=0xf1 type=10 schema=18 frag=0x01 seq=10 rssi=- snr=- st=0 rx=5 deaf=27959
22:58:18.411 xiao   config f1 <- 00 seq 10: op 2, 6 entries, 6 result(s)
22:58:18.989 mqtt   lran/simnode1/config/state {"poll_interval_s":{"value":10,"source":"override"},"deployed":{"value":1,"source":"override"},"dedup_cache_depth":{"value":null,"source":"default"},"frag_reassembly_timeout_ms":{"value":null,"source":"default"},"cad_retries":{"value":null,"source":"default"},"backoff_max_ms":{"value":null,"source":"default"},"freq_hz":{"value":917400000,"source":"default"},"spreading_factor":{"value":9,"source":"default"},"bandwidth_khz":{"value":125,"source":"default"},"coding_rate_denominator":{"value":5,"source":"default"},"tx_power_dbm":{"value":-4,"source":"default"},"phy_trial_s":{"value":120,"source":"default"}}
22:58:18.989 bridge FRAME #192 rx t=271350 peer=0xf1 type=11 schema=18 frag=0x01 seq=10 rssi=-33 snr=11 st=0 rx=0 deaf=28294
22:58:19.193 bridge CHAN,269,270511,1000,64,35,40,1,-310,-1140,-636
22:58:19.193 bridge FRAME #193 tx t=271582 peer=0xf2 type=10 schema=18 frag=0x01 seq=10 rssi=- snr=- st=0 rx=5 deaf=28315
22:58:19.458 heltec config f2 <- 00 seq 10: op 2, 6 entries, 6 result(s)
22:58:20.622 bridge FRAME #194 rx t=273021 peer=0xf2 type=11 schema=18 frag=0x01 seq=10 rssi=-23 snr=11 st=0 rx=0 deaf=28650
22:58:20.981 mqtt   lran/simnode2/config/state {"poll_interval_s":{"value":10,"source":"override"},"deployed":{"value":1,"source":"override"},"dedup_cache_depth":{"value":null,"source":"default"},"frag_reassembly_timeout_ms":{"value":null,"source":"default"},"cad_retries":{"value":null,"source":"default"},"backoff_max_ms":{"value":null,"source":"default"},"freq_hz":{"value":917400000,"source":"default"},"spreading_factor":{"value":9,"source":"default"},"bandwidth_khz":{"value":125,"source":"default"},"coding_rate_denominator":{"value":5,"source":"default"},"tx_power_dbm":{"value":-4,"source":"default"},"phy_trial_s":{"value":120,"source":"default"}}
22:58:21.033 bridge CHAN,271,272514,1008,101,0,40,1,-220,-1130,-778
22:58:22.256 bridge FRAME #195 tx t=274577 peer=0xf2 type=3 schema=0 frag=0x01 seq=66 rssi=- snr=- st=0 rx=5 deaf=28675
22:58:22.666 bridge poll: f2 answered in 526 ms (window 10000 ms)
22:58:22.667 bridge FRAME #196 rx t=275076 peer=0xf2 type=4 schema=240 frag=0x01 seq=20 rssi=-23 snr=11 st=0 rx=0 deaf=28867
22:58:23.075 bridge CHAN,273,274522,1005,79,21,28,1,-220,-1140,-818
22:58:24.711 bridge FRAME #197 tx t=277075 peer=0xf0 type=3 schema=0 frag=0x01 seq=67 rssi=- snr=- st=0 rx=5 deaf=28909
22:58:25.114 bridge CHAN,275,276534,1009,79,21,23,0,-220,-1130,-866
22:58:25.114 bridge poll: f0 answered in 2024 ms (window 10000 ms)
22:58:25.114 bridge FRAME #198 rx t=277574 peer=0xf0 type=4 schema=240 frag=0x01 seq=23 rssi=-24 snr=11 st=0 rx=0 deaf=29101
22:58:26.131 bridge CHAN,276,277543,1002,101,0,7,1,-230,-1140,-1087
22:58:26.950 bridge FRAME #199 tx t=279437 peer=0xf1 type=3 schema=0 frag=0x01 seq=68 rssi=- snr=- st=0 rx=5 deaf=29147
22:58:27.761 bridge poll: f1 answered in 1654 ms (window 10000 ms)
22:58:27.761 bridge FRAME #200 rx t=280204 peer=0xf1 type=4 schema=254 frag=0x01 seq=24 rssi=-33 snr=11 st=0 rx=0 deaf=29339
22:58:28.169 bridge CHAN,278,279553,1003,91,9,55,1,-310,-1130,-650
22:58:32.245 bridge FRAME #201 tx t=284577 peer=0xf2 type=3 schema=0 frag=0x01 seq=69 rssi=- snr=- st=0 rx=5 deaf=29360
22:58:32.655 bridge poll: f2 answered in 525 ms (window 10000 ms)
22:58:32.655 bridge FRAME #202 rx t=285075 peer=0xf2 type=4 schema=240 frag=0x01 seq=21 rssi=-23 snr=12 st=0 rx=0 deaf=29552
22:58:33.059 bridge CHAN,283,284556,1000,78,21,29,1,-220,-1130,-815
22:58:33.263 bridge FRAME #203 tx t=285577 peer=0xf0 type=3 schema=0 frag=0x01 seq=70 rssi=- snr=- st=0 rx=5 deaf=29573
22:58:33.672 bridge poll: f0 answered in 525 ms (window 10000 ms)
22:58:33.672 bridge FRAME #204 rx t=286075 peer=0xf0 type=4 schema=240 frag=0x01 seq=24 rssi=-24 snr=11 st=0 rx=0 deaf=29765
22:58:34.077 bridge CHAN,284,285556,1000,78,21,28,1,-220,-1140,-818
22:58:36.123 bridge FRAME #205 tx t=288581 peer=0xf1 type=3 schema=0 frag=0x01 seq=71 rssi=- snr=- st=0 rx=5 deaf=29790
22:58:36.938 bridge poll: f1 answered in 796 ms (window 10000 ms)
22:58:36.938 bridge FRAME #206 rx t=289346 peer=0xf1 type=4 schema=254 frag=0x01 seq=25 rssi=-33 snr=12 st=0 rx=0 deaf=29982
22:58:37.139 bridge CHAN,287,288556,1001,78,21,54,1,-320,-1140,-577
22:58:38.164 bridge CHAN,288,289557,1000,100,0,10,0,-1020,-1130,-1115
22:58:39.180 bridge CHAN,289,290557,1000,100,0,19,0,-1010,-1140,-1106
22:58:40.196 bridge CHAN,290,291557,1000,100,0,14,0,-1000,-1140,-1112
22:58:42.234 bridge FRAME #207 tx t=294578 peer=0xf2 type=3 schema=0 frag=0x01 seq=72 rssi=- snr=- st=0 rx=5 deaf=30003
22:58:42.644 bridge poll: f2 answered in 526 ms (window 10000 ms)
22:58:42.644 bridge FRAME #208 rx t=295076 peer=0xf2 type=4 schema=240 frag=0x01 seq=22 rssi=-24 snr=11 st=0 rx=0 deaf=30195
22:58:43.055 bridge CHAN,293,294557,1000,78,21,28,1,-220,-1130,-816
22:58:43.260 bridge FRAME #209 tx t=295578 peer=0xf0 type=3 schema=0 frag=0x01 seq=73 rssi=- snr=- st=0 rx=5 deaf=30216
22:58:43.664 bridge poll: f0 answered in 526 ms (window 10000 ms)
22:58:43.664 bridge FRAME #210 rx t=296076 peer=0xf0 type=4 schema=240 frag=0x01 seq=25 rssi=-23 snr=11 st=0 rx=0 deaf=30408
22:58:44.072 bridge CHAN,294,295557,1000,78,21,28,1,-220,-1140,-815
22:58:46.108 bridge FRAME #211 tx t=298582 peer=0xf1 type=3 schema=0 frag=0x01 seq=74 rssi=- snr=- st=0 rx=5 deaf=30433
22:58:46.929 bridge poll: f1 answered in 797 ms (window 10000 ms)
22:58:46.929 bridge FRAME #212 rx t=299347 peer=0xf1 type=4 schema=254 frag=0x01 seq=26 rssi=-33 snr=11 st=0 rx=0 deaf=30625
22:58:47.131 bridge CHAN,297,298557,1001,78,21,54,1,-320,-1130,-577
22:58:47.260 ctl    === command latency, five OPENs to simnode1 under 10 s polling
22:58:47.260 ctl    PUB lran/simnode1/cmd/open/set PRESS
22:58:47.276 mqtt   lran/simnode1/cmd/open/set PRESS
22:58:48.153 bridge CHAN,298,299558,1000,100,0,1,0,-1100,-1140,-1126
22:58:48.559 bridge FRAME #213 tx t=300920 peer=0xf1 type=1 schema=0 frag=0x01 seq=11 rssi=- snr=- st=0 rx=5 deaf=30671
22:58:48.749 xiao   cmd f1 <- 00 seq 11: OPEN ACCEPTED
22:58:48.968 bridge FRAME #214 rx t=301395 peer=0xf1 type=2 schema=0 frag=0x01 seq=27 rssi=-33 snr=11 st=0 rx=0 deaf=30904
22:58:48.991 mqtt   lran/simnode1/cmd/ack {"outcome":"acked","seq":11,"attempts":1,"result":0,"detail":0}
22:58:49.090 ctl    CMD 0: 1.7 s lran/simnode1/cmd/ack {"outcome":"acked","seq":11,"attempts":1,"result":0,"detail":0}
22:58:49.171 bridge cmd: f1 seq 11 -> outcome 1 result 0 detail 0
22:58:49.171 bridge CHAN,299,300558,1008,72,27,22,1,-290,-1130,-886
22:58:51.020 mqtt   lran/bridge/diag/state {"rx_crc_err":0,"rx_runt":0,"rx_oversize":0,"rx_bad_crc":0,"rx_bad_ver":0,"rx_not_addressed":0,"rx_unknown_hdr_ext":0,"rx_bad_frag":0,"rx_unknown_type":0,"rx_unknown_schema":0,"rx_bad_length":0,"rx_not_fragmentable":0,"rx_rejected_ctx":0,"rx_rejected_mac":0,"rx_unknown_src":0,"rx_reassembly_timeout":0,"rx_fragment_overflow":0,"rx_reassembly_abandoned":0,"rx_rejected_seq":0,"rx_frag_duplicate":0,"rx_frag_late":0,"rx_dup_command":0,"rx_dropped":0,"rx_frames":106,"ctx_rolls":3,"ctx_roll_failed":0}
22:58:51.024 mqtt   lran/bridge/diag/radio/state {"tx_frames":109,"cad_backoffs":98,"errors_suppressed":0,"cad_deferred":3,"cad_free":106,"rx_deaf_ms":30904,"cad_errors":0,"tx_forced":3,"tx_errors":0,"tx_timeouts":0,"tx_dropped_no_radio":0,"rx_driver_errors":0,"rx_no_interrupt":0,"rx_wake_empty":0,"begin_failures":0,"last_begin_status":0,"q_rx_dropped":0,"q_rx_high_water":1,"q_publish_dropped":0,"q_publish_high_water":9,"q_tx_dropped":0,"q_tx_high_water":2,"q_log_dropped":0,"q_log_high_water":0,"q_command_dropped":0,"q_command_high_water":1,"q_config_dropped":0,"q_config_high_water":1}
22:58:51.024 mqtt   lran/bridge/diag/cmd/state {"cmd_submitted":1,"cmd_refused_busy":0,"cmd_sent":1,"cmd_retries":0,"cmd_acked":1,"cmd_no_ack":0,"cmd_resyncs":0,"cmd_resync_failed":0,"cmd_ack_ignored":1,"cmd_refused_roll_pending":0,"roll_sent":4,"roll_retries":1,"roll_busy":0,"roll_by_rejected_ctx":0}
22:58:51.024 mqtt   lran/bridge/diag/publish/state {"status_frames":71,"documents":0,"unchanged":0,"heartbeats":0,"event_frames":0,"events":0,"event_repeats":0,"bench_withheld":71,"queue_refused":0,"undecodable":0}
22:58:51.024 mqtt   lran/simnode0/diag/state {"rssi_dbm":-23,"snr_db":11,"last_seen_s":7,"missed_polls":0,"proto_ver":2,"unsupported_ver":null}
22:58:51.024 mqtt   lran/simnode1/diag/state {"rssi_dbm":-33,"snr_db":11,"last_seen_s":2,"missed_polls":0,"proto_ver":2,"unsupported_ver":null}
22:58:51.024 mqtt   lran/simnode2/diag/state {"rssi_dbm":-24,"snr_db":11,"last_seen_s":8,"missed_polls":0,"proto_ver":2,"unsupported_ver":null}
22:58:52.226 bridge FRAME #215 tx t=304581 peer=0xf2 type=3 schema=0 frag=0x01 seq=75 rssi=- snr=- st=0 rx=5 deaf=30929
22:58:52.631 bridge poll: f2 answered in 529 ms (window 10000 ms)
22:58:52.631 bridge FRAME #216 rx t=305079 peer=0xf2 type=4 schema=240 frag=0x01 seq=23 rssi=-24 snr=12 st=0 rx=0 deaf=31121
22:58:53.239 bridge FRAME #217 tx t=305581 peer=0xf0 type=3 schema=0 frag=0x01 seq=76 rssi=- snr=- st=0 rx=5 deaf=31142
22:58:53.239 bridge CHAN,303,304572,1004,78,21,28,1,-220,-1130,-818
22:58:53.650 bridge poll: f0 answered in 529 ms (window 10000 ms)
22:58:53.650 bridge FRAME #218 rx t=306079 peer=0xf0 type=4 schema=240 frag=0x01 seq=26 rssi=-23 snr=11 st=0 rx=0 deaf=31334
22:58:54.263 bridge CHAN,304,305576,1004,79,21,28,1,-220,-1130,-820
22:58:56.095 ctl    PUB lran/simnode1/cmd/open/set PRESS
22:58:56.100 mqtt   lran/simnode1/cmd/open/set PRESS
22:58:56.303 bridge FRAME #219 tx t=308585 peer=0xf1 type=3 schema=0 frag=0x01 seq=77 rssi=- snr=- st=0 rx=5 deaf=31359
22:58:56.914 bridge poll: f1 answered in 800 ms (window 10000 ms)
22:58:56.914 bridge FRAME #220 rx t=309350 peer=0xf1 type=4 schema=254 frag=0x01 seq=28 rssi=-33 snr=12 st=0 rx=0 deaf=31551
22:58:57.116 bridge CHAN,307,308585,1003,77,22,54,1,-320,-1130,-570
22:58:57.722 bridge FRAME #221 tx t=310079 peer=0xf1 type=1 schema=0 frag=0x01 seq=12 rssi=- snr=- st=0 rx=5 deaf=31593
22:58:57.934 xiao   cmd f1 <- 00 seq 12: OPEN ACCEPTED
22:58:58.132 bridge FRAME #222 rx t=310558 peer=0xf1 type=2 schema=0 frag=0x01 seq=29 rssi=-33 snr=11 st=0 rx=0 deaf=31826
22:58:58.132 bridge CHAN,308,309588,1001,74,25,21,1,-310,-1130,-902
22:58:59.008 mqtt   lran/simnode1/cmd/ack {"outcome":"acked","seq":12,"attempts":1,"result":0,"detail":0}
22:58:59.151 ctl    CMD 1: 2.9 s lran/simnode1/cmd/ack {"outcome":"acked","seq":12,"attempts":1,"result":0,"detail":0}
22:58:59.153 bridge cmd: f1 seq 12 -> outcome 1 result 0 detail 0
22:58:59.153 bridge CHANSUM,250,309,60,60162,5340,643,2007,24,40,0,-220,-1140,-1080,-1121
22:59:02.206 bridge FRAME #223 tx t=314584 peer=0xf2 type=3 schema=0 frag=0x01 seq=78 rssi=- snr=- st=0 rx=5 deaf=31851
22:59:02.611 bridge poll: f2 answered in 532 ms (window 10000 ms)
22:59:02.611 bridge FRAME #224 rx t=315082 peer=0xf2 type=4 schema=240 frag=0x01 seq=24 rssi=-23 snr=11 st=0 rx=0 deaf=32043
22:59:03.222 bridge FRAME #225 tx t=315578 peer=0xf0 type=3 schema=0 frag=0x01 seq=79 rssi=- snr=- st=0 rx=5 deaf=32068
22:59:03.222 bridge CHAN,313,314600,1005,77,22,28,1,-220,-1130,-812
22:59:03.623 bridge poll: f0 answered in 527 ms (window 10000 ms)
22:59:03.623 bridge FRAME #226 rx t=316077 peer=0xf0 type=4 schema=240 frag=0x01 seq=27 rssi=-23 snr=11 st=0 rx=0 deaf=32260
22:59:04.233 bridge CHAN,314,315605,1003,83,18,28,1,-220,-1130,-833
22:59:06.060 bridge FRAME #227 tx t=318583 peer=0xf1 type=3 schema=0 frag=0x01 seq=80 rssi=- snr=- st=0 rx=5 deaf=32285
22:59:06.875 bridge poll: f1 answered in 797 ms (window 10000 ms)
22:59:06.875 bridge FRAME #228 rx t=319347 peer=0xf1 type=4 schema=254 frag=0x01 seq=30 rssi=-33 snr=11 st=0 rx=0 deaf=32477
22:59:07.278 bridge CHAN,317,318609,1000,82,18,55,1,-310,-1140,-599
22:59:09.156 ctl    PUB lran/simnode1/cmd/open/set PRESS
22:59:09.166 mqtt   lran/simnode1/cmd/open/set PRESS
22:59:10.131 bridge FRAME #229 tx t=322584 peer=0xf1 type=1 schema=0 frag=0x01 seq=13 rssi=- snr=- st=0 rx=5 deaf=32502
22:59:10.344 xiao   cmd f1 <- 00 seq 13: OPEN ACCEPTED
22:59:10.537 bridge FRAME #230 rx t=323059 peer=0xf1 type=2 schema=0 frag=0x01 seq=31 rssi=-33 snr=11 st=0 rx=0 deaf=32735
22:59:10.977 mqtt   lran/simnode1/cmd/ack {"outcome":"acked","seq":13,"attempts":1,"result":0,"detail":0}
22:59:10.995 ctl    CMD 2: 1.8 s lran/simnode1/cmd/ack {"outcome":"acked","seq":13,"attempts":1,"result":0,"detail":0}
22:59:11.147 bridge cmd: f1 seq 13 -> outcome 1 result 0 detail 0
22:59:11.147 bridge CHAN,321,322610,1000,78,22,22,1,-320,-1130,-905
22:59:12.369 bridge FRAME #231 tx t=324748 peer=0xf2 type=3 schema=0 frag=0x01 seq=81 rssi=- snr=- st=0 rx=5 deaf=32777
22:59:12.774 bridge poll: f2 answered in 696 ms (window 10000 ms)
22:59:12.774 bridge FRAME #232 rx t=325246 peer=0xf2 type=4 schema=240 frag=0x01 seq=25 rssi=-23 snr=11 st=0 rx=0 deaf=32969
22:59:13.184 bridge FRAME #233 tx t=325582 peer=0xf0 type=3 schema=0 frag=0x01 seq=82 rssi=- snr=- st=0 rx=5 deaf=32994
22:59:13.184 bridge CHAN,323,324617,1001,73,25,28,1,-220,-1130,-798
22:59:13.591 bridge poll: f0 answered in 530 ms (window 10000 ms)
22:59:13.591 bridge FRAME #234 rx t=326080 peer=0xf0 type=4 schema=240 frag=0x01 seq=28 rssi=-24 snr=11 st=0 rx=0 deaf=33186
22:59:14.203 bridge CHAN,324,325618,1003,83,17,28,1,-220,-1130,-838
22:59:16.039 bridge FRAME #235 tx t=328571 peer=0xf1 type=3 schema=0 frag=0x01 seq=83 rssi=- snr=- st=0 rx=5 deaf=33206
22:59:16.847 bridge poll: f1 answered in 786 ms (window 10000 ms)
22:59:16.847 bridge FRAME #236 rx t=329336 peer=0xf1 type=4 schema=254 frag=0x01 seq=32 rssi=-33 snr=12 st=0 rx=0 deaf=33398
22:59:17.256 bridge CHAN,327,328628,1000,85,15,54,1,-320,-1140,-622
22:59:22.147 bridge FRAME #237 tx t=334583 peer=0xf2 type=3 schema=0 frag=0x01 seq=84 rssi=- snr=- st=0 rx=5 deaf=33423
22:59:22.147 bridge CHAN,332,333628,1001,94,5,20,0,-1010,-1130,-1105
22:59:22.552 bridge poll: f2 answered in 531 ms (window 10000 ms)
22:59:22.552 bridge FRAME #238 rx t=335081 peer=0xf2 type=4 schema=240 frag=0x01 seq=26 rssi=-24 snr=11 st=0 rx=0 deaf=33615
22:59:23.164 bridge FRAME #239 tx t=335577 peer=0xf0 type=3 schema=0 frag=0x01 seq=85 rssi=- snr=- st=0 rx=5 deaf=33640
22:59:23.164 bridge CHAN,333,334629,1005,78,22,41,1,-220,-1130,-797
22:59:23.574 bridge poll: f0 answered in 525 ms (window 10000 ms)
22:59:23.574 bridge FRAME #240 rx t=336075 peer=0xf0 type=4 schema=240 frag=0x01 seq=29 rssi=-23 snr=11 st=0 rx=0 deaf=33832
22:59:24.000 ctl    PUB lran/simnode1/cmd/open/set PRESS
22:59:24.005 mqtt   lran/simnode1/cmd/open/set PRESS
22:59:24.183 bridge CHAN,334,335634,1002,86,15,29,1,-220,-1130,-838
22:59:25.204 bridge FRAME #241 tx t=337577 peer=0xf1 type=1 schema=0 frag=0x01 seq=14 rssi=- snr=- st=0 rx=5 deaf=33853
22:59:25.406 xiao   cmd f1 <- 00 seq 14: OPEN ACCEPTED
22:59:25.611 bridge FRAME #242 rx t=338052 peer=0xf1 type=2 schema=0 frag=0x01 seq=33 rssi=-33 snr=12 st=0 rx=0 deaf=34086
22:59:25.977 mqtt   lran/simnode1/cmd/ack {"outcome":"acked","seq":14,"attempts":1,"result":0,"detail":0}
22:59:26.020 bridge cmd: f1 seq 14 -> outcome 1 result 0 detail 0
22:59:26.043 ctl    CMD 3: 2.0 s lran/simnode1/cmd/ack {"outcome":"acked","seq":14,"attempts":1,"result":0,"detail":0}
22:59:26.225 bridge CHAN,336,337643,1000,82,18,22,1,-310,-1140,-916
22:59:27.038 bridge FRAME #243 tx t=339574 peer=0xf1 type=3 schema=0 frag=0x01 seq=86 rssi=- snr=- st=0 rx=5 deaf=34107
22:59:27.853 bridge poll: f1 answered in 789 ms (window 10000 ms)
22:59:27.853 bridge FRAME #244 rx t=340339 peer=0xf1 type=4 schema=254 frag=0x01 seq=34 rssi=-33 snr=11 st=0 rx=0 deaf=34299
22:59:28.263 bridge CHAN,338,339650,1001,87,13,54,1,-310,-1140,-630
22:59:32.130 bridge FRAME #245 tx t=344571 peer=0xf2 type=3 schema=0 frag=0x01 seq=87 rssi=- snr=- st=0 rx=5 deaf=34319
22:59:32.538 bridge poll: f2 answered in 520 ms (window 10000 ms)
22:59:32.538 bridge FRAME #246 rx t=345070 peer=0xf2 type=4 schema=240 frag=0x01 seq=27 rssi=-23 snr=11 st=0 rx=0 deaf=34511
22:59:33.146 bridge FRAME #247 tx t=345571 peer=0xf0 type=3 schema=0 frag=0x01 seq=88 rssi=- snr=- st=0 rx=5 deaf=34531
22:59:33.147 bridge CHAN,343,344658,1000,79,21,28,1,-220,-1140,-820
22:59:33.555 bridge poll: f0 answered in 520 ms (window 10000 ms)
22:59:33.555 bridge FRAME #248 rx t=346070 peer=0xf0 type=4 schema=240 frag=0x01 seq=30 rssi=-24 snr=11 st=0 rx=0 deaf=34723
22:59:34.163 bridge CHAN,344,345658,1003,89,12,28,1,-220,-1130,-854
22:59:38.236 bridge FRAME #249 tx t=350598 peer=0xf1 type=3 schema=0 frag=0x01 seq=89 rssi=- snr=- st=0 rx=5 deaf=34764
22:59:38.847 bridge poll: f1 answered in 1813 ms (window 10000 ms)
22:59:38.847 bridge FRAME #250 rx t=351363 peer=0xf1 type=4 schema=254 frag=0x01 seq=35 rssi=-33 snr=11 st=0 rx=0 deaf=34956
22:59:39.257 bridge CHAN,349,350674,1000,87,13,55,1,-310,-1130,-630
22:59:42.048 ctl    PUB lran/simnode1/cmd/open/set PRESS
22:59:42.061 mqtt   lran/simnode1/cmd/open/set PRESS
22:59:42.108 bridge FRAME #251 tx t=354579 peer=0xf2 type=3 schema=0 frag=0x01 seq=90 rssi=- snr=- st=0 rx=5 deaf=34981
22:59:42.510 bridge poll: f2 answered in 527 ms (window 10000 ms)
22:59:42.713 bridge FRAME #252 rx t=355077 peer=0xf2 type=4 schema=240 frag=0x01 seq=28 rssi=-23 snr=11 st=0 rx=0 deaf=35173
22:59:43.114 bridge FRAME #253 tx t=355579 peer=0xf1 type=1 schema=0 frag=0x01 seq=15 rssi=- snr=- st=0 rx=5 deaf=35194
22:59:43.114 bridge CHAN,353,354675,1000,79,21,29,1,-220,-1140,-815
22:59:43.338 xiao   cmd f1 <- 00 seq 15: OPEN ACCEPTED
22:59:43.519 bridge FRAME #254 rx t=356054 peer=0xf1 type=2 schema=0 frag=0x01 seq=36 rssi=-33 snr=12 st=0 rx=0 deaf=35427
22:59:44.064 mqtt   lran/simnode1/cmd/ack {"outcome":"acked","seq":15,"attempts":1,"result":0,"detail":0}
22:59:44.088 ctl    CMD 4: 2.0 s lran/simnode1/cmd/ack {"outcome":"acked","seq":15,"attempts":1,"result":0,"detail":0}
22:59:44.130 bridge cmd: f1 seq 15 -> outcome 1 result 0 detail 0
22:59:44.130 bridge CHAN,354,355675,1000,85,15,22,1,-310,-1130,-924
22:59:45.149 bridge FRAME #255 tx t=357576 peer=0xf0 type=3 schema=0 frag=0x01 seq=91 rssi=- snr=- st=0 rx=5 deaf=35448
22:59:46.169 bridge CHAN,356,357683,1001,90,10,1,0,-740,-1140,-1122
22:59:46.986 bridge poll: f0 answered in 1916 ms (window 10000 ms)
22:59:46.986 bridge FRAME #256 rx t=359466 peer=0xf0 type=4 schema=240 frag=0x01 seq=31 rssi=-24 snr=11 st=0 rx=0 deaf=35640
22:59:47.188 bridge FRAME #257 tx t=359582 peer=0xf1 type=3 schema=0 frag=0x01 seq=92 rssi=- snr=- st=0 rx=5 deaf=35665
22:59:47.188 bridge CHAN,357,358684,1004,89,11,28,1,-220,-1130,-850
22:59:47.797 bridge poll: f1 answered in 797 ms (window 10000 ms)
22:59:48.000 bridge FRAME #258 rx t=360347 peer=0xf1 type=4 schema=254 frag=0x01 seq=37 rssi=-33 snr=11 st=0 rx=0 deaf=35857
22:59:48.205 bridge CHAN,358,359688,1000,90,10,55,1,-310,-1130,-646
22:59:51.026 mqtt   lran/bridge/diag/state {"rx_crc_err":0,"rx_runt":0,"rx_oversize":0,"rx_bad_crc":0,"rx_bad_ver":0,"rx_not_addressed":0,"rx_unknown_hdr_ext":0,"rx_bad_frag":0,"rx_unknown_type":0,"rx_unknown_schema":0,"rx_bad_length":0,"rx_not_fragmentable":0,"rx_rejected_ctx":0,"rx_rejected_mac":0,"rx_unknown_src":0,"rx_reassembly_timeout":0,"rx_fragment_overflow":0,"rx_reassembly_abandoned":0,"rx_rejected_seq":0,"rx_frag_duplicate":0,"rx_frag_late":0,"rx_dup_command":0,"rx_dropped":0,"rx_frames":128,"ctx_rolls":3,"ctx_roll_failed":0}
22:59:51.030 mqtt   lran/bridge/diag/radio/state {"tx_frames":131,"cad_backoffs":101,"errors_suppressed":0,"cad_deferred":3,"cad_free":128,"rx_deaf_ms":35857,"cad_errors":0,"tx_forced":3,"tx_errors":0,"tx_timeouts":0,"tx_dropped_no_radio":0,"rx_driver_errors":0,"rx_no_interrupt":0,"rx_wake_empty":0,"begin_failures":0,"last_begin_status":0,"q_rx_dropped":0,"q_rx_high_water":1,"q_publish_dropped":0,"q_publish_high_water":9,"q_tx_dropped":0,"q_tx_high_water":2,"q_log_dropped":0,"q_log_high_water":0,"q_command_dropped":0,"q_command_high_water":1,"q_config_dropped":0,"q_config_high_water":1}
22:59:51.030 mqtt   lran/bridge/diag/cmd/state {"cmd_submitted":5,"cmd_refused_busy":0,"cmd_sent":5,"cmd_retries":0,"cmd_acked":5,"cmd_no_ack":0,"cmd_resyncs":0,"cmd_resync_failed":0,"cmd_ack_ignored":1,"cmd_refused_roll_pending":0,"roll_sent":4,"roll_retries":1,"roll_busy":0,"roll_by_rejected_ctx":0}
22:59:51.030 mqtt   lran/bridge/diag/publish/state {"status_frames":89,"documents":0,"unchanged":0,"heartbeats":0,"event_frames":0,"events":0,"event_repeats":0,"bench_withheld":89,"queue_refused":0,"undecodable":0}
22:59:51.030 mqtt   lran/simnode0/diag/state {"rssi_dbm":-24,"snr_db":11,"last_seen_s":4,"missed_polls":0,"proto_ver":2,"unsupported_ver":null}
22:59:51.030 mqtt   lran/simnode1/diag/state {"rssi_dbm":-33,"snr_db":11,"last_seen_s":3,"missed_polls":0,"proto_ver":2,"unsupported_ver":null}
22:59:51.030 mqtt   lran/simnode2/diag/state {"rssi_dbm":-23,"snr_db":11,"last_seen_s":8,"missed_polls":0,"proto_ver":2,"unsupported_ver":null}
22:59:52.089 bridge FRAME #259 tx t=364583 peer=0xf2 type=3 schema=0 frag=0x01 seq=93 rssi=- snr=- st=0 rx=5 deaf=35882
22:59:52.703 bridge poll: f2 answered in 531 ms (window 10000 ms)
22:59:52.703 bridge FRAME #260 rx t=365081 peer=0xf2 type=4 schema=240 frag=0x01 seq=29 rssi=-23 snr=12 st=0 rx=0 deaf=36074
22:59:53.318 bridge CHAN,363,364689,1003,91,10,29,1,-220,-1140,-858
22:59:55.156 bridge FRAME #261 tx t=367573 peer=0xf0 type=3 schema=0 frag=0x01 seq=94 rssi=- snr=- st=0 rx=5 deaf=36095
22:59:55.561 bridge poll: f0 answered in 521 ms (window 10000 ms)
22:59:55.561 bridge FRAME #262 rx t=368071 peer=0xf0 type=4 schema=240 frag=0x01 seq=32 rssi=-23 snr=11 st=0 rx=0 deaf=36287
22:59:56.374 bridge CHAN,366,367699,1003,93,8,29,1,-220,-1130,-863
22:59:58.411 bridge FRAME #263 tx t=370754 peer=0xf1 type=3 schema=0 frag=0x01 seq=95 rssi=- snr=- st=0 rx=5 deaf=36333
22:59:59.017 bridge poll: f1 answered in 1969 ms (window 10000 ms)
22:59:59.217 bridge FRAME #264 rx t=371519 peer=0xf1 type=4 schema=254 frag=0x01 seq=38 rssi=-33 snr=12 st=0 rx=0 deaf=36525
22:59:59.217 bridge CHAN,369,370709,1001,78,21,54,1,-320,-1130,-577
22:59:59.422 bridge CHANSUM,310,369,60,60121,5537,459,767,21,23,0,-220,-1140,-1130,-1133
23:00:02.067 bridge FRAME #265 tx t=374581 peer=0xf2 type=3 schema=0 frag=0x01 seq=96 rssi=- snr=- st=0 rx=5 deaf=36546
23:00:02.272 bridge CHAN,372,373710,1007,86,14,1,0,-1100,-1140,-1125
23:00:02.677 bridge poll: f2 answered in 529 ms (window 10000 ms)
23:00:02.677 bridge FRAME #266 rx t=375079 peer=0xf2 type=4 schema=240 frag=0x01 seq=30 rssi=-23 snr=11 st=0 rx=0 deaf=36738
23:00:03.094 ctl    === cleanup
23:00:03.094 ctl    PUB lran/simnode0/config/set {"set": {"deployed": false, "poll_interval_s": 60}}
23:00:03.112 mqtt   lran/simnode0/config/set {"set": {"deployed": false, "poll_interval_s": 60}}
23:00:03.184 mqtt   lran/simnode0/config/ack {"op":"set","persist":"persisted","results":{"deployed":{"status":"ok","value":0},"poll_interval_s":{"status":"ok","value":60}}}
23:00:03.186 mqtt   lran/simnode0/config/state {"poll_interval_s":{"value":60,"source":"override"},"deployed":{"value":0,"source":"override"},"dedup_cache_depth":{"value":null,"source":"default"},"frag_reassembly_timeout_ms":{"value":null,"source":"default"},"cad_retries":{"value":null,"source":"default"},"backoff_max_ms":{"value":null,"source":"default"},"freq_hz":{"value":917400000,"source":"default"},"spreading_factor":{"value":9,"source":"default"},"bandwidth_khz":{"value":125,"source":"default"},"coding_rate_denominator":{"value":5,"source":"default"},"tx_power_dbm":{"value":-4,"source":"default"},"phy_trial_s":{"value":120,"source":"default"}}
23:00:03.286 bridge CHAN,373,374717,1003,94,7,30,1,-220,-1130,-864
23:00:03.296 ctl    PUB lran/simnode1/config/set {"set": {"deployed": false, "poll_interval_s": 60}}
23:00:03.301 mqtt   lran/simnode1/config/set {"set": {"deployed": false, "poll_interval_s": 60}}
23:00:03.387 mqtt   lran/simnode1/config/ack {"op":"set","persist":"persisted","results":{"deployed":{"status":"ok","value":0},"poll_interval_s":{"status":"ok","value":60}}}
23:00:03.390 mqtt   lran/simnode1/config/state {"poll_interval_s":{"value":60,"source":"override"},"deployed":{"value":0,"source":"override"},"dedup_cache_depth":{"value":null,"source":"default"},"frag_reassembly_timeout_ms":{"value":null,"source":"default"},"cad_retries":{"value":null,"source":"default"},"backoff_max_ms":{"value":null,"source":"default"},"freq_hz":{"value":917400000,"source":"default"},"spreading_factor":{"value":9,"source":"default"},"bandwidth_khz":{"value":125,"source":"default"},"coding_rate_denominator":{"value":5,"source":"default"},"tx_power_dbm":{"value":-4,"source":"default"},"phy_trial_s":{"value":120,"source":"default"}}
23:00:03.497 ctl    PUB lran/simnode2/config/set {"set": {"deployed": false, "poll_interval_s": 60}}
23:00:03.503 mqtt   lran/simnode2/config/set {"set": {"deployed": false, "poll_interval_s": 60}}
23:00:03.586 mqtt   lran/simnode2/config/ack {"op":"set","persist":"persisted","results":{"deployed":{"status":"ok","value":0},"poll_interval_s":{"status":"ok","value":60}}}
23:00:03.590 mqtt   lran/simnode2/config/state {"poll_interval_s":{"value":60,"source":"override"},"deployed":{"value":0,"source":"override"},"dedup_cache_depth":{"value":null,"source":"default"},"frag_reassembly_timeout_ms":{"value":null,"source":"default"},"cad_retries":{"value":null,"source":"default"},"backoff_max_ms":{"value":null,"source":"default"},"freq_hz":{"value":917400000,"source":"default"},"spreading_factor":{"value":9,"source":"default"},"bandwidth_khz":{"value":125,"source":"default"},"coding_rate_denominator":{"value":5,"source":"default"},"tx_power_dbm":{"value":-4,"source":"default"},"phy_trial_s":{"value":120,"source":"default"}}
23:00:03.701 ctl    PUB lran/bridge/config/set {"set": {"simnode_diag_enable": false}}
23:00:03.709 mqtt   lran/bridge/config/set {"set": {"simnode_diag_enable": false}}
23:00:03.795 mqtt   lran/bridge/config/ack {"op":"set","persist":"persisted","results":{"simnode_diag_enable":{"status":"ok","value":0}}}
23:00:03.799 mqtt   lran/bridge/config/state {"simnode_diag_enable":{"value":0,"source":"override"},"diag_interval_s":{"value":60,"source":"default"},"missed_poll_threshold":{"value":3,"source":"default"},"poll_reply_timeout_ms":{"value":10000,"source":"default"},"command_ack_timeout_ms":{"value":3000,"source":"default"},"cmd_retries":{"value":3,"source":"default"},"cad_retries":{"value":5,"source":"default"},"backoff_max_ms":{"value":1500,"source":"default"},"frag_reassembly_timeout_ms":{"value":5000,"source":"default"},"error_min_interval_ms":{"value":1000,"source":"default"},"config_readback_timeout_ms":{"value":15000,"source":"default"},"config_ack_timeout_ms":{"value":8000,"source":"default"},"republish_interval_s":{"value":900,"source":"override"},"bms_stale_s":{"value":600,"source":"default"},"cell_mv_deadband":{"value":5,"source":"default"},"freq_hz":{"value":917400000,"source":"override"},"spreading_factor":{"value":9,"source":"override"},"bandwidth_khz":{"value":125,"source":"override"},"coding_rate_denominator":{"value":5,"source":"override"},"tx_power_dbm":{"value":-4,"source":"override"},"phy_trial_s":{"value":120,"source":"override"}}
23:00:04.080 mqtt   lran/simnode0/availability offline
23:00:04.084 mqtt   lran/simnode1/availability offline
23:00:04.087 mqtt   lran/simnode2/availability offline
23:00:04.100 bridge levers: gen 10 - diag 60 s, poll reply 10000 ms, missed 3, cmd ack 3000 ms x3, config ack 8000 ms, readback 15000 ms, simnode diag off
23:00:04.303 bridge CHAN,374,375720,1000,100,0,2,0,-1090,-1140,-1125
23:00:05.319 bridge CHAN,375,376720,1000,100,0,1,0,-1100,-1140,-1124
23:00:15.126 ctl    === done
